datetime,site_name,county,aqi,pm25,pm10,o3,co,wind_speed,wind_directions,data_source,county_display,site_name_display
2026-06-26 00:00:00,前金測站,高雄市,83.2,47.3,74.5,48.6,0.752,1.16,241.5,Sample Data,高雄市,前金測站
2026-06-26 01:00:00,前金測站,高雄市,72.4,47.9,88.4,55.3,0.607,1.46,209.8,Sample Data,高雄市,前金測站
2026-06-26 02:00:00,前金測站,高雄市,82.2,51.2,97.0,45.1,0.711,1.94,128.3,Sample Data,高雄市,前金測站
2026-06-26 03:00:00,前金測站,高雄市,85.3,51.2,95.6,46.5,0.707,1.36,237.7,Sample Data,高雄市,前金測站
2026-06-26 04:00:00,前金測站,高雄市,85.6,48.2,74.4,42.8,0.725,1.86,208.7,Sample Data,高雄市,前金測站
2026-06-26 05:00:00,前金測站,高雄市,83.5,51.0,100.1,40.9,0.634,2.07,272.5,Sample Data,高雄市,前金測站
2026-06-26 06:00:00,前金測站,高雄市,84.7,51.2,100.6,43.5,0.604,1.76,214.0,Sample Data,高雄市,前金測站
2026-06-26 07:00:00,前金測站,高雄市,96.4,55.1,106.7,42.7,0.775,0.3,185.1,Sample Data,高雄市,前金測站
2026-06-26 08:00:00,前金測站,高雄市,98.3,58.6,94.4,47.4,0.811,1.62,126.8,Sample Data,高雄市,前金測站
2026-06-26 09:00:00,前金測站,高雄市,88.3,54.2,81.7,41.9,0.71,2.17,233.4,Sample Data,高雄市,前金測站
2026-06-26 10:00:00,前金測站,高雄市,87.1,46.6,67.7,39.8,0.773,0.45,235.8,Sample Data,高雄市,前金測站
2026-06-26 11:00:00,前金測站,高雄市,94.0,56.5,110.9,56.1,0.713,2.26,283.2,Sample Data,高雄市,前金測站
2026-06-26 12:00:00,前金測站,高雄市,83.7,50.3,100.2,41.0,0.75,2.46,248.4,Sample Data,高雄市,前金測站
2026-06-26 13:00:00,前金測站,高雄市,76.1,46.2,71.6,42.1,0.654,2.66,248.2,Sample Data,高雄市,前金測站
2026-06-26 14:00:00,前金測站,高雄市,88.3,55.6,96.1,55.0,0.694,1.76,203.1,Sample Data,高雄市,前金測站
2026-06-26 15:00:00,前金測站,高雄市,91.4,52.1,87.2,63.6,0.686,2.63,278.0,Sample Data,高雄市,前金測站
2026-06-26 16:00:00,前金測站,高雄市,95.0,54.0,104.4,61.0,0.73,2.76,203.0,Sample Data,高雄市,前金測站
2026-06-26 17:00:00,前金測站,高雄市,95.0,48.8,84.3,65.4,0.784,2.49,276.7,Sample Data,高雄市,前金測站
2026-06-26 18:00:00,前金測站,高雄市,101.2,57.6,86.6,59.0,0.826,1.3,199.7,Sample Data,高雄市,前金測站
2026-06-26 19:00:00,前金測站,高雄市,97.4,50.6,86.9,58.6,0.754,1.03,308.5,Sample Data,高雄市,前金測站
2026-06-26 20:00:00,前金測站,高雄市,95.2,57.2,83.6,58.5,0.78,2.24,354.7,Sample Data,高雄市,前金測站
2026-06-26 21:00:00,前金測站,高雄市,96.5,53.0,106.3,66.6,0.806,1.8,176.1,Sample Data,高雄市,前金測站
2026-06-26 22:00:00,前金測站,高雄市,81.2,47.1,99.3,62.8,0.715,2.98,207.1,Sample Data,高雄市,前金測站
2026-06-26 23:00:00,前金測站,高雄市,82.0,47.7,90.6,53.0,0.679,2.2,211.1,Sample Data,高雄市,前金測站
2026-06-27 00:00:00,前金測站,高雄市,84.9,49.4,90.9,57.9,0.685,2.54,185.1,Sample Data,高雄市,前金測站
2026-06-27 01:00:00,前金測站,高雄市,83.0,52.6,94.4,45.8,0.686,3.34,307.5,Sample Data,高雄市,前金測站
2026-06-27 02:00:00,前金測站,高雄市,74.8,48.4,85.1,44.9,0.617,2.6,173.5,Sample Data,高雄市,前金測站
2026-06-27 03:00:00,前金測站,高雄市,85.6,49.7,71.2,49.3,0.687,3.07,315.4,Sample Data,高雄市,前金測站
2026-06-27 04:00:00,前金測站,高雄市,79.3,54.1,98.5,46.8,0.605,1.18,265.4,Sample Data,高雄市,前金測站
2026-06-27 05:00:00,前金測站,高雄市,82.1,56.9,93.6,43.5,0.733,1.41,178.3,Sample Data,高雄市,前金測站
2026-06-27 06:00:00,前金測站,高雄市,95.6,54.2,101.7,49.3,0.717,1.47,160.2,Sample Data,高雄市,前金測站
2026-06-27 07:00:00,前金測站,高雄市,87.6,52.2,80.2,43.1,0.764,1.99,210.7,Sample Data,高雄市,前金測站
2026-06-27 08:00:00,前金測站,高雄市,100.7,52.8,78.4,46.9,0.837,0.91,218.2,Sample Data,高雄市,前金測站
2026-06-27 09:00:00,前金測站,高雄市,90.9,52.4,93.7,39.7,0.666,2.15,306.1,Sample Data,高雄市,前金測站
2026-06-27 10:00:00,前金測站,高雄市,85.0,51.5,95.3,46.2,0.779,1.58,240.0,Sample Data,高雄市,前金測站
2026-06-27 11:00:00,前金測站,高雄市,82.7,49.3,95.5,47.0,0.664,2.27,299.2,Sample Data,高雄市,前金測站
2026-06-27 12:00:00,前金測站,高雄市,76.6,50.2,71.6,52.7,0.583,1.38,299.1,Sample Data,高雄市,前金測站
2026-06-27 13:00:00,前金測站,高雄市,85.5,53.8,92.1,51.8,0.671,2.18,294.8,Sample Data,高雄市,前金測站
2026-06-27 14:00:00,前金測站,高雄市,81.0,49.4,77.4,53.8,0.55,2.67,291.1,Sample Data,高雄市,前金測站
2026-06-27 15:00:00,前金測站,高雄市,80.7,47.3,82.3,51.5,0.749,2.38,49.0,Sample Data,高雄市,前金測站
2026-06-27 16:00:00,前金測站,高雄市,89.1,54.1,101.4,58.3,0.735,1.98,319.3,Sample Data,高雄市,前金測站
2026-06-27 17:00:00,前金測站,高雄市,91.9,52.1,92.1,65.1,0.702,2.2,294.4,Sample Data,高雄市,前金測站
2026-06-27 18:00:00,前金測站,高雄市,96.5,48.2,82.3,64.4,0.732,0.88,324.6,Sample Data,高雄市,前金測站
2026-06-27 19:00:00,前金測站,高雄市,91.1,52.2,104.9,62.4,0.773,1.77,4.7,Sample Data,高雄市,前金測站
2026-06-27 20:00:00,前金測站,高雄市,87.0,55.8,90.3,56.1,0.693,1.48,29.2,Sample Data,高雄市,前金測站
2026-06-27 21:00:00,前金測站,高雄市,79.9,48.1,89.8,60.7,0.713,2.08,311.4,Sample Data,高雄市,前金測站
2026-06-27 22:00:00,前金測站,高雄市,92.1,58.2,91.0,62.8,0.658,1.94,40.3,Sample Data,高雄市,前金測站
2026-06-27 23:00:00,前金測站,高雄市,84.3,51.1,78.7,58.6,0.7,2.45,354.7,Sample Data,高雄市,前金測站
2026-06-28 00:00:00,前金測站,高雄市,86.4,56.0,108.4,59.0,0.685,2.45,274.0,Sample Data,高雄市,前金測站
2026-06-28 01:00:00,前金測站,高雄市,75.4,47.7,93.9,47.7,0.702,1.4,307.6,Sample Data,高雄市,前金測站
2026-06-28 02:00:00,前金測站,高雄市,79.9,52.6,88.4,51.6,0.576,2.74,256.2,Sample Data,高雄市,前金測站
2026-06-28 03:00:00,前金測站,高雄市,81.5,54.0,84.5,44.1,0.704,2.59,348.2,Sample Data,高雄市,前金測站
2026-06-28 04:00:00,前金測站,高雄市,68.7,51.1,81.6,41.7,0.632,3.31,349.8,Sample Data,高雄市,前金測站
2026-06-28 05:00:00,前金測站,高雄市,80.4,51.4,95.9,35.2,0.689,2.95,35.1,Sample Data,高雄市,前金測站
2026-06-28 06:00:00,前金測站,高雄市,89.3,52.3,80.8,47.1,0.779,1.54,304.7,Sample Data,高雄市,前金測站
2026-06-28 07:00:00,前金測站,高雄市,86.5,48.9,81.7,44.2,0.704,2.29,264.5,Sample Data,高雄市,前金測站
2026-06-28 08:00:00,前金測站,高雄市,87.2,51.0,85.9,39.4,0.673,2.78,2.4,Sample Data,高雄市,前金測站
2026-06-28 09:00:00,前金測站,高雄市,92.6,52.9,85.9,44.7,0.69,0.92,318.1,Sample Data,高雄市,前金測站
2026-06-28 10:00:00,前金測站,高雄市,87.5,55.8,88.2,49.2,0.7,1.09,182.9,Sample Data,高雄市,前金測站
2026-06-28 11:00:00,前金測站,高雄市,74.7,47.5,90.7,40.9,0.636,3.87,3.5,Sample Data,高雄市,前金測站
2026-06-28 12:00:00,前金測站,高雄市,76.9,49.2,79.9,42.9,0.626,1.71,344.5,Sample Data,高雄市,前金測站
2026-06-28 13:00:00,前金測站,高雄市,86.0,53.5,82.7,52.3,0.608,3.22,354.4,Sample Data,高雄市,前金測站
2026-06-28 14:00:00,前金測站,高雄市,66.2,42.1,77.0,54.3,0.599,2.82,351.9,Sample Data,高雄市,前金測站
2026-06-28 15:00:00,前金測站,高雄市,81.7,51.6,88.3,56.4,0.578,2.76,19.8,Sample Data,高雄市,前金測站
2026-06-28 16:00:00,前金測站,高雄市,83.8,43.3,62.8,60.0,0.632,3.87,357.5,Sample Data,高雄市,前金測站
2026-06-28 17:00:00,前金測站,高雄市,78.7,49.3,82.4,61.5,0.68,2.51,85.2,Sample Data,高雄市,前金測站
2026-06-28 18:00:00,前金測站,高雄市,86.9,48.7,87.7,58.5,0.692,1.94,279.5,Sample Data,高雄市,前金測站
2026-06-28 19:00:00,前金測站,高雄市,78.3,49.7,98.9,63.8,0.597,2.2,108.0,Sample Data,高雄市,前金測站
2026-06-28 20:00:00,前金測站,高雄市,79.6,48.9,75.4,63.7,0.63,1.81,67.5,Sample Data,高雄市,前金測站
2026-06-28 21:00:00,前金測站,高雄市,77.8,50.0,98.3,60.7,0.611,2.65,41.7,Sample Data,高雄市,前金測站
2026-06-28 22:00:00,前金測站,高雄市,74.0,52.8,96.0,54.0,0.637,2.75,309.0,Sample Data,高雄市,前金測站
2026-06-28 23:00:00,前金測站,高雄市,78.0,49.9,101.6,52.0,0.59,2.3,52.4,Sample Data,高雄市,前金測站
2026-06-29 00:00:00,前金測站,高雄市,84.2,49.6,87.8,47.9,0.66,2.0,149.6,Sample Data,高雄市,前金測站
2026-06-29 01:00:00,前金測站,高雄市,71.1,49.1,89.7,45.6,0.67,2.97,32.8,Sample Data,高雄市,前金測站
2026-06-29 02:00:00,前金測站,高雄市,86.6,54.1,91.7,53.1,0.654,1.44,161.9,Sample Data,高雄市,前金測站
2026-06-29 03:00:00,前金測站,高雄市,73.9,47.4,74.4,40.0,0.598,2.42,74.8,Sample Data,高雄市,前金測站
2026-06-29 04:00:00,前金測站,高雄市,74.8,46.6,96.0,47.4,0.554,3.04,150.0,Sample Data,高雄市,前金測站
2026-06-29 05:00:00,前金測站,高雄市,73.0,51.8,75.2,40.9,0.65,3.04,111.8,Sample Data,高雄市,前金測站
2026-06-29 06:00:00,前金測站,高雄市,77.3,47.6,100.6,41.0,0.727,0.26,20.4,Sample Data,高雄市,前金測站
2026-06-29 07:00:00,前金測站,高雄市,80.9,46.3,77.6,31.9,0.657,3.55,317.6,Sample Data,高雄市,前金測站
2026-06-29 08:00:00,前金測站,高雄市,92.8,58.0,111.8,41.9,0.794,2.81,58.2,Sample Data,高雄市,前金測站
2026-06-29 09:00:00,前金測站,高雄市,80.8,47.4,93.6,44.3,0.669,2.04,137.7,Sample Data,高雄市,前金測站
2026-06-29 10:00:00,前金測站,高雄市,85.7,49.9,98.2,47.5,0.669,2.03,91.5,Sample Data,高雄市,前金測站
2026-06-29 11:00:00,前金測站,高雄市,78.5,48.3,76.2,48.3,0.633,2.76,69.5,Sample Data,高雄市,前金測站
2026-06-29 12:00:00,前金測站,高雄市,80.5,51.1,64.7,48.7,0.621,0.98,26.8,Sample Data,高雄市,前金測站
2026-06-29 13:00:00,前金測站,高雄市,83.0,52.0,82.8,47.1,0.714,2.5,68.5,Sample Data,高雄市,前金測站
2026-06-29 14:00:00,前金測站,高雄市,79.5,52.5,95.9,54.5,0.659,3.21,6.8,Sample Data,高雄市,前金測站
2026-06-29 15:00:00,前金測站,高雄市,78.8,47.9,84.8,50.3,0.82,1.69,100.8,Sample Data,高雄市,前金測站
2026-06-29 16:00:00,前金測站,高雄市,83.8,51.3,87.3,53.9,0.591,1.3,163.5,Sample Data,高雄市,前金測站
2026-06-29 17:00:00,前金測站,高雄市,92.5,47.2,75.8,60.8,0.66,2.59,117.5,Sample Data,高雄市,前金測站
2026-06-29 18:00:00,前金測站,高雄市,92.2,52.3,95.4,57.6,0.767,2.23,95.7,Sample Data,高雄市,前金測站
2026-06-29 19:00:00,前金測站,高雄市,92.6,49.3,86.3,68.1,0.748,2.64,54.4,Sample Data,高雄市,前金測站
2026-06-29 20:00:00,前金測站,高雄市,94.7,59.7,105.1,61.2,0.668,2.49,45.4,Sample Data,高雄市,前金測站
2026-06-29 21:00:00,前金測站,高雄市,87.6,55.2,107.8,63.7,0.711,1.75,15.7,Sample Data,高雄市,前金測站
2026-06-29 22:00:00,前金測站,高雄市,84.0,52.2,96.8,58.6,0.696,2.54,48.8,Sample Data,高雄市,前金測站
2026-06-29 23:00:00,前金測站,高雄市,77.8,52.2,83.0,54.3,0.67,2.97,92.5,Sample Data,高雄市,前金測站
2026-06-30 00:00:00,前金測站,高雄市,70.4,47.1,77.6,49.5,0.625,2.98,45.3,Sample Data,高雄市,前金測站
2026-06-30 01:00:00,前金測站,高雄市,78.2,53.1,87.9,55.9,0.559,2.35,175.0,Sample Data,高雄市,前金測站
2026-06-30 02:00:00,前金測站,高雄市,76.1,53.4,104.4,49.0,0.735,2.39,38.8,Sample Data,高雄市,前金測站
2026-06-30 03:00:00,前金測站,高雄市,75.1,52.1,94.7,51.5,0.62,2.52,140.9,Sample Data,高雄市,前金測站
2026-06-30 04:00:00,前金測站,高雄市,72.4,48.0,75.4,44.2,0.567,1.58,42.2,Sample Data,高雄市,前金測站
2026-06-30 05:00:00,前金測站,高雄市,85.9,49.0,85.6,44.2,0.709,0.92,134.2,Sample Data,高雄市,前金測站
2026-06-30 06:00:00,前金測站,高雄市,86.6,55.2,95.0,45.6,0.763,1.63,58.1,Sample Data,高雄市,前金測站
2026-06-30 07:00:00,前金測站,高雄市,87.3,48.9,91.1,46.7,0.706,2.74,355.7,Sample Data,高雄市,前金測站
2026-06-30 08:00:00,前金測站,高雄市,82.1,54.6,90.1,41.0,0.683,1.99,157.7,Sample Data,高雄市,前金測站
2026-06-30 09:00:00,前金測站,高雄市,91.0,53.7,92.2,44.8,0.753,2.37,85.3,Sample Data,高雄市,前金測站
2026-06-30 10:00:00,前金測站,高雄市,85.2,52.8,75.3,39.4,0.542,1.8,145.0,Sample Data,高雄市,前金測站
2026-06-30 11:00:00,前金測站,高雄市,77.0,53.6,110.0,46.4,0.755,2.55,61.5,Sample Data,高雄市,前金測站
2026-06-30 12:00:00,前金測站,高雄市,86.2,56.8,88.4,52.7,0.68,0.36,127.7,Sample Data,高雄市,前金測站
2026-06-30 13:00:00,前金測站,高雄市,78.0,54.3,92.2,47.2,0.668,2.2,103.6,Sample Data,高雄市,前金測站
2026-06-30 14:00:00,前金測站,高雄市,83.4,49.3,77.4,55.5,0.687,1.78,146.0,Sample Data,高雄市,前金測站
2026-06-30 15:00:00,前金測站,高雄市,88.4,50.3,93.7,57.3,0.702,2.72,102.5,Sample Data,高雄市,前金測站
2026-06-30 16:00:00,前金測站,高雄市,83.3,46.8,83.2,50.0,0.654,2.52,150.3,Sample Data,高雄市,前金測站
2026-06-30 17:00:00,前金測站,高雄市,90.5,48.2,77.2,50.0,0.703,2.1,142.0,Sample Data,高雄市,前金測站
2026-06-30 18:00:00,前金測站,高雄市,89.2,49.3,92.2,61.6,0.795,2.78,190.0,Sample Data,高雄市,前金測站
2026-06-30 19:00:00,前金測站,高雄市,92.0,52.7,95.9,64.3,0.738,2.53,232.1,Sample Data,高雄市,前金測站
2026-06-30 20:00:00,前金測站,高雄市,87.7,52.6,99.1,59.0,0.73,1.74,143.9,Sample Data,高雄市,前金測站
2026-06-30 21:00:00,前金測站,高雄市,84.9,47.6,83.5,61.2,0.638,2.38,216.3,Sample Data,高雄市,前金測站
2026-06-30 22:00:00,前金測站,高雄市,80.9,51.7,74.0,58.7,0.684,3.44,204.6,Sample Data,高雄市,前金測站
2026-06-30 23:00:00,前金測站,高雄市,81.6,49.7,76.5,57.2,0.657,2.87,239.2,Sample Data,高雄市,前金測站
2026-07-01 00:00:00,前金測站,高雄市,83.2,49.8,80.9,53.5,0.68,1.52,79.1,Sample Data,高雄市,前金測站
2026-07-01 01:00:00,前金測站,高雄市,84.7,52.3,76.5,52.8,0.674,2.68,129.4,Sample Data,高雄市,前金測站
2026-07-01 02:00:00,前金測站,高雄市,89.8,57.1,112.3,53.2,0.656,1.66,196.1,Sample Data,高雄市,前金測站
2026-07-01 03:00:00,前金測站,高雄市,94.6,50.1,77.9,49.0,0.792,3.35,212.3,Sample Data,高雄市,前金測站
2026-07-01 04:00:00,前金測站,高雄市,91.3,50.2,71.9,44.4,0.743,2.13,287.0,Sample Data,高雄市,前金測站
2026-07-01 05:00:00,前金測站,高雄市,98.0,54.1,84.8,51.8,0.769,2.39,225.2,Sample Data,高雄市,前金測站
2026-07-01 06:00:00,前金測站,高雄市,86.6,48.1,89.0,44.1,0.686,0.85,81.8,Sample Data,高雄市,前金測站
2026-07-01 07:00:00,前金測站,高雄市,99.4,52.9,96.6,42.2,0.706,2.59,187.8,Sample Data,高雄市,前金測站
2026-07-01 08:00:00,前金測站,高雄市,101.0,57.5,105.3,46.6,0.829,2.43,256.6,Sample Data,高雄市,前金測站
2026-07-01 09:00:00,前金測站,高雄市,91.6,53.8,105.0,42.6,0.692,1.02,205.0,Sample Data,高雄市,前金測站
2026-07-01 10:00:00,前金測站,高雄市,91.3,58.4,89.1,39.8,0.601,1.26,136.8,Sample Data,高雄市,前金測站
2026-07-01 11:00:00,前金測站,高雄市,91.2,52.5,97.6,48.9,0.643,1.92,258.7,Sample Data,高雄市,前金測站
2026-07-01 12:00:00,前金測站,高雄市,86.2,53.0,83.0,50.5,0.743,1.88,334.0,Sample Data,高雄市,前金測站
2026-07-01 13:00:00,前金測站,高雄市,80.7,48.3,86.5,47.8,0.612,2.56,226.3,Sample Data,高雄市,前金測站
2026-07-01 14:00:00,前金測站,高雄市,87.4,53.5,84.7,53.5,0.655,1.39,193.1,Sample Data,高雄市,前金測站
2026-07-01 15:00:00,前金測站,高雄市,91.4,47.3,80.7,53.1,0.796,2.01,151.6,Sample Data,高雄市,前金測站
2026-07-01 16:00:00,前金測站,高雄市,102.1,59.6,95.9,60.1,0.672,2.07,274.5,Sample Data,高雄市,前金測站
2026-07-01 17:00:00,前金測站,高雄市,100.2,55.2,86.0,70.1,0.719,1.4,199.4,Sample Data,高雄市,前金測站
2026-07-01 18:00:00,前金測站,高雄市,95.0,53.2,103.7,59.2,0.74,1.17,274.3,Sample Data,高雄市,前金測站
2026-07-01 19:00:00,前金測站,高雄市,100.9,55.2,105.9,60.7,0.762,1.75,21.6,Sample Data,高雄市,前金測站
2026-07-01 20:00:00,前金測站,高雄市,88.8,44.3,62.3,58.0,0.638,1.38,181.4,Sample Data,高雄市,前金測站
2026-07-01 21:00:00,前金測站,高雄市,97.2,54.2,81.5,65.8,0.728,3.02,268.9,Sample Data,高雄市,前金測站
2026-07-01 22:00:00,前金測站,高雄市,86.6,53.6,95.5,58.4,0.73,0.56,226.7,Sample Data,高雄市,前金測站
2026-07-01 23:00:00,前金測站,高雄市,93.0,54.1,81.5,64.5,0.713,3.02,292.7,Sample Data,高雄市,前金測站
2026-07-02 00:00:00,前金測站,高雄市,85.1,43.9,80.7,55.4,0.63,2.19,261.8,Sample Data,高雄市,前金測站
2026-07-02 01:00:00,前金測站,高雄市,94.1,52.7,85.9,57.0,0.687,0.2,242.0,Sample Data,高雄市,前金測站
2026-07-02 02:00:00,前金測站,高雄市,88.1,48.7,80.5,49.2,0.704,0.43,161.6,Sample Data,高雄市,前金測站
2026-07-02 03:00:00,前金測站,高雄市,95.1,53.3,82.9,49.3,0.714,1.5,180.6,Sample Data,高雄市,前金測站
2026-07-02 04:00:00,前金測站,高雄市,85.9,57.5,87.4,44.3,0.673,1.61,338.0,Sample Data,高雄市,前金測站
2026-07-02 05:00:00,前金測站,高雄市,94.0,51.2,83.5,34.4,0.743,2.32,225.8,Sample Data,高雄市,前金測站
2026-07-02 06:00:00,前金測站,高雄市,96.4,55.7,106.8,46.6,0.732,1.99,308.9,Sample Data,高雄市,前金測站
2026-07-02 07:00:00,前金測站,高雄市,111.1,59.5,93.1,56.4,0.736,0.5,281.4,Sample Data,高雄市,前金測站
2026-07-02 08:00:00,前金測站,高雄市,104.6,48.4,86.1,50.4,0.8,0.54,216.6,Sample Data,高雄市,前金測站
2026-07-02 09:00:00,前金測站,高雄市,95.5,56.1,91.3,46.6,0.682,3.36,310.6,Sample Data,高雄市,前金測站
2026-07-02 10:00:00,前金測站,高雄市,99.5,59.0,111.4,47.8,0.818,1.89,240.8,Sample Data,高雄市,前金測站
2026-07-02 11:00:00,前金測站,高雄市,101.9,52.6,101.5,48.0,0.787,3.11,209.4,Sample Data,高雄市,前金測站
2026-07-02 12:00:00,前金測站,高雄市,90.0,57.0,83.2,48.0,0.704,2.28,18.7,Sample Data,高雄市,前金測站
2026-07-02 13:00:00,前金測站,高雄市,94.7,57.7,91.3,54.4,0.704,2.09,301.5,Sample Data,高雄市,前金測站
2026-07-02 14:00:00,前金測站,高雄市,99.9,56.1,102.8,57.1,0.688,1.37,280.6,Sample Data,高雄市,前金測站
2026-07-02 15:00:00,前金測站,高雄市,90.3,54.8,80.0,50.3,0.709,1.59,229.0,Sample Data,高雄市,前金測站
2026-07-02 16:00:00,前金測站,高雄市,104.7,58.6,90.1,61.5,0.716,2.52,346.8,Sample Data,高雄市,前金測站
2026-07-02 17:00:00,前金測站,高雄市,87.4,52.7,90.5,68.0,0.796,1.77,290.7,Sample Data,高雄市,前金測站
2026-07-02 18:00:00,前金測站,高雄市,96.5,52.3,104.4,70.7,0.817,2.47,173.6,Sample Data,高雄市,前金測站
2026-07-02 19:00:00,前金測站,高雄市,87.6,55.2,104.7,59.7,0.765,2.56,11.6,Sample Data,高雄市,前金測站
2026-07-02 20:00:00,前金測站,高雄市,84.9,52.4,92.0,63.7,0.686,2.14,29.1,Sample Data,高雄市,前金測站
2026-07-02 21:00:00,前金測站,高雄市,87.9,49.8,80.2,53.3,0.735,1.91,2.0,Sample Data,高雄市,前金測站
2026-07-02 22:00:00,前金測站,高雄市,78.4,52.4,80.4,56.1,0.697,3.04,346.8,Sample Data,高雄市,前金測站
2026-07-02 23:00:00,前金測站,高雄市,90.7,57.7,93.9,62.2,0.706,2.01,326.9,Sample Data,高雄市,前金測站
2026-07-03 00:00:00,前金測站,高雄市,91.7,58.3,119.5,55.9,0.787,2.12,296.9,Sample Data,高雄市,前金測站
2026-07-03 01:00:00,前金測站,高雄市,96.2,52.3,97.7,59.1,0.813,2.18,272.9,Sample Data,高雄市,前金測站
2026-07-03 02:00:00,前金測站,高雄市,86.3,50.8,88.0,51.3,0.661,2.25,232.3,Sample Data,高雄市,前金測站
2026-07-03 03:00:00,前金測站,高雄市,94.7,52.5,100.9,50.8,0.674,1.41,292.4,Sample Data,高雄市,前金測站
2026-07-03 04:00:00,前金測站,高雄市,86.8,55.8,89.9,45.7,0.689,1.8,335.2,Sample Data,高雄市,前金測站
2026-07-03 05:00:00,前金測站,高雄市,92.2,51.0,101.8,47.1,0.783,2.98,264.2,Sample Data,高雄市,前金測站
2026-07-03 06:00:00,前金測站,高雄市,93.0,51.8,95.3,43.3,0.708,1.54,341.2,Sample Data,高雄市,前金測站
2026-07-03 07:00:00,前金測站,高雄市,107.4,51.6,97.9,46.1,0.69,2.3,265.7,Sample Data,高雄市,前金測站
2026-07-03 08:00:00,前金測站,高雄市,100.7,60.4,116.5,46.6,0.655,1.01,357.8,Sample Data,高雄市,前金測站
2026-07-03 09:00:00,前金測站,高雄市,96.5,49.4,78.4,50.3,0.719,2.22,50.0,Sample Data,高雄市,前金測站
2026-07-03 10:00:00,前金測站,高雄市,94.6,56.4,111.0,47.7,0.726,2.13,312.0,Sample Data,高雄市,前金測站
2026-07-03 11:00:00,前金測站,高雄市,92.1,48.5,75.0,50.4,0.751,3.01,1.3,Sample Data,高雄市,前金測站
2026-07-03 12:00:00,前金測站,高雄市,80.9,50.0,95.6,43.6,0.656,3.26,9.9,Sample Data,高雄市,前金測站
2026-07-03 13:00:00,前金測站,高雄市,78.6,48.8,90.6,56.2,0.595,1.13,327.1,Sample Data,高雄市,前金測站
2026-07-03 14:00:00,前金測站,高雄市,89.0,57.5,91.5,54.5,0.794,1.8,13.7,Sample Data,高雄市,前金測站
2026-07-03 15:00:00,前金測站,高雄市,87.3,47.3,77.3,48.3,0.629,1.36,50.2,Sample Data,高雄市,前金測站
2026-07-03 16:00:00,前金測站,高雄市,84.7,52.5,77.3,59.5,0.697,2.06,30.0,Sample Data,高雄市,前金測站
2026-07-03 17:00:00,前金測站,高雄市,91.8,52.4,88.2,59.0,0.786,1.5,59.6,Sample Data,高雄市,前金測站
2026-07-03 18:00:00,前金測站,高雄市,100.4,54.1,100.2,63.7,0.774,1.83,354.9,Sample Data,高雄市,前金測站
2026-07-03 19:00:00,前金測站,高雄市,99.9,54.4,94.5,67.4,0.826,3.22,40.0,Sample Data,高雄市,前金測站
2026-07-03 20:00:00,前金測站,高雄市,164.6,67.7,108.1,73.5,1.067,1.55,10.4,Sample Data,高雄市,前金測站
2026-07-03 21:00:00,前金測站,高雄市,88.8,54.2,101.2,70.4,0.739,1.69,30.4,Sample Data,高雄市,前金測站
2026-07-03 22:00:00,前金測站,高雄市,89.9,49.9,80.5,59.7,0.668,1.07,14.7,Sample Data,高雄市,前金測站
2026-07-03 23:00:00,前金測站,高雄市,87.2,49.8,83.5,52.0,0.708,2.51,43.3,Sample Data,高雄市,前金測站
2026-07-04 00:00:00,前金測站,高雄市,73.6,53.5,101.5,46.2,0.694,1.92,18.0,Sample Data,高雄市,前金測站
2026-07-04 01:00:00,前金測站,高雄市,77.8,55.8,85.6,49.4,0.628,1.91,19.7,Sample Data,高雄市,前金測站
2026-07-04 02:00:00,前金測站,高雄市,76.9,49.2,80.9,45.4,0.71,2.19,35.0,Sample Data,高雄市,前金測站
2026-07-04 03:00:00,前金測站,高雄市,72.5,52.8,83.3,42.7,0.68,2.4,93.5,Sample Data,高雄市,前金測站
2026-07-04 04:00:00,前金測站,高雄市,77.6,46.8,85.0,47.5,0.712,2.24,132.7,Sample Data,高雄市,前金測站
2026-07-04 05:00:00,前金測站,高雄市,71.2,43.6,71.6,35.7,0.546,1.05,91.5,Sample Data,高雄市,前金測站
2026-07-04 06:00:00,前金測站,高雄市,70.6,49.6,93.2,35.0,0.626,1.73,53.7,Sample Data,高雄市,前金測站
2026-07-04 07:00:00,前金測站,高雄市,83.5,52.9,105.1,37.7,0.701,2.55,47.0,Sample Data,高雄市,前金測站
2026-07-04 08:00:00,前金測站,高雄市,81.7,58.0,106.1,45.9,0.652,1.99,37.9,Sample Data,高雄市,前金測站
2026-07-04 09:00:00,前金測站,高雄市,81.2,53.2,115.6,40.7,0.736,2.5,69.0,Sample Data,高雄市,前金測站
2026-07-04 10:00:00,前金測站,高雄市,84.5,46.5,68.7,43.0,0.658,1.4,335.1,Sample Data,高雄市,前金測站
2026-07-04 11:00:00,前金測站,高雄市,75.6,48.9,95.6,46.2,0.627,4.33,125.0,Sample Data,高雄市,前金測站
2026-07-04 12:00:00,前金測站,高雄市,84.0,49.9,85.9,47.3,0.651,4.18,33.9,Sample Data,高雄市,前金測站
2026-07-04 13:00:00,前金測站,高雄市,70.2,43.5,79.6,51.2,0.525,2.18,333.5,Sample Data,高雄市,前金測站
2026-07-04 14:00:00,前金測站,高雄市,69.7,46.9,89.6,53.7,0.721,2.51,30.7,Sample Data,高雄市,前金測站
2026-07-04 15:00:00,前金測站,高雄市,74.4,47.8,78.5,46.8,0.689,2.88,163.2,Sample Data,高雄市,前金測站
2026-07-04 16:00:00,前金測站,高雄市,74.2,49.7,75.0,56.5,0.602,2.45,93.2,Sample Data,高雄市,前金測站
2026-07-04 17:00:00,前金測站,高雄市,77.0,53.7,98.3,51.2,0.673,1.84,139.6,Sample Data,高雄市,前金測站
2026-07-04 18:00:00,前金測站,高雄市,73.8,50.0,102.2,56.4,0.651,1.8,37.8,Sample Data,高雄市,前金測站
2026-07-04 19:00:00,前金測站,高雄市,77.1,50.1,78.8,54.5,0.739,2.4,58.8,Sample Data,高雄市,前金測站
2026-07-04 20:00:00,前金測站,高雄市,78.9,50.7,87.0,62.4,0.742,0.72,163.7,Sample Data,高雄市,前金測站
2026-07-04 21:00:00,前金測站,高雄市,74.2,49.5,77.9,59.6,0.697,1.73,22.3,Sample Data,高雄市,前金測站
2026-07-04 22:00:00,前金測站,高雄市,80.4,45.0,81.4,58.0,0.691,1.94,127.4,Sample Data,高雄市,前金測站
2026-07-04 23:00:00,前金測站,高雄市,67.6,45.5,60.2,53.7,0.691,2.55,130.1,Sample Data,高雄市,前金測站
2026-07-05 00:00:00,前金測站,高雄市,66.7,43.3,75.6,50.4,0.542,2.39,122.4,Sample Data,高雄市,前金測站
2026-07-05 01:00:00,前金測站,高雄市,71.8,45.3,79.2,50.1,0.643,3.39,120.2,Sample Data,高雄市,前金測站
2026-07-05 02:00:00,前金測站,高雄市,66.7,44.5,60.1,43.1,0.621,3.13,29.1,Sample Data,高雄市,前金測站
2026-07-05 03:00:00,前金測站,高雄市,71.7,48.0,77.0,43.3,0.691,3.11,234.9,Sample Data,高雄市,前金測站
2026-07-05 04:00:00,前金測站,高雄市,72.0,47.1,84.2,44.5,0.666,2.71,83.5,Sample Data,高雄市,前金測站
2026-07-05 05:00:00,前金測站,高雄市,70.9,53.9,104.4,41.5,0.581,1.43,85.1,Sample Data,高雄市,前金測站
2026-07-05 06:00:00,前金測站,高雄市,79.9,47.4,79.5,44.1,0.691,3.27,101.9,Sample Data,高雄市,前金測站
2026-07-05 07:00:00,前金測站,高雄市,82.4,46.6,72.4,42.5,0.788,2.46,99.3,Sample Data,高雄市,前金測站
2026-07-05 08:00:00,前金測站,高雄市,86.2,47.3,78.3,42.9,0.687,2.89,126.6,Sample Data,高雄市,前金測站
2026-07-05 09:00:00,前金測站,高雄市,77.3,54.2,104.3,42.4,0.648,2.52,141.1,Sample Data,高雄市,前金測站
2026-07-05 10:00:00,前金測站,高雄市,81.2,48.7,93.1,39.8,0.63,2.93,223.7,Sample Data,高雄市,前金測站
2026-07-05 11:00:00,前金測站,高雄市,81.2,53.4,88.9,47.2,0.764,1.48,178.0,Sample Data,高雄市,前金測站
2026-07-05 12:00:00,前金測站,高雄市,67.6,49.3,93.4,39.4,0.615,2.55,278.8,Sample Data,高雄市,前金測站
2026-07-05 13:00:00,前金測站,高雄市,73.5,50.9,94.5,48.9,0.685,1.48,12.4,Sample Data,高雄市,前金測站
2026-07-05 14:00:00,前金測站,高雄市,77.2,44.1,70.8,47.5,0.782,2.16,138.4,Sample Data,高雄市,前金測站
2026-07-05 15:00:00,前金測站,高雄市,81.0,52.9,84.4,56.9,0.651,1.47,155.6,Sample Data,高雄市,前金測站
2026-07-05 16:00:00,前金測站,高雄市,71.3,50.9,93.9,56.9,0.611,3.05,95.7,Sample Data,高雄市,前金測站
2026-07-05 17:00:00,前金測站,高雄市,81.2,49.8,93.2,55.2,0.597,2.49,244.1,Sample Data,高雄市,前金測站
2026-07-05 18:00:00,前金測站,高雄市,84.7,51.0,83.0,64.6,0.688,0.55,227.9,Sample Data,高雄市,前金測站
2026-07-05 19:00:00,前金測站,高雄市,136.6,55.5,91.7,74.7,0.941,2.01,172.7,Sample Data,高雄市,前金測站
2026-07-05 20:00:00,前金測站,高雄市,87.5,52.5,98.0,59.0,0.642,2.04,200.5,Sample Data,高雄市,前金測站
2026-07-05 21:00:00,前金測站,高雄市,83.7,53.9,81.4,56.4,0.691,0.94,172.3,Sample Data,高雄市,前金測站
2026-07-05 22:00:00,前金測站,高雄市,91.7,48.5,96.5,61.3,0.668,2.34,144.6,Sample Data,高雄市,前金測站
2026-07-05 23:00:00,前金測站,高雄市,69.5,50.5,87.6,49.7,0.582,1.12,218.9,Sample Data,高雄市,前金測站
2026-07-06 00:00:00,前金測站,高雄市,87.3,51.0,92.0,55.1,0.629,2.38,115.3,Sample Data,高雄市,前金測站
2026-07-06 01:00:00,前金測站,高雄市,87.1,48.7,97.0,51.6,0.7,1.41,194.2,Sample Data,高雄市,前金測站
2026-07-06 02:00:00,前金測站,高雄市,85.5,55.0,81.8,43.7,0.611,2.29,229.6,Sample Data,高雄市,前金測站
2026-07-06 03:00:00,前金測站,高雄市,80.0,51.0,94.9,49.0,0.548,2.86,202.9,Sample Data,高雄市,前金測站
2026-07-06 04:00:00,前金測站,高雄市,82.9,49.4,73.1,40.6,0.639,1.37,266.1,Sample Data,高雄市,前金測站
2026-07-06 05:00:00,前金測站,高雄市,88.0,58.9,101.6,40.0,0.688,2.08,160.0,Sample Data,高雄市,前金測站
2026-07-06 06:00:00,前金測站,高雄市,89.2,53.7,76.8,44.7,0.732,1.6,159.9,Sample Data,高雄市,前金測站
2026-07-06 07:00:00,前金測站,高雄市,97.9,46.8,77.6,35.1,0.787,2.28,121.9,Sample Data,高雄市,前金測站
2026-07-06 08:00:00,前金測站,高雄市,100.4,58.1,85.0,46.5,0.807,1.48,201.7,Sample Data,高雄市,前金測站
2026-07-06 09:00:00,前金測站,高雄市,93.0,53.4,102.7,44.0,0.721,1.4,152.3,Sample Data,高雄市,前金測站
2026-07-06 10:00:00,前金測站,高雄市,98.7,59.6,112.9,51.7,0.689,1.55,178.3,Sample Data,高雄市,前金測站
2026-07-06 11:00:00,前金測站,高雄市,99.0,59.7,91.2,53.3,0.779,2.75,154.8,Sample Data,高雄市,前金測站
2026-07-06 12:00:00,前金測站,高雄市,91.6,50.8,85.7,58.2,0.739,1.76,223.6,Sample Data,高雄市,前金測站
2026-07-06 13:00:00,前金測站,高雄市,87.5,48.5,103.1,51.2,0.731,3.47,287.0,Sample Data,高雄市,前金測站
2026-07-06 14:00:00,前金測站,高雄市,87.5,51.7,80.9,59.2,0.759,2.52,241.4,Sample Data,高雄市,前金測站
2026-07-06 15:00:00,前金測站,高雄市,86.3,52.7,101.8,53.0,0.717,2.98,245.7,Sample Data,高雄市,前金測站
2026-07-06 16:00:00,前金測站,高雄市,95.9,56.7,104.9,62.4,0.812,2.39,117.9,Sample Data,高雄市,前金測站
2026-07-06 17:00:00,前金測站,高雄市,93.4,55.7,110.3,68.6,0.695,1.23,211.1,Sample Data,高雄市,前金測站
2026-07-06 18:00:00,前金測站,高雄市,96.1,58.7,98.7,68.3,0.779,2.22,225.1,Sample Data,高雄市,前金測站
2026-07-06 19:00:00,前金測站,高雄市,106.6,55.8,106.0,58.3,0.774,1.67,229.1,Sample Data,高雄市,前金測站
2026-07-06 20:00:00,前金測站,高雄市,91.6,54.9,92.8,60.3,0.664,2.16,315.8,Sample Data,高雄市,前金測站
2026-07-06 21:00:00,前金測站,高雄市,99.3,53.0,89.0,58.5,0.685,1.12,261.4,Sample Data,高雄市,前金測站
2026-07-06 22:00:00,前金測站,高雄市,89.2,50.5,84.4,55.1,0.756,3.27,348.6,Sample Data,高雄市,前金測站
2026-07-06 23:00:00,前金測站,高雄市,93.0,51.8,98.5,56.8,0.743,3.31,260.9,Sample Data,高雄市,前金測站
2026-07-07 00:00:00,前金測站,高雄市,100.4,51.7,92.1,53.5,0.798,2.93,13.1,Sample Data,高雄市,前金測站
2026-07-07 01:00:00,前金測站,高雄市,91.2,47.2,82.0,51.9,0.725,1.65,247.6,Sample Data,高雄市,前金測站
2026-07-07 02:00:00,前金測站,高雄市,94.3,57.8,93.1,44.9,0.821,2.55,147.9,Sample Data,高雄市,前金測站
2026-07-07 03:00:00,前金測站,高雄市,89.2,51.5,106.6,51.8,0.718,1.56,226.2,Sample Data,高雄市,前金測站
2026-07-07 04:00:00,前金測站,高雄市,90.5,51.3,90.8,40.1,0.673,1.97,350.1,Sample Data,高雄市,前金測站
2026-07-07 05:00:00,前金測站,高雄市,96.4,54.1,90.8,50.6,0.761,2.81,192.5,Sample Data,高雄市,前金測站
2026-07-07 06:00:00,前金測站,高雄市,91.6,53.8,96.3,37.0,0.715,1.92,283.1,Sample Data,高雄市,前金測站
2026-07-07 07:00:00,前金測站,高雄市,108.2,59.6,119.6,54.1,0.809,0.62,264.7,Sample Data,高雄市,前金測站
2026-07-07 08:00:00,前金測站,高雄市,103.7,58.9,101.5,51.6,0.849,2.12,339.2,Sample Data,高雄市,前金測站
2026-07-07 09:00:00,前金測站,高雄市,101.8,58.3,99.4,42.8,0.801,0.97,318.7,Sample Data,高雄市,前金測站
2026-07-07 10:00:00,前金測站,高雄市,93.4,54.5,78.8,48.4,0.762,2.72,218.7,Sample Data,高雄市,前金測站
2026-07-07 11:00:00,前金測站,高雄市,84.5,48.4,99.3,52.0,0.633,3.27,355.4,Sample Data,高雄市,前金測站
2026-07-07 12:00:00,前金測站,高雄市,82.0,47.6,93.8,48.2,0.671,0.69,209.5,Sample Data,高雄市,前金測站
2026-07-07 13:00:00,前金測站,高雄市,91.1,54.7,81.7,56.9,0.653,1.98,218.4,Sample Data,高雄市,前金測站
2026-07-07 14:00:00,前金測站,高雄市,94.7,47.7,74.7,58.4,0.708,1.45,281.2,Sample Data,高雄市,前金測站
2026-07-07 15:00:00,前金測站,高雄市,85.9,51.3,97.6,60.0,0.636,0.86,268.1,Sample Data,高雄市,前金測站
2026-07-07 16:00:00,前金測站,高雄市,95.6,53.6,99.3,56.3,0.711,1.53,0.4,Sample Data,高雄市,前金測站
2026-07-07 17:00:00,前金測站,高雄市,98.6,53.1,99.6,57.0,0.588,0.96,335.7,Sample Data,高雄市,前金測站
2026-07-07 18:00:00,前金測站,高雄市,102.7,50.7,90.9,69.9,0.816,2.78,332.9,Sample Data,高雄市,前金測站
2026-07-07 19:00:00,前金測站,高雄市,99.2,53.8,77.5,63.3,0.78,2.86,282.7,Sample Data,高雄市,前金測站
2026-07-07 20:00:00,前金測站,高雄市,99.0,54.2,92.6,66.4,0.747,1.05,303.6,Sample Data,高雄市,前金測站
2026-07-07 21:00:00,前金測站,高雄市,97.9,51.4,83.1,55.6,0.824,2.97,12.1,Sample Data,高雄市,前金測站
2026-07-07 22:00:00,前金測站,高雄市,89.0,57.4,91.3,64.4,0.658,1.88,219.4,Sample Data,高雄市,前金測站
2026-07-07 23:00:00,前金測站,高雄市,88.5,51.3,89.0,54.3,0.703,2.92,262.6,Sample Data,高雄市,前金測站
2026-07-08 00:00:00,前金測站,高雄市,91.2,53.5,95.2,52.3,0.736,2.35,280.0,Sample Data,高雄市,前金測站
2026-07-08 01:00:00,前金測站,高雄市,79.9,50.4,96.2,54.8,0.679,1.95,326.9,Sample Data,高雄市,前金測站
2026-07-08 02:00:00,前金測站,高雄市,80.2,48.2,75.5,48.1,0.593,1.33,12.7,Sample Data,高雄市,前金測站
2026-07-08 03:00:00,前金測站,高雄市,82.1,48.7,90.6,50.5,0.608,2.11,291.8,Sample Data,高雄市,前金測站
2026-07-08 04:00:00,前金測站,高雄市,87.5,50.5,88.7,42.8,0.662,1.81,57.1,Sample Data,高雄市,前金測站
2026-07-08 05:00:00,前金測站,高雄市,87.9,55.8,113.1,45.8,0.662,1.02,251.9,Sample Data,高雄市,前金測站
2026-07-08 06:00:00,前金測站,高雄市,96.9,57.4,97.0,47.5,0.69,1.39,314.4,Sample Data,高雄市,前金測站
2026-07-08 07:00:00,前金測站,高雄市,97.0,52.3,90.0,49.8,0.777,2.22,337.2,Sample Data,高雄市,前金測站
2026-07-08 08:00:00,前金測站,高雄市,93.7,55.1,97.6,40.4,0.724,1.21,326.0,Sample Data,高雄市,前金測站
2026-07-08 09:00:00,前金測站,高雄市,91.1,50.5,77.5,37.8,0.754,2.09,311.2,Sample Data,高雄市,前金測站
2026-07-08 10:00:00,前金測站,高雄市,95.2,51.9,74.8,55.1,0.745,2.07,19.7,Sample Data,高雄市,前金測站
2026-07-08 11:00:00,前金測站,高雄市,77.3,47.8,83.3,53.6,0.621,2.83,41.3,Sample Data,高雄市,前金測站
2026-07-08 12:00:00,前金測站,高雄市,85.2,52.4,84.0,50.4,0.707,2.47,3.5,Sample Data,高雄市,前金測站
2026-07-08 13:00:00,前金測站,高雄市,88.7,49.7,90.7,51.7,0.737,1.66,44.2,Sample Data,高雄市,前金測站
2026-07-08 14:00:00,前金測站,高雄市,82.7,51.2,96.9,62.0,0.632,0.5,321.8,Sample Data,高雄市,前金測站
2026-07-08 15:00:00,前金測站,高雄市,86.7,50.7,80.0,54.9,0.609,1.15,7.2,Sample Data,高雄市,前金測站
2026-07-08 16:00:00,前金測站,高雄市,80.7,49.3,74.6,56.7,0.612,2.25,357.8,Sample Data,高雄市,前金測站
2026-07-08 17:00:00,前金測站,高雄市,91.9,55.2,88.0,62.8,0.692,2.77,326.2,Sample Data,高雄市,前金測站
2026-07-08 18:00:00,前金測站,高雄市,90.4,56.4,97.2,59.7,0.78,0.4,23.6,Sample Data,高雄市,前金測站
2026-07-08 19:00:00,前金測站,高雄市,87.0,51.4,100.6,61.0,0.745,2.94,22.6,Sample Data,高雄市,前金測站
2026-07-08 20:00:00,前金測站,高雄市,85.5,52.7,83.8,61.0,0.675,1.77,346.0,Sample Data,高雄市,前金測站
2026-07-08 21:00:00,前金測站,高雄市,81.2,54.2,99.8,58.6,0.61,2.25,321.7,Sample Data,高雄市,前金測站
2026-07-08 22:00:00,前金測站,高雄市,85.1,50.8,100.0,50.7,0.662,1.22,148.7,Sample Data,高雄市,前金測站
2026-07-08 23:00:00,前金測站,高雄市,78.5,45.9,79.1,47.6,0.596,2.25,35.5,Sample Data,高雄市,前金測站
2026-07-09 00:00:00,前金測站,高雄市,75.6,47.7,81.3,52.6,0.612,2.03,78.3,Sample Data,高雄市,前金測站
2026-07-09 01:00:00,前金測站,高雄市,88.0,48.8,88.3,45.5,0.608,2.96,118.9,Sample Data,高雄市,前金測站
2026-07-09 02:00:00,前金測站,高雄市,76.5,48.7,86.0,46.7,0.567,2.32,325.6,Sample Data,高雄市,前金測站
2026-07-09 03:00:00,前金測站,高雄市,82.1,47.5,68.1,36.6,0.721,2.84,16.3,Sample Data,高雄市,前金測站
2026-07-09 04:00:00,前金測站,高雄市,81.2,51.8,110.2,45.6,0.649,2.42,24.4,Sample Data,高雄市,前金測站
2026-07-09 05:00:00,前金測站,高雄市,76.2,52.9,110.2,38.5,0.681,1.09,9.6,Sample Data,高雄市,前金測站
2026-07-09 06:00:00,前金測站,高雄市,98.1,53.6,112.6,42.2,0.761,3.33,79.3,Sample Data,高雄市,前金測站
2026-07-09 07:00:00,前金測站,高雄市,100.4,53.2,83.5,44.8,0.79,1.78,52.3,Sample Data,高雄市,前金測站
2026-07-09 08:00:00,前金測站,高雄市,92.6,47.8,86.8,48.4,0.739,2.16,82.1,Sample Data,高雄市,前金測站
2026-07-09 09:00:00,前金測站,高雄市,93.0,49.0,95.9,46.2,0.617,1.08,62.1,Sample Data,高雄市,前金測站
2026-07-09 10:00:00,前金測站,高雄市,89.3,51.2,81.8,44.6,0.749,1.85,4.7,Sample Data,高雄市,前金測站
2026-07-09 11:00:00,前金測站,高雄市,87.7,55.8,106.7,46.1,0.729,1.42,117.0,Sample Data,高雄市,前金測站
2026-07-09 12:00:00,前金測站,高雄市,84.7,48.5,82.3,44.8,0.65,2.53,63.2,Sample Data,高雄市,前金測站
2026-07-09 13:00:00,前金測站,高雄市,70.5,47.0,88.6,45.1,0.57,1.94,174.1,Sample Data,高雄市,前金測站
2026-07-09 14:00:00,前金測站,高雄市,83.4,55.4,100.3,49.4,0.642,1.72,40.7,Sample Data,高雄市,前金測站
2026-07-09 15:00:00,前金測站,高雄市,78.3,51.7,95.2,55.1,0.619,2.29,357.9,Sample Data,高雄市,前金測站
2026-07-09 16:00:00,前金測站,高雄市,72.2,50.3,89.3,52.9,0.557,3.05,111.1,Sample Data,高雄市,前金測站
2026-07-09 17:00:00,前金測站,高雄市,87.8,52.0,77.0,60.7,0.671,1.73,181.5,Sample Data,高雄市,前金測站
2026-07-09 18:00:00,前金測站,高雄市,87.1,44.5,73.9,59.9,0.624,2.34,73.7,Sample Data,高雄市,前金測站
2026-07-09 19:00:00,前金測站,高雄市,83.9,51.6,78.0,59.1,0.679,2.32,105.0,Sample Data,高雄市,前金測站
2026-07-09 20:00:00,前金測站,高雄市,89.4,50.8,95.6,60.9,0.706,1.12,56.8,Sample Data,高雄市,前金測站
2026-07-09 21:00:00,前金測站,高雄市,80.6,51.9,96.7,61.2,0.614,2.47,99.7,Sample Data,高雄市,前金測站
2026-07-09 22:00:00,前金測站,高雄市,79.8,49.1,91.3,57.6,0.685,2.05,101.2,Sample Data,高雄市,前金測站
2026-07-09 23:00:00,前金測站,高雄市,74.6,50.4,92.6,56.6,0.667,1.13,107.7,Sample Data,高雄市,前金測站
2026-07-10 00:00:00,前金測站,高雄市,72.8,48.9,84.7,53.4,0.621,1.41,215.6,Sample Data,高雄市,前金測站
2026-07-10 01:00:00,前金測站,高雄市,83.5,49.5,81.9,52.8,0.609,2.55,167.4,Sample Data,高雄市,前金測站
2026-07-10 02:00:00,前金測站,高雄市,77.5,46.4,82.2,47.4,0.603,2.3,102.8,Sample Data,高雄市,前金測站
2026-07-10 03:00:00,前金測站,高雄市,71.6,52.2,97.6,46.9,0.709,1.51,58.7,Sample Data,高雄市,前金測站
2026-07-10 04:00:00,前金測站,高雄市,77.0,50.4,79.9,42.9,0.642,2.76,122.4,Sample Data,高雄市,前金測站
2026-07-10 05:00:00,前金測站,高雄市,71.6,49.3,77.7,44.1,0.596,2.64,82.0,Sample Data,高雄市,前金測站
2026-07-10 06:00:00,前金測站,高雄市,83.6,50.3,88.1,36.3,0.702,2.39,132.2,Sample Data,高雄市,前金測站
2026-07-10 07:00:00,前金測站,高雄市,93.6,52.8,101.1,43.4,0.743,3.54,169.8,Sample Data,高雄市,前金測站
2026-07-10 08:00:00,前金測站,高雄市,93.6,55.8,104.9,48.4,0.73,1.92,80.3,Sample Data,高雄市,前金測站
2026-07-10 09:00:00,前金測站,高雄市,87.2,49.4,83.0,51.7,0.653,1.57,93.8,Sample Data,高雄市,前金測站
2026-07-10 10:00:00,前金測站,高雄市,80.6,47.3,92.4,40.9,0.716,3.08,153.7,Sample Data,高雄市,前金測站
2026-07-10 11:00:00,前金測站,高雄市,88.6,48.2,74.9,48.5,0.773,1.32,111.5,Sample Data,高雄市,前金測站
2026-07-10 12:00:00,前金測站,高雄市,80.5,48.8,81.2,46.8,0.736,1.41,188.8,Sample Data,高雄市,前金測站
2026-07-10 13:00:00,前金測站,高雄市,87.3,50.4,79.3,53.5,0.7,1.56,183.4,Sample Data,高雄市,前金測站
2026-07-10 14:00:00,前金測站,高雄市,80.2,50.3,97.7,60.1,0.625,2.17,68.4,Sample Data,高雄市,前金測站
2026-07-10 15:00:00,前金測站,高雄市,91.7,53.1,98.0,57.6,0.722,1.46,218.3,Sample Data,高雄市,前金測站
2026-07-10 16:00:00,前金測站,高雄市,90.5,55.1,85.3,58.5,0.751,2.34,113.2,Sample Data,高雄市,前金測站
2026-07-10 17:00:00,前金測站,高雄市,93.5,50.5,93.4,56.5,0.677,3.04,234.1,Sample Data,高雄市,前金測站
2026-07-10 18:00:00,前金測站,高雄市,102.9,57.1,97.1,63.0,0.814,2.78,205.3,Sample Data,高雄市,前金測站
2026-07-10 19:00:00,前金測站,高雄市,86.5,52.9,77.8,67.2,0.632,3.56,195.2,Sample Data,高雄市,前金測站
2026-07-10 20:00:00,前金測站,高雄市,86.2,51.9,88.9,60.5,0.674,1.4,155.8,Sample Data,高雄市,前金測站
2026-07-10 21:00:00,前金測站,高雄市,79.5,46.3,95.9,59.3,0.688,2.15,198.8,Sample Data,高雄市,前金測站
2026-07-10 22:00:00,前金測站,高雄市,90.3,53.9,85.0,61.3,0.745,1.34,176.4,Sample Data,高雄市,前金測站
2026-07-10 23:00:00,前金測站,高雄市,74.4,48.5,73.8,51.5,0.66,1.59,279.3,Sample Data,高雄市,前金測站
2026-07-11 00:00:00,前金測站,高雄市,79.2,47.6,91.2,53.6,0.607,3.71,215.2,Sample Data,高雄市,前金測站
2026-07-11 01:00:00,前金測站,高雄市,70.4,48.5,84.0,42.8,0.618,1.68,163.8,Sample Data,高雄市,前金測站
2026-07-11 02:00:00,前金測站,高雄市,78.9,48.5,84.1,43.9,0.623,1.27,140.7,Sample Data,高雄市,前金測站
2026-07-11 03:00:00,前金測站,高雄市,78.1,51.7,91.3,45.5,0.583,2.28,254.7,Sample Data,高雄市,前金測站
2026-07-11 04:00:00,前金測站,高雄市,69.1,53.6,76.2,41.5,0.65,2.08,209.1,Sample Data,高雄市,前金測站
2026-07-11 05:00:00,前金測站,高雄市,91.3,53.5,89.9,45.2,0.73,1.76,208.7,Sample Data,高雄市,前金測站
2026-07-11 06:00:00,前金測站,高雄市,87.3,50.7,88.8,47.0,0.625,2.16,254.5,Sample Data,高雄市,前金測站
2026-07-11 07:00:00,前金測站,高雄市,93.3,51.3,76.8,45.9,0.678,0.2,158.2,Sample Data,高雄市,前金測站
2026-07-11 08:00:00,前金測站,高雄市,93.5,52.8,87.2,43.4,0.704,0.42,118.9,Sample Data,高雄市,前金測站
2026-07-11 09:00:00,前金測站,高雄市,82.6,52.5,93.1,40.3,0.634,2.75,212.1,Sample Data,高雄市,前金測站
2026-07-11 10:00:00,前金測站,高雄市,90.6,46.2,79.2,45.2,0.779,1.72,237.1,Sample Data,高雄市,前金測站
2026-07-11 11:00:00,前金測站,高雄市,77.4,46.2,88.2,46.4,0.704,1.6,183.9,Sample Data,高雄市,前金測站
2026-07-11 12:00:00,前金測站,高雄市,77.8,48.9,63.7,42.9,0.648,2.06,246.4,Sample Data,高雄市,前金測站
2026-07-11 13:00:00,前金測站,高雄市,85.2,50.1,94.4,51.3,0.673,2.92,243.8,Sample Data,高雄市,前金測站
2026-07-11 14:00:00,前金測站,高雄市,82.7,51.3,73.2,49.5,0.662,1.27,219.5,Sample Data,高雄市,前金測站
2026-07-11 15:00:00,前金測站,高雄市,84.8,51.1,95.8,59.5,0.679,2.14,300.7,Sample Data,高雄市,前金測站
2026-07-11 16:00:00,前金測站,高雄市,84.3,48.3,82.8,59.4,0.723,1.56,150.5,Sample Data,高雄市,前金測站
2026-07-11 17:00:00,前金測站,高雄市,87.0,53.6,79.4,60.1,0.666,0.83,235.1,Sample Data,高雄市,前金測站
2026-07-11 18:00:00,前金測站,高雄市,89.3,57.5,97.7,60.9,0.675,1.67,293.5,Sample Data,高雄市,前金測站
2026-07-11 19:00:00,前金測站,高雄市,94.1,49.1,92.6,66.8,0.641,2.5,258.9,Sample Data,高雄市,前金測站
2026-07-11 20:00:00,前金測站,高雄市,88.7,50.9,90.8,55.1,0.642,0.87,306.0,Sample Data,高雄市,前金測站
2026-07-11 21:00:00,前金測站,高雄市,92.5,56.5,100.0,56.7,0.671,1.93,319.3,Sample Data,高雄市,前金測站
2026-07-11 22:00:00,前金測站,高雄市,90.4,51.2,97.5,63.7,0.722,1.75,222.6,Sample Data,高雄市,前金測站
2026-07-11 23:00:00,前金測站,高雄市,78.8,46.3,98.2,50.9,0.568,2.27,240.9,Sample Data,高雄市,前金測站
2026-07-12 00:00:00,前金測站,高雄市,85.2,54.0,90.6,52.2,0.716,1.88,302.7,Sample Data,高雄市,前金測站
2026-07-12 01:00:00,前金測站,高雄市,70.3,50.1,91.6,52.6,0.575,1.59,234.5,Sample Data,高雄市,前金測站
2026-07-12 02:00:00,前金測站,高雄市,80.1,47.1,85.4,49.5,0.62,1.47,251.5,Sample Data,高雄市,前金測站
2026-07-12 03:00:00,前金測站,高雄市,81.3,49.8,78.7,42.0,0.661,1.9,259.2,Sample Data,高雄市,前金測站
2026-07-12 04:00:00,前金測站,高雄市,89.2,48.5,84.3,41.3,0.661,3.23,294.8,Sample Data,高雄市,前金測站
2026-07-12 05:00:00,前金測站,高雄市,88.5,51.4,91.6,47.6,0.711,1.99,269.1,Sample Data,高雄市,前金測站
2026-07-12 06:00:00,前金測站,高雄市,96.0,54.5,101.0,47.3,0.73,1.88,211.4,Sample Data,高雄市,前金測站
2026-07-12 07:00:00,前金測站,高雄市,93.0,49.7,90.3,48.2,0.801,1.16,272.7,Sample Data,高雄市,前金測站
2026-07-12 08:00:00,前金測站,高雄市,92.8,54.7,93.4,44.9,0.711,3.08,232.3,Sample Data,高雄市,前金測站
2026-07-12 09:00:00,前金測站,高雄市,93.8,55.0,107.9,51.1,0.622,1.18,315.5,Sample Data,高雄市,前金測站
2026-07-12 10:00:00,前金測站,高雄市,84.1,48.4,75.3,47.2,0.726,2.14,340.0,Sample Data,高雄市,前金測站
2026-07-12 11:00:00,前金測站,高雄市,78.1,50.0,85.6,50.8,0.622,2.8,261.5,Sample Data,高雄市,前金測站
2026-07-12 12:00:00,前金測站,高雄市,86.1,55.6,78.5,56.6,0.715,1.98,279.1,Sample Data,高雄市,前金測站
2026-07-12 13:00:00,前金測站,高雄市,72.3,49.0,89.0,48.2,0.455,2.58,301.4,Sample Data,高雄市,前金測站
2026-07-12 14:00:00,前金測站,高雄市,85.2,50.9,99.2,54.7,0.709,2.26,35.7,Sample Data,高雄市,前金測站
2026-07-12 15:00:00,前金測站,高雄市,81.7,49.5,80.8,58.7,0.676,1.95,351.2,Sample Data,高雄市,前金測站
2026-07-12 16:00:00,前金測站,高雄市,90.5,48.1,79.4,58.7,0.799,3.3,319.7,Sample Data,高雄市,前金測站
2026-07-12 17:00:00,前金測站,高雄市,88.0,53.1,109.9,64.6,0.714,2.72,276.0,Sample Data,高雄市,前金測站
2026-07-12 18:00:00,前金測站,高雄市,85.7,44.9,77.1,62.2,0.689,2.39,350.6,Sample Data,高雄市,前金測站
2026-07-12 19:00:00,前金測站,高雄市,82.7,53.4,107.0,63.8,0.725,2.19,318.8,Sample Data,高雄市,前金測站
2026-07-12 20:00:00,前金測站,高雄市,91.7,48.5,87.4,56.3,0.703,1.75,316.8,Sample Data,高雄市,前金測站
2026-07-12 21:00:00,前金測站,高雄市,84.0,54.4,99.7,57.5,0.678,2.06,93.5,Sample Data,高雄市,前金測站
2026-07-12 22:00:00,前金測站,高雄市,74.8,46.2,86.1,56.0,0.607,2.83,338.3,Sample Data,高雄市,前金測站
2026-07-12 23:00:00,前金測站,高雄市,85.4,55.1,96.5,50.7,0.699,2.01,319.3,Sample Data,高雄市,前金測站
2026-07-13 00:00:00,前金測站,高雄市,80.8,53.5,87.5,46.8,0.664,3.39,93.9,Sample Data,高雄市,前金測站
2026-07-13 01:00:00,前金測站,高雄市,78.5,47.7,102.5,49.4,0.708,2.36,261.0,Sample Data,高雄市,前金測站
2026-07-13 02:00:00,前金測站,高雄市,77.1,47.7,79.5,51.2,0.576,1.94,12.8,Sample Data,高雄市,前金測站
2026-07-13 03:00:00,前金測站,高雄市,80.8,50.2,87.5,47.3,0.699,2.73,320.5,Sample Data,高雄市,前金測站
2026-07-13 04:00:00,前金測站,高雄市,91.7,51.2,78.2,43.6,0.833,2.4,9.6,Sample Data,高雄市,前金測站
2026-07-13 05:00:00,前金測站,高雄市,84.2,47.9,79.6,50.9,0.732,2.15,342.6,Sample Data,高雄市,前金測站
2026-07-13 06:00:00,前金測站,高雄市,95.3,49.9,81.5,45.4,0.668,0.46,31.2,Sample Data,高雄市,前金測站
2026-07-13 07:00:00,前金測站,高雄市,92.5,54.4,94.2,41.8,0.717,2.37,329.8,Sample Data,高雄市,前金測站
2026-07-13 08:00:00,前金測站,高雄市,94.9,55.6,97.5,44.9,0.706,1.94,66.9,Sample Data,高雄市,前金測站
2026-07-13 09:00:00,前金測站,高雄市,96.3,60.6,100.2,46.2,0.746,2.14,296.4,Sample Data,高雄市,前金測站
2026-07-13 10:00:00,前金測站,高雄市,89.1,50.2,77.2,46.5,0.629,2.31,332.1,Sample Data,高雄市,前金測站
2026-07-13 11:00:00,前金測站,高雄市,77.5,52.4,97.2,47.6,0.718,1.04,328.6,Sample Data,高雄市,前金測站
2026-07-13 12:00:00,前金測站,高雄市,89.9,56.0,93.8,48.1,0.727,1.76,251.4,Sample Data,高雄市,前金測站
2026-07-13 13:00:00,前金測站,高雄市,83.4,45.0,76.0,52.6,0.638,0.84,50.6,Sample Data,高雄市,前金測站
2026-07-13 14:00:00,前金測站,高雄市,81.4,49.2,88.0,53.8,0.637,0.77,144.1,Sample Data,高雄市,前金測站
2026-07-13 15:00:00,前金測站,高雄市,96.0,58.4,106.2,60.1,0.692,1.23,89.2,Sample Data,高雄市,前金測站
2026-07-13 16:00:00,前金測站,高雄市,88.2,48.8,79.9,50.5,0.643,1.66,24.1,Sample Data,高雄市,前金測站
2026-07-13 17:00:00,前金測站,高雄市,91.6,56.7,81.0,65.7,0.765,1.83,31.1,Sample Data,高雄市,前金測站
2026-07-13 18:00:00,前金測站,高雄市,89.1,48.9,81.7,62.2,0.629,2.53,311.7,Sample Data,高雄市,前金測站
2026-07-13 19:00:00,前金測站,高雄市,98.5,60.0,92.7,62.9,0.747,2.17,25.9,Sample Data,高雄市,前金測站
2026-07-13 20:00:00,前金測站,高雄市,92.2,50.4,88.0,58.8,0.737,2.27,288.5,Sample Data,高雄市,前金測站
2026-07-13 21:00:00,前金測站,高雄市,81.9,44.1,62.4,59.5,0.631,1.72,98.7,Sample Data,高雄市,前金測站
2026-07-13 22:00:00,前金測站,高雄市,92.4,50.4,96.6,52.5,0.68,0.2,47.8,Sample Data,高雄市,前金測站
2026-07-13 23:00:00,前金測站,高雄市,75.3,49.5,84.4,50.3,0.588,3.1,337.7,Sample Data,高雄市,前金測站
2026-07-14 00:00:00,前金測站,高雄市,84.8,59.6,116.6,57.8,0.656,2.27,343.4,Sample Data,高雄市,前金測站
2026-07-14 01:00:00,前金測站,高雄市,86.0,48.4,93.6,49.5,0.654,1.93,349.9,Sample Data,高雄市,前金測站
2026-07-14 02:00:00,前金測站,高雄市,80.1,47.5,89.3,50.2,0.647,0.98,106.4,Sample Data,高雄市,前金測站
2026-07-14 03:00:00,前金測站,高雄市,77.1,55.7,100.9,43.0,0.659,4.61,25.8,Sample Data,高雄市,前金測站
2026-07-14 04:00:00,前金測站,高雄市,86.2,52.0,95.0,53.0,0.707,1.86,97.7,Sample Data,高雄市,前金測站
2026-07-14 05:00:00,前金測站,高雄市,82.2,47.3,95.1,41.9,0.641,1.73,131.5,Sample Data,高雄市,前金測站
2026-07-14 06:00:00,前金測站,高雄市,82.4,52.7,83.3,45.5,0.727,1.63,51.9,Sample Data,高雄市,前金測站
2026-07-14 07:00:00,前金測站,高雄市,89.0,53.7,101.6,41.9,0.695,1.35,322.3,Sample Data,高雄市,前金測站
2026-07-14 08:00:00,前金測站,高雄市,90.8,54.4,78.6,40.4,0.725,2.11,86.1,Sample Data,高雄市,前金測站
2026-07-14 09:00:00,前金測站,高雄市,89.8,53.7,107.7,46.6,0.621,2.74,46.6,Sample Data,高雄市,前金測站
2026-07-14 10:00:00,前金測站,高雄市,84.6,47.5,71.2,50.7,0.704,0.74,178.0,Sample Data,高雄市,前金測站
2026-07-14 11:00:00,前金測站,高雄市,83.2,43.9,82.5,53.2,0.656,0.24,149.2,Sample Data,高雄市,前金測站
2026-07-14 12:00:00,前金測站,高雄市,81.2,43.8,75.3,46.7,0.625,1.69,54.1,Sample Data,高雄市,前金測站
2026-07-14 13:00:00,前金測站,高雄市,80.2,52.6,95.1,52.0,0.67,1.85,153.1,Sample Data,高雄市,前金測站
2026-07-14 14:00:00,前金測站,高雄市,85.9,50.5,97.4,58.9,0.648,1.32,93.1,Sample Data,高雄市,前金測站
2026-07-14 15:00:00,前金測站,高雄市,75.5,43.3,78.9,59.6,0.604,2.11,89.6,Sample Data,高雄市,前金測站
2026-07-14 16:00:00,前金測站,高雄市,80.5,48.1,85.7,53.4,0.653,2.35,0.7,Sample Data,高雄市,前金測站
2026-07-14 17:00:00,前金測站,高雄市,85.6,47.7,86.4,58.9,0.771,2.01,140.2,Sample Data,高雄市,前金測站
2026-07-14 18:00:00,前金測站,高雄市,91.3,52.9,103.7,59.4,0.686,2.09,10.3,Sample Data,高雄市,前金測站
2026-07-14 19:00:00,前金測站,高雄市,81.9,47.6,69.9,56.7,0.677,1.8,93.3,Sample Data,高雄市,前金測站
2026-07-14 20:00:00,前金測站,高雄市,78.2,47.3,85.2,49.8,0.67,1.66,109.4,Sample Data,高雄市,前金測站
2026-07-14 21:00:00,前金測站,高雄市,80.6,52.0,86.3,62.5,0.553,1.2,53.6,Sample Data,高雄市,前金測站
2026-07-14 22:00:00,前金測站,高雄市,70.7,46.5,72.3,53.7,0.606,1.99,44.1,Sample Data,高雄市,前金測站
2026-07-14 23:00:00,前金測站,高雄市,82.6,54.5,87.4,52.5,0.636,2.43,135.9,Sample Data,高雄市,前金測站
2026-07-15 00:00:00,前金測站,高雄市,77.3,48.5,75.9,51.4,0.733,1.23,82.8,Sample Data,高雄市,前金測站
2026-07-15 01:00:00,前金測站,高雄市,82.9,52.5,86.8,52.0,0.66,3.69,155.5,Sample Data,高雄市,前金測站
2026-07-15 02:00:00,前金測站,高雄市,77.8,50.5,83.2,43.7,0.719,1.24,125.3,Sample Data,高雄市,前金測站
2026-07-15 03:00:00,前金測站,高雄市,74.1,48.9,69.7,43.3,0.561,2.02,37.7,Sample Data,高雄市,前金測站
2026-07-15 04:00:00,前金測站,高雄市,79.9,48.9,91.5,43.6,0.705,3.1,69.3,Sample Data,高雄市,前金測站
2026-07-15 05:00:00,前金測站,高雄市,88.3,52.1,85.1,44.0,0.63,1.25,213.1,Sample Data,高雄市,前金測站
2026-07-15 06:00:00,前金測站,高雄市,86.2,56.1,92.7,36.1,0.739,2.34,103.6,Sample Data,高雄市,前金測站
2026-07-15 07:00:00,前金測站,高雄市,84.9,54.8,84.3,39.8,0.664,2.45,51.1,Sample Data,高雄市,前金測站
2026-07-15 08:00:00,前金測站,高雄市,91.3,55.8,112.3,49.5,0.76,1.61,130.1,Sample Data,高雄市,前金測站
2026-07-15 09:00:00,前金測站,高雄市,91.1,51.4,77.1,55.1,0.7,2.73,87.2,Sample Data,高雄市,前金測站
2026-07-15 10:00:00,前金測站,高雄市,94.2,52.5,76.1,51.6,0.795,1.11,202.6,Sample Data,高雄市,前金測站
2026-07-15 11:00:00,前金測站,高雄市,75.8,51.1,104.4,45.4,0.687,3.06,125.0,Sample Data,高雄市,前金測站
2026-07-15 12:00:00,前金測站,高雄市,80.8,47.1,80.1,50.9,0.612,3.26,165.4,Sample Data,高雄市,前金測站
2026-07-15 13:00:00,前金測站,高雄市,85.1,52.9,80.6,55.7,0.572,2.78,152.5,Sample Data,高雄市,前金測站
2026-07-15 14:00:00,前金測站,高雄市,86.2,52.2,102.7,55.0,0.711,3.37,183.0,Sample Data,高雄市,前金測站
2026-07-15 15:00:00,前金測站,高雄市,77.7,48.0,76.1,51.0,0.762,2.29,176.1,Sample Data,高雄市,前金測站
2026-07-15 16:00:00,前金測站,高雄市,81.0,53.8,92.6,55.4,0.735,2.45,107.1,Sample Data,高雄市,前金測站
2026-07-15 17:00:00,前金測站,高雄市,87.5,56.2,107.3,62.9,0.526,2.92,112.1,Sample Data,高雄市,前金測站
2026-07-15 18:00:00,前金測站,高雄市,89.7,57.1,94.1,64.0,0.756,3.01,247.7,Sample Data,高雄市,前金測站
2026-07-15 19:00:00,前金測站,高雄市,91.3,50.7,75.4,61.6,0.664,2.29,78.8,Sample Data,高雄市,前金測站
2026-07-15 20:00:00,前金測站,高雄市,88.9,52.8,80.2,63.8,0.815,1.65,183.4,Sample Data,高雄市,前金測站
2026-07-15 21:00:00,前金測站,高雄市,87.2,52.4,81.0,59.6,0.616,1.8,135.4,Sample Data,高雄市,前金測站
2026-07-15 22:00:00,前金測站,高雄市,82.9,54.3,88.1,54.8,0.652,2.42,158.9,Sample Data,高雄市,前金測站
2026-07-15 23:00:00,前金測站,高雄市,79.2,48.9,78.7,41.9,0.701,2.57,265.1,Sample Data,高雄市,前金測站
2026-07-16 00:00:00,前金測站,高雄市,94.3,56.4,109.2,51.1,0.634,3.24,213.1,Sample Data,高雄市,前金測站
2026-07-16 01:00:00,前金測站,高雄市,74.3,44.8,69.5,45.7,0.732,3.71,191.1,Sample Data,高雄市,前金測站
2026-07-16 02:00:00,前金測站,高雄市,83.3,53.7,71.0,37.4,0.673,2.71,186.9,Sample Data,高雄市,前金測站
2026-07-16 03:00:00,前金測站,高雄市,88.5,55.0,105.8,48.7,0.7,1.84,102.5,Sample Data,高雄市,前金測站
2026-07-16 04:00:00,前金測站,高雄市,91.4,51.8,98.9,41.1,0.711,2.34,153.2,Sample Data,高雄市,前金測站
2026-07-16 05:00:00,前金測站,高雄市,92.9,52.2,88.3,46.2,0.766,2.58,143.0,Sample Data,高雄市,前金測站
2026-07-16 06:00:00,前金測站,高雄市,88.9,55.4,99.6,41.0,0.788,1.58,216.1,Sample Data,高雄市,前金測站
2026-07-16 07:00:00,前金測站,高雄市,93.6,54.3,91.4,41.9,0.759,2.07,249.4,Sample Data,高雄市,前金測站
2026-07-16 08:00:00,前金測站,高雄市,93.7,52.9,81.5,38.9,0.742,1.38,254.0,Sample Data,高雄市,前金測站
2026-07-16 09:00:00,前金測站,高雄市,105.6,48.5,86.2,48.6,0.83,1.85,177.9,Sample Data,高雄市,前金測站
2026-07-16 10:00:00,前金測站,高雄市,87.6,48.5,83.4,47.1,0.689,1.58,154.5,Sample Data,高雄市,前金測站
2026-07-16 11:00:00,前金測站,高雄市,86.0,49.9,86.5,52.5,0.631,2.84,251.1,Sample Data,高雄市,前金測站
2026-07-16 12:00:00,前金測站,高雄市,88.9,56.9,104.1,50.4,0.706,2.34,218.6,Sample Data,高雄市,前金測站
2026-07-16 13:00:00,前金測站,高雄市,90.3,50.7,96.3,51.1,0.761,1.67,254.9,Sample Data,高雄市,前金測站
2026-07-16 14:00:00,前金測站,高雄市,90.4,51.4,94.7,54.9,0.706,2.06,137.9,Sample Data,高雄市,前金測站
2026-07-16 15:00:00,前金測站,高雄市,87.1,53.3,99.5,54.7,0.84,2.51,285.4,Sample Data,高雄市,前金測站
2026-07-16 16:00:00,前金測站,高雄市,90.2,53.7,87.2,60.9,0.639,2.27,254.2,Sample Data,高雄市,前金測站
2026-07-16 17:00:00,前金測站,高雄市,93.9,51.0,91.5,60.0,0.753,1.57,319.1,Sample Data,高雄市,前金測站
2026-07-16 18:00:00,前金測站,高雄市,106.2,57.2,82.1,66.5,0.81,1.64,212.4,Sample Data,高雄市,前金測站
2026-07-16 19:00:00,前金測站,高雄市,99.1,55.0,108.2,61.4,0.714,1.88,205.4,Sample Data,高雄市,前金測站
2026-07-16 20:00:00,前金測站,高雄市,91.3,56.0,105.4,64.0,0.674,2.79,200.6,Sample Data,高雄市,前金測站
2026-07-16 21:00:00,前金測站,高雄市,102.2,56.2,90.9,64.4,0.755,1.19,261.7,Sample Data,高雄市,前金測站
2026-07-16 22:00:00,前金測站,高雄市,95.6,50.4,101.7,58.5,0.713,3.23,297.6,Sample Data,高雄市,前金測站
2026-07-16 23:00:00,前金測站,高雄市,95.3,53.1,98.2,57.6,0.739,2.71,337.0,Sample Data,高雄市,前金測站
2026-07-17 00:00:00,前金測站,高雄市,87.8,48.1,89.3,55.9,0.788,2.26,202.0,Sample Data,高雄市,前金測站
2026-07-17 01:00:00,前金測站,高雄市,82.6,46.9,85.4,48.3,0.668,2.7,224.9,Sample Data,高雄市,前金測站
2026-07-17 02:00:00,前金測站,高雄市,85.7,50.1,88.4,50.2,0.766,4.05,293.2,Sample Data,高雄市,前金測站
2026-07-17 03:00:00,前金測站,高雄市,92.2,49.6,97.3,52.1,0.699,2.11,294.3,Sample Data,高雄市,前金測站
2026-07-17 04:00:00,前金測站,高雄市,99.7,59.6,103.6,46.8,0.791,1.33,252.7,Sample Data,高雄市,前金測站
2026-07-17 05:00:00,前金測站,高雄市,101.1,56.9,111.9,47.1,0.653,0.97,300.9,Sample Data,高雄市,前金測站
2026-07-17 06:00:00,前金測站,高雄市,91.1,52.5,76.2,44.1,0.76,2.77,229.6,Sample Data,高雄市,前金測站
2026-07-17 07:00:00,前金測站,高雄市,101.1,51.0,77.8,46.0,0.827,2.44,286.3,Sample Data,高雄市,前金測站
2026-07-17 08:00:00,前金測站,高雄市,100.1,53.4,94.0,50.3,0.832,1.11,279.8,Sample Data,高雄市,前金測站
2026-07-17 09:00:00,前金測站,高雄市,91.6,50.1,82.1,37.4,0.802,1.94,218.3,Sample Data,高雄市,前金測站
2026-07-17 10:00:00,前金測站,高雄市,96.2,53.8,82.6,48.9,0.785,0.99,243.9,Sample Data,高雄市,前金測站
2026-07-17 11:00:00,前金測站,高雄市,96.2,52.4,85.5,47.9,0.714,1.04,310.3,Sample Data,高雄市,前金測站
2026-07-17 12:00:00,前金測站,高雄市,95.5,53.4,103.0,49.3,0.755,2.23,281.8,Sample Data,高雄市,前金測站
2026-07-17 13:00:00,前金測站,高雄市,93.2,49.5,76.1,57.1,0.765,2.67,270.5,Sample Data,高雄市,前金測站
2026-07-17 14:00:00,前金測站,高雄市,82.0,49.9,80.2,50.7,0.622,1.5,264.1,Sample Data,高雄市,前金測站
2026-07-17 15:00:00,前金測站,高雄市,82.9,49.3,81.4,53.9,0.64,1.69,266.5,Sample Data,高雄市,前金測站
2026-07-17 16:00:00,前金測站,高雄市,98.5,54.6,92.9,59.7,0.771,1.67,281.6,Sample Data,高雄市,前金測站
2026-07-17 17:00:00,前金測站,高雄市,105.1,59.2,109.5,63.5,0.755,0.74,309.4,Sample Data,高雄市,前金測站
2026-07-17 18:00:00,前金測站,高雄市,88.8,52.7,81.5,60.3,0.778,2.25,352.5,Sample Data,高雄市,前金測站
2026-07-17 19:00:00,前金測站,高雄市,93.3,57.9,98.3,67.8,0.737,2.24,299.1,Sample Data,高雄市,前金測站
2026-07-17 20:00:00,前金測站,高雄市,90.1,54.4,92.4,60.9,0.753,3.02,351.9,Sample Data,高雄市,前金測站
2026-07-17 21:00:00,前金測站,高雄市,83.7,47.9,82.2,56.3,0.731,1.65,344.3,Sample Data,高雄市,前金測站
2026-07-17 22:00:00,前金測站,高雄市,84.3,50.7,98.4,54.7,0.604,0.94,313.3,Sample Data,高雄市,前金測站
2026-07-17 23:00:00,前金測站,高雄市,85.4,53.5,95.0,54.3,0.738,1.39,238.3,Sample Data,高雄市,前金測站
2026-07-18 00:00:00,前金測站,高雄市,75.8,45.8,90.0,50.2,0.648,2.56,231.3,Sample Data,高雄市,前金測站
2026-07-18 01:00:00,前金測站,高雄市,82.5,47.2,82.5,53.2,0.588,1.26,265.0,Sample Data,高雄市,前金測站
2026-07-18 02:00:00,前金測站,高雄市,78.7,49.4,80.7,51.2,0.674,1.49,293.3,Sample Data,高雄市,前金測站
2026-07-18 03:00:00,前金測站,高雄市,86.8,55.5,94.7,49.1,0.71,2.08,66.4,Sample Data,高雄市,前金測站
2026-07-18 04:00:00,前金測站,高雄市,77.4,50.3,84.3,50.2,0.679,2.02,340.3,Sample Data,高雄市,前金測站
2026-07-18 05:00:00,前金測站,高雄市,74.5,47.6,92.8,43.6,0.658,3.32,355.2,Sample Data,高雄市,前金測站
2026-07-18 06:00:00,前金測站,高雄市,72.1,54.2,82.5,39.7,0.636,2.27,345.6,Sample Data,高雄市,前金測站
2026-07-18 07:00:00,前金測站,高雄市,81.5,58.3,114.0,48.7,0.615,2.72,314.5,Sample Data,高雄市,前金測站
2026-07-18 08:00:00,前金測站,高雄市,91.6,54.3,91.2,50.6,0.704,3.38,60.1,Sample Data,高雄市,前金測站
2026-07-18 09:00:00,前金測站,高雄市,86.4,50.8,87.2,52.2,0.677,3.12,47.7,Sample Data,高雄市,前金測站
2026-07-18 10:00:00,前金測站,高雄市,89.3,52.7,95.1,40.7,0.801,2.02,291.0,Sample Data,高雄市,前金測站
2026-07-18 11:00:00,前金測站,高雄市,84.6,49.9,96.2,41.3,0.694,1.66,315.7,Sample Data,高雄市,前金測站
2026-07-18 12:00:00,前金測站,高雄市,70.1,48.0,84.9,45.0,0.598,1.66,78.7,Sample Data,高雄市,前金測站
2026-07-18 13:00:00,前金測站,高雄市,80.5,48.3,64.7,54.7,0.709,2.86,356.4,Sample Data,高雄市,前金測站
2026-07-18 14:00:00,前金測站,高雄市,81.5,53.6,102.9,48.8,0.689,2.51,343.6,Sample Data,高雄市,前金測站
2026-07-18 15:00:00,前金測站,高雄市,77.6,49.0,81.0,49.5,0.595,2.06,26.3,Sample Data,高雄市,前金測站
2026-07-18 16:00:00,前金測站,高雄市,76.2,52.0,84.1,59.9,0.595,1.56,40.3,Sample Data,高雄市,前金測站
2026-07-18 17:00:00,前金測站,高雄市,83.5,48.4,97.8,61.5,0.644,3.26,6.4,Sample Data,高雄市,前金測站
2026-07-18 18:00:00,前金測站,高雄市,89.6,50.8,79.8,69.1,0.685,2.15,50.6,Sample Data,高雄市,前金測站
2026-07-18 19:00:00,前金測站,高雄市,76.1,42.7,74.2,64.9,0.596,1.33,105.4,Sample Data,高雄市,前金測站
2026-07-18 20:00:00,前金測站,高雄市,77.5,48.5,91.6,61.8,0.563,1.29,85.6,Sample Data,高雄市,前金測站
2026-07-18 21:00:00,前金測站,高雄市,78.9,47.6,80.7,63.6,0.655,1.67,11.8,Sample Data,高雄市,前金測站
2026-07-18 22:00:00,前金測站,高雄市,81.7,54.6,92.7,61.1,0.75,1.09,17.2,Sample Data,高雄市,前金測站
2026-07-18 23:00:00,前金測站,高雄市,79.5,50.3,91.7,55.9,0.602,2.2,53.2,Sample Data,高雄市,前金測站
2026-07-19 00:00:00,前金測站,高雄市,70.4,45.5,63.0,53.3,0.566,2.39,15.4,Sample Data,高雄市,前金測站
2026-07-19 01:00:00,前金測站,高雄市,69.0,51.7,73.1,44.2,0.626,2.39,108.9,Sample Data,高雄市,前金測站
2026-07-19 02:00:00,前金測站,高雄市,71.5,47.5,86.2,42.5,0.694,2.26,71.4,Sample Data,高雄市,前金測站
2026-07-19 03:00:00,前金測站,高雄市,74.4,50.1,74.3,53.2,0.714,2.32,24.8,Sample Data,高雄市,前金測站
2026-07-19 04:00:00,前金測站,高雄市,61.7,44.3,72.4,38.1,0.605,1.68,63.0,Sample Data,高雄市,前金測站
2026-07-19 05:00:00,前金測站,高雄市,74.0,46.1,88.4,37.6,0.658,1.24,14.5,Sample Data,高雄市,前金測站
2026-07-19 06:00:00,前金測站,高雄市,84.5,52.3,98.8,44.9,0.669,2.73,321.1,Sample Data,高雄市,前金測站
2026-07-19 07:00:00,前金測站,高雄市,78.2,49.5,95.1,33.4,0.556,2.11,30.7,Sample Data,高雄市,前金測站
2026-07-19 08:00:00,前金測站,高雄市,78.6,46.6,73.0,41.5,0.72,1.89,84.4,Sample Data,高雄市,前金測站
2026-07-19 09:00:00,前金測站,高雄市,88.0,51.6,87.7,46.6,0.744,2.27,50.4,Sample Data,高雄市,前金測站
2026-07-19 10:00:00,前金測站,高雄市,69.7,47.6,90.1,41.5,0.691,1.78,339.4,Sample Data,高雄市,前金測站
2026-07-19 11:00:00,前金測站,高雄市,67.9,45.4,80.6,37.8,0.624,2.89,343.8,Sample Data,高雄市,前金測站
2026-07-19 12:00:00,前金測站,高雄市,62.9,43.7,80.6,40.4,0.616,2.45,66.1,Sample Data,高雄市,前金測站
2026-07-19 13:00:00,前金測站,高雄市,63.3,43.9,68.0,42.0,0.562,2.44,123.6,Sample Data,高雄市,前金測站
2026-07-19 14:00:00,前金測站,高雄市,75.3,47.0,74.4,49.4,0.632,2.62,137.1,Sample Data,高雄市,前金測站
2026-07-19 15:00:00,前金測站,高雄市,66.5,47.2,82.4,48.8,0.649,2.69,196.9,Sample Data,高雄市,前金測站
2026-07-19 16:00:00,前金測站,高雄市,73.9,49.2,82.3,60.3,0.637,1.45,44.9,Sample Data,高雄市,前金測站
2026-07-19 17:00:00,前金測站,高雄市,80.0,53.6,83.8,60.8,0.596,1.35,149.5,Sample Data,高雄市,前金測站
2026-07-19 18:00:00,前金測站,高雄市,79.2,49.1,82.6,53.4,0.739,2.31,127.4,Sample Data,高雄市,前金測站
2026-07-19 19:00:00,前金測站,高雄市,77.7,49.3,98.0,61.8,0.66,2.91,129.4,Sample Data,高雄市,前金測站
2026-07-19 20:00:00,前金測站,高雄市,71.5,47.7,89.8,58.4,0.627,2.96,353.4,Sample Data,高雄市,前金測站
2026-07-19 21:00:00,前金測站,高雄市,71.1,46.5,79.8,55.6,0.553,2.54,106.0,Sample Data,高雄市,前金測站
2026-07-19 22:00:00,前金測站,高雄市,64.8,45.7,95.7,48.2,0.628,1.58,32.1,Sample Data,高雄市,前金測站
2026-07-19 23:00:00,前金測站,高雄市,65.1,48.4,72.7,52.6,0.592,2.41,88.3,Sample Data,高雄市,前金測站
2026-07-20 00:00:00,前金測站,高雄市,72.5,53.5,105.2,48.3,0.591,1.94,167.1,Sample Data,高雄市,前金測站
2026-07-20 01:00:00,前金測站,高雄市,77.7,48.0,67.8,44.0,0.657,1.8,110.2,Sample Data,高雄市,前金測站
2026-07-20 02:00:00,前金測站,高雄市,64.5,43.8,57.5,37.9,0.589,2.83,65.0,Sample Data,高雄市,前金測站
2026-07-20 03:00:00,前金測站,高雄市,76.9,48.7,81.6,44.0,0.638,2.44,31.2,Sample Data,高雄市,前金測站
2026-07-20 04:00:00,前金測站,高雄市,83.7,54.2,84.7,43.2,0.722,1.51,118.2,Sample Data,高雄市,前金測站
2026-07-20 05:00:00,前金測站,高雄市,81.3,50.4,101.0,42.1,0.691,1.55,179.8,Sample Data,高雄市,前金測站
2026-07-20 06:00:00,前金測站,高雄市,82.2,60.2,98.6,45.8,0.615,3.73,74.9,Sample Data,高雄市,前金測站
2026-07-20 07:00:00,前金測站,高雄市,87.3,48.1,93.0,46.2,0.818,1.68,337.6,Sample Data,高雄市,前金測站
2026-07-20 08:00:00,前金測站,高雄市,94.1,51.9,98.7,41.8,0.678,2.38,116.9,Sample Data,高雄市,前金測站
2026-07-20 09:00:00,前金測站,高雄市,96.7,53.6,86.5,39.4,0.782,1.59,120.5,Sample Data,高雄市,前金測站
2026-07-20 10:00:00,前金測站,高雄市,80.6,47.1,88.6,39.5,0.703,2.95,132.0,Sample Data,高雄市,前金測站
2026-07-20 11:00:00,前金測站,高雄市,87.5,49.0,96.3,39.5,0.799,2.2,108.5,Sample Data,高雄市,前金測站
2026-07-20 12:00:00,前金測站,高雄市,81.0,47.8,73.0,46.4,0.626,3.0,101.9,Sample Data,高雄市,前金測站
2026-07-20 13:00:00,前金測站,高雄市,76.3,45.7,94.6,50.1,0.678,2.9,128.7,Sample Data,高雄市,前金測站
2026-07-20 14:00:00,前金測站,高雄市,89.4,50.6,97.1,55.3,0.713,2.72,155.8,Sample Data,高雄市,前金測站
2026-07-20 15:00:00,前金測站,高雄市,85.9,55.7,83.2,50.3,0.875,0.94,123.3,Sample Data,高雄市,前金測站
2026-07-20 16:00:00,前金測站,高雄市,84.5,57.6,98.6,55.2,0.63,2.47,116.5,Sample Data,高雄市,前金測站
2026-07-20 17:00:00,前金測站,高雄市,91.2,54.8,96.7,60.0,0.709,1.98,300.3,Sample Data,高雄市,前金測站
2026-07-20 18:00:00,前金測站,高雄市,90.6,45.2,71.8,60.4,0.676,1.07,280.8,Sample Data,高雄市,前金測站
2026-07-20 19:00:00,前金測站,高雄市,92.3,52.6,75.6,64.5,0.657,2.49,102.6,Sample Data,高雄市,前金測站
2026-07-20 20:00:00,前金測站,高雄市,90.9,58.7,84.7,61.6,0.737,2.62,249.0,Sample Data,高雄市,前金測站
2026-07-20 21:00:00,前金測站,高雄市,93.7,53.1,101.2,59.1,0.75,1.01,120.0,Sample Data,高雄市,前金測站
2026-07-20 22:00:00,前金測站,高雄市,87.2,50.0,95.0,59.3,0.657,0.71,226.6,Sample Data,高雄市,前金測站
2026-07-20 23:00:00,前金測站,高雄市,80.2,49.5,88.6,55.9,0.689,1.75,174.3,Sample Data,高雄市,前金測站
2026-07-21 00:00:00,前金測站,高雄市,85.4,56.1,105.3,54.8,0.679,0.66,78.5,Sample Data,高雄市,前金測站
2026-07-21 01:00:00,前金測站,高雄市,83.3,51.1,78.3,47.1,0.607,1.51,149.5,Sample Data,高雄市,前金測站
2026-07-21 02:00:00,前金測站,高雄市,83.7,48.7,86.7,49.1,0.622,0.68,220.4,Sample Data,高雄市,前金測站
2026-07-21 03:00:00,前金測站,高雄市,92.2,52.9,82.6,39.3,0.764,2.84,290.0,Sample Data,高雄市,前金測站
2026-07-21 04:00:00,前金測站,高雄市,83.3,47.6,74.0,48.0,0.644,2.28,134.1,Sample Data,高雄市,前金測站
2026-07-21 05:00:00,前金測站,高雄市,87.7,51.0,100.4,35.5,0.698,2.29,168.9,Sample Data,高雄市,前金測站
2026-07-21 06:00:00,前金測站,高雄市,86.0,53.6,93.3,38.6,0.663,2.72,224.9,Sample Data,高雄市,前金測站
2026-07-21 07:00:00,前金測站,高雄市,95.9,53.9,86.4,38.9,0.765,2.99,234.2,Sample Data,高雄市,前金測站
2026-07-21 08:00:00,前金測站,高雄市,99.1,51.1,85.4,49.1,0.803,2.99,142.7,Sample Data,高雄市,前金測站
2026-07-21 09:00:00,前金測站,高雄市,89.8,53.0,100.3,49.5,0.657,1.99,117.3,Sample Data,高雄市,前金測站
2026-07-21 10:00:00,前金測站,高雄市,93.0,56.9,115.7,46.6,0.778,2.26,185.9,Sample Data,高雄市,前金測站
2026-07-21 11:00:00,前金測站,高雄市,91.4,55.6,106.2,47.8,0.654,1.12,189.9,Sample Data,高雄市,前金測站
2026-07-21 12:00:00,前金測站,高雄市,92.9,56.2,110.0,59.3,0.696,2.13,183.6,Sample Data,高雄市,前金測站
2026-07-21 13:00:00,前金測站,高雄市,81.5,54.1,96.7,49.4,0.731,1.41,283.0,Sample Data,高雄市,前金測站
2026-07-21 14:00:00,前金測站,高雄市,93.6,48.1,74.6,62.3,0.761,1.68,168.7,Sample Data,高雄市,前金測站
2026-07-21 15:00:00,前金測站,高雄市,94.1,52.3,95.1,61.6,0.818,2.66,225.5,Sample Data,高雄市,前金測站
2026-07-21 16:00:00,前金測站,高雄市,89.7,54.5,108.2,59.6,0.683,2.25,291.5,Sample Data,高雄市,前金測站
2026-07-21 17:00:00,前金測站,高雄市,98.1,54.2,91.0,58.8,0.698,2.01,219.9,Sample Data,高雄市,前金測站
2026-07-21 18:00:00,前金測站,高雄市,103.3,59.0,89.2,61.0,0.811,2.12,213.6,Sample Data,高雄市,前金測站
2026-07-21 19:00:00,前金測站,高雄市,98.4,51.2,81.5,64.2,0.811,1.2,260.2,Sample Data,高雄市,前金測站
2026-07-21 20:00:00,前金測站,高雄市,100.2,52.0,96.5,63.7,0.689,1.55,213.9,Sample Data,高雄市,前金測站
2026-07-21 21:00:00,前金測站,高雄市,91.5,52.6,82.6,53.8,0.72,1.55,233.8,Sample Data,高雄市,前金測站
2026-07-21 22:00:00,前金測站,高雄市,88.3,51.3,99.8,52.4,0.667,1.98,275.5,Sample Data,高雄市,前金測站
2026-07-21 23:00:00,前金測站,高雄市,86.7,50.9,84.8,55.8,0.716,1.21,265.9,Sample Data,高雄市,前金測站
2026-07-22 00:00:00,前金測站,高雄市,83.6,47.9,95.9,46.4,0.655,2.07,316.2,Sample Data,高雄市,前金測站
2026-07-22 01:00:00,前金測站,高雄市,98.9,53.5,79.2,54.3,0.765,0.77,252.4,Sample Data,高雄市,前金測站
2026-07-22 02:00:00,前金測站,高雄市,91.5,50.4,70.3,50.9,0.783,1.83,204.2,Sample Data,高雄市,前金測站
2026-07-22 03:00:00,前金測站,高雄市,82.4,51.9,102.0,44.2,0.576,2.19,223.1,Sample Data,高雄市,前金測站
2026-07-22 04:00:00,前金測站,高雄市,87.1,56.7,82.5,46.3,0.675,1.68,279.0,Sample Data,高雄市,前金測站
2026-07-22 05:00:00,前金測站,高雄市,93.5,50.5,91.9,46.2,0.749,1.55,286.1,Sample Data,高雄市,前金測站
2026-07-22 06:00:00,前金測站,高雄市,100.4,55.2,90.7,43.9,0.711,1.65,294.8,Sample Data,高雄市,前金測站
2026-07-22 07:00:00,前金測站,高雄市,95.1,53.6,111.4,47.7,0.768,2.58,243.0,Sample Data,高雄市,前金測站
2026-07-22 08:00:00,前金測站,高雄市,108.2,57.4,94.4,46.7,0.707,1.58,244.3,Sample Data,高雄市,前金測站
2026-07-22 09:00:00,前金測站,高雄市,97.5,50.2,91.6,53.3,0.827,2.01,335.3,Sample Data,高雄市,前金測站
2026-07-22 10:00:00,前金測站,高雄市,96.9,53.0,79.7,64.2,0.8,2.08,308.6,Sample Data,高雄市,前金測站
2026-07-22 11:00:00,前金測站,高雄市,94.4,53.4,87.1,45.1,0.754,2.37,277.0,Sample Data,高雄市,前金測站
2026-07-22 12:00:00,前金測站,高雄市,91.7,55.9,98.8,47.8,0.704,3.05,277.1,Sample Data,高雄市,前金測站
2026-07-22 13:00:00,前金測站,高雄市,91.6,52.0,94.5,53.3,0.69,2.87,285.1,Sample Data,高雄市,前金測站
2026-07-22 14:00:00,前金測站,高雄市,90.3,52.1,107.6,50.8,0.724,0.9,1.3,Sample Data,高雄市,前金測站
2026-07-22 15:00:00,前金測站,高雄市,91.8,48.6,79.7,50.8,0.731,1.68,286.3,Sample Data,高雄市,前金測站
2026-07-22 16:00:00,前金測站,高雄市,91.6,50.1,80.4,58.1,0.737,1.81,333.6,Sample Data,高雄市,前金測站
2026-07-22 17:00:00,前金測站,高雄市,99.4,53.2,109.8,59.4,0.778,1.9,277.5,Sample Data,高雄市,前金測站
2026-07-22 18:00:00,前金測站,高雄市,100.3,59.2,101.7,70.3,0.674,1.08,280.5,Sample Data,高雄市,前金測站
2026-07-22 19:00:00,前金測站,高雄市,104.0,58.8,90.8,59.7,0.773,2.44,2.7,Sample Data,高雄市,前金測站
2026-07-22 20:00:00,前金測站,高雄市,95.6,52.7,101.1,72.0,0.676,3.04,325.4,Sample Data,高雄市,前金測站
2026-07-22 21:00:00,前金測站,高雄市,95.4,54.4,90.6,59.0,0.757,2.72,315.0,Sample Data,高雄市,前金測站
2026-07-22 22:00:00,前金測站,高雄市,78.7,49.5,75.2,54.1,0.721,0.49,323.2,Sample Data,高雄市,前金測站
2026-07-22 23:00:00,前金測站,高雄市,88.3,58.5,114.8,57.1,0.705,3.26,259.9,Sample Data,高雄市,前金測站
2026-07-23 00:00:00,前金測站,高雄市,83.5,53.3,99.1,52.9,0.723,2.43,284.8,Sample Data,高雄市,前金測站
2026-07-23 01:00:00,前金測站,高雄市,87.8,51.9,91.2,47.1,0.732,2.41,44.8,Sample Data,高雄市,前金測站
2026-07-23 02:00:00,前金測站,高雄市,79.8,49.9,78.0,41.5,0.607,2.33,302.5,Sample Data,高雄市,前金測站
2026-07-23 03:00:00,前金測站,高雄市,82.2,55.0,101.9,40.0,0.691,0.64,258.7,Sample Data,高雄市,前金測站
2026-07-23 04:00:00,前金測站,高雄市,88.8,48.2,84.2,46.1,0.759,1.59,334.9,Sample Data,高雄市,前金測站
2026-07-23 05:00:00,前金測站,高雄市,84.3,49.0,86.8,37.6,0.665,2.36,29.0,Sample Data,高雄市,前金測站
2026-07-23 06:00:00,前金測站,高雄市,93.7,53.3,86.3,41.3,0.684,2.9,1.8,Sample Data,高雄市,前金測站
2026-07-23 07:00:00,前金測站,高雄市,97.1,56.1,76.4,46.3,0.741,1.3,285.1,Sample Data,高雄市,前金測站
2026-07-23 08:00:00,前金測站,高雄市,96.4,50.1,89.1,44.9,0.759,2.35,308.9,Sample Data,高雄市,前金測站
2026-07-23 09:00:00,前金測站,高雄市,98.9,54.1,100.7,40.5,0.792,2.18,57.1,Sample Data,高雄市,前金測站
2026-07-23 10:00:00,前金測站,高雄市,166.5,70.4,112.2,67.2,1.107,1.56,36.7,Sample Data,高雄市,前金測站
2026-07-23 11:00:00,前金測站,高雄市,70.4,47.7,84.9,42.0,0.664,2.4,329.1,Sample Data,高雄市,前金測站
2026-07-23 12:00:00,前金測站,高雄市,77.1,54.1,98.8,55.5,0.616,1.98,12.8,Sample Data,高雄市,前金測站
2026-07-23 13:00:00,前金測站,高雄市,75.8,44.0,78.6,49.5,0.592,2.49,244.4,Sample Data,高雄市,前金測站
2026-07-23 14:00:00,前金測站,高雄市,84.1,52.3,95.6,50.7,0.671,2.94,333.0,Sample Data,高雄市,前金測站
2026-07-23 15:00:00,前金測站,高雄市,91.0,56.2,103.6,53.3,0.638,2.54,35.0,Sample Data,高雄市,前金測站
2026-07-23 16:00:00,前金測站,高雄市,89.8,49.3,67.0,59.1,0.675,2.74,352.0,Sample Data,高雄市,前金測站
2026-07-23 17:00:00,前金測站,高雄市,91.9,53.8,78.9,62.0,0.673,2.26,62.5,Sample Data,高雄市,前金測站
2026-07-23 18:00:00,前金測站,高雄市,93.5,52.4,75.4,61.6,0.666,2.92,124.5,Sample Data,高雄市,前金測站
2026-07-23 19:00:00,前金測站,高雄市,86.6,54.1,77.4,52.0,0.768,2.04,352.4,Sample Data,高雄市,前金測站
2026-07-23 20:00:00,前金測站,高雄市,87.5,50.9,89.1,61.9,0.762,2.93,84.3,Sample Data,高雄市,前金測站
2026-07-23 21:00:00,前金測站,高雄市,82.2,50.3,93.2,58.5,0.708,3.36,66.1,Sample Data,高雄市,前金測站
2026-07-23 22:00:00,前金測站,高雄市,87.4,51.9,92.8,62.8,0.736,2.31,305.3,Sample Data,高雄市,前金測站
2026-07-23 23:00:00,前金測站,高雄市,86.2,52.8,80.5,58.0,0.755,1.72,58.7,Sample Data,高雄市,前金測站
2026-07-24 00:00:00,前金測站,高雄市,75.9,51.0,82.4,51.7,0.613,1.92,55.5,Sample Data,高雄市,前金測站
2026-07-24 01:00:00,前金測站,高雄市,80.9,44.7,80.4,48.6,0.609,2.09,10.2,Sample Data,高雄市,前金測站
2026-07-24 02:00:00,前金測站,高雄市,85.7,46.3,83.9,50.1,0.747,2.41,341.8,Sample Data,高雄市,前金測站
2026-07-24 03:00:00,前金測站,高雄市,77.2,47.1,74.4,39.1,0.677,3.06,35.2,Sample Data,高雄市,前金測站
2026-07-24 04:00:00,前金測站,高雄市,80.4,45.8,71.0,43.6,0.648,2.51,37.1,Sample Data,高雄市,前金測站
2026-07-24 05:00:00,前金測站,高雄市,86.5,54.4,79.4,36.2,0.763,1.39,328.7,Sample Data,高雄市,前金測站
2026-07-24 06:00:00,前金測站,高雄市,85.5,47.0,77.0,46.4,0.729,2.83,65.3,Sample Data,高雄市,前金測站
2026-07-24 07:00:00,前金測站,高雄市,84.2,48.1,80.0,41.1,0.689,3.14,71.0,Sample Data,高雄市,前金測站
2026-07-24 08:00:00,前金測站,高雄市,86.4,53.9,99.3,45.0,0.667,2.18,148.0,Sample Data,高雄市,前金測站
2026-07-24 09:00:00,前金測站,高雄市,85.1,55.4,92.3,40.1,0.665,3.12,148.4,Sample Data,高雄市,前金測站
2026-07-24 10:00:00,前金測站,高雄市,88.3,48.9,88.0,42.3,0.735,1.48,355.0,Sample Data,高雄市,前金測站
2026-07-24 11:00:00,前金測站,高雄市,72.5,53.5,81.0,39.5,0.694,1.27,2.8,Sample Data,高雄市,前金測站
2026-07-24 12:00:00,前金測站,高雄市,77.1,49.4,82.1,53.1,0.614,1.47,11.3,Sample Data,高雄市,前金測站
2026-07-24 13:00:00,前金測站,高雄市,74.5,45.4,75.9,48.1,0.583,1.38,135.9,Sample Data,高雄市,前金測站
2026-07-24 14:00:00,前金測站,高雄市,87.2,55.7,100.4,62.0,0.683,1.07,137.5,Sample Data,高雄市,前金測站
2026-07-24 15:00:00,前金測站,高雄市,81.4,52.3,103.1,58.7,0.636,2.98,8.6,Sample Data,高雄市,前金測站
2026-07-24 16:00:00,前金測站,高雄市,83.2,55.9,96.2,59.5,0.681,1.92,35.8,Sample Data,高雄市,前金測站
2026-07-24 17:00:00,前金測站,高雄市,87.3,51.6,103.7,56.0,0.625,1.62,37.9,Sample Data,高雄市,前金測站
2026-07-24 18:00:00,前金測站,高雄市,86.0,47.9,92.5,60.6,0.618,1.41,102.2,Sample Data,高雄市,前金測站
2026-07-24 19:00:00,前金測站,高雄市,76.5,45.7,75.6,66.8,0.581,2.75,62.0,Sample Data,高雄市,前金測站
2026-07-24 20:00:00,前金測站,高雄市,77.2,54.2,83.1,59.4,0.651,2.07,114.7,Sample Data,高雄市,前金測站
2026-07-24 21:00:00,前金測站,高雄市,84.5,56.3,106.6,58.6,0.733,3.75,157.2,Sample Data,高雄市,前金測站
2026-07-24 22:00:00,前金測站,高雄市,83.2,53.7,115.8,50.4,0.706,0.28,154.3,Sample Data,高雄市,前金測站
2026-07-24 23:00:00,前金測站,高雄市,80.9,53.7,80.1,55.6,0.662,1.69,55.7,Sample Data,高雄市,前金測站
2026-07-25 00:00:00,前金測站,高雄市,70.4,45.5,73.6,43.0,0.624,2.55,197.0,Sample Data,高雄市,前金測站
2026-07-25 01:00:00,前金測站,高雄市,75.4,46.4,76.2,54.5,0.57,2.21,152.5,Sample Data,高雄市,前金測站
2026-07-25 02:00:00,前金測站,高雄市,78.2,55.4,93.1,49.5,0.664,1.66,107.6,Sample Data,高雄市,前金測站
2026-07-25 03:00:00,前金測站,高雄市,80.2,52.2,92.6,44.0,0.683,2.65,110.6,Sample Data,高雄市,前金測站
2026-07-25 04:00:00,前金測站,高雄市,76.1,51.6,99.1,46.9,0.657,0.9,104.8,Sample Data,高雄市,前金測站
2026-07-25 05:00:00,前金測站,高雄市,76.3,46.7,72.3,41.8,0.644,2.32,122.8,Sample Data,高雄市,前金測站
2026-07-25 06:00:00,前金測站,高雄市,71.4,46.8,89.8,41.9,0.694,1.26,106.4,Sample Data,高雄市,前金測站
2026-07-25 07:00:00,前金測站,高雄市,92.3,50.9,74.9,52.1,0.686,2.36,150.6,Sample Data,高雄市,前金測站
2026-07-25 08:00:00,前金測站,高雄市,74.2,48.8,89.3,46.8,0.616,1.97,270.5,Sample Data,高雄市,前金測站
2026-07-25 09:00:00,前金測站,高雄市,130.4,66.4,115.9,63.7,0.831,1.32,67.0,Sample Data,高雄市,前金測站
2026-07-25 10:00:00,前金測站,高雄市,80.3,48.6,83.1,43.8,0.6,1.3,149.4,Sample Data,高雄市,前金測站
2026-07-25 11:00:00,前金測站,高雄市,67.1,47.8,94.9,39.8,0.613,1.43,148.5,Sample Data,高雄市,前金測站
2026-07-25 12:00:00,前金測站,高雄市,72.3,45.2,63.2,41.0,0.571,1.88,215.5,Sample Data,高雄市,前金測站
2026-07-25 13:00:00,前金測站,高雄市,77.7,50.0,72.5,54.9,0.559,2.7,119.0,Sample Data,高雄市,前金測站
2026-07-25 14:00:00,前金測站,高雄市,77.6,51.1,83.1,46.2,0.7,2.12,124.7,Sample Data,高雄市,前金測站
2026-07-25 15:00:00,前金測站,高雄市,87.5,54.1,105.6,56.2,0.675,1.61,169.8,Sample Data,高雄市,前金測站
2026-07-25 16:00:00,前金測站,高雄市,77.2,50.0,81.5,63.6,0.648,3.11,209.7,Sample Data,高雄市,前金測站
2026-07-25 17:00:00,前金測站,高雄市,90.8,58.7,114.0,60.0,0.718,1.71,129.1,Sample Data,高雄市,前金測站
2026-07-25 18:00:00,前金測站,高雄市,79.0,50.2,90.8,57.1,0.621,1.45,149.0,Sample Data,高雄市,前金測站
2026-07-25 19:00:00,前金測站,高雄市,85.5,55.3,82.9,65.1,0.628,2.95,140.9,Sample Data,高雄市,前金測站
2026-07-25 20:00:00,前金測站,高雄市,85.1,50.8,88.5,59.5,0.735,2.26,124.8,Sample Data,高雄市,前金測站
2026-07-25 21:00:00,前金測站,高雄市,78.4,49.2,79.4,60.0,0.694,3.16,223.5,Sample Data,高雄市,前金測站
2026-07-25 22:00:00,前金測站,高雄市,74.4,47.7,78.6,54.9,0.59,1.84,206.1,Sample Data,高雄市,前金測站
2026-07-25 23:00:00,前金測站,高雄市,66.9,40.0,57.4,53.1,0.677,1.6,85.2,Sample Data,高雄市,前金測站
2026-06-26 00:00:00,安南測站,臺南市,79.4,45.8,89.2,54.1,0.658,2.09,107.3,Sample Data,臺南市,安南測站
2026-06-26 01:00:00,安南測站,臺南市,87.2,49.5,90.8,47.8,0.738,1.92,217.2,Sample Data,臺南市,安南測站
2026-06-26 02:00:00,安南測站,臺南市,70.8,48.6,75.8,47.2,0.654,1.32,278.3,Sample Data,臺南市,安南測站
2026-06-26 03:00:00,安南測站,臺南市,80.4,44.2,69.5,46.5,0.687,2.15,133.8,Sample Data,臺南市,安南測站
2026-06-26 04:00:00,安南測站,臺南市,81.6,46.0,76.3,47.5,0.715,4.02,213.2,Sample Data,臺南市,安南測站
2026-06-26 05:00:00,安南測站,臺南市,81.9,44.6,57.7,45.8,0.606,2.74,192.6,Sample Data,臺南市,安南測站
2026-06-26 06:00:00,安南測站,臺南市,85.7,47.4,82.4,42.6,0.643,2.7,144.4,Sample Data,臺南市,安南測站
2026-06-26 07:00:00,安南測站,臺南市,81.5,48.0,84.5,43.0,0.647,2.62,261.2,Sample Data,臺南市,安南測站
2026-06-26 08:00:00,安南測站,臺南市,90.0,45.5,91.0,39.3,0.727,2.54,176.4,Sample Data,臺南市,安南測站
2026-06-26 09:00:00,安南測站,臺南市,89.0,51.4,78.9,43.5,0.768,3.14,201.6,Sample Data,臺南市,安南測站
2026-06-26 10:00:00,安南測站,臺南市,82.6,50.0,93.9,44.1,0.738,3.07,158.2,Sample Data,臺南市,安南測站
2026-06-26 11:00:00,安南測站,臺南市,83.9,45.4,81.1,45.1,0.689,2.75,296.3,Sample Data,臺南市,安南測站
2026-06-26 12:00:00,安南測站,臺南市,82.9,47.3,93.5,50.4,0.682,2.15,235.8,Sample Data,臺南市,安南測站
2026-06-26 13:00:00,安南測站,臺南市,85.3,50.2,97.3,58.4,0.739,2.02,127.3,Sample Data,臺南市,安南測站
2026-06-26 14:00:00,安南測站,臺南市,83.0,51.6,80.1,53.7,0.722,1.82,174.2,Sample Data,臺南市,安南測站
2026-06-26 15:00:00,安南測站,臺南市,87.6,45.8,85.7,60.1,0.791,2.64,262.4,Sample Data,臺南市,安南測站
2026-06-26 16:00:00,安南測站,臺南市,89.6,47.9,84.7,54.5,0.69,2.91,160.2,Sample Data,臺南市,安南測站
2026-06-26 17:00:00,安南測站,臺南市,84.4,49.0,87.2,62.9,0.705,1.63,301.6,Sample Data,臺南市,安南測站
2026-06-26 18:00:00,安南測站,臺南市,95.4,50.0,84.3,61.3,0.653,2.45,272.0,Sample Data,臺南市,安南測站
2026-06-26 19:00:00,安南測站,臺南市,79.3,47.6,83.7,58.5,0.649,3.3,298.7,Sample Data,臺南市,安南測站
2026-06-26 20:00:00,安南測站,臺南市,84.1,48.2,77.1,59.7,0.706,1.65,337.0,Sample Data,臺南市,安南測站
2026-06-26 21:00:00,安南測站,臺南市,83.5,42.9,68.7,55.5,0.693,2.48,176.5,Sample Data,臺南市,安南測站
2026-06-26 22:00:00,安南測站,臺南市,81.2,47.5,68.6,57.3,0.653,2.63,274.6,Sample Data,臺南市,安南測站
2026-06-26 23:00:00,安南測站,臺南市,81.2,47.9,85.1,56.7,0.785,1.88,241.2,Sample Data,臺南市,安南測站
2026-06-27 00:00:00,安南測站,臺南市,72.3,41.3,67.2,53.4,0.639,2.03,224.9,Sample Data,臺南市,安南測站
2026-06-27 01:00:00,安南測站,臺南市,71.1,42.4,69.5,55.1,0.522,2.45,270.0,Sample Data,臺南市,安南測站
2026-06-27 02:00:00,安南測站,臺南市,76.8,43.7,66.9,51.0,0.609,1.21,281.9,Sample Data,臺南市,安南測站
2026-06-27 03:00:00,安南測站,臺南市,71.2,47.2,89.1,40.8,0.602,2.43,282.8,Sample Data,臺南市,安南測站
2026-06-27 04:00:00,安南測站,臺南市,80.0,48.5,85.8,49.2,0.645,2.04,245.7,Sample Data,臺南市,安南測站
2026-06-27 05:00:00,安南測站,臺南市,80.5,43.4,58.7,40.7,0.717,2.02,261.7,Sample Data,臺南市,安南測站
2026-06-27 06:00:00,安南測站,臺南市,83.6,44.1,76.6,43.4,0.727,2.97,306.4,Sample Data,臺南市,安南測站
2026-06-27 07:00:00,安南測站,臺南市,82.5,45.8,91.9,42.4,0.63,2.04,312.4,Sample Data,臺南市,安南測站
2026-06-27 08:00:00,安南測站,臺南市,87.9,46.5,88.9,46.0,0.725,2.34,210.9,Sample Data,臺南市,安南測站
2026-06-27 09:00:00,安南測站,臺南市,87.4,51.2,92.7,46.2,0.737,2.07,327.8,Sample Data,臺南市,安南測站
2026-06-27 10:00:00,安南測站,臺南市,74.7,45.0,86.2,46.7,0.628,1.82,191.9,Sample Data,臺南市,安南測站
2026-06-27 11:00:00,安南測站,臺南市,77.2,47.1,83.2,49.5,0.599,2.09,253.7,Sample Data,臺南市,安南測站
2026-06-27 12:00:00,安南測站,臺南市,78.8,46.2,85.5,49.0,0.626,2.47,35.0,Sample Data,臺南市,安南測站
2026-06-27 13:00:00,安南測站,臺南市,79.6,48.9,85.0,48.8,0.625,2.12,297.0,Sample Data,臺南市,安南測站
2026-06-27 14:00:00,安南測站,臺南市,73.9,45.3,90.7,51.7,0.651,2.9,324.5,Sample Data,臺南市,安南測站
2026-06-27 15:00:00,安南測站,臺南市,78.9,39.7,60.7,53.9,0.674,3.08,38.3,Sample Data,臺南市,安南測站
2026-06-27 16:00:00,安南測站,臺南市,76.9,41.5,61.8,50.8,0.645,2.59,232.3,Sample Data,臺南市,安南測站
2026-06-27 17:00:00,安南測站,臺南市,78.9,44.0,73.2,56.2,0.658,3.72,250.4,Sample Data,臺南市,安南測站
2026-06-27 18:00:00,安南測站,臺南市,81.4,48.6,94.5,66.3,0.684,0.73,311.3,Sample Data,臺南市,安南測站
2026-06-27 19:00:00,安南測站,臺南市,80.6,50.5,79.4,64.6,0.711,1.9,304.7,Sample Data,臺南市,安南測站
2026-06-27 20:00:00,安南測站,臺南市,87.7,42.1,75.4,60.3,0.73,2.1,268.9,Sample Data,臺南市,安南測站
2026-06-27 21:00:00,安南測站,臺南市,73.7,46.8,66.9,56.7,0.605,1.38,318.9,Sample Data,臺南市,安南測站
2026-06-27 22:00:00,安南測站,臺南市,79.4,46.1,90.9,60.4,0.769,3.15,262.7,Sample Data,臺南市,安南測站
2026-06-27 23:00:00,安南測站,臺南市,78.5,46.6,80.0,61.8,0.714,1.44,321.8,Sample Data,臺南市,安南測站
2026-06-28 00:00:00,安南測站,臺南市,75.8,40.0,71.4,52.0,0.549,2.46,23.8,Sample Data,臺南市,安南測站
2026-06-28 01:00:00,安南測站,臺南市,72.0,44.5,82.7,41.3,0.578,1.96,279.7,Sample Data,臺南市,安南測站
2026-06-28 02:00:00,安南測站,臺南市,80.2,48.2,91.2,52.2,0.578,2.73,46.1,Sample Data,臺南市,安南測站
2026-06-28 03:00:00,安南測站,臺南市,78.9,46.5,80.9,55.2,0.668,2.95,313.1,Sample Data,臺南市,安南測站
2026-06-28 04:00:00,安南測站,臺南市,75.7,46.8,78.7,41.7,0.696,0.91,316.0,Sample Data,臺南市,安南測站
2026-06-28 05:00:00,安南測站,臺南市,81.4,42.8,73.9,38.9,0.66,3.43,303.8,Sample Data,臺南市,安南測站
2026-06-28 06:00:00,安南測站,臺南市,69.4,39.4,63.9,43.4,0.66,2.25,358.4,Sample Data,臺南市,安南測站
2026-06-28 07:00:00,安南測站,臺南市,77.6,46.0,87.7,36.3,0.672,1.44,315.7,Sample Data,臺南市,安南測站
2026-06-28 08:00:00,安南測站,臺南市,81.2,55.4,100.0,39.8,0.592,2.0,89.8,Sample Data,臺南市,安南測站
2026-06-28 09:00:00,安南測站,臺南市,82.7,49.6,83.1,43.7,0.638,2.38,24.8,Sample Data,臺南市,安南測站
2026-06-28 10:00:00,安南測站,臺南市,79.5,45.6,86.1,42.1,0.731,1.36,260.3,Sample Data,臺南市,安南測站
2026-06-28 11:00:00,安南測站,臺南市,68.7,44.7,86.4,49.9,0.609,2.2,310.3,Sample Data,臺南市,安南測站
2026-06-28 12:00:00,安南測站,臺南市,80.7,45.9,85.3,49.4,0.704,3.3,33.8,Sample Data,臺南市,安南測站
2026-06-28 13:00:00,安南測站,臺南市,75.3,45.2,74.3,48.7,0.644,1.92,30.7,Sample Data,臺南市,安南測站
2026-06-28 14:00:00,安南測站,臺南市,73.5,47.1,82.5,54.9,0.619,2.54,83.7,Sample Data,臺南市,安南測站
2026-06-28 15:00:00,安南測站,臺南市,67.9,49.3,77.0,51.5,0.601,1.38,58.9,Sample Data,臺南市,安南測站
2026-06-28 16:00:00,安南測站,臺南市,68.6,39.1,69.1,50.8,0.657,2.84,7.0,Sample Data,臺南市,安南測站
2026-06-28 17:00:00,安南測站,臺南市,83.9,46.7,68.3,53.9,0.738,2.47,7.2,Sample Data,臺南市,安南測站
2026-06-28 18:00:00,安南測站,臺南市,87.5,53.7,84.5,60.1,0.655,2.1,326.5,Sample Data,臺南市,安南測站
2026-06-28 19:00:00,安南測站,臺南市,70.7,37.2,55.3,55.4,0.651,1.75,321.3,Sample Data,臺南市,安南測站
2026-06-28 20:00:00,安南測站,臺南市,73.5,42.2,74.8,56.6,0.613,2.21,113.9,Sample Data,臺南市,安南測站
2026-06-28 21:00:00,安南測站,臺南市,71.8,45.7,90.3,54.6,0.623,2.7,359.5,Sample Data,臺南市,安南測站
2026-06-28 22:00:00,安南測站,臺南市,66.6,41.5,70.2,51.5,0.672,4.19,358.8,Sample Data,臺南市,安南測站
2026-06-28 23:00:00,安南測站,臺南市,68.7,46.6,64.0,58.6,0.641,2.51,112.8,Sample Data,臺南市,安南測站
2026-06-29 00:00:00,安南測站,臺南市,77.2,45.4,84.3,56.4,0.682,2.04,133.2,Sample Data,臺南市,安南測站
2026-06-29 01:00:00,安南測站,臺南市,72.3,47.3,80.4,51.1,0.627,2.11,38.2,Sample Data,臺南市,安南測站
2026-06-29 02:00:00,安南測站,臺南市,69.3,39.5,64.4,42.8,0.605,2.31,42.4,Sample Data,臺南市,安南測站
2026-06-29 03:00:00,安南測站,臺南市,81.5,48.6,75.1,49.0,0.649,1.72,163.0,Sample Data,臺南市,安南測站
2026-06-29 04:00:00,安南測站,臺南市,69.5,37.0,46.7,37.2,0.568,2.3,295.3,Sample Data,臺南市,安南測站
2026-06-29 05:00:00,安南測站,臺南市,81.0,40.8,75.4,45.8,0.683,2.95,31.1,Sample Data,臺南市,安南測站
2026-06-29 06:00:00,安南測站,臺南市,76.0,46.5,89.2,41.6,0.654,2.16,76.5,Sample Data,臺南市,安南測站
2026-06-29 07:00:00,安南測站,臺南市,92.2,48.4,72.4,45.6,0.613,1.88,105.4,Sample Data,臺南市,安南測站
2026-06-29 08:00:00,安南測站,臺南市,81.0,47.0,92.0,32.6,0.595,1.94,15.8,Sample Data,臺南市,安南測站
2026-06-29 09:00:00,安南測站,臺南市,82.3,45.9,68.1,41.9,0.683,2.34,71.1,Sample Data,臺南市,安南測站
2026-06-29 10:00:00,安南測站,臺南市,65.7,43.0,69.6,42.9,0.605,2.54,140.4,Sample Data,臺南市,安南測站
2026-06-29 11:00:00,安南測站,臺南市,79.9,47.0,71.3,40.7,0.66,1.87,293.4,Sample Data,臺南市,安南測站
2026-06-29 12:00:00,安南測站,臺南市,69.0,44.6,70.8,45.1,0.615,2.78,36.7,Sample Data,臺南市,安南測站
2026-06-29 13:00:00,安南測站,臺南市,76.3,42.0,83.3,45.0,0.61,1.31,29.5,Sample Data,臺南市,安南測站
2026-06-29 14:00:00,安南測站,臺南市,73.4,46.7,79.5,45.7,0.593,1.14,118.5,Sample Data,臺南市,安南測站
2026-06-29 15:00:00,安南測站,臺南市,78.6,45.8,91.2,54.6,0.724,1.43,61.8,Sample Data,臺南市,安南測站
2026-06-29 16:00:00,安南測站,臺南市,75.0,46.9,88.5,57.4,0.724,2.17,53.7,Sample Data,臺南市,安南測站
2026-06-29 17:00:00,安南測站,臺南市,83.1,50.0,73.1,51.3,0.689,3.17,15.5,Sample Data,臺南市,安南測站
2026-06-29 18:00:00,安南測站,臺南市,79.5,45.0,98.5,60.3,0.703,2.75,19.6,Sample Data,臺南市,安南測站
2026-06-29 19:00:00,安南測站,臺南市,83.3,43.9,71.9,60.2,0.732,3.0,356.4,Sample Data,臺南市,安南測站
2026-06-29 20:00:00,安南測站,臺南市,66.4,46.4,73.7,56.9,0.641,2.93,79.3,Sample Data,臺南市,安南測站
2026-06-29 21:00:00,安南測站,臺南市,79.4,45.0,88.1,54.2,0.621,3.71,49.9,Sample Data,臺南市,安南測站
2026-06-29 22:00:00,安南測站,臺南市,74.5,46.6,86.8,56.3,0.591,2.58,72.0,Sample Data,臺南市,安南測站
2026-06-29 23:00:00,安南測站,臺南市,80.4,47.6,72.7,50.9,0.676,1.97,59.5,Sample Data,臺南市,安南測站
2026-06-30 00:00:00,安南測站,臺南市,67.0,50.4,85.8,46.6,0.622,1.97,47.8,Sample Data,臺南市,安南測站
2026-06-30 01:00:00,安南測站,臺南市,71.1,43.9,73.4,46.2,0.595,1.83,126.2,Sample Data,臺南市,安南測站
2026-06-30 02:00:00,安南測站,臺南市,82.5,50.8,87.8,55.0,0.684,2.79,139.2,Sample Data,臺南市,安南測站
2026-06-30 03:00:00,安南測站,臺南市,70.0,46.0,74.2,42.5,0.657,2.46,142.8,Sample Data,臺南市,安南測站
2026-06-30 04:00:00,安南測站,臺南市,68.8,44.3,84.1,40.0,0.574,2.92,139.0,Sample Data,臺南市,安南測站
2026-06-30 05:00:00,安南測站,臺南市,75.9,51.4,95.1,42.3,0.624,1.45,136.3,Sample Data,臺南市,安南測站
2026-06-30 06:00:00,安南測站,臺南市,65.0,43.4,82.2,37.2,0.527,3.3,107.5,Sample Data,臺南市,安南測站
2026-06-30 07:00:00,安南測站,臺南市,77.6,47.2,83.6,38.5,0.649,3.11,154.8,Sample Data,臺南市,安南測站
2026-06-30 08:00:00,安南測站,臺南市,84.2,49.8,77.2,43.0,0.711,1.77,69.3,Sample Data,臺南市,安南測站
2026-06-30 09:00:00,安南測站,臺南市,87.4,52.5,87.1,42.3,0.74,2.21,318.0,Sample Data,臺南市,安南測站
2026-06-30 10:00:00,安南測站,臺南市,77.7,50.3,87.6,43.2,0.655,2.17,200.3,Sample Data,臺南市,安南測站
2026-06-30 11:00:00,安南測站,臺南市,71.6,43.7,59.8,46.8,0.674,1.8,197.7,Sample Data,臺南市,安南測站
2026-06-30 12:00:00,安南測站,臺南市,66.5,43.0,77.8,44.6,0.593,2.04,138.0,Sample Data,臺南市,安南測站
2026-06-30 13:00:00,安南測站,臺南市,81.2,44.8,77.2,51.3,0.695,1.91,223.0,Sample Data,臺南市,安南測站
2026-06-30 14:00:00,安南測站,臺南市,78.3,45.2,66.0,49.6,0.681,2.72,167.7,Sample Data,臺南市,安南測站
2026-06-30 15:00:00,安南測站,臺南市,77.2,44.8,67.6,50.3,0.601,3.23,113.5,Sample Data,臺南市,安南測站
2026-06-30 16:00:00,安南測站,臺南市,82.2,50.8,75.2,52.8,0.765,1.38,125.6,Sample Data,臺南市,安南測站
2026-06-30 17:00:00,安南測站,臺南市,85.5,46.9,86.0,58.3,0.721,2.54,127.5,Sample Data,臺南市,安南測站
2026-06-30 18:00:00,安南測站,臺南市,79.9,46.8,94.4,59.3,0.626,1.4,127.2,Sample Data,臺南市,安南測站
2026-06-30 19:00:00,安南測站,臺南市,76.4,46.8,70.7,60.3,0.692,2.36,226.9,Sample Data,臺南市,安南測站
2026-06-30 20:00:00,安南測站,臺南市,89.0,49.1,86.5,57.0,0.768,2.44,205.8,Sample Data,臺南市,安南測站
2026-06-30 21:00:00,安南測站,臺南市,76.6,50.3,77.2,54.7,0.724,1.4,129.7,Sample Data,臺南市,安南測站
2026-06-30 22:00:00,安南測站,臺南市,92.4,52.0,88.6,52.8,0.725,2.48,257.5,Sample Data,臺南市,安南測站
2026-06-30 23:00:00,安南測站,臺南市,67.7,39.3,77.2,55.0,0.621,1.44,60.4,Sample Data,臺南市,安南測站
2026-07-01 00:00:00,安南測站,臺南市,77.1,45.2,83.3,48.6,0.598,3.15,131.2,Sample Data,臺南市,安南測站
2026-07-01 01:00:00,安南測站,臺南市,75.8,45.1,82.4,52.9,0.612,2.08,273.4,Sample Data,臺南市,安南測站
2026-07-01 02:00:00,安南測站,臺南市,72.7,46.6,90.2,45.4,0.732,2.22,197.2,Sample Data,臺南市,安南測站
2026-07-01 03:00:00,安南測站,臺南市,76.3,45.8,79.6,36.1,0.669,1.43,229.8,Sample Data,臺南市,安南測站
2026-07-01 04:00:00,安南測站,臺南市,79.0,48.8,76.9,42.0,0.582,2.92,102.6,Sample Data,臺南市,安南測站
2026-07-01 05:00:00,安南測站,臺南市,86.7,49.1,76.4,45.2,0.673,2.25,235.2,Sample Data,臺南市,安南測站
2026-07-01 06:00:00,安南測站,臺南市,80.3,47.3,86.4,43.6,0.642,1.53,195.1,Sample Data,臺南市,安南測站
2026-07-01 07:00:00,安南測站,臺南市,87.3,45.0,72.2,45.8,0.674,2.72,177.2,Sample Data,臺南市,安南測站
2026-07-01 08:00:00,安南測站,臺南市,93.1,49.0,88.2,42.8,0.662,2.5,291.6,Sample Data,臺南市,安南測站
2026-07-01 09:00:00,安南測站,臺南市,98.1,48.9,76.7,46.0,0.745,1.19,125.6,Sample Data,臺南市,安南測站
2026-07-01 10:00:00,安南測站,臺南市,86.4,37.2,54.6,41.5,0.731,2.78,268.9,Sample Data,臺南市,安南測站
2026-07-01 11:00:00,安南測站,臺南市,81.3,43.1,79.6,39.2,0.737,1.88,240.5,Sample Data,臺南市,安南測站
2026-07-01 12:00:00,安南測站,臺南市,72.6,41.6,75.3,45.2,0.654,2.28,241.8,Sample Data,臺南市,安南測站
2026-07-01 13:00:00,安南測站,臺南市,79.8,45.5,86.6,51.7,0.801,3.31,121.2,Sample Data,臺南市,安南測站
2026-07-01 14:00:00,安南測站,臺南市,81.9,45.4,73.8,54.7,0.553,3.31,337.1,Sample Data,臺南市,安南測站
2026-07-01 15:00:00,安南測站,臺南市,85.0,44.4,71.2,54.6,0.612,1.51,202.1,Sample Data,臺南市,安南測站
2026-07-01 16:00:00,安南測站,臺南市,93.3,50.8,75.7,63.0,0.681,1.44,250.4,Sample Data,臺南市,安南測站
2026-07-01 17:00:00,安南測站,臺南市,89.1,48.3,92.2,65.3,0.673,0.78,191.9,Sample Data,臺南市,安南測站
2026-07-01 18:00:00,安南測站,臺南市,87.2,50.4,91.0,57.5,0.621,2.13,231.5,Sample Data,臺南市,安南測站
2026-07-01 19:00:00,安南測站,臺南市,94.8,51.2,73.6,60.2,0.779,1.56,147.5,Sample Data,臺南市,安南測站
2026-07-01 20:00:00,安南測站,臺南市,92.5,47.5,80.8,60.7,0.789,1.05,318.9,Sample Data,臺南市,安南測站
2026-07-01 21:00:00,安南測站,臺南市,82.7,47.3,71.1,55.4,0.655,1.39,350.9,Sample Data,臺南市,安南測站
2026-07-01 22:00:00,安南測站,臺南市,81.6,50.1,94.3,56.2,0.678,2.51,251.5,Sample Data,臺南市,安南測站
2026-07-01 23:00:00,安南測站,臺南市,75.2,39.6,52.1,54.1,0.627,2.31,186.3,Sample Data,臺南市,安南測站
2026-07-02 00:00:00,安南測站,臺南市,84.3,47.9,89.0,58.8,0.627,2.79,264.4,Sample Data,臺南市,安南測站
2026-07-02 01:00:00,安南測站,臺南市,84.0,48.0,82.5,47.9,0.649,2.65,279.6,Sample Data,臺南市,安南測站
2026-07-02 02:00:00,安南測站,臺南市,75.1,46.6,84.4,43.2,0.624,1.82,341.5,Sample Data,臺南市,安南測站
2026-07-02 03:00:00,安南測站,臺南市,85.0,51.2,87.9,52.8,0.65,2.94,216.6,Sample Data,臺南市,安南測站
2026-07-02 04:00:00,安南測站,臺南市,83.7,48.7,87.6,41.1,0.709,1.83,187.1,Sample Data,臺南市,安南測站
2026-07-02 05:00:00,安南測站,臺南市,85.3,47.1,78.0,45.4,0.648,1.77,318.0,Sample Data,臺南市,安南測站
2026-07-02 06:00:00,安南測站,臺南市,86.5,46.6,82.6,44.3,0.593,1.77,191.8,Sample Data,臺南市,安南測站
2026-07-02 07:00:00,安南測站,臺南市,97.0,44.5,89.0,46.0,0.72,2.15,330.0,Sample Data,臺南市,安南測站
2026-07-02 08:00:00,安南測站,臺南市,94.3,42.9,72.3,44.7,0.63,1.73,227.8,Sample Data,臺南市,安南測站
2026-07-02 09:00:00,安南測站,臺南市,86.9,47.5,68.4,46.9,0.707,1.69,244.8,Sample Data,臺南市,安南測站
2026-07-02 10:00:00,安南測站,臺南市,86.8,47.1,79.3,51.2,0.723,0.2,286.7,Sample Data,臺南市,安南測站
2026-07-02 11:00:00,安南測站,臺南市,90.7,49.9,81.9,48.9,0.751,1.0,251.7,Sample Data,臺南市,安南測站
2026-07-02 12:00:00,安南測站,臺南市,91.9,49.1,89.4,48.7,0.658,1.79,348.4,Sample Data,臺南市,安南測站
2026-07-02 13:00:00,安南測站,臺南市,89.5,55.3,82.2,49.5,0.581,1.98,227.5,Sample Data,臺南市,安南測站
2026-07-02 14:00:00,安南測站,臺南市,87.3,42.3,84.3,55.6,0.693,3.34,20.3,Sample Data,臺南市,安南測站
2026-07-02 15:00:00,安南測站,臺南市,82.5,51.6,94.8,55.3,0.67,1.65,267.0,Sample Data,臺南市,安南測站
2026-07-02 16:00:00,安南測站,臺南市,95.1,51.1,74.8,57.1,0.724,2.57,252.7,Sample Data,臺南市,安南測站
2026-07-02 17:00:00,安南測站,臺南市,95.3,50.5,77.5,65.0,0.664,1.17,290.4,Sample Data,臺南市,安南測站
2026-07-02 18:00:00,安南測站,臺南市,93.5,53.5,107.2,59.2,0.698,1.17,261.1,Sample Data,臺南市,安南測站
2026-07-02 19:00:00,安南測站,臺南市,96.3,41.8,67.6,61.8,0.792,3.45,313.4,Sample Data,臺南市,安南測站
2026-07-02 20:00:00,安南測站,臺南市,93.6,56.7,102.3,65.7,0.785,1.93,285.4,Sample Data,臺南市,安南測站
2026-07-02 21:00:00,安南測站,臺南市,93.4,48.6,77.8,68.4,0.682,1.93,2.0,Sample Data,臺南市,安南測站
2026-07-02 22:00:00,安南測站,臺南市,76.9,45.8,61.5,57.2,0.707,2.16,267.0,Sample Data,臺南市,安南測站
2026-07-02 23:00:00,安南測站,臺南市,79.9,43.7,83.3,52.4,0.684,3.24,339.0,Sample Data,臺南市,安南測站
2026-07-03 00:00:00,安南測站,臺南市,87.1,52.6,97.5,52.4,0.621,2.29,266.1,Sample Data,臺南市,安南測站
2026-07-03 01:00:00,安南測站,臺南市,82.6,42.1,61.4,53.3,0.653,1.76,29.0,Sample Data,臺南市,安南測站
2026-07-03 02:00:00,安南測站,臺南市,78.3,46.1,61.4,51.4,0.695,1.83,36.5,Sample Data,臺南市,安南測站
2026-07-03 03:00:00,安南測站,臺南市,75.2,42.8,81.8,39.6,0.683,2.16,309.1,Sample Data,臺南市,安南測站
2026-07-03 04:00:00,安南測站,臺南市,85.7,45.2,86.4,45.7,0.765,2.18,41.4,Sample Data,臺南市,安南測站
2026-07-03 05:00:00,安南測站,臺南市,72.1,43.0,67.3,43.3,0.657,2.98,5.1,Sample Data,臺南市,安南測站
2026-07-03 06:00:00,安南測站,臺南市,74.3,49.2,95.1,40.6,0.636,1.43,235.4,Sample Data,臺南市,安南測站
2026-07-03 07:00:00,安南測站,臺南市,83.6,49.5,94.0,43.6,0.627,1.7,349.5,Sample Data,臺南市,安南測站
2026-07-03 08:00:00,安南測站,臺南市,91.5,45.8,72.1,39.1,0.727,1.48,354.8,Sample Data,臺南市,安南測站
2026-07-03 09:00:00,安南測站,臺南市,91.6,48.5,92.6,48.7,0.737,2.75,12.2,Sample Data,臺南市,安南測站
2026-07-03 10:00:00,安南測站,臺南市,75.5,42.7,82.9,43.9,0.599,3.6,348.4,Sample Data,臺南市,安南測站
2026-07-03 11:00:00,安南測站,臺南市,80.0,44.2,71.8,45.6,0.657,3.29,350.1,Sample Data,臺南市,安南測站
2026-07-03 12:00:00,安南測站,臺南市,77.5,48.1,75.4,41.9,0.586,2.25,347.3,Sample Data,臺南市,安南測站
2026-07-03 13:00:00,安南測站,臺南市,73.3,45.0,72.2,46.3,0.64,1.51,329.8,Sample Data,臺南市,安南測站
2026-07-03 14:00:00,安南測站,臺南市,80.6,46.3,67.5,48.4,0.657,3.54,37.1,Sample Data,臺南市,安南測站
2026-07-03 15:00:00,安南測站,臺南市,72.9,46.6,69.5,50.4,0.728,1.43,26.2,Sample Data,臺南市,安南測站
2026-07-03 16:00:00,安南測站,臺南市,78.6,48.1,95.7,58.9,0.62,4.19,42.5,Sample Data,臺南市,安南測站
2026-07-03 17:00:00,安南測站,臺南市,81.5,47.2,91.7,60.2,0.716,2.72,328.4,Sample Data,臺南市,安南測站
2026-07-03 18:00:00,安南測站,臺南市,95.5,55.8,87.5,62.8,0.719,1.79,257.7,Sample Data,臺南市,安南測站
2026-07-03 19:00:00,安南測站,臺南市,91.3,52.4,82.7,61.8,0.705,2.33,285.1,Sample Data,臺南市,安南測站
2026-07-03 20:00:00,安南測站,臺南市,126.1,57.5,114.9,74.4,0.901,1.36,171.9,Sample Data,臺南市,安南測站
2026-07-03 21:00:00,安南測站,臺南市,73.2,46.9,80.4,57.6,0.659,2.58,328.8,Sample Data,臺南市,安南測站
2026-07-03 22:00:00,安南測站,臺南市,71.2,43.3,71.4,53.3,0.688,0.86,318.7,Sample Data,臺南市,安南測站
2026-07-03 23:00:00,安南測站,臺南市,61.7,45.4,82.5,49.5,0.625,2.29,55.5,Sample Data,臺南市,安南測站
2026-07-04 00:00:00,安南測站,臺南市,67.6,44.2,81.3,49.0,0.612,2.33,14.1,Sample Data,臺南市,安南測站
2026-07-04 01:00:00,安南測站,臺南市,63.4,46.8,97.1,48.0,0.567,2.74,45.0,Sample Data,臺南市,安南測站
2026-07-04 02:00:00,安南測站,臺南市,72.6,40.9,65.7,49.2,0.64,2.7,70.9,Sample Data,臺南市,安南測站
2026-07-04 03:00:00,安南測站,臺南市,58.4,41.9,68.8,34.9,0.542,2.81,143.8,Sample Data,臺南市,安南測站
2026-07-04 04:00:00,安南測站,臺南市,56.5,41.7,67.2,40.1,0.538,2.89,110.7,Sample Data,臺南市,安南測站
2026-07-04 05:00:00,安南測站,臺南市,67.2,39.1,69.0,44.7,0.642,2.7,13.0,Sample Data,臺南市,安南測站
2026-07-04 06:00:00,安南測站,臺南市,76.3,51.4,89.8,36.1,0.607,1.43,61.2,Sample Data,臺南市,安南測站
2026-07-04 07:00:00,安南測站,臺南市,73.3,45.7,80.9,35.5,0.639,1.08,65.3,Sample Data,臺南市,安南測站
2026-07-04 08:00:00,安南測站,臺南市,75.3,45.6,80.8,38.9,0.649,0.89,351.6,Sample Data,臺南市,安南測站
2026-07-04 09:00:00,安南測站,臺南市,72.8,48.6,95.2,36.7,0.571,2.42,101.5,Sample Data,臺南市,安南測站
2026-07-04 10:00:00,安南測站,臺南市,71.8,49.4,81.8,34.8,0.632,3.27,8.7,Sample Data,臺南市,安南測站
2026-07-04 11:00:00,安南測站,臺南市,71.4,48.4,86.1,49.7,0.631,2.8,331.4,Sample Data,臺南市,安南測站
2026-07-04 12:00:00,安南測站,臺南市,68.2,44.9,82.0,47.1,0.59,3.07,89.1,Sample Data,臺南市,安南測站
2026-07-04 13:00:00,安南測站,臺南市,65.2,42.1,68.3,48.4,0.569,3.2,111.2,Sample Data,臺南市,安南測站
2026-07-04 14:00:00,安南測站,臺南市,67.6,43.5,57.9,50.2,0.684,2.45,82.6,Sample Data,臺南市,安南測站
2026-07-04 15:00:00,安南測站,臺南市,64.6,44.0,81.4,47.2,0.565,1.92,181.9,Sample Data,臺南市,安南測站
2026-07-04 16:00:00,安南測站,臺南市,69.4,42.0,71.4,55.8,0.636,1.82,51.2,Sample Data,臺南市,安南測站
2026-07-04 17:00:00,安南測站,臺南市,82.1,54.8,115.3,65.4,0.782,1.89,38.7,Sample Data,臺南市,安南測站
2026-07-04 18:00:00,安南測站,臺南市,83.0,44.0,72.9,58.9,0.576,1.09,55.8,Sample Data,臺南市,安南測站
2026-07-04 19:00:00,安南測站,臺南市,66.8,46.2,85.3,57.6,0.588,3.0,117.9,Sample Data,臺南市,安南測站
2026-07-04 20:00:00,安南測站,臺南市,68.7,38.4,71.1,57.4,0.611,1.33,110.2,Sample Data,臺南市,安南測站
2026-07-04 21:00:00,安南測站,臺南市,68.6,44.0,62.3,57.3,0.572,1.53,136.1,Sample Data,臺南市,安南測站
2026-07-04 22:00:00,安南測站,臺南市,70.4,45.7,78.1,59.9,0.517,2.67,218.1,Sample Data,臺南市,安南測站
2026-07-04 23:00:00,安南測站,臺南市,65.4,43.6,73.9,60.3,0.549,1.65,87.0,Sample Data,臺南市,安南測站
2026-07-05 00:00:00,安南測站,臺南市,72.9,42.8,88.4,53.7,0.678,3.22,125.0,Sample Data,臺南市,安南測站
2026-07-05 01:00:00,安南測站,臺南市,62.0,42.3,90.1,43.4,0.599,1.32,118.3,Sample Data,臺南市,安南測站
2026-07-05 02:00:00,安南測站,臺南市,63.0,44.1,70.9,48.8,0.577,1.7,68.5,Sample Data,臺南市,安南測站
2026-07-05 03:00:00,安南測站,臺南市,66.2,43.4,78.9,47.8,0.522,1.9,57.8,Sample Data,臺南市,安南測站
2026-07-05 04:00:00,安南測站,臺南市,64.5,46.2,67.8,42.4,0.571,2.61,133.8,Sample Data,臺南市,安南測站
2026-07-05 05:00:00,安南測站,臺南市,62.0,40.5,83.9,42.8,0.68,2.71,100.3,Sample Data,臺南市,安南測站
2026-07-05 06:00:00,安南測站,臺南市,71.0,43.7,81.9,40.8,0.559,3.01,25.0,Sample Data,臺南市,安南測站
2026-07-05 07:00:00,安南測站,臺南市,74.3,48.3,92.8,47.5,0.612,0.81,153.9,Sample Data,臺南市,安南測站
2026-07-05 08:00:00,安南測站,臺南市,68.5,40.9,58.8,40.8,0.548,2.89,39.0,Sample Data,臺南市,安南測站
2026-07-05 09:00:00,安南測站,臺南市,82.4,45.4,71.1,50.5,0.625,0.85,137.4,Sample Data,臺南市,安南測站
2026-07-05 10:00:00,安南測站,臺南市,78.3,48.2,85.1,39.9,0.691,2.22,99.0,Sample Data,臺南市,安南測站
2026-07-05 11:00:00,安南測站,臺南市,69.9,43.6,84.4,40.7,0.578,3.6,105.7,Sample Data,臺南市,安南測站
2026-07-05 12:00:00,安南測站,臺南市,73.9,41.6,83.7,51.1,0.686,2.27,114.5,Sample Data,臺南市,安南測站
2026-07-05 13:00:00,安南測站,臺南市,75.6,43.2,67.0,42.4,0.67,3.74,34.8,Sample Data,臺南市,安南測站
2026-07-05 14:00:00,安南測站,臺南市,64.7,42.8,70.3,50.9,0.575,4.16,157.9,Sample Data,臺南市,安南測站
2026-07-05 15:00:00,安南測站,臺南市,72.6,44.7,90.7,48.0,0.526,2.13,197.9,Sample Data,臺南市,安南測站
2026-07-05 16:00:00,安南測站,臺南市,70.9,44.6,92.2,56.7,0.619,2.37,79.4,Sample Data,臺南市,安南測站
2026-07-05 17:00:00,安南測站,臺南市,69.9,43.4,78.4,53.8,0.65,3.26,154.1,Sample Data,臺南市,安南測站
2026-07-05 18:00:00,安南測站,臺南市,79.6,45.5,73.0,65.4,0.705,2.72,137.0,Sample Data,臺南市,安南測站
2026-07-05 19:00:00,安南測站,臺南市,127.8,61.4,104.4,80.7,0.909,2.13,69.3,Sample Data,臺南市,安南測站
2026-07-05 20:00:00,安南測站,臺南市,73.8,47.2,72.1,58.5,0.629,3.22,159.2,Sample Data,臺南市,安南測站
2026-07-05 21:00:00,安南測站,臺南市,72.2,46.4,66.2,59.6,0.598,3.22,207.9,Sample Data,臺南市,安南測站
2026-07-05 22:00:00,安南測站,臺南市,75.1,46.0,73.5,54.4,0.686,2.51,187.3,Sample Data,臺南市,安南測站
2026-07-05 23:00:00,安南測站,臺南市,70.1,44.8,92.1,55.4,0.596,2.57,82.6,Sample Data,臺南市,安南測站
2026-07-06 00:00:00,安南測站,臺南市,77.8,45.3,88.3,55.2,0.631,2.57,167.6,Sample Data,臺南市,安南測站
2026-07-06 01:00:00,安南測站,臺南市,78.2,46.2,68.7,48.2,0.596,0.76,177.1,Sample Data,臺南市,安南測站
2026-07-06 02:00:00,安南測站,臺南市,73.8,48.0,90.3,54.6,0.622,2.21,209.4,Sample Data,臺南市,安南測站
2026-07-06 03:00:00,安南測站,臺南市,80.5,45.1,82.2,38.0,0.705,1.85,189.2,Sample Data,臺南市,安南測站
2026-07-06 04:00:00,安南測站,臺南市,76.4,49.6,85.6,41.3,0.636,3.86,119.6,Sample Data,臺南市,安南測站
2026-07-06 05:00:00,安南測站,臺南市,86.7,49.5,79.6,43.9,0.744,3.86,236.5,Sample Data,臺南市,安南測站
2026-07-06 06:00:00,安南測站,臺南市,92.2,49.4,83.4,46.2,0.675,1.73,144.8,Sample Data,臺南市,安南測站
2026-07-06 07:00:00,安南測站,臺南市,91.8,46.8,69.6,41.7,0.693,2.15,192.1,Sample Data,臺南市,安南測站
2026-07-06 08:00:00,安南測站,臺南市,93.1,50.7,79.2,40.1,0.751,2.11,257.7,Sample Data,臺南市,安南測站
2026-07-06 09:00:00,安南測站,臺南市,82.1,45.3,76.6,42.9,0.694,2.03,282.5,Sample Data,臺南市,安南測站
2026-07-06 10:00:00,安南測站,臺南市,94.6,46.4,80.0,49.6,0.71,2.12,122.9,Sample Data,臺南市,安南測站
2026-07-06 11:00:00,安南測站,臺南市,82.9,42.5,64.3,46.9,0.691,2.15,178.2,Sample Data,臺南市,安南測站
2026-07-06 12:00:00,安南測站,臺南市,80.4,49.8,94.0,45.6,0.691,2.18,174.0,Sample Data,臺南市,安南測站
2026-07-06 13:00:00,安南測站,臺南市,81.5,45.8,90.1,44.8,0.693,3.36,284.8,Sample Data,臺南市,安南測站
2026-07-06 14:00:00,安南測站,臺南市,77.1,44.7,64.8,53.1,0.63,1.53,274.3,Sample Data,臺南市,安南測站
2026-07-06 15:00:00,安南測站,臺南市,79.2,43.6,68.4,54.7,0.701,1.59,156.1,Sample Data,臺南市,安南測站
2026-07-06 16:00:00,安南測站,臺南市,85.5,47.0,81.3,59.7,0.642,1.61,292.6,Sample Data,臺南市,安南測站
2026-07-06 17:00:00,安南測站,臺南市,79.6,47.1,77.0,55.9,0.72,3.51,289.6,Sample Data,臺南市,安南測站
2026-07-06 18:00:00,安南測站,臺南市,101.1,47.1,77.6,67.2,0.669,1.2,189.2,Sample Data,臺南市,安南測站
2026-07-06 19:00:00,安南測站,臺南市,92.6,49.9,95.0,57.6,0.7,1.08,228.7,Sample Data,臺南市,安南測站
2026-07-06 20:00:00,安南測站,臺南市,84.5,49.3,94.5,66.9,0.701,1.82,207.9,Sample Data,臺南市,安南測站
2026-07-06 21:00:00,安南測站,臺南市,80.0,46.0,72.7,52.3,0.635,1.36,245.4,Sample Data,臺南市,安南測站
2026-07-06 22:00:00,安南測站,臺南市,84.9,47.0,86.4,57.4,0.634,2.27,250.2,Sample Data,臺南市,安南測站
2026-07-06 23:00:00,安南測站,臺南市,77.1,45.0,85.4,55.0,0.611,2.71,277.8,Sample Data,臺南市,安南測站
2026-07-07 00:00:00,安南測站,臺南市,78.9,42.5,72.4,52.9,0.715,3.14,192.1,Sample Data,臺南市,安南測站
2026-07-07 01:00:00,安南測站,臺南市,86.6,48.0,81.3,49.9,0.753,1.44,286.0,Sample Data,臺南市,安南測站
2026-07-07 02:00:00,安南測站,臺南市,82.2,42.4,77.6,47.5,0.717,2.7,233.3,Sample Data,臺南市,安南測站
2026-07-07 03:00:00,安南測站,臺南市,76.6,41.9,69.4,37.7,0.686,0.93,215.6,Sample Data,臺南市,安南測站
2026-07-07 04:00:00,安南測站,臺南市,84.2,54.8,98.0,44.8,0.727,3.07,250.4,Sample Data,臺南市,安南測站
2026-07-07 05:00:00,安南測站,臺南市,84.6,44.8,89.9,35.6,0.663,1.22,275.3,Sample Data,臺南市,安南測站
2026-07-07 06:00:00,安南測站,臺南市,83.0,43.0,75.7,41.8,0.697,2.77,247.0,Sample Data,臺南市,安南測站
2026-07-07 07:00:00,安南測站,臺南市,91.1,47.7,70.8,42.6,0.733,3.27,277.1,Sample Data,臺南市,安南測站
2026-07-07 08:00:00,安南測站,臺南市,93.5,55.3,87.4,42.7,0.695,0.67,329.1,Sample Data,臺南市,安南測站
2026-07-07 09:00:00,安南測站,臺南市,93.4,44.0,64.9,44.7,0.649,2.3,306.6,Sample Data,臺南市,安南測站
2026-07-07 10:00:00,安南測站,臺南市,88.8,47.1,69.6,43.0,0.738,1.31,222.1,Sample Data,臺南市,安南測站
2026-07-07 11:00:00,安南測站,臺南市,91.2,50.7,101.6,45.5,0.702,1.93,331.5,Sample Data,臺南市,安南測站
2026-07-07 12:00:00,安南測站,臺南市,85.8,44.8,66.0,47.8,0.631,1.46,34.0,Sample Data,臺南市,安南測站
2026-07-07 13:00:00,安南測站,臺南市,75.9,42.8,76.1,49.6,0.713,2.65,265.2,Sample Data,臺南市,安南測站
2026-07-07 14:00:00,安南測站,臺南市,83.4,48.6,103.4,53.3,0.695,2.34,288.9,Sample Data,臺南市,安南測站
2026-07-07 15:00:00,安南測站,臺南市,82.9,49.1,83.9,51.9,0.651,1.95,3.2,Sample Data,臺南市,安南測站
2026-07-07 16:00:00,安南測站,臺南市,104.5,44.7,81.5,61.8,0.805,1.91,280.1,Sample Data,臺南市,安南測站
2026-07-07 17:00:00,安南測站,臺南市,91.0,50.5,89.0,58.2,0.854,2.24,344.9,Sample Data,臺南市,安南測站
2026-07-07 18:00:00,安南測站,臺南市,89.2,49.0,84.1,58.1,0.668,1.59,247.2,Sample Data,臺南市,安南測站
2026-07-07 19:00:00,安南測站,臺南市,90.7,53.0,76.0,57.5,0.693,1.0,325.7,Sample Data,臺南市,安南測站
2026-07-07 20:00:00,安南測站,臺南市,94.5,48.0,74.6,59.8,0.739,1.48,267.5,Sample Data,臺南市,安南測站
2026-07-07 21:00:00,安南測站,臺南市,76.7,45.6,87.7,62.9,0.611,2.77,254.4,Sample Data,臺南市,安南測站
2026-07-07 22:00:00,安南測站,臺南市,86.1,52.6,109.9,55.5,0.683,1.41,319.9,Sample Data,臺南市,安南測站
2026-07-07 23:00:00,安南測站,臺南市,82.6,46.9,66.8,56.5,0.665,1.29,216.6,Sample Data,臺南市,安南測站
2026-07-08 00:00:00,安南測站,臺南市,77.4,41.4,79.2,51.1,0.615,3.7,254.6,Sample Data,臺南市,安南測站
2026-07-08 01:00:00,安南測站,臺南市,86.2,47.2,94.6,49.7,0.65,3.3,206.3,Sample Data,臺南市,安南測站
2026-07-08 02:00:00,安南測站,臺南市,78.7,46.5,77.0,58.0,0.693,0.49,250.0,Sample Data,臺南市,安南測站
2026-07-08 03:00:00,安南測站,臺南市,81.0,43.0,80.0,41.0,0.617,2.72,221.7,Sample Data,臺南市,安南測站
2026-07-08 04:00:00,安南測站,臺南市,85.5,50.7,93.5,47.2,0.663,1.0,81.0,Sample Data,臺南市,安南測站
2026-07-08 05:00:00,安南測站,臺南市,77.4,41.2,72.6,47.5,0.63,1.91,357.4,Sample Data,臺南市,安南測站
2026-07-08 06:00:00,安南測站,臺南市,86.0,48.3,88.0,41.1,0.731,1.8,26.2,Sample Data,臺南市,安南測站
2026-07-08 07:00:00,安南測站,臺南市,95.6,47.9,86.2,42.1,0.762,2.23,348.9,Sample Data,臺南市,安南測站
2026-07-08 08:00:00,安南測站,臺南市,94.2,50.4,75.7,41.4,0.701,2.27,14.7,Sample Data,臺南市,安南測站
2026-07-08 09:00:00,安南測站,臺南市,89.1,45.8,95.0,44.6,0.795,2.62,113.0,Sample Data,臺南市,安南測站
2026-07-08 10:00:00,安南測站,臺南市,86.2,48.1,76.4,46.8,0.757,2.62,352.3,Sample Data,臺南市,安南測站
2026-07-08 11:00:00,安南測站,臺南市,81.1,48.7,81.8,47.1,0.625,1.65,22.4,Sample Data,臺南市,安南測站
2026-07-08 12:00:00,安南測站,臺南市,82.1,48.8,94.6,43.5,0.602,2.16,74.7,Sample Data,臺南市,安南測站
2026-07-08 13:00:00,安南測站,臺南市,77.9,51.4,82.5,45.5,0.634,1.33,278.0,Sample Data,臺南市,安南測站
2026-07-08 14:00:00,安南測站,臺南市,72.1,44.6,86.3,52.0,0.546,2.3,52.6,Sample Data,臺南市,安南測站
2026-07-08 15:00:00,安南測站,臺南市,84.3,48.8,81.7,55.2,0.764,2.27,3.1,Sample Data,臺南市,安南測站
2026-07-08 16:00:00,安南測站,臺南市,84.8,47.5,81.4,55.9,0.734,0.7,38.3,Sample Data,臺南市,安南測站
2026-07-08 17:00:00,安南測站,臺南市,81.9,40.9,61.8,58.7,0.707,2.67,289.9,Sample Data,臺南市,安南測站
2026-07-08 18:00:00,安南測站,臺南市,86.9,50.0,95.6,52.7,0.644,3.0,2.6,Sample Data,臺南市,安南測站
2026-07-08 19:00:00,安南測站,臺南市,94.8,45.9,76.0,66.1,0.717,2.02,53.8,Sample Data,臺南市,安南測站
2026-07-08 20:00:00,安南測站,臺南市,77.8,48.1,84.2,47.6,0.633,3.05,62.2,Sample Data,臺南市,安南測站
2026-07-08 21:00:00,安南測站,臺南市,82.2,46.9,78.8,55.7,0.714,2.75,61.6,Sample Data,臺南市,安南測站
2026-07-08 22:00:00,安南測站,臺南市,73.5,45.5,88.7,48.8,0.599,1.75,348.5,Sample Data,臺南市,安南測站
2026-07-08 23:00:00,安南測站,臺南市,63.7,47.9,74.3,42.6,0.626,2.29,13.7,Sample Data,臺南市,安南測站
2026-07-09 00:00:00,安南測站,臺南市,71.8,46.0,81.6,45.1,0.555,2.43,87.2,Sample Data,臺南市,安南測站
2026-07-09 01:00:00,安南測站,臺南市,80.4,41.4,81.6,61.8,0.732,3.32,83.1,Sample Data,臺南市,安南測站
2026-07-09 02:00:00,安南測站,臺南市,74.8,43.7,80.3,48.8,0.714,1.95,2.3,Sample Data,臺南市,安南測站
2026-07-09 03:00:00,安南測站,臺南市,65.4,43.4,79.4,47.4,0.612,2.39,115.5,Sample Data,臺南市,安南測站
2026-07-09 04:00:00,安南測站,臺南市,67.8,41.9,58.0,40.4,0.634,2.35,111.2,Sample Data,臺南市,安南測站
2026-07-09 05:00:00,安南測站,臺南市,82.7,48.3,82.5,42.2,0.794,3.46,340.8,Sample Data,臺南市,安南測站
2026-07-09 06:00:00,安南測站,臺南市,78.3,46.2,76.6,48.2,0.655,2.94,89.7,Sample Data,臺南市,安南測站
2026-07-09 07:00:00,安南測站,臺南市,81.9,41.6,69.8,43.0,0.621,3.48,65.4,Sample Data,臺南市,安南測站
2026-07-09 08:00:00,安南測站,臺南市,78.0,41.8,72.8,38.9,0.674,2.63,67.7,Sample Data,臺南市,安南測站
2026-07-09 09:00:00,安南測站,臺南市,78.2,48.7,98.5,38.4,0.586,2.21,114.1,Sample Data,臺南市,安南測站
2026-07-09 10:00:00,安南測站,臺南市,82.9,48.7,89.0,44.3,0.674,2.87,39.6,Sample Data,臺南市,安南測站
2026-07-09 11:00:00,安南測站,臺南市,72.2,50.5,72.7,49.4,0.568,1.93,51.4,Sample Data,臺南市,安南測站
2026-07-09 12:00:00,安南測站,臺南市,71.9,46.1,83.2,44.0,0.641,2.3,355.6,Sample Data,臺南市,安南測站
2026-07-09 13:00:00,安南測站,臺南市,74.3,45.1,80.6,47.0,0.622,3.44,190.0,Sample Data,臺南市,安南測站
2026-07-09 14:00:00,安南測站,臺南市,59.1,42.6,83.3,50.8,0.644,1.45,85.4,Sample Data,臺南市,安南測站
2026-07-09 15:00:00,安南測站,臺南市,84.4,43.5,73.7,59.8,0.741,2.19,82.8,Sample Data,臺南市,安南測站
2026-07-09 16:00:00,安南測站,臺南市,68.7,47.8,77.7,57.4,0.617,2.99,117.2,Sample Data,臺南市,安南測站
2026-07-09 17:00:00,安南測站,臺南市,80.8,47.3,93.2,62.3,0.62,1.62,38.6,Sample Data,臺南市,安南測站
2026-07-09 18:00:00,安南測站,臺南市,81.6,50.8,87.5,61.7,0.647,2.47,81.8,Sample Data,臺南市,安南測站
2026-07-09 19:00:00,安南測站,臺南市,75.5,44.9,85.5,54.3,0.583,2.71,154.0,Sample Data,臺南市,安南測站
2026-07-09 20:00:00,安南測站,臺南市,80.2,44.3,78.6,62.3,0.621,2.75,131.0,Sample Data,臺南市,安南測站
2026-07-09 21:00:00,安南測站,臺南市,80.8,49.6,67.5,60.4,0.671,1.86,173.9,Sample Data,臺南市,安南測站
2026-07-09 22:00:00,安南測站,臺南市,71.9,42.7,65.8,52.0,0.566,1.67,61.6,Sample Data,臺南市,安南測站
2026-07-09 23:00:00,安南測站,臺南市,74.8,41.9,73.2,50.7,0.635,3.1,108.9,Sample Data,臺南市,安南測站
2026-07-10 00:00:00,安南測站,臺南市,78.7,45.7,69.8,52.4,0.608,1.58,95.6,Sample Data,臺南市,安南測站
2026-07-10 01:00:00,安南測站,臺南市,64.6,43.0,74.5,40.9,0.623,3.53,192.8,Sample Data,臺南市,安南測站
2026-07-10 02:00:00,安南測站,臺南市,80.9,46.6,90.9,47.0,0.578,2.69,101.1,Sample Data,臺南市,安南測站
2026-07-10 03:00:00,安南測站,臺南市,64.4,40.9,73.7,41.7,0.655,1.44,108.6,Sample Data,臺南市,安南測站
2026-07-10 04:00:00,安南測站,臺南市,68.2,47.1,69.3,44.9,0.671,3.32,29.6,Sample Data,臺南市,安南測站
2026-07-10 05:00:00,安南測站,臺南市,77.1,46.3,70.7,46.6,0.699,2.8,134.4,Sample Data,臺南市,安南測站
2026-07-10 06:00:00,安南測站,臺南市,89.7,47.3,80.4,44.0,0.772,1.65,153.0,Sample Data,臺南市,安南測站
2026-07-10 07:00:00,安南測站,臺南市,75.0,48.3,79.0,48.3,0.691,1.47,123.0,Sample Data,臺南市,安南測站
2026-07-10 08:00:00,安南測站,臺南市,98.1,56.5,98.9,51.2,0.715,2.82,92.3,Sample Data,臺南市,安南測站
2026-07-10 09:00:00,安南測站,臺南市,85.3,45.5,88.3,38.3,0.805,1.34,75.4,Sample Data,臺南市,安南測站
2026-07-10 10:00:00,安南測站,臺南市,82.3,50.6,83.5,40.5,0.62,2.32,134.2,Sample Data,臺南市,安南測站
2026-07-10 11:00:00,安南測站,臺南市,78.1,46.8,87.0,42.1,0.66,2.12,154.9,Sample Data,臺南市,安南測站
2026-07-10 12:00:00,安南測站,臺南市,70.9,45.9,70.0,49.9,0.561,2.99,66.5,Sample Data,臺南市,安南測站
2026-07-10 13:00:00,安南測站,臺南市,66.5,38.5,74.7,51.8,0.657,2.99,101.3,Sample Data,臺南市,安南測站
2026-07-10 14:00:00,安南測站,臺南市,71.4,46.5,78.1,55.4,0.524,2.52,144.3,Sample Data,臺南市,安南測站
2026-07-10 15:00:00,安南測站,臺南市,76.8,45.5,85.4,53.9,0.692,3.29,160.0,Sample Data,臺南市,安南測站
2026-07-10 16:00:00,安南測站,臺南市,76.7,42.0,78.6,59.1,0.648,2.75,227.7,Sample Data,臺南市,安南測站
2026-07-10 17:00:00,安南測站,臺南市,80.6,46.4,91.1,64.1,0.718,2.22,10.9,Sample Data,臺南市,安南測站
2026-07-10 18:00:00,安南測站,臺南市,81.7,46.9,87.9,60.1,0.642,2.11,153.8,Sample Data,臺南市,安南測站
2026-07-10 19:00:00,安南測站,臺南市,80.7,51.9,88.5,66.3,0.622,2.75,127.6,Sample Data,臺南市,安南測站
2026-07-10 20:00:00,安南測站,臺南市,84.9,47.2,92.0,57.3,0.697,1.8,61.9,Sample Data,臺南市,安南測站
2026-07-10 21:00:00,安南測站,臺南市,76.6,54.0,107.2,56.0,0.737,1.4,176.6,Sample Data,臺南市,安南測站
2026-07-10 22:00:00,安南測站,臺南市,81.4,46.0,80.5,55.5,0.652,2.77,196.2,Sample Data,臺南市,安南測站
2026-07-10 23:00:00,安南測站,臺南市,79.9,47.2,75.0,53.3,0.702,1.23,53.1,Sample Data,臺南市,安南測站
2026-07-11 00:00:00,安南測站,臺南市,79.0,45.0,77.2,47.0,0.62,2.6,151.6,Sample Data,臺南市,安南測站
2026-07-11 01:00:00,安南測站,臺南市,68.5,41.2,67.9,45.2,0.64,2.12,164.4,Sample Data,臺南市,安南測站
2026-07-11 02:00:00,安南測站,臺南市,70.3,45.8,93.5,55.2,0.624,2.29,181.4,Sample Data,臺南市,安南測站
2026-07-11 03:00:00,安南測站,臺南市,73.4,39.8,82.7,41.3,0.631,1.83,205.5,Sample Data,臺南市,安南測站
2026-07-11 04:00:00,安南測站,臺南市,72.3,45.0,75.0,46.3,0.598,0.39,183.7,Sample Data,臺南市,安南測站
2026-07-11 05:00:00,安南測站,臺南市,86.3,50.3,80.3,46.5,0.603,1.45,216.9,Sample Data,臺南市,安南測站
2026-07-11 06:00:00,安南測站,臺南市,86.0,46.3,85.9,29.3,0.727,2.43,238.5,Sample Data,臺南市,安南測站
2026-07-11 07:00:00,安南測站,臺南市,85.7,48.1,86.0,40.6,0.668,0.79,134.2,Sample Data,臺南市,安南測站
2026-07-11 08:00:00,安南測站,臺南市,83.5,40.3,65.1,41.7,0.662,0.42,289.4,Sample Data,臺南市,安南測站
2026-07-11 09:00:00,安南測站,臺南市,75.6,42.7,84.3,42.8,0.616,1.81,216.9,Sample Data,臺南市,安南測站
2026-07-11 10:00:00,安南測站,臺南市,73.0,45.7,85.4,43.8,0.598,0.79,196.4,Sample Data,臺南市,安南測站
2026-07-11 11:00:00,安南測站,臺南市,68.8,43.7,82.9,37.5,0.667,1.97,342.4,Sample Data,臺南市,安南測站
2026-07-11 12:00:00,安南測站,臺南市,74.7,46.0,77.7,50.7,0.691,0.97,263.1,Sample Data,臺南市,安南測站
2026-07-11 13:00:00,安南測站,臺南市,77.0,45.6,96.9,52.9,0.619,1.34,260.5,Sample Data,臺南市,安南測站
2026-07-11 14:00:00,安南測站,臺南市,82.4,40.7,79.7,45.7,0.696,2.74,202.7,Sample Data,臺南市,安南測站
2026-07-11 15:00:00,安南測站,臺南市,72.5,49.5,85.0,46.6,0.646,2.5,273.0,Sample Data,臺南市,安南測站
2026-07-11 16:00:00,安南測站,臺南市,88.2,45.7,71.8,52.9,0.671,2.31,320.2,Sample Data,臺南市,安南測站
2026-07-11 17:00:00,安南測站,臺南市,92.8,48.2,78.6,64.0,0.713,2.02,224.9,Sample Data,臺南市,安南測站
2026-07-11 18:00:00,安南測站,臺南市,83.7,46.1,87.9,55.1,0.722,2.45,337.2,Sample Data,臺南市,安南測站
2026-07-11 19:00:00,安南測站,臺南市,85.7,46.3,92.7,62.6,0.676,1.03,196.4,Sample Data,臺南市,安南測站
2026-07-11 20:00:00,安南測站,臺南市,81.6,48.8,78.0,60.0,0.646,1.7,199.5,Sample Data,臺南市,安南測站
2026-07-11 21:00:00,安南測站,臺南市,79.6,49.5,87.6,56.9,0.549,2.22,275.9,Sample Data,臺南市,安南測站
2026-07-11 22:00:00,安南測站,臺南市,84.9,42.0,65.6,51.1,0.693,2.5,175.5,Sample Data,臺南市,安南測站
2026-07-11 23:00:00,安南測站,臺南市,76.7,41.8,66.5,51.1,0.584,2.45,323.7,Sample Data,臺南市,安南測站
2026-07-12 00:00:00,安南測站,臺南市,71.7,42.9,71.1,42.6,0.686,1.98,248.1,Sample Data,臺南市,安南測站
2026-07-12 01:00:00,安南測站,臺南市,74.0,45.5,78.8,52.9,0.583,2.68,235.4,Sample Data,臺南市,安南測站
2026-07-12 02:00:00,安南測站,臺南市,76.0,49.8,102.3,48.5,0.632,2.44,271.7,Sample Data,臺南市,安南測站
2026-07-12 03:00:00,安南測站,臺南市,70.2,42.0,61.7,48.4,0.643,1.26,246.0,Sample Data,臺南市,安南測站
2026-07-12 04:00:00,安南測站,臺南市,77.9,47.9,85.4,42.9,0.68,2.33,215.3,Sample Data,臺南市,安南測站
2026-07-12 05:00:00,安南測站,臺南市,87.5,47.7,86.5,48.5,0.725,2.25,203.7,Sample Data,臺南市,安南測站
2026-07-12 06:00:00,安南測站,臺南市,87.7,50.3,82.4,42.9,0.688,3.63,240.2,Sample Data,臺南市,安南測站
2026-07-12 07:00:00,安南測站,臺南市,80.1,45.1,77.7,35.6,0.634,2.26,342.8,Sample Data,臺南市,安南測站
2026-07-12 08:00:00,安南測站,臺南市,91.4,53.8,90.8,47.6,0.647,0.78,329.7,Sample Data,臺南市,安南測站
2026-07-12 09:00:00,安南測站,臺南市,87.1,50.8,95.5,46.7,0.693,2.18,298.1,Sample Data,臺南市,安南測站
2026-07-12 10:00:00,安南測站,臺南市,77.8,44.5,73.6,37.2,0.665,2.75,340.8,Sample Data,臺南市,安南測站
2026-07-12 11:00:00,安南測站,臺南市,81.2,48.9,90.1,37.3,0.725,1.49,222.8,Sample Data,臺南市,安南測站
2026-07-12 12:00:00,安南測站,臺南市,71.2,51.5,72.1,42.7,0.619,2.63,303.4,Sample Data,臺南市,安南測站
2026-07-12 13:00:00,安南測站,臺南市,71.7,45.1,89.3,48.1,0.583,2.73,312.1,Sample Data,臺南市,安南測站
2026-07-12 14:00:00,安南測站,臺南市,74.7,47.1,94.2,53.8,0.625,1.02,304.3,Sample Data,臺南市,安南測站
2026-07-12 15:00:00,安南測站,臺南市,80.6,46.5,85.8,51.0,0.698,3.32,283.1,Sample Data,臺南市,安南測站
2026-07-12 16:00:00,安南測站,臺南市,83.7,47.2,76.5,55.2,0.633,3.2,324.1,Sample Data,臺南市,安南測站
2026-07-12 17:00:00,安南測站,臺南市,88.0,49.3,71.2,60.1,0.724,2.93,90.0,Sample Data,臺南市,安南測站
2026-07-12 18:00:00,安南測站,臺南市,86.7,45.8,73.9,57.3,0.548,1.57,345.4,Sample Data,臺南市,安南測站
2026-07-12 19:00:00,安南測站,臺南市,83.8,46.3,95.8,62.0,0.679,0.54,282.0,Sample Data,臺南市,安南測站
2026-07-12 20:00:00,安南測站,臺南市,82.9,46.8,90.4,60.0,0.707,1.5,244.7,Sample Data,臺南市,安南測站
2026-07-12 21:00:00,安南測站,臺南市,80.2,48.3,85.4,56.5,0.672,2.4,339.2,Sample Data,臺南市,安南測站
2026-07-12 22:00:00,安南測站,臺南市,88.6,45.5,73.1,60.1,0.642,2.23,12.0,Sample Data,臺南市,安南測站
2026-07-12 23:00:00,安南測站,臺南市,74.4,47.8,85.6,55.6,0.636,1.87,298.4,Sample Data,臺南市,安南測站
2026-07-13 00:00:00,安南測站,臺南市,82.4,44.3,71.0,61.2,0.743,2.21,338.2,Sample Data,臺南市,安南測站
2026-07-13 01:00:00,安南測站,臺南市,78.1,44.4,83.4,51.0,0.604,3.12,309.3,Sample Data,臺南市,安南測站
2026-07-13 02:00:00,安南測站,臺南市,85.3,45.4,73.1,46.5,0.608,1.33,17.1,Sample Data,臺南市,安南測站
2026-07-13 03:00:00,安南測站,臺南市,83.6,44.8,85.1,51.7,0.675,2.47,21.0,Sample Data,臺南市,安南測站
2026-07-13 04:00:00,安南測站,臺南市,91.0,45.4,80.6,49.7,0.701,2.21,342.7,Sample Data,臺南市,安南測站
2026-07-13 05:00:00,安南測站,臺南市,81.9,47.0,72.7,42.1,0.609,2.27,328.2,Sample Data,臺南市,安南測站
2026-07-13 06:00:00,安南測站,臺南市,90.4,48.7,91.0,50.8,0.632,1.56,344.0,Sample Data,臺南市,安南測站
2026-07-13 07:00:00,安南測站,臺南市,85.5,49.0,89.0,42.8,0.682,1.16,354.7,Sample Data,臺南市,安南測站
2026-07-13 08:00:00,安南測站,臺南市,81.3,44.5,73.5,51.0,0.646,1.51,16.7,Sample Data,臺南市,安南測站
2026-07-13 09:00:00,安南測站,臺南市,97.4,55.0,108.7,50.0,0.79,2.32,326.3,Sample Data,臺南市,安南測站
2026-07-13 10:00:00,安南測站,臺南市,86.7,50.6,106.2,49.3,0.656,2.69,38.7,Sample Data,臺南市,安南測站
2026-07-13 11:00:00,安南測站,臺南市,84.3,52.0,76.7,36.0,0.737,2.79,71.6,Sample Data,臺南市,安南測站
2026-07-13 12:00:00,安南測站,臺南市,73.3,47.5,84.2,50.2,0.652,1.03,32.1,Sample Data,臺南市,安南測站
2026-07-13 13:00:00,安南測站,臺南市,73.5,39.6,66.3,54.0,0.639,2.76,31.0,Sample Data,臺南市,安南測站
2026-07-13 14:00:00,安南測站,臺南市,83.1,44.3,70.2,55.7,0.688,1.66,347.4,Sample Data,臺南市,安南測站
2026-07-13 15:00:00,安南測站,臺南市,87.8,43.0,86.7,58.8,0.797,2.69,30.1,Sample Data,臺南市,安南測站
2026-07-13 16:00:00,安南測站,臺南市,79.7,47.3,73.2,53.3,0.599,2.27,290.6,Sample Data,臺南市,安南測站
2026-07-13 17:00:00,安南測站,臺南市,81.9,39.4,76.4,58.6,0.762,3.05,41.4,Sample Data,臺南市,安南測站
2026-07-13 18:00:00,安南測站,臺南市,84.4,46.2,77.0,62.0,0.713,1.91,78.3,Sample Data,臺南市,安南測站
2026-07-13 19:00:00,安南測站,臺南市,82.5,46.9,78.0,68.3,0.628,2.41,356.0,Sample Data,臺南市,安南測站
2026-07-13 20:00:00,安南測站,臺南市,69.8,45.4,90.1,60.1,0.624,2.5,336.3,Sample Data,臺南市,安南測站
2026-07-13 21:00:00,安南測站,臺南市,81.3,46.0,82.5,62.7,0.741,3.63,69.5,Sample Data,臺南市,安南測站
2026-07-13 22:00:00,安南測站,臺南市,78.1,49.0,73.1,54.0,0.716,1.7,55.6,Sample Data,臺南市,安南測站
2026-07-13 23:00:00,安南測站,臺南市,77.1,46.2,89.5,52.1,0.732,2.97,11.8,Sample Data,臺南市,安南測站
2026-07-14 00:00:00,安南測站,臺南市,82.2,47.7,81.9,59.4,0.63,2.06,321.2,Sample Data,臺南市,安南測站
2026-07-14 01:00:00,安南測站,臺南市,67.1,40.6,63.4,53.7,0.598,2.86,99.0,Sample Data,臺南市,安南測站
2026-07-14 02:00:00,安南測站,臺南市,67.3,40.7,74.2,47.3,0.685,1.28,22.4,Sample Data,臺南市,安南測站
2026-07-14 03:00:00,安南測站,臺南市,71.8,42.7,75.7,43.4,0.63,2.91,43.6,Sample Data,臺南市,安南測站
2026-07-14 04:00:00,安南測站,臺南市,78.9,44.2,82.7,45.2,0.699,3.17,64.0,Sample Data,臺南市,安南測站
2026-07-14 05:00:00,安南測站,臺南市,78.8,50.0,98.3,53.0,0.698,2.51,100.2,Sample Data,臺南市,安南測站
2026-07-14 06:00:00,安南測站,臺南市,71.7,42.3,70.1,37.7,0.626,2.03,324.5,Sample Data,臺南市,安南測站
2026-07-14 07:00:00,安南測站,臺南市,86.5,42.5,79.0,39.1,0.702,2.91,331.1,Sample Data,臺南市,安南測站
2026-07-14 08:00:00,安南測站,臺南市,80.9,41.2,63.5,44.6,0.559,2.51,6.5,Sample Data,臺南市,安南測站
2026-07-14 09:00:00,安南測站,臺南市,75.7,45.4,86.5,36.7,0.635,1.68,96.2,Sample Data,臺南市,安南測站
2026-07-14 10:00:00,安南測站,臺南市,83.1,50.0,83.9,40.3,0.765,1.37,314.3,Sample Data,臺南市,安南測站
2026-07-14 11:00:00,安南測站,臺南市,81.0,44.3,66.7,55.2,0.757,3.2,73.9,Sample Data,臺南市,安南測站
2026-07-14 12:00:00,安南測站,臺南市,77.2,45.4,78.1,53.3,0.624,1.93,46.3,Sample Data,臺南市,安南測站
2026-07-14 13:00:00,安南測站,臺南市,72.9,43.3,62.2,51.4,0.703,2.28,197.0,Sample Data,臺南市,安南測站
2026-07-14 14:00:00,安南測站,臺南市,78.4,52.2,87.2,49.1,0.623,1.49,317.2,Sample Data,臺南市,安南測站
2026-07-14 15:00:00,安南測站,臺南市,79.7,40.6,71.4,51.3,0.679,1.86,126.5,Sample Data,臺南市,安南測站
2026-07-14 16:00:00,安南測站,臺南市,71.3,43.7,65.5,47.7,0.682,1.34,88.3,Sample Data,臺南市,安南測站
2026-07-14 17:00:00,安南測站,臺南市,82.7,43.7,80.8,57.7,0.704,2.24,89.4,Sample Data,臺南市,安南測站
2026-07-14 18:00:00,安南測站,臺南市,82.1,45.4,86.3,51.6,0.728,1.71,97.8,Sample Data,臺南市,安南測站
2026-07-14 19:00:00,安南測站,臺南市,76.0,43.1,83.2,62.8,0.643,1.81,359.9,Sample Data,臺南市,安南測站
2026-07-14 20:00:00,安南測站,臺南市,81.3,44.5,69.7,57.7,0.591,1.15,114.5,Sample Data,臺南市,安南測站
2026-07-14 21:00:00,安南測站,臺南市,71.3,45.7,80.7,52.3,0.631,2.7,64.6,Sample Data,臺南市,安南測站
2026-07-14 22:00:00,安南測站,臺南市,78.3,40.8,59.5,53.0,0.645,2.74,93.5,Sample Data,臺南市,安南測站
2026-07-14 23:00:00,安南測站,臺南市,68.7,38.8,70.6,55.2,0.586,3.13,52.8,Sample Data,臺南市,安南測站
2026-07-15 00:00:00,安南測站,臺南市,69.2,42.7,85.9,42.4,0.657,3.57,94.3,Sample Data,臺南市,安南測站
2026-07-15 01:00:00,安南測站,臺南市,66.8,45.6,83.9,40.2,0.636,2.59,58.5,Sample Data,臺南市,安南測站
2026-07-15 02:00:00,安南測站,臺南市,77.9,47.0,65.8,48.7,0.606,2.34,195.2,Sample Data,臺南市,安南測站
2026-07-15 03:00:00,安南測站,臺南市,64.6,38.4,64.7,46.3,0.547,2.37,154.8,Sample Data,臺南市,安南測站
2026-07-15 04:00:00,安南測站,臺南市,73.6,39.3,71.3,36.7,0.646,2.52,174.7,Sample Data,臺南市,安南測站
2026-07-15 05:00:00,安南測站,臺南市,79.3,45.4,80.0,35.5,0.718,1.63,157.9,Sample Data,臺南市,安南測站
2026-07-15 06:00:00,安南測站,臺南市,75.1,43.5,71.0,37.6,0.676,1.63,113.3,Sample Data,臺南市,安南測站
2026-07-15 07:00:00,安南測站,臺南市,82.6,47.3,92.5,40.6,0.701,2.09,161.3,Sample Data,臺南市,安南測站
2026-07-15 08:00:00,安南測站,臺南市,82.3,44.4,78.8,47.7,0.675,1.14,99.8,Sample Data,臺南市,安南測站
2026-07-15 09:00:00,安南測站,臺南市,77.8,48.9,72.8,42.8,0.646,2.76,163.6,Sample Data,臺南市,安南測站
2026-07-15 10:00:00,安南測站,臺南市,82.7,46.3,91.2,50.5,0.729,3.2,146.9,Sample Data,臺南市,安南測站
2026-07-15 11:00:00,安南測站,臺南市,71.1,41.4,71.6,49.3,0.579,3.6,137.1,Sample Data,臺南市,安南測站
2026-07-15 12:00:00,安南測站,臺南市,78.1,52.9,94.0,44.4,0.602,1.93,113.5,Sample Data,臺南市,安南測站
2026-07-15 13:00:00,安南測站,臺南市,68.2,42.7,71.8,46.4,0.675,1.3,253.2,Sample Data,臺南市,安南測站
2026-07-15 14:00:00,安南測站,臺南市,72.2,44.9,95.8,52.3,0.589,1.69,118.4,Sample Data,臺南市,安南測站
2026-07-15 15:00:00,安南測站,臺南市,87.3,46.8,67.6,51.7,0.697,1.81,139.2,Sample Data,臺南市,安南測站
2026-07-15 16:00:00,安南測站,臺南市,73.4,44.4,78.2,58.3,0.456,1.66,50.9,Sample Data,臺南市,安南測站
2026-07-15 17:00:00,安南測站,臺南市,89.8,51.2,102.8,65.1,0.776,1.72,37.5,Sample Data,臺南市,安南測站
2026-07-15 18:00:00,安南測站,臺南市,80.5,48.6,86.0,56.4,0.783,2.41,94.5,Sample Data,臺南市,安南測站
2026-07-15 19:00:00,安南測站,臺南市,83.7,50.1,79.4,53.5,0.607,1.57,149.5,Sample Data,臺南市,安南測站
2026-07-15 20:00:00,安南測站,臺南市,83.7,49.0,94.9,58.4,0.643,2.84,230.4,Sample Data,臺南市,安南測站
2026-07-15 21:00:00,安南測站,臺南市,77.4,51.8,81.1,63.0,0.58,2.57,21.1,Sample Data,臺南市,安南測站
2026-07-15 22:00:00,安南測站,臺南市,82.0,43.4,87.6,61.4,0.715,2.15,153.1,Sample Data,臺南市,安南測站
2026-07-15 23:00:00,安南測站,臺南市,76.8,42.1,68.8,50.5,0.559,1.28,3.7,Sample Data,臺南市,安南測站
2026-07-16 00:00:00,安南測站,臺南市,75.3,46.2,71.0,50.7,0.58,1.89,237.8,Sample Data,臺南市,安南測站
2026-07-16 01:00:00,安南測站,臺南市,72.3,44.6,71.0,52.1,0.645,2.06,313.0,Sample Data,臺南市,安南測站
2026-07-16 02:00:00,安南測站,臺南市,82.6,41.8,74.1,44.4,0.677,2.96,221.9,Sample Data,臺南市,安南測站
2026-07-16 03:00:00,安南測站,臺南市,82.0,48.9,88.0,47.7,0.65,1.77,270.5,Sample Data,臺南市,安南測站
2026-07-16 04:00:00,安南測站,臺南市,77.1,50.6,90.5,35.6,0.753,2.17,67.1,Sample Data,臺南市,安南測站
2026-07-16 05:00:00,安南測站,臺南市,86.2,47.5,74.1,33.6,0.655,1.84,241.9,Sample Data,臺南市,安南測站
2026-07-16 06:00:00,安南測站,臺南市,96.2,49.4,94.5,45.4,0.762,1.05,305.8,Sample Data,臺南市,安南測站
2026-07-16 07:00:00,安南測站,臺南市,85.7,48.4,71.1,40.7,0.7,3.29,326.5,Sample Data,臺南市,安南測站
2026-07-16 08:00:00,安南測站,臺南市,90.4,47.4,100.5,44.4,0.766,2.48,325.5,Sample Data,臺南市,安南測站
2026-07-16 09:00:00,安南測站,臺南市,88.6,44.9,79.7,46.2,0.779,2.38,293.3,Sample Data,臺南市,安南測站
2026-07-16 10:00:00,安南測站,臺南市,87.4,50.7,79.7,44.7,0.677,2.22,184.9,Sample Data,臺南市,安南測站
2026-07-16 11:00:00,安南測站,臺南市,85.2,48.7,75.0,44.5,0.672,0.89,206.4,Sample Data,臺南市,安南測站
2026-07-16 12:00:00,安南測站,臺南市,76.6,45.7,66.8,55.8,0.633,3.19,187.0,Sample Data,臺南市,安南測站
2026-07-16 13:00:00,安南測站,臺南市,90.0,45.1,61.4,62.9,0.696,2.58,243.8,Sample Data,臺南市,安南測站
2026-07-16 14:00:00,安南測站,臺南市,82.5,48.3,74.5,53.6,0.699,3.44,199.1,Sample Data,臺南市,安南測站
2026-07-16 15:00:00,安南測站,臺南市,75.5,41.8,61.9,50.0,0.638,2.37,238.0,Sample Data,臺南市,安南測站
2026-07-16 16:00:00,安南測站,臺南市,84.1,50.2,90.2,60.8,0.663,2.99,243.0,Sample Data,臺南市,安南測站
2026-07-16 17:00:00,安南測站,臺南市,94.5,51.8,93.6,60.9,0.687,0.44,192.8,Sample Data,臺南市,安南測站
2026-07-16 18:00:00,安南測站,臺南市,92.7,52.5,90.5,59.1,0.712,1.28,117.7,Sample Data,臺南市,安南測站
2026-07-16 19:00:00,安南測站,臺南市,83.1,51.1,94.4,59.5,0.606,1.98,270.7,Sample Data,臺南市,安南測站
2026-07-16 20:00:00,安南測站,臺南市,92.6,51.3,88.3,60.2,0.861,0.55,197.2,Sample Data,臺南市,安南測站
2026-07-16 21:00:00,安南測站,臺南市,86.9,49.5,94.2,68.3,0.667,1.33,336.0,Sample Data,臺南市,安南測站
2026-07-16 22:00:00,安南測站,臺南市,88.3,51.5,69.8,58.8,0.625,2.19,281.9,Sample Data,臺南市,安南測站
2026-07-16 23:00:00,安南測站,臺南市,88.5,48.0,70.1,60.5,0.735,1.46,278.2,Sample Data,臺南市,安南測站
2026-07-17 00:00:00,安南測站,臺南市,88.0,48.4,85.3,56.5,0.658,1.32,280.7,Sample Data,臺南市,安南測站
2026-07-17 01:00:00,安南測站,臺南市,86.8,54.3,82.5,59.9,0.746,0.64,198.3,Sample Data,臺南市,安南測站
2026-07-17 02:00:00,安南測站,臺南市,80.3,48.8,73.3,50.9,0.521,2.65,305.7,Sample Data,臺南市,安南測站
2026-07-17 03:00:00,安南測站,臺南市,78.8,42.4,66.9,43.9,0.666,1.3,314.5,Sample Data,臺南市,安南測站
2026-07-17 04:00:00,安南測站,臺南市,84.3,48.0,87.3,49.9,0.661,2.61,306.5,Sample Data,臺南市,安南測站
2026-07-17 05:00:00,安南測站,臺南市,87.8,53.1,84.6,41.0,0.734,1.84,228.7,Sample Data,臺南市,安南測站
2026-07-17 06:00:00,安南測站,臺南市,97.5,55.8,87.5,53.1,0.768,2.19,275.8,Sample Data,臺南市,安南測站
2026-07-17 07:00:00,安南測站,臺南市,89.1,47.1,75.0,45.0,0.705,1.27,2.2,Sample Data,臺南市,安南測站
2026-07-17 08:00:00,安南測站,臺南市,97.8,51.5,89.9,43.8,0.669,1.98,293.9,Sample Data,臺南市,安南測站
2026-07-17 09:00:00,安南測站,臺南市,93.7,53.0,91.6,47.3,0.739,1.03,344.8,Sample Data,臺南市,安南測站
2026-07-17 10:00:00,安南測站,臺南市,96.8,53.0,92.8,49.2,0.739,2.85,275.6,Sample Data,臺南市,安南測站
2026-07-17 11:00:00,安南測站,臺南市,96.1,52.4,107.9,55.6,0.782,1.87,248.7,Sample Data,臺南市,安南測站
2026-07-17 12:00:00,安南測站,臺南市,78.1,38.4,54.8,45.9,0.703,2.08,32.2,Sample Data,臺南市,安南測站
2026-07-17 13:00:00,安南測站,臺南市,80.4,43.4,88.7,54.7,0.633,1.38,15.2,Sample Data,臺南市,安南測站
2026-07-17 14:00:00,安南測站,臺南市,76.8,48.5,96.1,55.8,0.67,1.97,10.8,Sample Data,臺南市,安南測站
2026-07-17 15:00:00,安南測站,臺南市,87.3,59.0,106.0,60.3,0.694,2.59,236.6,Sample Data,臺南市,安南測站
2026-07-17 16:00:00,安南測站,臺南市,88.7,49.7,76.0,53.1,0.722,3.03,231.9,Sample Data,臺南市,安南測站
2026-07-17 17:00:00,安南測站,臺南市,84.3,50.8,79.9,59.1,0.661,3.1,354.0,Sample Data,臺南市,安南測站
2026-07-17 18:00:00,安南測站,臺南市,93.1,42.9,59.1,61.1,0.724,3.29,292.1,Sample Data,臺南市,安南測站
2026-07-17 19:00:00,安南測站,臺南市,83.4,51.4,104.4,65.8,0.763,1.46,232.5,Sample Data,臺南市,安南測站
2026-07-17 20:00:00,安南測站,臺南市,91.9,48.3,72.6,64.0,0.738,1.87,235.6,Sample Data,臺南市,安南測站
2026-07-17 21:00:00,安南測站,臺南市,90.8,49.6,78.6,60.7,0.677,2.01,6.9,Sample Data,臺南市,安南測站
2026-07-17 22:00:00,安南測站,臺南市,84.4,47.3,78.7,53.8,0.738,1.72,20.7,Sample Data,臺南市,安南測站
2026-07-17 23:00:00,安南測站,臺南市,85.4,50.1,84.3,55.2,0.719,0.57,29.4,Sample Data,臺南市,安南測站
2026-07-18 00:00:00,安南測站,臺南市,70.9,43.8,63.5,44.8,0.625,2.67,211.6,Sample Data,臺南市,安南測站
2026-07-18 01:00:00,安南測站,臺南市,66.6,45.7,69.3,43.9,0.633,1.47,319.4,Sample Data,臺南市,安南測站
2026-07-18 02:00:00,安南測站,臺南市,66.4,42.4,81.2,46.0,0.567,3.08,277.4,Sample Data,臺南市,安南測站
2026-07-18 03:00:00,安南測站,臺南市,72.6,42.6,83.1,48.9,0.63,0.2,309.3,Sample Data,臺南市,安南測站
2026-07-18 04:00:00,安南測站,臺南市,81.1,45.5,89.4,46.0,0.63,1.95,289.4,Sample Data,臺南市,安南測站
2026-07-18 05:00:00,安南測站,臺南市,77.5,45.8,72.2,38.6,0.722,2.79,332.3,Sample Data,臺南市,安南測站
2026-07-18 06:00:00,安南測站,臺南市,78.4,48.9,84.3,46.8,0.629,3.31,56.5,Sample Data,臺南市,安南測站
2026-07-18 07:00:00,安南測站,臺南市,82.9,45.6,87.5,38.5,0.701,1.38,326.4,Sample Data,臺南市,安南測站
2026-07-18 08:00:00,安南測站,臺南市,81.5,42.5,73.8,46.9,0.656,1.83,298.2,Sample Data,臺南市,安南測站
2026-07-18 09:00:00,安南測站,臺南市,81.2,46.6,86.7,50.9,0.69,1.43,292.1,Sample Data,臺南市,安南測站
2026-07-18 10:00:00,安南測站,臺南市,79.5,43.0,76.7,47.2,0.615,2.79,11.7,Sample Data,臺南市,安南測站
2026-07-18 11:00:00,安南測站,臺南市,70.0,43.3,67.2,44.2,0.686,2.94,1.5,Sample Data,臺南市,安南測站
2026-07-18 12:00:00,安南測站,臺南市,72.1,42.7,57.1,46.7,0.658,2.19,311.7,Sample Data,臺南市,安南測站
2026-07-18 13:00:00,安南測站,臺南市,70.7,48.0,71.7,55.9,0.752,1.92,349.5,Sample Data,臺南市,安南測站
2026-07-18 14:00:00,安南測站,臺南市,74.4,42.1,65.5,52.4,0.606,1.66,256.8,Sample Data,臺南市,安南測站
2026-07-18 15:00:00,安南測站,臺南市,80.0,49.0,81.5,45.3,0.624,1.95,309.5,Sample Data,臺南市,安南測站
2026-07-18 16:00:00,安南測站,臺南市,66.6,40.0,63.9,56.6,0.7,2.79,2.3,Sample Data,臺南市,安南測站
2026-07-18 17:00:00,安南測站,臺南市,86.3,43.0,61.3,62.6,0.699,1.26,335.0,Sample Data,臺南市,安南測站
2026-07-18 18:00:00,安南測站,臺南市,71.8,40.5,63.0,63.7,0.577,2.59,30.5,Sample Data,臺南市,安南測站
2026-07-18 19:00:00,安南測站,臺南市,81.1,47.2,89.0,54.9,0.703,2.05,338.3,Sample Data,臺南市,安南測站
2026-07-18 20:00:00,安南測站,臺南市,77.3,48.3,86.0,52.5,0.558,2.0,67.6,Sample Data,臺南市,安南測站
2026-07-18 21:00:00,安南測站,臺南市,67.9,47.6,81.9,53.6,0.653,1.62,19.9,Sample Data,臺南市,安南測站
2026-07-18 22:00:00,安南測站,臺南市,65.8,41.1,64.9,57.0,0.593,2.71,39.5,Sample Data,臺南市,安南測站
2026-07-18 23:00:00,安南測站,臺南市,74.2,43.9,76.2,51.8,0.658,3.85,339.2,Sample Data,臺南市,安南測站
2026-07-19 00:00:00,安南測站,臺南市,74.0,43.3,85.8,53.2,0.625,2.04,356.3,Sample Data,臺南市,安南測站
2026-07-19 01:00:00,安南測站,臺南市,66.1,42.3,59.1,46.6,0.658,2.98,40.3,Sample Data,臺南市,安南測站
2026-07-19 02:00:00,安南測站,臺南市,78.7,44.2,61.9,45.7,0.744,1.89,318.0,Sample Data,臺南市,安南測站
2026-07-19 03:00:00,安南測站,臺南市,70.2,45.0,81.7,39.0,0.605,2.65,41.0,Sample Data,臺南市,安南測站
2026-07-19 04:00:00,安南測站,臺南市,68.3,41.8,61.4,37.9,0.612,2.02,81.9,Sample Data,臺南市,安南測站
2026-07-19 05:00:00,安南測站,臺南市,72.4,45.9,65.6,37.8,0.585,1.85,101.9,Sample Data,臺南市,安南測站
2026-07-19 06:00:00,安南測站,臺南市,74.8,43.7,70.0,39.9,0.694,1.74,56.9,Sample Data,臺南市,安南測站
2026-07-19 07:00:00,安南測站,臺南市,69.8,40.7,69.0,38.8,0.694,2.08,40.5,Sample Data,臺南市,安南測站
2026-07-19 08:00:00,安南測站,臺南市,85.5,44.1,84.0,42.4,0.713,2.49,112.0,Sample Data,臺南市,安南測站
2026-07-19 09:00:00,安南測站,臺南市,74.2,43.6,63.4,41.0,0.655,3.52,331.7,Sample Data,臺南市,安南測站
2026-07-19 10:00:00,安南測站,臺南市,68.6,39.4,66.0,44.1,0.667,1.91,102.7,Sample Data,臺南市,安南測站
2026-07-19 11:00:00,安南測站,臺南市,66.2,44.5,68.5,46.3,0.534,2.78,125.9,Sample Data,臺南市,安南測站
2026-07-19 12:00:00,安南測站,臺南市,69.9,40.2,68.2,46.9,0.619,3.27,0.7,Sample Data,臺南市,安南測站
2026-07-19 13:00:00,安南測站,臺南市,63.7,37.2,69.7,59.3,0.635,2.58,89.0,Sample Data,臺南市,安南測站
2026-07-19 14:00:00,安南測站,臺南市,64.1,42.8,70.9,49.2,0.59,3.57,70.8,Sample Data,臺南市,安南測站
2026-07-19 15:00:00,安南測站,臺南市,63.8,43.1,68.0,45.3,0.576,1.94,69.1,Sample Data,臺南市,安南測站
2026-07-19 16:00:00,安南測站,臺南市,74.0,42.7,82.0,53.8,0.763,2.39,15.7,Sample Data,臺南市,安南測站
2026-07-19 17:00:00,安南測站,臺南市,68.6,40.6,62.2,50.5,0.59,3.09,58.4,Sample Data,臺南市,安南測站
2026-07-19 18:00:00,安南測站,臺南市,77.2,40.5,62.4,59.2,0.596,3.62,359.8,Sample Data,臺南市,安南測站
2026-07-19 19:00:00,安南測站,臺南市,78.5,48.5,72.5,66.0,0.777,2.01,101.7,Sample Data,臺南市,安南測站
2026-07-19 20:00:00,安南測站,臺南市,67.5,39.7,73.0,49.1,0.624,2.5,62.9,Sample Data,臺南市,安南測站
2026-07-19 21:00:00,安南測站,臺南市,64.3,43.7,70.6,57.0,0.544,2.05,132.4,Sample Data,臺南市,安南測站
2026-07-19 22:00:00,安南測站,臺南市,58.9,41.8,67.8,52.4,0.563,1.98,37.2,Sample Data,臺南市,安南測站
2026-07-19 23:00:00,安南測站,臺南市,64.2,46.3,68.8,49.1,0.564,2.04,120.8,Sample Data,臺南市,安南測站
2026-07-20 00:00:00,安南測站,臺南市,76.4,52.1,101.1,53.6,0.628,1.46,123.1,Sample Data,臺南市,安南測站
2026-07-20 01:00:00,安南測站,臺南市,81.9,47.5,78.4,49.8,0.613,2.12,148.6,Sample Data,臺南市,安南測站
2026-07-20 02:00:00,安南測站,臺南市,68.0,33.5,55.2,41.7,0.566,2.57,91.6,Sample Data,臺南市,安南測站
2026-07-20 03:00:00,安南測站,臺南市,76.4,48.2,89.9,45.1,0.636,0.95,222.3,Sample Data,臺南市,安南測站
2026-07-20 04:00:00,安南測站,臺南市,76.2,43.9,65.8,40.3,0.64,0.67,94.0,Sample Data,臺南市,安南測站
2026-07-20 05:00:00,安南測站,臺南市,72.6,43.9,65.3,46.4,0.6,1.59,28.0,Sample Data,臺南市,安南測站
2026-07-20 06:00:00,安南測站,臺南市,75.8,41.0,63.0,44.0,0.714,1.58,106.9,Sample Data,臺南市,安南測站
2026-07-20 07:00:00,安南測站,臺南市,89.1,48.9,89.7,46.9,0.725,2.99,125.2,Sample Data,臺南市,安南測站
2026-07-20 08:00:00,安南測站,臺南市,87.0,47.3,84.7,36.3,0.727,1.33,70.4,Sample Data,臺南市,安南測站
2026-07-20 09:00:00,安南測站,臺南市,89.2,51.3,63.1,46.6,0.738,2.37,160.9,Sample Data,臺南市,安南測站
2026-07-20 10:00:00,安南測站,臺南市,78.3,44.6,85.6,44.5,0.67,2.71,60.6,Sample Data,臺南市,安南測站
2026-07-20 11:00:00,安南測站,臺南市,67.7,42.1,75.1,37.2,0.661,1.72,228.6,Sample Data,臺南市,安南測站
2026-07-20 12:00:00,安南測站,臺南市,77.1,42.3,76.2,47.6,0.644,2.5,172.9,Sample Data,臺南市,安南測站
2026-07-20 13:00:00,安南測站,臺南市,70.1,43.2,83.0,49.9,0.622,1.88,113.9,Sample Data,臺南市,安南測站
2026-07-20 14:00:00,安南測站,臺南市,69.6,45.5,72.5,50.7,0.612,2.27,100.2,Sample Data,臺南市,安南測站
2026-07-20 15:00:00,安南測站,臺南市,79.2,45.1,82.7,56.3,0.628,2.04,241.0,Sample Data,臺南市,安南測站
2026-07-20 16:00:00,安南測站,臺南市,79.3,46.1,85.6,54.7,0.62,2.14,192.2,Sample Data,臺南市,安南測站
2026-07-20 17:00:00,安南測站,臺南市,90.3,44.3,68.7,64.1,0.673,0.87,86.8,Sample Data,臺南市,安南測站
2026-07-20 18:00:00,安南測站,臺南市,83.3,48.6,89.5,64.0,0.677,2.28,333.1,Sample Data,臺南市,安南測站
2026-07-20 19:00:00,安南測站,臺南市,84.2,45.1,78.3,61.3,0.689,3.11,239.6,Sample Data,臺南市,安南測站
2026-07-20 20:00:00,安南測站,臺南市,81.4,44.6,66.5,62.6,0.689,3.98,249.0,Sample Data,臺南市,安南測站
2026-07-20 21:00:00,安南測站,臺南市,74.2,43.3,60.1,56.8,0.574,3.36,234.7,Sample Data,臺南市,安南測站
2026-07-20 22:00:00,安南測站,臺南市,76.6,44.4,85.6,51.8,0.592,1.97,197.7,Sample Data,臺南市,安南測站
2026-07-20 23:00:00,安南測站,臺南市,74.6,46.3,73.4,51.4,0.566,1.62,160.8,Sample Data,臺南市,安南測站
2026-07-21 00:00:00,安南測站,臺南市,73.2,46.1,74.7,49.4,0.618,1.98,166.3,Sample Data,臺南市,安南測站
2026-07-21 01:00:00,安南測站,臺南市,79.3,40.3,72.1,48.5,0.579,1.89,198.3,Sample Data,臺南市,安南測站
2026-07-21 02:00:00,安南測站,臺南市,79.8,42.6,69.8,45.6,0.66,0.69,136.7,Sample Data,臺南市,安南測站
2026-07-21 03:00:00,安南測站,臺南市,79.4,48.9,85.9,46.6,0.594,3.04,120.1,Sample Data,臺南市,安南測站
2026-07-21 04:00:00,安南測站,臺南市,80.7,43.6,90.5,42.8,0.75,1.41,106.2,Sample Data,臺南市,安南測站
2026-07-21 05:00:00,安南測站,臺南市,78.9,54.6,94.2,44.3,0.631,4.06,220.2,Sample Data,臺南市,安南測站
2026-07-21 06:00:00,安南測站,臺南市,86.9,50.8,87.0,42.0,0.743,1.13,194.3,Sample Data,臺南市,安南測站
2026-07-21 07:00:00,安南測站,臺南市,88.2,43.4,72.0,37.1,0.771,2.35,220.0,Sample Data,臺南市,安南測站
2026-07-21 08:00:00,安南測站,臺南市,91.3,45.6,76.3,41.5,0.724,1.35,228.8,Sample Data,臺南市,安南測站
2026-07-21 09:00:00,安南測站,臺南市,92.4,44.3,61.6,37.9,0.69,3.93,249.6,Sample Data,臺南市,安南測站
2026-07-21 10:00:00,安南測站,臺南市,93.2,51.2,99.6,44.4,0.747,2.78,248.5,Sample Data,臺南市,安南測站
2026-07-21 11:00:00,安南測站,臺南市,89.2,51.2,92.2,56.3,0.734,1.74,148.1,Sample Data,臺南市,安南測站
2026-07-21 12:00:00,安南測站,臺南市,77.5,42.7,74.8,52.2,0.654,2.22,151.9,Sample Data,臺南市,安南測站
2026-07-21 13:00:00,安南測站,臺南市,77.6,39.0,61.5,44.0,0.72,2.44,225.6,Sample Data,臺南市,安南測站
2026-07-21 14:00:00,安南測站,臺南市,84.3,50.1,84.1,56.3,0.703,2.9,153.3,Sample Data,臺南市,安南測站
2026-07-21 15:00:00,安南測站,臺南市,81.1,47.6,71.1,55.6,0.711,2.03,255.1,Sample Data,臺南市,安南測站
2026-07-21 16:00:00,安南測站,臺南市,89.7,48.6,89.6,54.9,0.746,1.18,184.3,Sample Data,臺南市,安南測站
2026-07-21 17:00:00,安南測站,臺南市,96.4,46.5,82.2,66.0,0.702,1.52,221.6,Sample Data,臺南市,安南測站
2026-07-21 18:00:00,安南測站,臺南市,98.3,47.6,86.4,56.5,0.702,1.83,232.1,Sample Data,臺南市,安南測站
2026-07-21 19:00:00,安南測站,臺南市,84.0,48.2,75.3,66.6,0.697,1.38,326.1,Sample Data,臺南市,安南測站
2026-07-21 20:00:00,安南測站,臺南市,85.8,48.1,74.7,58.2,0.668,1.94,212.4,Sample Data,臺南市,安南測站
2026-07-21 21:00:00,安南測站,臺南市,91.2,45.1,66.2,60.1,0.763,0.93,274.2,Sample Data,臺南市,安南測站
2026-07-21 22:00:00,安南測站,臺南市,77.8,44.1,74.4,53.5,0.732,2.33,270.2,Sample Data,臺南市,安南測站
2026-07-21 23:00:00,安南測站,臺南市,77.5,47.8,79.1,48.6,0.626,2.24,217.3,Sample Data,臺南市,安南測站
2026-07-22 00:00:00,安南測站,臺南市,95.2,48.4,84.5,57.1,0.803,2.01,240.0,Sample Data,臺南市,安南測站
2026-07-22 01:00:00,安南測站,臺南市,77.3,49.2,74.3,40.0,0.642,1.89,154.6,Sample Data,臺南市,安南測站
2026-07-22 02:00:00,安南測站,臺南市,87.7,46.4,88.7,46.7,0.766,3.16,227.3,Sample Data,臺南市,安南測站
2026-07-22 03:00:00,安南測站,臺南市,77.8,39.2,56.6,46.6,0.622,1.62,230.1,Sample Data,臺南市,安南測站
2026-07-22 04:00:00,安南測站,臺南市,77.3,43.9,85.7,43.4,0.594,2.94,255.2,Sample Data,臺南市,安南測站
2026-07-22 05:00:00,安南測站,臺南市,93.2,50.1,94.9,48.0,0.726,2.56,355.3,Sample Data,臺南市,安南測站
2026-07-22 06:00:00,安南測站,臺南市,85.6,49.4,99.6,41.0,0.667,1.65,236.8,Sample Data,臺南市,安南測站
2026-07-22 07:00:00,安南測站,臺南市,88.9,48.0,89.4,43.4,0.712,1.82,276.8,Sample Data,臺南市,安南測站
2026-07-22 08:00:00,安南測站,臺南市,93.6,51.8,98.6,39.5,0.761,1.56,225.8,Sample Data,臺南市,安南測站
2026-07-22 09:00:00,安南測站,臺南市,87.3,44.3,83.8,41.5,0.585,2.29,217.7,Sample Data,臺南市,安南測站
2026-07-22 10:00:00,安南測站,臺南市,93.1,48.1,98.6,49.4,0.661,1.19,183.9,Sample Data,臺南市,安南測站
2026-07-22 11:00:00,安南測站,臺南市,98.6,48.1,73.2,45.8,0.75,1.66,329.1,Sample Data,臺南市,安南測站
2026-07-22 12:00:00,安南測站,臺南市,87.7,46.3,65.2,40.5,0.684,2.02,225.1,Sample Data,臺南市,安南測站
2026-07-22 13:00:00,安南測站,臺南市,77.0,45.4,70.0,47.8,0.659,1.78,264.1,Sample Data,臺南市,安南測站
2026-07-22 14:00:00,安南測站,臺南市,74.7,44.8,70.5,58.6,0.644,2.1,321.5,Sample Data,臺南市,安南測站
2026-07-22 15:00:00,安南測站,臺南市,96.5,50.9,95.2,55.1,0.643,3.1,18.5,Sample Data,臺南市,安南測站
2026-07-22 16:00:00,安南測站,臺南市,83.9,44.4,61.4,56.8,0.644,1.8,222.8,Sample Data,臺南市,安南測站
2026-07-22 17:00:00,安南測站,臺南市,95.0,53.4,99.9,64.1,0.732,3.14,230.6,Sample Data,臺南市,安南測站
2026-07-22 18:00:00,安南測站,臺南市,96.0,49.7,83.6,72.2,0.727,2.23,280.1,Sample Data,臺南市,安南測站
2026-07-22 19:00:00,安南測站,臺南市,88.9,44.9,80.9,61.1,0.706,1.45,319.4,Sample Data,臺南市,安南測站
2026-07-22 20:00:00,安南測站,臺南市,80.2,43.9,83.6,52.1,0.603,0.7,263.0,Sample Data,臺南市,安南測站
2026-07-22 21:00:00,安南測站,臺南市,82.5,49.7,72.5,59.6,0.651,3.79,282.5,Sample Data,臺南市,安南測站
2026-07-22 22:00:00,安南測站,臺南市,84.6,49.8,85.4,55.5,0.697,2.14,310.3,Sample Data,臺南市,安南測站
2026-07-22 23:00:00,安南測站,臺南市,75.5,50.7,85.7,51.7,0.561,2.73,319.8,Sample Data,臺南市,安南測站
2026-07-23 00:00:00,安南測站,臺南市,80.4,43.8,86.2,56.7,0.705,1.04,313.8,Sample Data,臺南市,安南測站
2026-07-23 01:00:00,安南測站,臺南市,81.4,44.3,70.2,56.3,0.608,2.15,318.4,Sample Data,臺南市,安南測站
2026-07-23 02:00:00,安南測站,臺南市,79.1,45.0,67.0,44.9,0.659,1.25,356.2,Sample Data,臺南市,安南測站
2026-07-23 03:00:00,安南測站,臺南市,76.4,43.5,68.1,43.2,0.702,1.5,0.4,Sample Data,臺南市,安南測站
2026-07-23 04:00:00,安南測站,臺南市,85.0,50.9,88.5,41.4,0.725,2.73,292.5,Sample Data,臺南市,安南測站
2026-07-23 05:00:00,安南測站,臺南市,84.3,55.4,110.9,49.6,0.806,2.25,47.9,Sample Data,臺南市,安南測站
2026-07-23 06:00:00,安南測站,臺南市,81.1,46.5,61.0,35.2,0.688,2.43,284.7,Sample Data,臺南市,安南測站
2026-07-23 07:00:00,安南測站,臺南市,96.4,46.8,66.9,45.5,0.784,2.44,23.9,Sample Data,臺南市,安南測站
2026-07-23 08:00:00,安南測站,臺南市,93.0,45.5,79.0,44.1,0.705,2.21,321.3,Sample Data,臺南市,安南測站
2026-07-23 09:00:00,安南測站,臺南市,87.2,52.8,104.6,39.6,0.729,1.53,353.1,Sample Data,臺南市,安南測站
2026-07-23 10:00:00,安南測站,臺南市,138.3,60.4,108.5,53.2,0.908,1.48,257.1,Sample Data,臺南市,安南測站
2026-07-23 11:00:00,安南測站,臺南市,71.8,41.8,78.4,45.5,0.659,3.51,355.8,Sample Data,臺南市,安南測站
2026-07-23 12:00:00,安南測站,臺南市,78.7,45.8,81.6,51.0,0.701,2.51,83.1,Sample Data,臺南市,安南測站
2026-07-23 13:00:00,安南測站,臺南市,77.5,43.8,79.2,45.0,0.618,1.37,21.9,Sample Data,臺南市,安南測站
2026-07-23 14:00:00,安南測站,臺南市,79.7,40.8,82.5,54.8,0.682,1.67,21.8,Sample Data,臺南市,安南測站
2026-07-23 15:00:00,安南測站,臺南市,79.5,43.7,65.0,48.4,0.593,2.0,322.4,Sample Data,臺南市,安南測站
2026-07-23 16:00:00,安南測站,臺南市,80.5,41.5,76.2,60.6,0.72,2.56,26.6,Sample Data,臺南市,安南測站
2026-07-23 17:00:00,安南測站,臺南市,84.7,44.6,83.3,57.1,0.71,1.59,340.3,Sample Data,臺南市,安南測站
2026-07-23 18:00:00,安南測站,臺南市,88.9,49.6,71.3,61.6,0.611,1.48,308.4,Sample Data,臺南市,安南測站
2026-07-23 19:00:00,安南測站,臺南市,83.7,50.4,92.7,57.1,0.641,3.48,24.7,Sample Data,臺南市,安南測站
2026-07-23 20:00:00,安南測站,臺南市,81.8,40.3,69.3,57.2,0.676,2.19,57.0,Sample Data,臺南市,安南測站
2026-07-23 21:00:00,安南測站,臺南市,68.5,40.1,75.4,53.7,0.611,1.77,37.6,Sample Data,臺南市,安南測站
2026-07-23 22:00:00,安南測站,臺南市,78.3,46.0,75.2,53.6,0.697,1.55,335.0,Sample Data,臺南市,安南測站
2026-07-23 23:00:00,安南測站,臺南市,73.6,44.6,84.8,54.0,0.585,1.21,55.3,Sample Data,臺南市,安南測站
2026-07-24 00:00:00,安南測站,臺南市,68.7,49.9,82.9,50.5,0.663,0.61,329.8,Sample Data,臺南市,安南測站
2026-07-24 01:00:00,安南測站,臺南市,78.3,50.3,88.2,50.2,0.677,2.26,35.7,Sample Data,臺南市,安南測站
2026-07-24 02:00:00,安南測站,臺南市,63.6,41.1,69.1,35.9,0.612,2.96,358.3,Sample Data,臺南市,安南測站
2026-07-24 03:00:00,安南測站,臺南市,71.9,42.8,85.5,45.5,0.676,2.98,35.6,Sample Data,臺南市,安南測站
2026-07-24 04:00:00,安南測站,臺南市,87.5,52.7,89.4,37.6,0.698,3.2,201.0,Sample Data,臺南市,安南測站
2026-07-24 05:00:00,安南測站,臺南市,74.4,45.9,85.9,36.9,0.767,1.99,346.6,Sample Data,臺南市,安南測站
2026-07-24 06:00:00,安南測站,臺南市,76.8,43.0,72.3,41.1,0.679,3.21,91.4,Sample Data,臺南市,安南測站
2026-07-24 07:00:00,安南測站,臺南市,89.2,46.6,75.5,42.8,0.724,2.35,330.4,Sample Data,臺南市,安南測站
2026-07-24 08:00:00,安南測站,臺南市,81.7,45.9,73.3,40.9,0.674,1.77,118.6,Sample Data,臺南市,安南測站
2026-07-24 09:00:00,安南測站,臺南市,87.4,47.1,78.0,48.1,0.649,2.58,101.2,Sample Data,臺南市,安南測站
2026-07-24 10:00:00,安南測站,臺南市,72.7,44.0,62.1,43.4,0.643,2.2,330.8,Sample Data,臺南市,安南測站
2026-07-24 11:00:00,安南測站,臺南市,78.3,45.8,79.8,45.3,0.671,1.46,154.7,Sample Data,臺南市,安南測站
2026-07-24 12:00:00,安南測站,臺南市,70.4,42.8,85.7,44.3,0.636,2.7,65.5,Sample Data,臺南市,安南測站
2026-07-24 13:00:00,安南測站,臺南市,76.5,41.6,72.4,51.6,0.532,2.09,8.2,Sample Data,臺南市,安南測站
2026-07-24 14:00:00,安南測站,臺南市,79.1,44.8,77.8,53.7,0.657,4.08,142.8,Sample Data,臺南市,安南測站
2026-07-24 15:00:00,安南測站,臺南市,80.2,52.3,76.2,53.7,0.678,0.2,81.1,Sample Data,臺南市,安南測站
2026-07-24 16:00:00,安南測站,臺南市,78.4,45.4,70.3,49.8,0.742,1.97,330.6,Sample Data,臺南市,安南測站
2026-07-24 17:00:00,安南測站,臺南市,78.8,48.6,81.1,54.8,0.641,1.84,17.7,Sample Data,臺南市,安南測站
2026-07-24 18:00:00,安南測站,臺南市,80.5,42.3,76.0,54.8,0.628,1.83,88.3,Sample Data,臺南市,安南測站
2026-07-24 19:00:00,安南測站,臺南市,81.1,47.9,76.6,59.5,0.601,0.99,183.0,Sample Data,臺南市,安南測站
2026-07-24 20:00:00,安南測站,臺南市,79.9,46.8,80.1,60.4,0.642,2.87,67.1,Sample Data,臺南市,安南測站
2026-07-24 21:00:00,安南測站,臺南市,70.1,38.7,72.2,53.5,0.545,2.46,63.2,Sample Data,臺南市,安南測站
2026-07-24 22:00:00,安南測站,臺南市,80.4,49.5,74.2,53.4,0.605,2.09,147.0,Sample Data,臺南市,安南測站
2026-07-24 23:00:00,安南測站,臺南市,71.3,42.6,76.4,54.5,0.552,3.15,72.9,Sample Data,臺南市,安南測站
2026-07-25 00:00:00,安南測站,臺南市,65.1,42.6,76.0,46.2,0.548,0.67,179.6,Sample Data,臺南市,安南測站
2026-07-25 01:00:00,安南測站,臺南市,64.3,45.7,81.0,43.8,0.518,2.88,118.2,Sample Data,臺南市,安南測站
2026-07-25 02:00:00,安南測站,臺南市,62.1,44.1,70.2,39.1,0.625,2.37,173.7,Sample Data,臺南市,安南測站
2026-07-25 03:00:00,安南測站,臺南市,69.6,45.8,78.8,47.3,0.642,2.41,156.2,Sample Data,臺南市,安南測站
2026-07-25 04:00:00,安南測站,臺南市,63.0,46.7,93.4,37.8,0.548,2.57,58.1,Sample Data,臺南市,安南測站
2026-07-25 05:00:00,安南測站,臺南市,78.4,41.8,72.7,42.6,0.704,2.52,204.0,Sample Data,臺南市,安南測站
2026-07-25 06:00:00,安南測站,臺南市,67.2,45.1,87.2,42.5,0.515,3.7,118.0,Sample Data,臺南市,安南測站
2026-07-25 07:00:00,安南測站,臺南市,67.4,41.1,59.8,29.7,0.606,1.8,164.8,Sample Data,臺南市,安南測站
2026-07-25 08:00:00,安南測站,臺南市,72.1,51.1,93.4,41.8,0.532,1.89,230.1,Sample Data,臺南市,安南測站
2026-07-25 09:00:00,安南測站,臺南市,150.0,61.6,104.0,54.7,1.123,0.24,129.6,Sample Data,臺南市,安南測站
2026-07-25 10:00:00,安南測站,臺南市,68.0,41.2,59.1,44.6,0.509,3.18,197.9,Sample Data,臺南市,安南測站
2026-07-25 11:00:00,安南測站,臺南市,71.5,44.5,73.9,36.4,0.657,1.72,186.4,Sample Data,臺南市,安南測站
2026-07-25 12:00:00,安南測站,臺南市,64.4,44.6,70.5,37.6,0.502,2.26,223.0,Sample Data,臺南市,安南測站
2026-07-25 13:00:00,安南測站,臺南市,70.1,45.4,82.5,50.0,0.585,2.05,136.6,Sample Data,臺南市,安南測站
2026-07-25 14:00:00,安南測站,臺南市,65.9,42.6,59.3,48.2,0.601,1.55,173.0,Sample Data,臺南市,安南測站
2026-07-25 15:00:00,安南測站,臺南市,68.3,44.0,77.0,55.4,0.553,2.66,232.5,Sample Data,臺南市,安南測站
2026-07-25 16:00:00,安南測站,臺南市,69.1,41.0,59.0,50.5,0.558,2.8,117.9,Sample Data,臺南市,安南測站
2026-07-25 17:00:00,安南測站,臺南市,75.2,42.8,67.3,51.0,0.566,2.68,201.1,Sample Data,臺南市,安南測站
2026-07-25 18:00:00,安南測站,臺南市,84.2,43.4,73.1,58.5,0.653,2.06,191.1,Sample Data,臺南市,安南測站
2026-07-25 19:00:00,安南測站,臺南市,79.8,44.3,74.8,56.0,0.598,3.4,142.6,Sample Data,臺南市,安南測站
2026-07-25 20:00:00,安南測站,臺南市,73.3,43.6,71.1,55.2,0.686,2.64,157.5,Sample Data,臺南市,安南測站
2026-07-25 21:00:00,安南測站,臺南市,69.3,46.9,73.0,59.2,0.574,2.88,32.7,Sample Data,臺南市,安南測站
2026-07-25 22:00:00,安南測站,臺南市,69.1,47.1,86.9,50.0,0.626,2.28,187.4,Sample Data,臺南市,安南測站
2026-07-25 23:00:00,安南測站,臺南市,80.4,50.2,101.5,51.0,0.639,1.06,107.2,Sample Data,臺南市,安南測站
2026-06-26 01:00:00,宜蘭測站,宜蘭縣,44.7,19.1,34.0,36.4,0.472,3.33,140.8,Sample Data,宜蘭縣,宜蘭測站
2026-06-26 02:00:00,宜蘭測站,宜蘭縣,43.9,26.2,39.9,38.4,0.419,2.27,125.1,Sample Data,宜蘭縣,宜蘭測站
2026-06-26 03:00:00,宜蘭測站,宜蘭縣,42.1,19.3,37.9,40.8,0.418,2.17,235.9,Sample Data,宜蘭縣,宜蘭測站
2026-06-26 04:00:00,宜蘭測站,宜蘭縣,46.9,22.4,44.0,28.0,0.529,3.33,170.6,Sample Data,宜蘭縣,宜蘭測站
2026-06-26 05:00:00,宜蘭測站,宜蘭縣,38.5,26.5,52.3,26.5,0.397,2.98,251.5,Sample Data,宜蘭縣,宜蘭測站
2026-06-26 06:00:00,宜蘭測站,宜蘭縣,43.7,23.2,33.9,31.2,0.513,1.14,270.6,Sample Data,宜蘭縣,宜蘭測站
2026-06-26 07:00:00,宜蘭測站,宜蘭縣,52.7,29.5,57.4,42.3,0.492,2.59,146.5,Sample Data,宜蘭縣,宜蘭測站
2026-06-26 08:00:00,宜蘭測站,宜蘭縣,55.1,28.4,41.6,30.3,0.546,1.87,172.2,Sample Data,宜蘭縣,宜蘭測站
2026-06-26 09:00:00,宜蘭測站,宜蘭縣,57.5,28.3,55.0,40.6,0.554,2.23,146.6,Sample Data,宜蘭縣,宜蘭測站
2026-06-26 10:00:00,宜蘭測站,宜蘭縣,40.1,17.9,24.0,27.1,0.45,2.86,232.8,Sample Data,宜蘭縣,宜蘭測站
2026-06-26 11:00:00,宜蘭測站,宜蘭縣,47.2,24.1,41.4,36.6,0.501,3.3,256.6,Sample Data,宜蘭縣,宜蘭測站
2026-06-26 12:00:00,宜蘭測站,宜蘭縣,44.9,22.8,36.3,43.3,0.459,3.2,218.3,Sample Data,宜蘭縣,宜蘭測站
2026-06-26 13:00:00,宜蘭測站,宜蘭縣,52.7,27.2,38.2,38.0,0.539,1.15,193.3,Sample Data,宜蘭縣,宜蘭測站
2026-06-26 14:00:00,宜蘭測站,宜蘭縣,41.0,20.3,37.7,41.9,0.491,2.28,355.5,Sample Data,宜蘭縣,宜蘭測站
2026-06-26 15:00:00,宜蘭測站,宜蘭縣,50.6,23.4,41.2,44.1,0.45,1.67,188.2,Sample Data,宜蘭縣,宜蘭測站
2026-06-26 16:00:00,宜蘭測站,宜蘭縣,51.8,20.5,31.1,50.6,0.557,2.79,326.6,Sample Data,宜蘭縣,宜蘭測站
2026-06-26 17:00:00,宜蘭測站,宜蘭縣,60.3,28.1,39.2,47.1,0.575,2.63,280.1,Sample Data,宜蘭縣,宜蘭測站
2026-06-26 18:00:00,宜蘭測站,宜蘭縣,57.4,29.9,51.1,51.0,0.553,1.94,220.6,Sample Data,宜蘭縣,宜蘭測站
2026-06-26 19:00:00,宜蘭測站,宜蘭縣,56.7,26.2,34.3,55.2,0.571,1.91,165.9,Sample Data,宜蘭縣,宜蘭測站
2026-06-26 20:00:00,宜蘭測站,宜蘭縣,58.9,32.4,52.6,57.6,0.584,2.27,293.2,Sample Data,宜蘭縣,宜蘭測站
2026-06-26 21:00:00,宜蘭測站,宜蘭縣,46.1,22.0,35.8,51.9,0.559,1.5,245.1,Sample Data,宜蘭縣,宜蘭測站
2026-06-26 22:00:00,宜蘭測站,宜蘭縣,57.8,25.1,40.8,51.2,0.584,2.83,189.0,Sample Data,宜蘭縣,宜蘭測站
2026-06-26 23:00:00,宜蘭測站,宜蘭縣,47.4,25.0,35.4,46.6,0.465,1.26,286.5,Sample Data,宜蘭縣,宜蘭測站
2026-06-27 00:00:00,宜蘭測站,宜蘭縣,40.6,24.5,42.0,46.6,0.561,3.23,273.2,Sample Data,宜蘭縣,宜蘭測站
2026-06-27 01:00:00,宜蘭測站,宜蘭縣,33.1,20.6,28.0,46.1,0.386,1.12,299.7,Sample Data,宜蘭縣,宜蘭測站
2026-06-27 02:00:00,宜蘭測站,宜蘭縣,36.7,24.1,41.2,41.6,0.389,2.59,274.0,Sample Data,宜蘭縣,宜蘭測站
2026-06-27 03:00:00,宜蘭測站,宜蘭縣,36.7,22.5,36.4,42.0,0.589,3.03,254.9,Sample Data,宜蘭縣,宜蘭測站
2026-06-27 04:00:00,宜蘭測站,宜蘭縣,43.3,22.7,44.9,38.8,0.413,1.93,232.0,Sample Data,宜蘭縣,宜蘭測站
2026-06-27 05:00:00,宜蘭測站,宜蘭縣,44.9,30.9,48.4,33.4,0.479,2.57,241.4,Sample Data,宜蘭縣,宜蘭測站
2026-06-27 06:00:00,宜蘭測站,宜蘭縣,60.2,29.7,61.1,37.4,0.57,2.27,256.2,Sample Data,宜蘭縣,宜蘭測站
2026-06-27 07:00:00,宜蘭測站,宜蘭縣,44.3,18.6,26.6,35.6,0.446,1.84,315.7,Sample Data,宜蘭縣,宜蘭測站
2026-06-27 08:00:00,宜蘭測站,宜蘭縣,50.7,27.7,47.8,37.0,0.542,3.08,261.0,Sample Data,宜蘭縣,宜蘭測站
2026-06-27 09:00:00,宜蘭測站,宜蘭縣,42.1,24.2,27.2,34.6,0.404,2.62,283.4,Sample Data,宜蘭縣,宜蘭測站
2026-06-27 10:00:00,宜蘭測站,宜蘭縣,50.1,25.7,43.2,35.4,0.573,2.31,255.3,Sample Data,宜蘭縣,宜蘭測站
2026-06-27 11:00:00,宜蘭測站,宜蘭縣,36.8,25.8,35.1,36.9,0.434,2.5,272.1,Sample Data,宜蘭縣,宜蘭測站
2026-06-27 12:00:00,宜蘭測站,宜蘭縣,39.3,30.6,61.3,38.5,0.524,2.85,332.9,Sample Data,宜蘭縣,宜蘭測站
2026-06-27 13:00:00,宜蘭測站,宜蘭縣,43.4,23.8,45.3,41.1,0.438,2.02,151.9,Sample Data,宜蘭縣,宜蘭測站
2026-06-27 14:00:00,宜蘭測站,宜蘭縣,43.7,25.7,42.8,45.0,0.488,3.13,258.2,Sample Data,宜蘭縣,宜蘭測站
2026-06-27 15:00:00,宜蘭測站,宜蘭縣,41.5,18.3,27.3,45.6,0.393,2.29,305.8,Sample Data,宜蘭縣,宜蘭測站
2026-06-27 16:00:00,宜蘭測站,宜蘭縣,52.8,23.1,35.4,47.8,0.488,1.76,273.9,Sample Data,宜蘭縣,宜蘭測站
2026-06-27 17:00:00,宜蘭測站,宜蘭縣,53.4,23.5,40.8,51.2,0.531,2.67,247.5,Sample Data,宜蘭縣,宜蘭測站
2026-06-27 18:00:00,宜蘭測站,宜蘭縣,44.5,26.6,48.5,54.7,0.534,1.65,299.6,Sample Data,宜蘭縣,宜蘭測站
2026-06-27 19:00:00,宜蘭測站,宜蘭縣,53.0,27.3,33.5,49.8,0.536,1.5,352.6,Sample Data,宜蘭縣,宜蘭測站
2026-06-27 20:00:00,宜蘭測站,宜蘭縣,44.5,17.7,32.3,49.3,0.563,3.01,236.9,Sample Data,宜蘭縣,宜蘭測站
2026-06-27 21:00:00,宜蘭測站,宜蘭縣,34.6,20.5,35.2,53.4,0.534,2.43,6.4,Sample Data,宜蘭縣,宜蘭測站
2026-06-27 22:00:00,宜蘭測站,宜蘭縣,42.0,19.8,30.5,40.9,0.437,2.16,330.0,Sample Data,宜蘭縣,宜蘭測站
2026-06-27 23:00:00,宜蘭測站,宜蘭縣,45.0,23.8,38.3,47.6,0.496,2.22,25.1,Sample Data,宜蘭縣,宜蘭測站
2026-06-28 00:00:00,宜蘭測站,宜蘭縣,31.7,18.6,32.7,42.5,0.454,3.51,351.6,Sample Data,宜蘭縣,宜蘭測站
2026-06-28 01:00:00,宜蘭測站,宜蘭縣,36.9,20.8,30.5,39.4,0.481,2.81,344.0,Sample Data,宜蘭縣,宜蘭測站
2026-06-28 02:00:00,宜蘭測站,宜蘭縣,33.3,25.0,46.5,34.0,0.492,3.38,329.9,Sample Data,宜蘭縣,宜蘭測站
2026-06-28 03:00:00,宜蘭測站,宜蘭縣,44.9,23.2,35.0,38.3,0.447,2.62,330.2,Sample Data,宜蘭縣,宜蘭測站
2026-06-28 04:00:00,宜蘭測站,宜蘭縣,41.9,21.1,27.8,35.1,0.494,3.02,307.7,Sample Data,宜蘭縣,宜蘭測站
2026-06-28 05:00:00,宜蘭測站,宜蘭縣,40.4,21.0,34.7,31.7,0.439,2.1,261.9,Sample Data,宜蘭縣,宜蘭測站
2026-06-28 06:00:00,宜蘭測站,宜蘭縣,45.7,22.0,34.6,34.0,0.499,2.61,300.1,Sample Data,宜蘭縣,宜蘭測站
2026-06-28 07:00:00,宜蘭測站,宜蘭縣,48.1,22.6,33.9,26.3,0.611,2.96,354.9,Sample Data,宜蘭縣,宜蘭測站
2026-06-28 08:00:00,宜蘭測站,宜蘭縣,49.1,30.9,47.8,30.8,0.486,1.28,327.7,Sample Data,宜蘭縣,宜蘭測站
2026-06-28 09:00:00,宜蘭測站,宜蘭縣,48.6,26.6,49.9,36.6,0.553,0.99,7.7,Sample Data,宜蘭縣,宜蘭測站
2026-06-28 10:00:00,宜蘭測站,宜蘭縣,51.5,24.5,43.8,29.3,0.494,1.66,45.2,Sample Data,宜蘭縣,宜蘭測站
2026-06-28 11:00:00,宜蘭測站,宜蘭縣,41.3,23.9,41.3,36.1,0.586,3.06,29.1,Sample Data,宜蘭縣,宜蘭測站
2026-06-28 12:00:00,宜蘭測站,宜蘭縣,31.4,19.3,42.5,29.3,0.475,3.19,271.8,Sample Data,宜蘭縣,宜蘭測站
2026-06-28 13:00:00,宜蘭測站,宜蘭縣,40.4,21.9,43.8,36.8,0.462,2.31,314.6,Sample Data,宜蘭縣,宜蘭測站
2026-06-28 14:00:00,宜蘭測站,宜蘭縣,29.3,22.4,35.6,38.2,0.422,2.29,324.6,Sample Data,宜蘭縣,宜蘭測站
2026-06-28 15:00:00,宜蘭測站,宜蘭縣,45.5,26.6,33.9,39.1,0.465,2.67,15.5,Sample Data,宜蘭縣,宜蘭測站
2026-06-28 16:00:00,宜蘭測站,宜蘭縣,40.1,23.6,51.0,45.6,0.486,2.21,29.1,Sample Data,宜蘭縣,宜蘭測站
2026-06-28 17:00:00,宜蘭測站,宜蘭縣,52.0,22.5,34.8,49.4,0.501,1.78,12.3,Sample Data,宜蘭縣,宜蘭測站
2026-06-28 18:00:00,宜蘭測站,宜蘭縣,50.1,24.6,47.2,53.8,0.587,2.7,17.9,Sample Data,宜蘭縣,宜蘭測站
2026-06-28 19:00:00,宜蘭測站,宜蘭縣,36.0,23.9,32.3,48.8,0.529,3.23,18.9,Sample Data,宜蘭縣,宜蘭測站
2026-06-28 20:00:00,宜蘭測站,宜蘭縣,33.2,25.5,43.2,49.2,0.416,2.23,347.9,Sample Data,宜蘭縣,宜蘭測站
2026-06-28 21:00:00,宜蘭測站,宜蘭縣,31.8,17.3,34.6,48.4,0.39,3.4,44.0,Sample Data,宜蘭縣,宜蘭測站
2026-06-28 22:00:00,宜蘭測站,宜蘭縣,31.2,16.8,40.2,44.2,0.479,2.64,80.7,Sample Data,宜蘭縣,宜蘭測站
2026-06-28 23:00:00,宜蘭測站,宜蘭縣,30.8,13.2,26.5,46.5,0.419,2.81,0.7,Sample Data,宜蘭縣,宜蘭測站
2026-06-29 00:00:00,宜蘭測站,宜蘭縣,45.4,28.4,40.6,36.5,0.527,2.69,353.0,Sample Data,宜蘭縣,宜蘭測站
2026-06-29 01:00:00,宜蘭測站,宜蘭縣,38.8,18.6,30.1,35.4,0.446,2.4,59.1,Sample Data,宜蘭縣,宜蘭測站
2026-06-29 02:00:00,宜蘭測站,宜蘭縣,43.0,26.7,45.5,36.2,0.396,2.61,355.2,Sample Data,宜蘭縣,宜蘭測站
2026-06-29 03:00:00,宜蘭測站,宜蘭縣,43.2,22.8,42.8,33.6,0.516,2.82,62.7,Sample Data,宜蘭縣,宜蘭測站
2026-06-29 04:00:00,宜蘭測站,宜蘭縣,37.2,24.3,39.1,31.9,0.508,1.99,314.9,Sample Data,宜蘭縣,宜蘭測站
2026-06-29 05:00:00,宜蘭測站,宜蘭縣,38.7,23.8,49.4,39.2,0.368,2.42,285.5,Sample Data,宜蘭縣,宜蘭測站
2026-06-29 06:00:00,宜蘭測站,宜蘭縣,45.9,22.0,38.8,27.5,0.42,0.99,123.9,Sample Data,宜蘭縣,宜蘭測站
2026-06-29 07:00:00,宜蘭測站,宜蘭縣,51.6,24.5,47.2,44.9,0.514,1.67,125.3,Sample Data,宜蘭縣,宜蘭測站
2026-06-29 08:00:00,宜蘭測站,宜蘭縣,42.3,22.1,42.8,26.8,0.544,1.95,102.9,Sample Data,宜蘭縣,宜蘭測站
2026-06-29 09:00:00,宜蘭測站,宜蘭縣,45.5,24.3,40.5,31.0,0.456,2.95,318.4,Sample Data,宜蘭縣,宜蘭測站
2026-06-29 10:00:00,宜蘭測站,宜蘭縣,50.4,25.5,47.6,33.9,0.511,1.74,86.6,Sample Data,宜蘭縣,宜蘭測站
2026-06-29 11:00:00,宜蘭測站,宜蘭縣,38.1,22.7,38.8,34.5,0.511,3.08,68.0,Sample Data,宜蘭縣,宜蘭測站
2026-06-29 12:00:00,宜蘭測站,宜蘭縣,36.7,21.3,52.1,37.0,0.469,1.91,120.7,Sample Data,宜蘭縣,宜蘭測站
2026-06-29 13:00:00,宜蘭測站,宜蘭縣,35.6,22.9,44.7,36.2,0.333,2.45,37.5,Sample Data,宜蘭縣,宜蘭測站
2026-06-29 14:00:00,宜蘭測站,宜蘭縣,31.3,24.9,29.7,40.8,0.388,3.04,34.0,Sample Data,宜蘭縣,宜蘭測站
2026-06-29 15:00:00,宜蘭測站,宜蘭縣,36.2,24.6,46.7,42.7,0.38,3.36,132.0,Sample Data,宜蘭縣,宜蘭測站
2026-06-29 16:00:00,宜蘭測站,宜蘭縣,44.8,21.5,35.8,44.0,0.478,4.64,201.1,Sample Data,宜蘭縣,宜蘭測站
2026-06-29 17:00:00,宜蘭測站,宜蘭縣,48.1,22.6,41.1,55.8,0.483,2.24,91.8,Sample Data,宜蘭縣,宜蘭測站
2026-06-29 18:00:00,宜蘭測站,宜蘭縣,38.2,18.1,29.5,49.3,0.519,1.47,6.6,Sample Data,宜蘭縣,宜蘭測站
2026-06-29 19:00:00,宜蘭測站,宜蘭縣,46.4,21.5,40.7,48.4,0.479,2.41,82.6,Sample Data,宜蘭縣,宜蘭測站
2026-06-29 20:00:00,宜蘭測站,宜蘭縣,45.0,20.2,41.0,58.5,0.427,2.83,85.5,Sample Data,宜蘭縣,宜蘭測站
2026-06-29 21:00:00,宜蘭測站,宜蘭縣,38.4,19.9,36.2,57.5,0.397,1.46,212.0,Sample Data,宜蘭縣,宜蘭測站
2026-06-29 22:00:00,宜蘭測站,宜蘭縣,36.7,20.4,28.5,47.1,0.451,3.46,149.1,Sample Data,宜蘭縣,宜蘭測站
2026-06-29 23:00:00,宜蘭測站,宜蘭縣,40.7,23.3,38.5,42.5,0.433,2.17,137.4,Sample Data,宜蘭縣,宜蘭測站
2026-06-30 00:00:00,宜蘭測站,宜蘭縣,28.8,20.4,33.9,35.2,0.416,3.35,70.8,Sample Data,宜蘭縣,宜蘭測站
2026-06-30 01:00:00,宜蘭測站,宜蘭縣,25.2,28.5,52.1,42.8,0.405,2.77,185.6,Sample Data,宜蘭縣,宜蘭測站
2026-06-30 02:00:00,宜蘭測站,宜蘭縣,42.5,25.0,44.8,37.3,0.567,3.2,33.6,Sample Data,宜蘭縣,宜蘭測站
2026-06-30 03:00:00,宜蘭測站,宜蘭縣,33.4,25.6,42.5,34.7,0.435,2.39,71.2,Sample Data,宜蘭縣,宜蘭測站
2026-06-30 04:00:00,宜蘭測站,宜蘭縣,42.0,23.8,43.7,39.8,0.503,3.22,129.2,Sample Data,宜蘭縣,宜蘭測站
2026-06-30 05:00:00,宜蘭測站,宜蘭縣,34.2,20.5,38.7,36.6,0.42,2.9,115.9,Sample Data,宜蘭縣,宜蘭測站
2026-06-30 06:00:00,宜蘭測站,宜蘭縣,50.8,26.3,42.0,33.1,0.449,1.64,135.8,Sample Data,宜蘭縣,宜蘭測站
2026-06-30 07:00:00,宜蘭測站,宜蘭縣,47.0,24.8,43.9,31.4,0.493,2.74,108.1,Sample Data,宜蘭縣,宜蘭測站
2026-06-30 08:00:00,宜蘭測站,宜蘭縣,54.0,25.9,47.2,39.1,0.609,1.53,154.0,Sample Data,宜蘭縣,宜蘭測站
2026-06-30 09:00:00,宜蘭測站,宜蘭縣,46.6,25.0,40.3,36.9,0.558,3.44,83.0,Sample Data,宜蘭縣,宜蘭測站
2026-06-30 10:00:00,宜蘭測站,宜蘭縣,43.3,21.8,37.4,30.1,0.503,1.48,84.1,Sample Data,宜蘭縣,宜蘭測站
2026-06-30 11:00:00,宜蘭測站,宜蘭縣,37.7,24.4,41.5,30.8,0.425,3.16,67.0,Sample Data,宜蘭縣,宜蘭測站
2026-06-30 12:00:00,宜蘭測站,宜蘭縣,44.2,24.4,38.9,42.4,0.453,2.72,135.4,Sample Data,宜蘭縣,宜蘭測站
2026-06-30 13:00:00,宜蘭測站,宜蘭縣,30.8,19.7,35.1,39.4,0.462,2.78,98.4,Sample Data,宜蘭縣,宜蘭測站
2026-06-30 14:00:00,宜蘭測站,宜蘭縣,36.7,19.8,31.7,34.8,0.458,1.69,83.7,Sample Data,宜蘭縣,宜蘭測站
2026-06-30 15:00:00,宜蘭測站,宜蘭縣,45.5,24.0,37.3,46.9,0.466,2.35,166.4,Sample Data,宜蘭縣,宜蘭測站
2026-06-30 16:00:00,宜蘭測站,宜蘭縣,45.4,20.9,37.9,54.6,0.491,2.69,170.3,Sample Data,宜蘭縣,宜蘭測站
2026-06-30 17:00:00,宜蘭測站,宜蘭縣,46.4,22.0,37.9,57.7,0.538,3.11,198.5,Sample Data,宜蘭縣,宜蘭測站
2026-06-30 18:00:00,宜蘭測站,宜蘭縣,45.9,20.2,38.5,55.8,0.535,2.47,254.2,Sample Data,宜蘭縣,宜蘭測站
2026-06-30 19:00:00,宜蘭測站,宜蘭縣,46.3,20.7,43.9,47.2,0.415,2.61,207.4,Sample Data,宜蘭縣,宜蘭測站
2026-06-30 20:00:00,宜蘭測站,宜蘭縣,31.5,23.5,39.6,38.6,0.356,3.21,234.9,Sample Data,宜蘭縣,宜蘭測站
2026-06-30 21:00:00,宜蘭測站,宜蘭縣,43.9,30.7,42.5,47.6,0.471,2.81,130.1,Sample Data,宜蘭縣,宜蘭測站
2026-06-30 22:00:00,宜蘭測站,宜蘭縣,45.1,25.4,48.1,49.0,0.525,2.59,162.4,Sample Data,宜蘭縣,宜蘭測站
2026-06-30 23:00:00,宜蘭測站,宜蘭縣,31.2,20.7,40.5,39.2,0.344,3.1,178.8,Sample Data,宜蘭縣,宜蘭測站
2026-07-01 00:00:00,宜蘭測站,宜蘭縣,48.1,20.2,29.2,48.5,0.571,3.9,208.7,Sample Data,宜蘭縣,宜蘭測站
2026-07-01 01:00:00,宜蘭測站,宜蘭縣,45.4,25.2,39.1,43.8,0.603,2.75,184.3,Sample Data,宜蘭縣,宜蘭測站
2026-07-01 02:00:00,宜蘭測站,宜蘭縣,42.8,22.8,34.1,43.0,0.536,4.15,184.7,Sample Data,宜蘭縣,宜蘭測站
2026-07-01 03:00:00,宜蘭測站,宜蘭縣,43.8,24.2,41.8,29.9,0.511,4.01,264.0,Sample Data,宜蘭縣,宜蘭測站
2026-07-01 04:00:00,宜蘭測站,宜蘭縣,49.6,27.4,45.1,33.1,0.459,3.2,272.8,Sample Data,宜蘭縣,宜蘭測站
2026-07-01 05:00:00,宜蘭測站,宜蘭縣,47.7,26.9,43.3,25.7,0.523,2.27,192.8,Sample Data,宜蘭縣,宜蘭測站
2026-07-01 06:00:00,宜蘭測站,宜蘭縣,50.5,23.0,39.7,28.1,0.463,1.81,119.1,Sample Data,宜蘭縣,宜蘭測站
2026-07-01 07:00:00,宜蘭測站,宜蘭縣,56.2,23.8,45.9,30.6,0.621,2.54,120.1,Sample Data,宜蘭縣,宜蘭測站
2026-07-01 08:00:00,宜蘭測站,宜蘭縣,58.5,27.3,55.7,32.0,0.61,2.13,203.0,Sample Data,宜蘭縣,宜蘭測站
2026-07-01 09:00:00,宜蘭測站,宜蘭縣,50.4,23.0,37.3,36.2,0.526,1.48,243.3,Sample Data,宜蘭縣,宜蘭測站
2026-07-01 10:00:00,宜蘭測站,宜蘭縣,57.8,24.9,44.7,39.7,0.548,3.0,225.1,Sample Data,宜蘭縣,宜蘭測站
2026-07-01 11:00:00,宜蘭測站,宜蘭縣,54.5,26.0,51.8,29.3,0.596,2.12,240.5,Sample Data,宜蘭縣,宜蘭測站
2026-07-01 12:00:00,宜蘭測站,宜蘭縣,54.1,25.1,38.2,35.4,0.648,2.45,306.5,Sample Data,宜蘭縣,宜蘭測站
2026-07-01 13:00:00,宜蘭測站,宜蘭縣,44.1,23.7,37.2,40.6,0.535,2.46,192.4,Sample Data,宜蘭縣,宜蘭測站
2026-07-01 14:00:00,宜蘭測站,宜蘭縣,52.5,29.8,50.1,43.1,0.506,3.0,156.2,Sample Data,宜蘭縣,宜蘭測站
2026-07-01 15:00:00,宜蘭測站,宜蘭縣,43.4,21.3,45.8,48.6,0.463,2.49,85.3,Sample Data,宜蘭縣,宜蘭測站
2026-07-01 16:00:00,宜蘭測站,宜蘭縣,49.8,28.7,46.3,54.3,0.461,3.62,26.8,Sample Data,宜蘭縣,宜蘭測站
2026-07-01 17:00:00,宜蘭測站,宜蘭縣,54.2,29.7,46.1,48.2,0.579,2.48,220.7,Sample Data,宜蘭縣,宜蘭測站
2026-07-01 18:00:00,宜蘭測站,宜蘭縣,49.6,24.5,37.8,47.1,0.526,2.03,233.6,Sample Data,宜蘭縣,宜蘭測站
2026-07-01 19:00:00,宜蘭測站,宜蘭縣,46.3,25.6,36.7,51.2,0.547,1.57,240.7,Sample Data,宜蘭縣,宜蘭測站
2026-07-01 20:00:00,宜蘭測站,宜蘭縣,46.3,24.4,35.9,53.7,0.541,3.34,218.2,Sample Data,宜蘭縣,宜蘭測站
2026-07-01 21:00:00,宜蘭測站,宜蘭縣,53.7,27.4,46.3,50.7,0.606,3.05,224.5,Sample Data,宜蘭縣,宜蘭測站
2026-07-01 22:00:00,宜蘭測站,宜蘭縣,46.3,27.0,43.3,50.6,0.566,2.46,250.6,Sample Data,宜蘭縣,宜蘭測站
2026-07-01 23:00:00,宜蘭測站,宜蘭縣,49.8,23.7,43.3,47.2,0.613,1.23,260.9,Sample Data,宜蘭縣,宜蘭測站
2026-07-02 00:00:00,宜蘭測站,宜蘭縣,43.6,23.5,34.9,43.3,0.499,3.25,124.2,Sample Data,宜蘭縣,宜蘭測站
2026-07-02 01:00:00,宜蘭測站,宜蘭縣,46.3,23.6,36.1,38.3,0.423,2.73,200.3,Sample Data,宜蘭縣,宜蘭測站
2026-07-02 02:00:00,宜蘭測站,宜蘭縣,49.1,22.0,36.9,40.0,0.501,2.26,245.2,Sample Data,宜蘭縣,宜蘭測站
2026-07-02 03:00:00,宜蘭測站,宜蘭縣,53.2,21.2,36.1,42.1,0.601,2.45,188.5,Sample Data,宜蘭縣,宜蘭測站
2026-07-02 04:00:00,宜蘭測站,宜蘭縣,42.5,22.3,33.6,32.9,0.502,2.65,239.8,Sample Data,宜蘭縣,宜蘭測站
2026-07-02 05:00:00,宜蘭測站,宜蘭縣,45.0,26.6,35.5,31.8,0.528,1.8,287.1,Sample Data,宜蘭縣,宜蘭測站
2026-07-02 06:00:00,宜蘭測站,宜蘭縣,51.9,21.8,33.1,36.4,0.471,3.6,17.1,Sample Data,宜蘭縣,宜蘭測站
2026-07-02 07:00:00,宜蘭測站,宜蘭縣,49.9,24.5,40.0,35.1,0.433,1.98,289.8,Sample Data,宜蘭縣,宜蘭測站
2026-07-02 08:00:00,宜蘭測站,宜蘭縣,56.2,25.4,40.9,30.0,0.625,1.97,320.0,Sample Data,宜蘭縣,宜蘭測站
2026-07-02 09:00:00,宜蘭測站,宜蘭縣,60.8,24.6,40.2,35.9,0.505,2.76,241.1,Sample Data,宜蘭縣,宜蘭測站
2026-07-02 10:00:00,宜蘭測站,宜蘭縣,52.8,28.7,39.7,41.0,0.565,2.0,253.7,Sample Data,宜蘭縣,宜蘭測站
2026-07-02 11:00:00,宜蘭測站,宜蘭縣,54.9,28.5,52.5,42.0,0.482,3.03,31.5,Sample Data,宜蘭縣,宜蘭測站
2026-07-02 12:00:00,宜蘭測站,宜蘭縣,49.9,22.2,44.3,40.5,0.542,1.98,248.2,Sample Data,宜蘭縣,宜蘭測站
2026-07-02 13:00:00,宜蘭測站,宜蘭縣,52.1,23.4,45.5,44.3,0.581,3.66,295.7,Sample Data,宜蘭縣,宜蘭測站
2026-07-02 14:00:00,宜蘭測站,宜蘭縣,51.7,25.8,50.1,46.8,0.49,3.9,162.5,Sample Data,宜蘭縣,宜蘭測站
2026-07-02 15:00:00,宜蘭測站,宜蘭縣,53.1,25.8,46.5,41.1,0.563,3.9,309.1,Sample Data,宜蘭縣,宜蘭測站
2026-07-02 16:00:00,宜蘭測站,宜蘭縣,56.8,25.3,47.7,49.3,0.61,1.3,266.3,Sample Data,宜蘭縣,宜蘭測站
2026-07-02 17:00:00,宜蘭測站,宜蘭縣,57.9,32.6,49.9,59.8,0.549,2.89,284.6,Sample Data,宜蘭縣,宜蘭測站
2026-07-02 18:00:00,宜蘭測站,宜蘭縣,56.7,24.9,43.9,59.9,0.511,1.17,289.9,Sample Data,宜蘭縣,宜蘭測站
2026-07-02 19:00:00,宜蘭測站,宜蘭縣,67.4,28.2,44.2,52.5,0.597,3.78,9.5,Sample Data,宜蘭縣,宜蘭測站
2026-07-02 20:00:00,宜蘭測站,宜蘭縣,41.8,25.0,40.0,51.2,0.549,3.59,330.2,Sample Data,宜蘭縣,宜蘭測站
2026-07-02 21:00:00,宜蘭測站,宜蘭縣,50.8,29.2,65.3,47.6,0.535,2.18,251.4,Sample Data,宜蘭縣,宜蘭測站
2026-07-02 22:00:00,宜蘭測站,宜蘭縣,49.2,25.5,40.3,54.8,0.624,3.42,333.3,Sample Data,宜蘭縣,宜蘭測站
2026-07-02 23:00:00,宜蘭測站,宜蘭縣,37.4,23.9,38.2,39.3,0.501,3.79,267.0,Sample Data,宜蘭縣,宜蘭測站
2026-07-03 00:00:00,宜蘭測站,宜蘭縣,48.1,22.1,30.1,43.0,0.492,2.85,13.0,Sample Data,宜蘭縣,宜蘭測站
2026-07-03 01:00:00,宜蘭測站,宜蘭縣,50.5,23.2,38.9,42.2,0.523,1.88,357.8,Sample Data,宜蘭縣,宜蘭測站
2026-07-03 02:00:00,宜蘭測站,宜蘭縣,43.4,23.9,40.6,41.9,0.559,3.59,319.7,Sample Data,宜蘭縣,宜蘭測站
2026-07-03 03:00:00,宜蘭測站,宜蘭縣,39.3,20.3,40.2,38.3,0.473,1.71,312.9,Sample Data,宜蘭縣,宜蘭測站
2026-07-03 04:00:00,宜蘭測站,宜蘭縣,51.4,27.2,55.6,37.8,0.417,1.74,352.8,Sample Data,宜蘭縣,宜蘭測站
2026-07-03 05:00:00,宜蘭測站,宜蘭縣,46.3,23.6,42.5,35.3,0.57,3.8,72.7,Sample Data,宜蘭縣,宜蘭測站
2026-07-03 06:00:00,宜蘭測站,宜蘭縣,44.6,23.6,45.3,32.1,0.481,3.62,347.4,Sample Data,宜蘭縣,宜蘭測站
2026-07-03 07:00:00,宜蘭測站,宜蘭縣,53.6,27.1,43.5,40.6,0.471,2.71,339.4,Sample Data,宜蘭縣,宜蘭測站
2026-07-03 08:00:00,宜蘭測站,宜蘭縣,52.9,28.0,45.2,41.3,0.46,2.91,299.0,Sample Data,宜蘭縣,宜蘭測站
2026-07-03 09:00:00,宜蘭測站,宜蘭縣,49.1,25.0,30.4,36.9,0.553,2.43,337.8,Sample Data,宜蘭縣,宜蘭測站
2026-07-03 10:00:00,宜蘭測站,宜蘭縣,46.3,19.0,37.1,39.5,0.53,2.85,37.0,Sample Data,宜蘭縣,宜蘭測站
2026-07-03 11:00:00,宜蘭測站,宜蘭縣,48.0,22.2,41.8,36.4,0.565,3.66,228.0,Sample Data,宜蘭縣,宜蘭測站
2026-07-03 12:00:00,宜蘭測站,宜蘭縣,41.0,21.9,35.9,26.0,0.516,3.33,261.9,Sample Data,宜蘭縣,宜蘭測站
2026-07-03 13:00:00,宜蘭測站,宜蘭縣,41.1,27.4,50.7,42.3,0.404,2.26,270.0,Sample Data,宜蘭縣,宜蘭測站
2026-07-03 14:00:00,宜蘭測站,宜蘭縣,41.4,27.4,38.2,48.2,0.594,2.79,348.6,Sample Data,宜蘭縣,宜蘭測站
2026-07-03 15:00:00,宜蘭測站,宜蘭縣,42.0,20.2,32.0,47.1,0.434,2.31,32.8,Sample Data,宜蘭縣,宜蘭測站
2026-07-03 16:00:00,宜蘭測站,宜蘭縣,45.7,18.2,24.5,52.5,0.546,0.99,56.1,Sample Data,宜蘭縣,宜蘭測站
2026-07-03 17:00:00,宜蘭測站,宜蘭縣,50.5,20.7,25.7,55.0,0.488,1.46,131.6,Sample Data,宜蘭縣,宜蘭測站
2026-07-03 18:00:00,宜蘭測站,宜蘭縣,41.6,20.6,30.1,51.9,0.481,3.35,38.5,Sample Data,宜蘭縣,宜蘭測站
2026-07-03 19:00:00,宜蘭測站,宜蘭縣,39.6,24.2,40.5,46.4,0.572,3.1,72.8,Sample Data,宜蘭縣,宜蘭測站
2026-07-03 20:00:00,宜蘭測站,宜蘭縣,50.0,23.7,48.4,49.0,0.457,2.55,56.3,Sample Data,宜蘭縣,宜蘭測站
2026-07-03 21:00:00,宜蘭測站,宜蘭縣,42.2,22.6,37.8,54.5,0.494,2.3,287.6,Sample Data,宜蘭縣,宜蘭測站
2026-07-03 22:00:00,宜蘭測站,宜蘭縣,38.9,20.6,36.8,46.4,0.381,3.11,303.0,Sample Data,宜蘭縣,宜蘭測站
2026-07-03 23:00:00,宜蘭測站,宜蘭縣,42.0,21.7,34.3,44.4,0.49,2.7,135.8,Sample Data,宜蘭縣,宜蘭測站
2026-07-04 00:00:00,宜蘭測站,宜蘭縣,31.8,21.4,43.5,36.2,0.489,1.74,349.6,Sample Data,宜蘭縣,宜蘭測站
2026-07-04 01:00:00,宜蘭測站,宜蘭縣,22.3,19.6,32.4,31.7,0.413,3.31,50.6,Sample Data,宜蘭縣,宜蘭測站
2026-07-04 02:00:00,宜蘭測站,宜蘭縣,30.3,20.7,36.7,37.4,0.406,3.11,127.3,Sample Data,宜蘭縣,宜蘭測站
2026-07-04 03:00:00,宜蘭測站,宜蘭縣,27.9,17.9,32.9,34.9,0.411,4.28,68.1,Sample Data,宜蘭縣,宜蘭測站
2026-07-04 04:00:00,宜蘭測站,宜蘭縣,34.5,21.2,41.1,29.7,0.49,2.7,61.5,Sample Data,宜蘭縣,宜蘭測站
2026-07-04 05:00:00,宜蘭測站,宜蘭縣,37.3,22.4,38.2,35.8,0.44,2.67,66.8,Sample Data,宜蘭縣,宜蘭測站
2026-07-04 06:00:00,宜蘭測站,宜蘭縣,37.1,24.9,41.7,29.6,0.475,2.58,169.1,Sample Data,宜蘭縣,宜蘭測站
2026-07-04 07:00:00,宜蘭測站,宜蘭縣,37.6,21.2,37.2,31.7,0.521,2.8,67.1,Sample Data,宜蘭縣,宜蘭測站
2026-07-04 08:00:00,宜蘭測站,宜蘭縣,39.8,21.0,36.4,36.0,0.422,3.69,51.9,Sample Data,宜蘭縣,宜蘭測站
2026-07-04 09:00:00,宜蘭測站,宜蘭縣,39.8,19.4,24.8,33.6,0.483,2.44,309.4,Sample Data,宜蘭縣,宜蘭測站
2026-07-04 10:00:00,宜蘭測站,宜蘭縣,45.8,20.8,33.2,39.3,0.479,2.06,98.7,Sample Data,宜蘭縣,宜蘭測站
2026-07-04 11:00:00,宜蘭測站,宜蘭縣,25.1,17.8,32.2,27.9,0.369,3.11,319.1,Sample Data,宜蘭縣,宜蘭測站
2026-07-04 12:00:00,宜蘭測站,宜蘭縣,36.4,18.7,33.3,37.0,0.405,3.92,290.4,Sample Data,宜蘭縣,宜蘭測站
2026-07-04 13:00:00,宜蘭測站,宜蘭縣,23.6,16.8,31.1,29.3,0.47,2.69,0.1,Sample Data,宜蘭縣,宜蘭測站
2026-07-04 14:00:00,宜蘭測站,宜蘭縣,19.5,17.0,30.8,35.4,0.421,2.84,54.7,Sample Data,宜蘭縣,宜蘭測站
2026-07-04 15:00:00,宜蘭測站,宜蘭縣,36.8,22.5,42.6,42.5,0.457,3.3,306.2,Sample Data,宜蘭縣,宜蘭測站
2026-07-04 16:00:00,宜蘭測站,宜蘭縣,34.1,20.5,30.6,49.3,0.406,2.42,47.5,Sample Data,宜蘭縣,宜蘭測站
2026-07-04 17:00:00,宜蘭測站,宜蘭縣,43.3,17.1,36.3,46.4,0.537,2.71,177.9,Sample Data,宜蘭縣,宜蘭測站
2026-07-04 18:00:00,宜蘭測站,宜蘭縣,42.9,29.9,47.6,42.5,0.458,4.2,115.8,Sample Data,宜蘭縣,宜蘭測站
2026-07-04 19:00:00,宜蘭測站,宜蘭縣,42.1,24.6,39.5,46.7,0.453,0.73,88.5,Sample Data,宜蘭縣,宜蘭測站
2026-07-04 20:00:00,宜蘭測站,宜蘭縣,35.8,19.7,34.9,51.2,0.391,2.17,137.4,Sample Data,宜蘭縣,宜蘭測站
2026-07-04 21:00:00,宜蘭測站,宜蘭縣,34.9,25.4,52.9,45.3,0.525,2.09,230.7,Sample Data,宜蘭縣,宜蘭測站
2026-07-04 22:00:00,宜蘭測站,宜蘭縣,32.3,22.4,36.1,40.1,0.439,3.01,216.5,Sample Data,宜蘭縣,宜蘭測站
2026-07-04 23:00:00,宜蘭測站,宜蘭縣,24.3,23.4,34.7,39.9,0.38,3.22,83.3,Sample Data,宜蘭縣,宜蘭測站
2026-07-05 00:00:00,宜蘭測站,宜蘭縣,21.4,17.3,27.0,40.0,0.441,3.95,126.6,Sample Data,宜蘭縣,宜蘭測站
2026-07-05 01:00:00,宜蘭測站,宜蘭縣,19.6,19.6,30.8,34.6,0.397,4.19,96.9,Sample Data,宜蘭縣,宜蘭測站
2026-07-05 02:00:00,宜蘭測站,宜蘭縣,33.2,21.9,40.3,32.6,0.45,2.78,31.1,Sample Data,宜蘭縣,宜蘭測站
2026-07-05 03:00:00,宜蘭測站,宜蘭縣,35.2,23.9,33.7,34.3,0.483,2.77,80.3,Sample Data,宜蘭縣,宜蘭測站
2026-07-05 04:00:00,宜蘭測站,宜蘭縣,27.3,19.5,40.2,27.3,0.362,5.07,226.7,Sample Data,宜蘭縣,宜蘭測站
2026-07-05 05:00:00,宜蘭測站,宜蘭縣,32.7,23.4,46.0,31.5,0.423,3.64,192.8,Sample Data,宜蘭縣,宜蘭測站
2026-07-05 06:00:00,宜蘭測站,宜蘭縣,43.5,24.2,38.1,40.4,0.464,1.71,237.5,Sample Data,宜蘭縣,宜蘭測站
2026-07-05 07:00:00,宜蘭測站,宜蘭縣,43.0,24.9,45.4,28.8,0.492,2.52,22.3,Sample Data,宜蘭縣,宜蘭測站
2026-07-05 08:00:00,宜蘭測站,宜蘭縣,50.2,23.8,42.6,34.5,0.568,3.11,117.3,Sample Data,宜蘭縣,宜蘭測站
2026-07-05 09:00:00,宜蘭測站,宜蘭縣,42.7,25.3,41.0,34.5,0.464,2.65,222.6,Sample Data,宜蘭縣,宜蘭測站
2026-07-05 10:00:00,宜蘭測站,宜蘭縣,41.0,20.4,31.8,36.6,0.428,2.34,195.1,Sample Data,宜蘭縣,宜蘭測站
2026-07-05 11:00:00,宜蘭測站,宜蘭縣,28.9,20.1,26.8,25.6,0.463,4.82,166.2,Sample Data,宜蘭縣,宜蘭測站
2026-07-05 12:00:00,宜蘭測站,宜蘭縣,35.0,18.7,31.9,41.1,0.477,3.18,176.6,Sample Data,宜蘭縣,宜蘭測站
2026-07-05 13:00:00,宜蘭測站,宜蘭縣,34.6,22.1,32.8,37.7,0.518,2.86,129.1,Sample Data,宜蘭縣,宜蘭測站
2026-07-05 14:00:00,宜蘭測站,宜蘭縣,38.1,24.6,51.6,42.4,0.497,2.7,175.5,Sample Data,宜蘭縣,宜蘭測站
2026-07-05 15:00:00,宜蘭測站,宜蘭縣,26.0,16.5,38.3,42.5,0.369,2.95,103.9,Sample Data,宜蘭縣,宜蘭測站
2026-07-05 16:00:00,宜蘭測站,宜蘭縣,44.4,23.8,38.3,52.0,0.41,2.63,185.7,Sample Data,宜蘭縣,宜蘭測站
2026-07-05 17:00:00,宜蘭測站,宜蘭縣,39.6,23.6,40.4,50.2,0.488,3.29,84.6,Sample Data,宜蘭縣,宜蘭測站
2026-07-05 18:00:00,宜蘭測站,宜蘭縣,38.6,18.1,30.9,53.9,0.481,2.24,169.4,Sample Data,宜蘭縣,宜蘭測站
2026-07-05 19:00:00,宜蘭測站,宜蘭縣,32.2,19.5,35.9,45.9,0.427,2.12,128.2,Sample Data,宜蘭縣,宜蘭測站
2026-07-05 20:00:00,宜蘭測站,宜蘭縣,42.8,19.0,31.5,42.7,0.545,3.56,138.3,Sample Data,宜蘭縣,宜蘭測站
2026-07-05 21:00:00,宜蘭測站,宜蘭縣,34.2,20.4,30.7,48.1,0.546,2.5,227.3,Sample Data,宜蘭縣,宜蘭測站
2026-07-05 22:00:00,宜蘭測站,宜蘭縣,37.0,16.9,28.5,51.5,0.531,2.97,240.8,Sample Data,宜蘭縣,宜蘭測站
2026-07-05 23:00:00,宜蘭測站,宜蘭縣,33.7,24.5,43.4,47.7,0.477,2.23,153.9,Sample Data,宜蘭縣,宜蘭測站
2026-07-06 00:00:00,宜蘭測站,宜蘭縣,44.9,26.5,57.1,42.3,0.504,2.41,165.0,Sample Data,宜蘭縣,宜蘭測站
2026-07-06 01:00:00,宜蘭測站,宜蘭縣,51.3,23.9,42.4,37.9,0.461,2.46,75.6,Sample Data,宜蘭縣,宜蘭測站
2026-07-06 02:00:00,宜蘭測站,宜蘭縣,51.0,24.2,43.7,39.9,0.555,2.12,188.5,Sample Data,宜蘭縣,宜蘭測站
2026-07-06 03:00:00,宜蘭測站,宜蘭縣,47.2,21.7,27.1,42.4,0.477,2.51,183.6,Sample Data,宜蘭縣,宜蘭測站
2026-07-06 04:00:00,宜蘭測站,宜蘭縣,38.5,19.1,31.1,29.7,0.49,3.08,171.2,Sample Data,宜蘭縣,宜蘭測站
2026-07-06 05:00:00,宜蘭測站,宜蘭縣,39.1,22.3,35.4,29.6,0.49,3.56,152.6,Sample Data,宜蘭縣,宜蘭測站
2026-07-06 06:00:00,宜蘭測站,宜蘭縣,47.9,32.7,47.5,31.4,0.47,2.83,214.9,Sample Data,宜蘭縣,宜蘭測站
2026-07-06 07:00:00,宜蘭測站,宜蘭縣,50.4,30.7,44.9,28.7,0.475,1.66,190.5,Sample Data,宜蘭縣,宜蘭測站
2026-07-06 08:00:00,宜蘭測站,宜蘭縣,51.2,27.6,57.9,36.1,0.556,3.15,313.6,Sample Data,宜蘭縣,宜蘭測站
2026-07-06 09:00:00,宜蘭測站,宜蘭縣,49.9,27.5,56.1,35.1,0.576,1.63,151.8,Sample Data,宜蘭縣,宜蘭測站
2026-07-06 10:00:00,宜蘭測站,宜蘭縣,47.7,24.2,32.3,31.6,0.474,1.37,194.2,Sample Data,宜蘭縣,宜蘭測站
2026-07-06 11:00:00,宜蘭測站,宜蘭縣,47.0,25.6,55.1,40.5,0.541,2.83,242.5,Sample Data,宜蘭縣,宜蘭測站
2026-07-06 12:00:00,宜蘭測站,宜蘭縣,44.7,24.0,44.3,33.5,0.528,3.22,224.5,Sample Data,宜蘭縣,宜蘭測站
2026-07-06 13:00:00,宜蘭測站,宜蘭縣,36.4,25.6,39.6,43.9,0.352,2.79,189.3,Sample Data,宜蘭縣,宜蘭測站
2026-07-06 14:00:00,宜蘭測站,宜蘭縣,54.4,26.8,44.2,36.1,0.564,1.59,196.6,Sample Data,宜蘭縣,宜蘭測站
2026-07-06 15:00:00,宜蘭測站,宜蘭縣,47.9,27.2,47.2,48.3,0.618,2.16,190.1,Sample Data,宜蘭縣,宜蘭測站
2026-07-06 16:00:00,宜蘭測站,宜蘭縣,53.2,28.3,42.6,46.5,0.599,1.95,122.6,Sample Data,宜蘭縣,宜蘭測站
2026-07-06 17:00:00,宜蘭測站,宜蘭縣,47.5,22.7,35.6,55.8,0.572,2.72,90.8,Sample Data,宜蘭縣,宜蘭測站
2026-07-06 18:00:00,宜蘭測站,宜蘭縣,50.1,23.1,40.5,48.1,0.528,1.55,232.6,Sample Data,宜蘭縣,宜蘭測站
2026-07-06 19:00:00,宜蘭測站,宜蘭縣,51.2,33.3,57.7,48.1,0.62,1.72,251.5,Sample Data,宜蘭縣,宜蘭測站
2026-07-06 20:00:00,宜蘭測站,宜蘭縣,55.3,26.7,53.6,54.2,0.535,1.99,230.9,Sample Data,宜蘭縣,宜蘭測站
2026-07-06 21:00:00,宜蘭測站,宜蘭縣,49.3,24.2,38.0,46.0,0.556,0.97,308.8,Sample Data,宜蘭縣,宜蘭測站
2026-07-06 22:00:00,宜蘭測站,宜蘭縣,45.5,28.9,42.2,46.9,0.577,3.48,299.5,Sample Data,宜蘭縣,宜蘭測站
2026-07-06 23:00:00,宜蘭測站,宜蘭縣,53.1,22.5,38.9,43.3,0.541,2.2,239.9,Sample Data,宜蘭縣,宜蘭測站
2026-07-07 00:00:00,宜蘭測站,宜蘭縣,44.4,19.9,37.2,37.7,0.5,3.67,304.7,Sample Data,宜蘭縣,宜蘭測站
2026-07-07 01:00:00,宜蘭測站,宜蘭縣,44.4,22.2,40.9,38.5,0.418,2.3,273.9,Sample Data,宜蘭縣,宜蘭測站
2026-07-07 02:00:00,宜蘭測站,宜蘭縣,45.0,24.5,46.1,38.7,0.538,2.48,231.2,Sample Data,宜蘭縣,宜蘭測站
2026-07-07 03:00:00,宜蘭測站,宜蘭縣,41.7,23.3,31.6,34.8,0.462,2.82,275.5,Sample Data,宜蘭縣,宜蘭測站
2026-07-07 04:00:00,宜蘭測站,宜蘭縣,50.8,30.9,50.8,37.3,0.594,1.5,282.2,Sample Data,宜蘭縣,宜蘭測站
2026-07-07 05:00:00,宜蘭測站,宜蘭縣,49.0,27.3,46.3,36.4,0.48,3.11,343.3,Sample Data,宜蘭縣,宜蘭測站
2026-07-07 06:00:00,宜蘭測站,宜蘭縣,54.0,24.7,51.1,34.6,0.477,3.15,215.9,Sample Data,宜蘭縣,宜蘭測站
2026-07-07 07:00:00,宜蘭測站,宜蘭縣,59.5,21.7,34.3,28.0,0.58,1.64,277.7,Sample Data,宜蘭縣,宜蘭測站
2026-07-07 08:00:00,宜蘭測站,宜蘭縣,57.1,22.3,32.3,39.5,0.594,3.98,247.8,Sample Data,宜蘭縣,宜蘭測站
2026-07-07 09:00:00,宜蘭測站,宜蘭縣,54.6,26.5,49.1,36.1,0.575,0.99,247.5,Sample Data,宜蘭縣,宜蘭測站
2026-07-07 10:00:00,宜蘭測站,宜蘭縣,46.4,23.7,42.5,33.5,0.506,1.4,234.7,Sample Data,宜蘭縣,宜蘭測站
2026-07-07 11:00:00,宜蘭測站,宜蘭縣,50.9,21.1,44.3,34.6,0.448,2.02,235.5,Sample Data,宜蘭縣,宜蘭測站
2026-07-07 12:00:00,宜蘭測站,宜蘭縣,41.9,18.8,30.4,35.3,0.502,2.41,321.7,Sample Data,宜蘭縣,宜蘭測站
2026-07-07 13:00:00,宜蘭測站,宜蘭縣,43.7,24.3,51.0,43.2,0.501,1.59,262.1,Sample Data,宜蘭縣,宜蘭測站
2026-07-07 14:00:00,宜蘭測站,宜蘭縣,44.4,21.2,34.6,44.5,0.554,2.95,226.5,Sample Data,宜蘭縣,宜蘭測站
2026-07-07 15:00:00,宜蘭測站,宜蘭縣,51.2,27.0,43.4,46.7,0.578,2.64,209.1,Sample Data,宜蘭縣,宜蘭測站
2026-07-07 16:00:00,宜蘭測站,宜蘭縣,43.7,29.0,55.1,50.8,0.4,1.86,231.4,Sample Data,宜蘭縣,宜蘭測站
2026-07-07 17:00:00,宜蘭測站,宜蘭縣,64.2,34.5,60.1,55.1,0.571,1.21,69.9,Sample Data,宜蘭縣,宜蘭測站
2026-07-07 18:00:00,宜蘭測站,宜蘭縣,46.9,24.9,53.0,53.8,0.455,2.02,220.7,Sample Data,宜蘭縣,宜蘭測站
2026-07-07 19:00:00,宜蘭測站,宜蘭縣,55.8,28.5,42.8,60.6,0.592,3.4,185.7,Sample Data,宜蘭縣,宜蘭測站
2026-07-07 20:00:00,宜蘭測站,宜蘭縣,54.8,26.9,36.1,51.5,0.474,1.91,286.6,Sample Data,宜蘭縣,宜蘭測站
2026-07-07 21:00:00,宜蘭測站,宜蘭縣,52.0,23.3,50.0,43.7,0.539,2.78,337.9,Sample Data,宜蘭縣,宜蘭測站
2026-07-07 22:00:00,宜蘭測站,宜蘭縣,44.4,20.5,37.4,43.0,0.492,2.09,15.8,Sample Data,宜蘭縣,宜蘭測站
2026-07-07 23:00:00,宜蘭測站,宜蘭縣,44.2,27.2,47.7,50.0,0.458,2.39,350.1,Sample Data,宜蘭縣,宜蘭測站
2026-07-08 00:00:00,宜蘭測站,宜蘭縣,45.8,22.0,34.5,40.9,0.5,2.29,284.5,Sample Data,宜蘭縣,宜蘭測站
2026-07-08 01:00:00,宜蘭測站,宜蘭縣,43.1,23.1,47.1,49.2,0.492,2.15,317.9,Sample Data,宜蘭縣,宜蘭測站
2026-07-08 02:00:00,宜蘭測站,宜蘭縣,47.1,27.3,49.8,44.6,0.502,1.92,318.8,Sample Data,宜蘭縣,宜蘭測站
2026-07-08 03:00:00,宜蘭測站,宜蘭縣,50.2,26.4,46.1,33.1,0.482,2.59,271.1,Sample Data,宜蘭縣,宜蘭測站
2026-07-08 04:00:00,宜蘭測站,宜蘭縣,42.4,27.4,58.9,27.1,0.566,2.7,340.3,Sample Data,宜蘭縣,宜蘭測站
2026-07-08 05:00:00,宜蘭測站,宜蘭縣,51.3,27.4,48.1,33.6,0.458,3.21,58.1,Sample Data,宜蘭縣,宜蘭測站
2026-07-08 06:00:00,宜蘭測站,宜蘭縣,49.3,25.7,37.7,38.1,0.426,2.88,342.7,Sample Data,宜蘭縣,宜蘭測站
2026-07-08 07:00:00,宜蘭測站,宜蘭縣,49.4,23.3,38.1,32.7,0.597,1.65,319.9,Sample Data,宜蘭縣,宜蘭測站
2026-07-08 08:00:00,宜蘭測站,宜蘭縣,54.6,27.3,45.6,36.8,0.535,2.91,38.8,Sample Data,宜蘭縣,宜蘭測站
2026-07-08 09:00:00,宜蘭測站,宜蘭縣,44.9,26.9,50.0,35.4,0.587,2.61,328.8,Sample Data,宜蘭縣,宜蘭測站
2026-07-08 10:00:00,宜蘭測站,宜蘭縣,45.6,20.8,29.2,38.2,0.486,1.36,75.9,Sample Data,宜蘭縣,宜蘭測站
2026-07-08 11:00:00,宜蘭測站,宜蘭縣,27.5,19.4,27.1,34.1,0.377,2.66,70.9,Sample Data,宜蘭縣,宜蘭測站
2026-07-08 12:00:00,宜蘭測站,宜蘭縣,43.0,22.3,50.4,40.0,0.441,2.28,294.5,Sample Data,宜蘭縣,宜蘭測站
2026-07-08 13:00:00,宜蘭測站,宜蘭縣,39.4,27.3,38.1,41.6,0.448,3.07,349.7,Sample Data,宜蘭縣,宜蘭測站
2026-07-08 14:00:00,宜蘭測站,宜蘭縣,49.5,22.1,43.3,36.7,0.507,3.1,245.3,Sample Data,宜蘭縣,宜蘭測站
2026-07-08 15:00:00,宜蘭測站,宜蘭縣,44.2,19.1,29.6,44.8,0.455,3.39,13.5,Sample Data,宜蘭縣,宜蘭測站
2026-07-08 16:00:00,宜蘭測站,宜蘭縣,43.9,19.6,44.9,44.5,0.46,1.87,77.1,Sample Data,宜蘭縣,宜蘭測站
2026-07-08 17:00:00,宜蘭測站,宜蘭縣,53.2,24.4,42.8,49.9,0.584,2.52,85.8,Sample Data,宜蘭縣,宜蘭測站
2026-07-08 18:00:00,宜蘭測站,宜蘭縣,45.7,17.0,26.6,53.2,0.458,1.64,26.5,Sample Data,宜蘭縣,宜蘭測站
2026-07-08 19:00:00,宜蘭測站,宜蘭縣,38.0,21.3,35.5,49.5,0.548,2.96,276.3,Sample Data,宜蘭縣,宜蘭測站
2026-07-08 20:00:00,宜蘭測站,宜蘭縣,44.4,29.4,54.6,53.9,0.471,1.85,42.7,Sample Data,宜蘭縣,宜蘭測站
2026-07-08 21:00:00,宜蘭測站,宜蘭縣,48.5,19.9,22.2,48.6,0.428,2.95,349.1,Sample Data,宜蘭縣,宜蘭測站
2026-07-08 22:00:00,宜蘭測站,宜蘭縣,45.7,22.3,31.2,49.3,0.522,3.25,66.0,Sample Data,宜蘭縣,宜蘭測站
2026-07-08 23:00:00,宜蘭測站,宜蘭縣,40.5,24.5,48.6,38.5,0.45,1.52,51.3,Sample Data,宜蘭縣,宜蘭測站
2026-07-09 00:00:00,宜蘭測站,宜蘭縣,45.8,26.7,44.8,45.2,0.51,1.68,108.3,Sample Data,宜蘭縣,宜蘭測站
2026-07-09 01:00:00,宜蘭測站,宜蘭縣,31.5,19.5,37.4,38.2,0.436,2.83,45.3,Sample Data,宜蘭縣,宜蘭測站
2026-07-09 02:00:00,宜蘭測站,宜蘭縣,38.3,22.4,31.9,41.2,0.514,2.93,60.1,Sample Data,宜蘭縣,宜蘭測站
2026-07-09 03:00:00,宜蘭測站,宜蘭縣,32.6,13.5,16.0,34.4,0.5,2.33,14.3,Sample Data,宜蘭縣,宜蘭測站
2026-07-09 04:00:00,宜蘭測站,宜蘭縣,32.6,21.0,29.2,35.4,0.57,3.6,41.9,Sample Data,宜蘭縣,宜蘭測站
2026-07-09 05:00:00,宜蘭測站,宜蘭縣,38.7,21.0,40.0,35.9,0.406,2.94,112.1,Sample Data,宜蘭縣,宜蘭測站
2026-07-09 06:00:00,宜蘭測站,宜蘭縣,40.9,22.2,46.3,33.2,0.487,2.93,38.7,Sample Data,宜蘭縣,宜蘭測站
2026-07-09 07:00:00,宜蘭測站,宜蘭縣,40.8,18.1,27.8,33.0,0.433,2.73,61.3,Sample Data,宜蘭縣,宜蘭測站
2026-07-09 08:00:00,宜蘭測站,宜蘭縣,54.4,28.6,54.5,31.9,0.408,3.68,39.4,Sample Data,宜蘭縣,宜蘭測站
2026-07-09 09:00:00,宜蘭測站,宜蘭縣,51.2,23.3,34.7,36.0,0.533,2.87,35.7,Sample Data,宜蘭縣,宜蘭測站
2026-07-09 10:00:00,宜蘭測站,宜蘭縣,42.2,20.6,25.5,30.9,0.46,4.31,108.2,Sample Data,宜蘭縣,宜蘭測站
2026-07-09 11:00:00,宜蘭測站,宜蘭縣,34.2,23.7,36.2,36.8,0.446,2.86,343.6,Sample Data,宜蘭縣,宜蘭測站
2026-07-09 12:00:00,宜蘭測站,宜蘭縣,43.8,22.2,32.9,36.8,0.448,3.16,125.6,Sample Data,宜蘭縣,宜蘭測站
2026-07-09 13:00:00,宜蘭測站,宜蘭縣,26.4,17.8,25.7,43.4,0.365,3.94,67.0,Sample Data,宜蘭縣,宜蘭測站
2026-07-09 14:00:00,宜蘭測站,宜蘭縣,44.9,22.8,36.8,48.7,0.502,2.75,113.0,Sample Data,宜蘭縣,宜蘭測站
2026-07-09 15:00:00,宜蘭測站,宜蘭縣,34.5,22.3,40.3,44.8,0.479,1.31,119.9,Sample Data,宜蘭縣,宜蘭測站
2026-07-09 16:00:00,宜蘭測站,宜蘭縣,40.7,18.5,27.1,49.0,0.546,1.4,82.4,Sample Data,宜蘭縣,宜蘭測站
2026-07-09 17:00:00,宜蘭測站,宜蘭縣,43.3,17.4,37.3,56.7,0.511,2.01,115.3,Sample Data,宜蘭縣,宜蘭測站
2026-07-09 18:00:00,宜蘭測站,宜蘭縣,51.6,24.0,37.9,57.5,0.566,0.73,111.0,Sample Data,宜蘭縣,宜蘭測站
2026-07-09 19:00:00,宜蘭測站,宜蘭縣,34.2,19.4,29.6,52.6,0.446,2.72,153.4,Sample Data,宜蘭縣,宜蘭測站
2026-07-09 20:00:00,宜蘭測站,宜蘭縣,39.9,22.5,34.1,53.3,0.437,2.09,37.6,Sample Data,宜蘭縣,宜蘭測站
2026-07-09 21:00:00,宜蘭測站,宜蘭縣,28.2,24.2,41.5,51.1,0.407,3.18,20.9,Sample Data,宜蘭縣,宜蘭測站
2026-07-09 22:00:00,宜蘭測站,宜蘭縣,44.0,23.2,37.0,54.1,0.46,1.92,78.2,Sample Data,宜蘭縣,宜蘭測站
2026-07-09 23:00:00,宜蘭測站,宜蘭縣,36.2,22.1,41.7,46.1,0.439,4.17,78.1,Sample Data,宜蘭縣,宜蘭測站
2026-07-10 00:00:00,宜蘭測站,宜蘭縣,42.2,21.3,35.5,44.1,0.539,1.83,59.7,Sample Data,宜蘭縣,宜蘭測站
2026-07-10 01:00:00,宜蘭測站,宜蘭縣,37.5,22.0,28.8,40.6,0.491,3.04,112.5,Sample Data,宜蘭縣,宜蘭測站
2026-07-10 02:00:00,宜蘭測站,宜蘭縣,30.4,21.3,33.3,34.1,0.443,3.04,6.2,Sample Data,宜蘭縣,宜蘭測站
2026-07-10 03:00:00,宜蘭測站,宜蘭縣,32.8,18.8,46.5,34.2,0.376,2.65,117.6,Sample Data,宜蘭縣,宜蘭測站
2026-07-10 04:00:00,宜蘭測站,宜蘭縣,40.7,26.5,50.8,33.8,0.548,2.41,123.0,Sample Data,宜蘭縣,宜蘭測站
2026-07-10 05:00:00,宜蘭測站,宜蘭縣,37.8,15.7,34.0,22.2,0.548,2.48,177.4,Sample Data,宜蘭縣,宜蘭測站
2026-07-10 06:00:00,宜蘭測站,宜蘭縣,43.0,19.3,28.3,27.2,0.528,2.9,208.4,Sample Data,宜蘭縣,宜蘭測站
2026-07-10 07:00:00,宜蘭測站,宜蘭縣,44.8,20.9,32.0,30.9,0.519,2.52,102.1,Sample Data,宜蘭縣,宜蘭測站
2026-07-10 08:00:00,宜蘭測站,宜蘭縣,41.7,25.8,49.4,33.7,0.533,2.48,112.9,Sample Data,宜蘭縣,宜蘭測站
2026-07-10 09:00:00,宜蘭測站,宜蘭縣,41.6,21.4,29.5,33.9,0.552,2.33,62.7,Sample Data,宜蘭縣,宜蘭測站
2026-07-10 10:00:00,宜蘭測站,宜蘭縣,41.4,18.7,36.2,31.1,0.449,1.82,193.6,Sample Data,宜蘭縣,宜蘭測站
2026-07-10 11:00:00,宜蘭測站,宜蘭縣,49.5,20.4,33.7,42.9,0.424,2.7,118.6,Sample Data,宜蘭縣,宜蘭測站
2026-07-10 12:00:00,宜蘭測站,宜蘭縣,42.1,23.3,38.1,44.4,0.471,3.24,178.6,Sample Data,宜蘭縣,宜蘭測站
2026-07-10 13:00:00,宜蘭測站,宜蘭縣,43.2,20.3,37.2,36.0,0.475,4.23,125.5,Sample Data,宜蘭縣,宜蘭測站
2026-07-10 14:00:00,宜蘭測站,宜蘭縣,38.1,23.5,35.1,40.0,0.481,2.65,257.4,Sample Data,宜蘭縣,宜蘭測站
2026-07-10 15:00:00,宜蘭測站,宜蘭縣,42.4,22.5,36.2,51.9,0.432,3.47,233.1,Sample Data,宜蘭縣,宜蘭測站
2026-07-10 16:00:00,宜蘭測站,宜蘭縣,42.5,21.9,35.9,43.0,0.477,2.41,92.7,Sample Data,宜蘭縣,宜蘭測站
2026-07-10 17:00:00,宜蘭測站,宜蘭縣,42.7,23.6,33.0,48.8,0.451,3.55,153.3,Sample Data,宜蘭縣,宜蘭測站
2026-07-10 18:00:00,宜蘭測站,宜蘭縣,54.8,21.1,42.0,51.8,0.514,2.36,202.8,Sample Data,宜蘭縣,宜蘭測站
2026-07-10 19:00:00,宜蘭測站,宜蘭縣,42.5,25.3,38.9,48.8,0.486,3.79,184.1,Sample Data,宜蘭縣,宜蘭測站
2026-07-10 20:00:00,宜蘭測站,宜蘭縣,41.6,21.7,34.2,44.5,0.484,3.79,222.8,Sample Data,宜蘭縣,宜蘭測站
2026-07-10 21:00:00,宜蘭測站,宜蘭縣,38.1,19.8,20.7,46.7,0.502,2.51,101.3,Sample Data,宜蘭縣,宜蘭測站
2026-07-10 22:00:00,宜蘭測站,宜蘭縣,38.0,21.1,30.8,48.4,0.457,2.86,122.3,Sample Data,宜蘭縣,宜蘭測站
2026-07-10 23:00:00,宜蘭測站,宜蘭縣,38.0,21.1,27.0,29.6,0.485,3.37,132.4,Sample Data,宜蘭縣,宜蘭測站
2026-07-11 00:00:00,宜蘭測站,宜蘭縣,36.6,21.1,45.6,40.7,0.464,2.28,163.7,Sample Data,宜蘭縣,宜蘭測站
2026-07-11 01:00:00,宜蘭測站,宜蘭縣,35.3,18.3,36.0,40.9,0.441,2.2,239.7,Sample Data,宜蘭縣,宜蘭測站
2026-07-11 02:00:00,宜蘭測站,宜蘭縣,37.9,20.9,24.8,37.3,0.448,3.52,240.6,Sample Data,宜蘭縣,宜蘭測站
2026-07-11 03:00:00,宜蘭測站,宜蘭縣,35.5,21.3,46.1,34.2,0.479,3.55,157.9,Sample Data,宜蘭縣,宜蘭測站
2026-07-11 04:00:00,宜蘭測站,宜蘭縣,32.2,28.1,51.9,36.6,0.418,3.0,160.7,Sample Data,宜蘭縣,宜蘭測站
2026-07-11 05:00:00,宜蘭測站,宜蘭縣,38.5,21.4,53.1,32.8,0.431,3.09,178.3,Sample Data,宜蘭縣,宜蘭測站
2026-07-11 06:00:00,宜蘭測站,宜蘭縣,33.8,23.0,43.2,29.8,0.45,3.08,254.1,Sample Data,宜蘭縣,宜蘭測站
2026-07-11 07:00:00,宜蘭測站,宜蘭縣,51.3,26.3,48.8,33.5,0.46,1.46,184.9,Sample Data,宜蘭縣,宜蘭測站
2026-07-11 08:00:00,宜蘭測站,宜蘭縣,49.2,32.2,49.5,32.0,0.545,2.74,168.9,Sample Data,宜蘭縣,宜蘭測站
2026-07-11 09:00:00,宜蘭測站,宜蘭縣,42.1,21.9,40.3,33.3,0.455,3.66,270.8,Sample Data,宜蘭縣,宜蘭測站
2026-07-11 10:00:00,宜蘭測站,宜蘭縣,42.4,20.3,31.7,34.0,0.462,1.9,211.9,Sample Data,宜蘭縣,宜蘭測站
2026-07-11 11:00:00,宜蘭測站,宜蘭縣,38.6,21.5,36.9,35.4,0.444,2.94,173.5,Sample Data,宜蘭縣,宜蘭測站
2026-07-11 12:00:00,宜蘭測站,宜蘭縣,33.4,18.3,31.2,29.2,0.464,3.65,246.7,Sample Data,宜蘭縣,宜蘭測站
2026-07-11 13:00:00,宜蘭測站,宜蘭縣,36.4,16.6,17.8,38.7,0.413,1.12,300.4,Sample Data,宜蘭縣,宜蘭測站
2026-07-11 14:00:00,宜蘭測站,宜蘭縣,33.6,20.0,36.9,42.6,0.403,3.02,239.5,Sample Data,宜蘭縣,宜蘭測站
2026-07-11 15:00:00,宜蘭測站,宜蘭縣,35.2,22.2,37.3,44.5,0.427,2.99,246.0,Sample Data,宜蘭縣,宜蘭測站
2026-07-11 16:00:00,宜蘭測站,宜蘭縣,37.9,24.3,33.2,45.3,0.499,2.47,344.3,Sample Data,宜蘭縣,宜蘭測站
2026-07-11 17:00:00,宜蘭測站,宜蘭縣,55.2,26.6,49.1,49.2,0.549,2.94,156.8,Sample Data,宜蘭縣,宜蘭測站
2026-07-11 18:00:00,宜蘭測站,宜蘭縣,52.2,28.3,45.8,53.9,0.594,2.46,235.3,Sample Data,宜蘭縣,宜蘭測站
2026-07-11 19:00:00,宜蘭測站,宜蘭縣,58.8,28.0,57.6,55.3,0.527,1.64,250.1,Sample Data,宜蘭縣,宜蘭測站
2026-07-11 20:00:00,宜蘭測站,宜蘭縣,45.5,20.2,37.0,49.8,0.521,1.36,178.8,Sample Data,宜蘭縣,宜蘭測站
2026-07-11 21:00:00,宜蘭測站,宜蘭縣,40.8,26.8,40.6,48.2,0.352,3.29,267.7,Sample Data,宜蘭縣,宜蘭測站
2026-07-11 22:00:00,宜蘭測站,宜蘭縣,42.8,19.5,35.7,48.2,0.533,2.67,291.2,Sample Data,宜蘭縣,宜蘭測站
2026-07-11 23:00:00,宜蘭測站,宜蘭縣,33.9,14.3,20.2,40.4,0.464,2.57,247.4,Sample Data,宜蘭縣,宜蘭測站
2026-07-12 00:00:00,宜蘭測站,宜蘭縣,34.0,17.3,25.4,40.8,0.469,3.89,250.9,Sample Data,宜蘭縣,宜蘭測站
2026-07-12 01:00:00,宜蘭測站,宜蘭縣,49.0,26.0,45.0,45.1,0.473,3.3,234.4,Sample Data,宜蘭縣,宜蘭測站
2026-07-12 02:00:00,宜蘭測站,宜蘭縣,41.6,23.4,44.3,32.5,0.583,3.23,227.7,Sample Data,宜蘭縣,宜蘭測站
2026-07-12 03:00:00,宜蘭測站,宜蘭縣,34.6,24.2,45.8,38.4,0.412,2.22,235.1,Sample Data,宜蘭縣,宜蘭測站
2026-07-12 04:00:00,宜蘭測站,宜蘭縣,36.1,22.4,46.4,29.3,0.494,2.03,310.2,Sample Data,宜蘭縣,宜蘭測站
2026-07-12 05:00:00,宜蘭測站,宜蘭縣,35.6,26.2,51.7,33.8,0.386,3.31,236.7,Sample Data,宜蘭縣,宜蘭測站
2026-07-12 06:00:00,宜蘭測站,宜蘭縣,45.0,21.8,34.0,34.3,0.463,3.36,37.7,Sample Data,宜蘭縣,宜蘭測站
2026-07-12 07:00:00,宜蘭測站,宜蘭縣,47.2,24.8,44.7,31.8,0.55,2.29,36.4,Sample Data,宜蘭縣,宜蘭測站
2026-07-12 08:00:00,宜蘭測站,宜蘭縣,41.2,24.0,39.6,32.7,0.479,2.8,298.4,Sample Data,宜蘭縣,宜蘭測站
2026-07-12 09:00:00,宜蘭測站,宜蘭縣,59.1,18.9,38.3,30.0,0.564,3.37,329.5,Sample Data,宜蘭縣,宜蘭測站
2026-07-12 10:00:00,宜蘭測站,宜蘭縣,54.8,27.3,51.9,39.9,0.614,1.4,215.1,Sample Data,宜蘭縣,宜蘭測站
2026-07-12 11:00:00,宜蘭測站,宜蘭縣,42.9,27.3,38.2,34.6,0.628,2.24,322.1,Sample Data,宜蘭縣,宜蘭測站
2026-07-12 12:00:00,宜蘭測站,宜蘭縣,38.7,23.7,41.7,35.9,0.437,2.47,316.9,Sample Data,宜蘭縣,宜蘭測站
2026-07-12 13:00:00,宜蘭測站,宜蘭縣,50.1,23.2,44.9,39.1,0.437,3.28,295.4,Sample Data,宜蘭縣,宜蘭測站
2026-07-12 14:00:00,宜蘭測站,宜蘭縣,42.3,17.4,22.5,42.8,0.488,2.73,257.3,Sample Data,宜蘭縣,宜蘭測站
2026-07-12 15:00:00,宜蘭測站,宜蘭縣,38.9,21.8,29.4,40.5,0.421,2.22,272.1,Sample Data,宜蘭縣,宜蘭測站
2026-07-12 16:00:00,宜蘭測站,宜蘭縣,40.3,21.3,41.3,41.5,0.359,3.95,2.7,Sample Data,宜蘭縣,宜蘭測站
2026-07-12 17:00:00,宜蘭測站,宜蘭縣,49.6,28.4,42.5,45.2,0.611,2.23,282.0,Sample Data,宜蘭縣,宜蘭測站
2026-07-12 18:00:00,宜蘭測站,宜蘭縣,49.2,25.0,49.1,48.7,0.516,2.92,269.6,Sample Data,宜蘭縣,宜蘭測站
2026-07-12 19:00:00,宜蘭測站,宜蘭縣,55.0,26.1,35.5,55.4,0.497,2.02,358.8,Sample Data,宜蘭縣,宜蘭測站
2026-07-12 20:00:00,宜蘭測站,宜蘭縣,43.9,31.3,56.1,51.7,0.477,3.2,295.7,Sample Data,宜蘭縣,宜蘭測站
2026-07-12 21:00:00,宜蘭測站,宜蘭縣,44.1,24.2,47.6,41.6,0.495,2.12,240.8,Sample Data,宜蘭縣,宜蘭測站
2026-07-12 22:00:00,宜蘭測站,宜蘭縣,35.7,19.7,36.9,47.5,0.429,3.83,297.6,Sample Data,宜蘭縣,宜蘭測站
2026-07-12 23:00:00,宜蘭測站,宜蘭縣,28.8,18.9,14.3,46.5,0.412,2.01,268.2,Sample Data,宜蘭縣,宜蘭測站
2026-07-13 00:00:00,宜蘭測站,宜蘭縣,48.5,27.3,46.0,45.0,0.527,2.95,293.0,Sample Data,宜蘭縣,宜蘭測站
2026-07-13 01:00:00,宜蘭測站,宜蘭縣,43.8,23.6,47.5,47.4,0.554,3.88,22.7,Sample Data,宜蘭縣,宜蘭測站
2026-07-13 02:00:00,宜蘭測站,宜蘭縣,41.3,27.5,50.3,34.1,0.521,3.66,355.3,Sample Data,宜蘭縣,宜蘭測站
2026-07-13 03:00:00,宜蘭測站,宜蘭縣,33.9,18.3,37.2,33.3,0.445,1.72,70.6,Sample Data,宜蘭縣,宜蘭測站
2026-07-13 04:00:00,宜蘭測站,宜蘭縣,42.6,25.6,40.9,34.8,0.497,2.45,27.0,Sample Data,宜蘭縣,宜蘭測站
2026-07-13 05:00:00,宜蘭測站,宜蘭縣,42.8,23.4,40.9,30.3,0.521,3.89,288.5,Sample Data,宜蘭縣,宜蘭測站
2026-07-13 06:00:00,宜蘭測站,宜蘭縣,49.8,22.0,34.8,31.5,0.492,2.33,342.3,Sample Data,宜蘭縣,宜蘭測站
2026-07-13 07:00:00,宜蘭測站,宜蘭縣,47.0,25.3,45.3,31.7,0.548,2.1,326.1,Sample Data,宜蘭縣,宜蘭測站
2026-07-13 08:00:00,宜蘭測站,宜蘭縣,56.4,25.5,54.2,32.1,0.523,3.19,17.5,Sample Data,宜蘭縣,宜蘭測站
2026-07-13 09:00:00,宜蘭測站,宜蘭縣,53.2,21.4,39.4,38.0,0.546,2.16,323.1,Sample Data,宜蘭縣,宜蘭測站
2026-07-13 10:00:00,宜蘭測站,宜蘭縣,49.2,21.1,34.0,31.7,0.523,2.95,12.8,Sample Data,宜蘭縣,宜蘭測站
2026-07-13 11:00:00,宜蘭測站,宜蘭縣,38.8,16.7,22.4,39.0,0.411,4.25,304.1,Sample Data,宜蘭縣,宜蘭測站
2026-07-13 12:00:00,宜蘭測站,宜蘭縣,44.6,21.5,35.0,42.3,0.543,3.11,57.1,Sample Data,宜蘭縣,宜蘭測站
2026-07-13 13:00:00,宜蘭測站,宜蘭縣,38.6,24.2,40.1,40.1,0.495,2.89,44.8,Sample Data,宜蘭縣,宜蘭測站
2026-07-13 14:00:00,宜蘭測站,宜蘭縣,38.2,17.5,35.4,41.4,0.503,1.55,331.8,Sample Data,宜蘭縣,宜蘭測站
2026-07-13 15:00:00,宜蘭測站,宜蘭縣,44.3,18.4,31.0,43.2,0.474,2.32,298.4,Sample Data,宜蘭縣,宜蘭測站
2026-07-13 16:00:00,宜蘭測站,宜蘭縣,45.2,23.8,36.9,46.9,0.536,2.53,266.1,Sample Data,宜蘭縣,宜蘭測站
2026-07-13 17:00:00,宜蘭測站,宜蘭縣,42.6,26.0,38.1,56.1,0.514,1.13,94.5,Sample Data,宜蘭縣,宜蘭測站
2026-07-13 18:00:00,宜蘭測站,宜蘭縣,50.1,26.1,55.4,50.9,0.444,2.76,302.0,Sample Data,宜蘭縣,宜蘭測站
2026-07-13 19:00:00,宜蘭測站,宜蘭縣,57.1,25.6,36.2,54.6,0.574,1.96,45.9,Sample Data,宜蘭縣,宜蘭測站
2026-07-13 20:00:00,宜蘭測站,宜蘭縣,45.5,23.6,36.4,59.3,0.556,3.1,86.0,Sample Data,宜蘭縣,宜蘭測站
2026-07-13 21:00:00,宜蘭測站,宜蘭縣,43.6,22.4,33.6,57.4,0.546,2.76,300.2,Sample Data,宜蘭縣,宜蘭測站
2026-07-13 22:00:00,宜蘭測站,宜蘭縣,43.0,22.5,40.0,45.2,0.529,3.98,353.8,Sample Data,宜蘭縣,宜蘭測站
2026-07-13 23:00:00,宜蘭測站,宜蘭縣,33.5,24.1,31.7,43.9,0.544,2.16,12.7,Sample Data,宜蘭縣,宜蘭測站
2026-07-14 00:00:00,宜蘭測站,宜蘭縣,38.2,20.8,34.7,42.6,0.48,2.59,119.2,Sample Data,宜蘭縣,宜蘭測站
2026-07-14 01:00:00,宜蘭測站,宜蘭縣,34.9,18.1,24.9,38.1,0.442,2.65,313.7,Sample Data,宜蘭縣,宜蘭測站
2026-07-14 02:00:00,宜蘭測站,宜蘭縣,31.3,23.4,34.8,31.8,0.34,3.44,97.0,Sample Data,宜蘭縣,宜蘭測站
2026-07-14 03:00:00,宜蘭測站,宜蘭縣,23.1,11.3,21.3,29.4,0.388,2.72,46.5,Sample Data,宜蘭縣,宜蘭測站
2026-07-14 04:00:00,宜蘭測站,宜蘭縣,33.1,20.9,37.9,24.5,0.429,3.32,30.1,Sample Data,宜蘭縣,宜蘭測站
2026-07-14 05:00:00,宜蘭測站,宜蘭縣,37.6,25.8,49.0,40.6,0.462,1.89,22.3,Sample Data,宜蘭縣,宜蘭測站
2026-07-14 06:00:00,宜蘭測站,宜蘭縣,45.5,28.2,56.8,29.5,0.489,2.48,75.0,Sample Data,宜蘭縣,宜蘭測站
2026-07-14 07:00:00,宜蘭測站,宜蘭縣,56.5,28.0,39.3,34.4,0.506,2.54,284.4,Sample Data,宜蘭縣,宜蘭測站
2026-07-14 08:00:00,宜蘭測站,宜蘭縣,46.9,23.9,42.6,37.5,0.563,2.2,88.8,Sample Data,宜蘭縣,宜蘭測站
2026-07-14 09:00:00,宜蘭測站,宜蘭縣,38.6,21.4,42.0,36.6,0.474,2.05,137.7,Sample Data,宜蘭縣,宜蘭測站
2026-07-14 10:00:00,宜蘭測站,宜蘭縣,40.3,24.0,43.0,31.3,0.518,2.6,97.3,Sample Data,宜蘭縣,宜蘭測站
2026-07-14 11:00:00,宜蘭測站,宜蘭縣,46.6,18.2,22.8,38.9,0.536,2.25,40.3,Sample Data,宜蘭縣,宜蘭測站
2026-07-14 12:00:00,宜蘭測站,宜蘭縣,37.6,18.2,32.2,40.0,0.393,2.3,30.7,Sample Data,宜蘭縣,宜蘭測站
2026-07-14 13:00:00,宜蘭測站,宜蘭縣,34.7,25.5,44.7,36.8,0.49,1.92,76.2,Sample Data,宜蘭縣,宜蘭測站
2026-07-14 14:00:00,宜蘭測站,宜蘭縣,34.0,20.6,28.6,44.7,0.552,3.17,73.4,Sample Data,宜蘭縣,宜蘭測站
2026-07-14 15:00:00,宜蘭測站,宜蘭縣,44.7,20.4,31.8,54.4,0.457,3.07,355.2,Sample Data,宜蘭縣,宜蘭測站
2026-07-14 16:00:00,宜蘭測站,宜蘭縣,40.5,19.5,35.4,41.6,0.436,2.06,146.7,Sample Data,宜蘭縣,宜蘭測站
2026-07-14 17:00:00,宜蘭測站,宜蘭縣,49.2,28.6,62.4,46.9,0.477,2.05,50.6,Sample Data,宜蘭縣,宜蘭測站
2026-07-14 18:00:00,宜蘭測站,宜蘭縣,44.7,21.2,27.9,50.8,0.438,2.14,54.5,Sample Data,宜蘭縣,宜蘭測站
2026-07-14 19:00:00,宜蘭測站,宜蘭縣,48.8,26.2,39.0,54.3,0.602,2.53,5.1,Sample Data,宜蘭縣,宜蘭測站
2026-07-14 20:00:00,宜蘭測站,宜蘭縣,38.1,23.8,31.5,44.6,0.466,1.62,94.1,Sample Data,宜蘭縣,宜蘭測站
2026-07-14 21:00:00,宜蘭測站,宜蘭縣,39.4,21.1,42.7,42.3,0.476,3.18,107.8,Sample Data,宜蘭縣,宜蘭測站
2026-07-14 22:00:00,宜蘭測站,宜蘭縣,43.1,19.9,35.9,60.3,0.511,3.11,137.9,Sample Data,宜蘭縣,宜蘭測站
2026-07-14 23:00:00,宜蘭測站,宜蘭縣,36.4,24.9,50.7,45.3,0.504,1.91,45.5,Sample Data,宜蘭縣,宜蘭測站
2026-07-15 00:00:00,宜蘭測站,宜蘭縣,30.4,21.9,31.7,47.6,0.439,2.88,96.6,Sample Data,宜蘭縣,宜蘭測站
2026-07-15 01:00:00,宜蘭測站,宜蘭縣,40.2,23.8,31.3,33.9,0.435,3.05,87.5,Sample Data,宜蘭縣,宜蘭測站
2026-07-15 02:00:00,宜蘭測站,宜蘭縣,42.1,21.9,31.2,42.9,0.549,2.24,140.9,Sample Data,宜蘭縣,宜蘭測站
2026-07-15 03:00:00,宜蘭測站,宜蘭縣,37.4,23.5,39.0,36.9,0.491,1.81,114.7,Sample Data,宜蘭縣,宜蘭測站
2026-07-15 04:00:00,宜蘭測站,宜蘭縣,31.4,20.5,40.7,21.5,0.377,3.19,90.3,Sample Data,宜蘭縣,宜蘭測站
2026-07-15 05:00:00,宜蘭測站,宜蘭縣,42.9,19.7,32.4,36.1,0.452,3.17,205.9,Sample Data,宜蘭縣,宜蘭測站
2026-07-15 06:00:00,宜蘭測站,宜蘭縣,31.3,20.7,33.5,26.0,0.426,3.05,175.8,Sample Data,宜蘭縣,宜蘭測站
2026-07-15 07:00:00,宜蘭測站,宜蘭縣,48.1,26.6,51.3,19.8,0.585,3.5,170.3,Sample Data,宜蘭縣,宜蘭測站
2026-07-15 08:00:00,宜蘭測站,宜蘭縣,59.9,22.0,40.7,37.2,0.507,2.68,151.1,Sample Data,宜蘭縣,宜蘭測站
2026-07-15 09:00:00,宜蘭測站,宜蘭縣,43.7,23.3,33.3,37.0,0.537,3.16,187.8,Sample Data,宜蘭縣,宜蘭測站
2026-07-15 10:00:00,宜蘭測站,宜蘭縣,48.4,22.7,42.3,30.2,0.441,1.55,39.8,Sample Data,宜蘭縣,宜蘭測站
2026-07-15 11:00:00,宜蘭測站,宜蘭縣,35.0,19.8,28.3,28.2,0.455,2.6,98.0,Sample Data,宜蘭縣,宜蘭測站
2026-07-15 12:00:00,宜蘭測站,宜蘭縣,35.8,24.8,38.9,38.5,0.42,3.81,135.5,Sample Data,宜蘭縣,宜蘭測站
2026-07-15 13:00:00,宜蘭測站,宜蘭縣,38.2,24.5,50.3,38.1,0.513,2.24,156.7,Sample Data,宜蘭縣,宜蘭測站
2026-07-15 14:00:00,宜蘭測站,宜蘭縣,38.1,23.4,38.4,48.9,0.447,2.97,275.8,Sample Data,宜蘭縣,宜蘭測站
2026-07-15 15:00:00,宜蘭測站,宜蘭縣,44.1,16.3,24.9,49.2,0.485,3.36,186.6,Sample Data,宜蘭縣,宜蘭測站
2026-07-15 16:00:00,宜蘭測站,宜蘭縣,48.2,20.9,38.1,42.6,0.494,2.81,161.4,Sample Data,宜蘭縣,宜蘭測站
2026-07-15 17:00:00,宜蘭測站,宜蘭縣,55.2,28.4,58.7,54.6,0.545,2.22,213.5,Sample Data,宜蘭縣,宜蘭測站
2026-07-15 18:00:00,宜蘭測站,宜蘭縣,45.6,23.7,49.9,55.0,0.45,2.48,135.6,Sample Data,宜蘭縣,宜蘭測站
2026-07-15 19:00:00,宜蘭測站,宜蘭縣,53.9,30.2,32.1,57.1,0.539,2.52,218.0,Sample Data,宜蘭縣,宜蘭測站
2026-07-15 20:00:00,宜蘭測站,宜蘭縣,44.5,21.8,35.5,53.3,0.574,2.89,160.0,Sample Data,宜蘭縣,宜蘭測站
2026-07-15 21:00:00,宜蘭測站,宜蘭縣,48.3,21.7,44.0,49.0,0.462,2.99,155.6,Sample Data,宜蘭縣,宜蘭測站
2026-07-15 22:00:00,宜蘭測站,宜蘭縣,41.8,18.0,32.9,48.5,0.465,0.79,151.2,Sample Data,宜蘭縣,宜蘭測站
2026-07-15 23:00:00,宜蘭測站,宜蘭縣,34.2,18.1,26.5,44.2,0.418,2.25,123.1,Sample Data,宜蘭縣,宜蘭測站
2026-07-16 00:00:00,宜蘭測站,宜蘭縣,42.8,24.6,45.2,38.3,0.503,1.8,154.8,Sample Data,宜蘭縣,宜蘭測站
2026-07-16 01:00:00,宜蘭測站,宜蘭縣,35.1,19.8,27.9,40.0,0.469,4.63,234.1,Sample Data,宜蘭縣,宜蘭測站
2026-07-16 02:00:00,宜蘭測站,宜蘭縣,47.7,19.1,30.4,46.7,0.631,2.08,153.8,Sample Data,宜蘭縣,宜蘭測站
2026-07-16 03:00:00,宜蘭測站,宜蘭縣,45.0,23.2,39.5,47.6,0.56,3.91,87.6,Sample Data,宜蘭縣,宜蘭測站
2026-07-16 04:00:00,宜蘭測站,宜蘭縣,48.7,21.8,38.5,38.2,0.475,2.21,169.8,Sample Data,宜蘭縣,宜蘭測站
2026-07-16 05:00:00,宜蘭測站,宜蘭縣,49.4,26.1,50.6,31.2,0.539,2.87,189.8,Sample Data,宜蘭縣,宜蘭測站
2026-07-16 06:00:00,宜蘭測站,宜蘭縣,54.1,27.4,43.7,33.4,0.501,2.42,126.7,Sample Data,宜蘭縣,宜蘭測站
2026-07-16 07:00:00,宜蘭測站,宜蘭縣,55.9,30.6,58.9,35.6,0.495,3.86,67.8,Sample Data,宜蘭縣,宜蘭測站
2026-07-16 08:00:00,宜蘭測站,宜蘭縣,55.7,24.1,46.7,45.4,0.547,1.93,109.9,Sample Data,宜蘭縣,宜蘭測站
2026-07-16 09:00:00,宜蘭測站,宜蘭縣,59.7,24.8,49.9,41.3,0.534,2.09,110.4,Sample Data,宜蘭縣,宜蘭測站
2026-07-16 10:00:00,宜蘭測站,宜蘭縣,40.2,24.9,43.3,34.4,0.436,3.69,111.9,Sample Data,宜蘭縣,宜蘭測站
2026-07-16 11:00:00,宜蘭測站,宜蘭縣,45.0,24.3,41.9,34.7,0.521,1.75,205.1,Sample Data,宜蘭縣,宜蘭測站
2026-07-16 12:00:00,宜蘭測站,宜蘭縣,48.0,23.5,41.4,32.6,0.425,2.65,182.5,Sample Data,宜蘭縣,宜蘭測站
2026-07-16 13:00:00,宜蘭測站,宜蘭縣,43.0,25.0,41.4,47.4,0.545,3.46,157.4,Sample Data,宜蘭縣,宜蘭測站
2026-07-16 14:00:00,宜蘭測站,宜蘭縣,46.5,20.4,31.0,39.6,0.527,2.4,316.7,Sample Data,宜蘭縣,宜蘭測站
2026-07-16 15:00:00,宜蘭測站,宜蘭縣,49.5,17.2,34.4,45.4,0.528,2.55,302.9,Sample Data,宜蘭縣,宜蘭測站
2026-07-16 16:00:00,宜蘭測站,宜蘭縣,42.5,27.2,44.6,48.6,0.464,1.45,259.9,Sample Data,宜蘭縣,宜蘭測站
2026-07-16 17:00:00,宜蘭測站,宜蘭縣,56.0,27.2,47.9,57.8,0.547,2.83,216.0,Sample Data,宜蘭縣,宜蘭測站
2026-07-16 18:00:00,宜蘭測站,宜蘭縣,61.3,28.0,45.6,47.1,0.558,1.95,254.6,Sample Data,宜蘭縣,宜蘭測站
2026-07-16 19:00:00,宜蘭測站,宜蘭縣,56.7,26.6,40.9,54.5,0.541,3.22,270.7,Sample Data,宜蘭縣,宜蘭測站
2026-07-16 20:00:00,宜蘭測站,宜蘭縣,52.9,18.7,31.0,50.8,0.547,2.34,252.8,Sample Data,宜蘭縣,宜蘭測站
2026-07-16 21:00:00,宜蘭測站,宜蘭縣,57.2,29.1,51.5,53.9,0.611,1.27,231.5,Sample Data,宜蘭縣,宜蘭測站
2026-07-16 22:00:00,宜蘭測站,宜蘭縣,60.2,26.6,37.1,48.8,0.532,1.5,153.0,Sample Data,宜蘭縣,宜蘭測站
2026-07-16 23:00:00,宜蘭測站,宜蘭縣,46.3,24.5,39.6,51.9,0.549,2.4,272.6,Sample Data,宜蘭縣,宜蘭測站
2026-07-17 00:00:00,宜蘭測站,宜蘭縣,38.7,23.1,35.2,42.1,0.458,1.76,344.4,Sample Data,宜蘭縣,宜蘭測站
2026-07-17 01:00:00,宜蘭測站,宜蘭縣,51.7,24.3,27.0,51.0,0.518,3.04,202.8,Sample Data,宜蘭縣,宜蘭測站
2026-07-17 02:00:00,宜蘭測站,宜蘭縣,45.5,23.2,34.2,35.4,0.45,2.54,161.5,Sample Data,宜蘭縣,宜蘭測站
2026-07-17 03:00:00,宜蘭測站,宜蘭縣,43.2,22.9,40.2,34.4,0.488,1.32,279.4,Sample Data,宜蘭縣,宜蘭測站
2026-07-17 04:00:00,宜蘭測站,宜蘭縣,43.5,22.5,35.1,28.7,0.527,2.59,333.7,Sample Data,宜蘭縣,宜蘭測站
2026-07-17 05:00:00,宜蘭測站,宜蘭縣,57.3,31.6,61.9,30.2,0.618,3.45,320.8,Sample Data,宜蘭縣,宜蘭測站
2026-07-17 06:00:00,宜蘭測站,宜蘭縣,51.4,27.0,43.3,33.8,0.425,1.95,34.9,Sample Data,宜蘭縣,宜蘭測站
2026-07-17 07:00:00,宜蘭測站,宜蘭縣,57.0,27.1,37.7,35.4,0.531,0.84,316.2,Sample Data,宜蘭縣,宜蘭測站
2026-07-17 08:00:00,宜蘭測站,宜蘭縣,67.2,25.6,54.3,35.0,0.619,5.33,310.8,Sample Data,宜蘭縣,宜蘭測站
2026-07-17 09:00:00,宜蘭測站,宜蘭縣,57.7,29.5,41.3,29.7,0.584,2.95,262.6,Sample Data,宜蘭縣,宜蘭測站
2026-07-17 10:00:00,宜蘭測站,宜蘭縣,61.6,32.1,62.9,30.7,0.565,1.09,152.4,Sample Data,宜蘭縣,宜蘭測站
2026-07-17 11:00:00,宜蘭測站,宜蘭縣,53.1,29.3,47.3,38.7,0.518,1.53,358.2,Sample Data,宜蘭縣,宜蘭測站
2026-07-17 12:00:00,宜蘭測站,宜蘭縣,41.2,17.0,36.0,36.9,0.438,3.02,306.3,Sample Data,宜蘭縣,宜蘭測站
2026-07-17 13:00:00,宜蘭測站,宜蘭縣,36.1,23.2,37.9,38.1,0.546,2.22,281.9,Sample Data,宜蘭縣,宜蘭測站
2026-07-17 14:00:00,宜蘭測站,宜蘭縣,50.0,25.2,37.2,51.1,0.559,2.48,246.5,Sample Data,宜蘭縣,宜蘭測站
2026-07-17 15:00:00,宜蘭測站,宜蘭縣,46.5,27.0,54.2,46.0,0.433,2.71,253.0,Sample Data,宜蘭縣,宜蘭測站
2026-07-17 16:00:00,宜蘭測站,宜蘭縣,50.7,20.6,26.1,46.6,0.48,2.17,258.0,Sample Data,宜蘭縣,宜蘭測站
2026-07-17 17:00:00,宜蘭測站,宜蘭縣,55.3,28.9,55.7,49.6,0.56,2.72,6.3,Sample Data,宜蘭縣,宜蘭測站
2026-07-17 18:00:00,宜蘭測站,宜蘭縣,52.4,27.9,41.0,50.4,0.552,1.74,253.9,Sample Data,宜蘭縣,宜蘭測站
2026-07-17 19:00:00,宜蘭測站,宜蘭縣,51.6,25.5,42.8,50.5,0.558,2.56,45.4,Sample Data,宜蘭縣,宜蘭測站
2026-07-17 20:00:00,宜蘭測站,宜蘭縣,52.6,22.0,32.2,48.2,0.607,2.28,276.5,Sample Data,宜蘭縣,宜蘭測站
2026-07-17 21:00:00,宜蘭測站,宜蘭縣,50.0,22.3,45.5,50.8,0.548,2.18,232.4,Sample Data,宜蘭縣,宜蘭測站
2026-07-17 22:00:00,宜蘭測站,宜蘭縣,45.2,22.4,31.0,42.8,0.443,3.53,346.2,Sample Data,宜蘭縣,宜蘭測站
2026-07-17 23:00:00,宜蘭測站,宜蘭縣,50.4,26.6,41.5,53.2,0.458,2.48,264.6,Sample Data,宜蘭縣,宜蘭測站
2026-07-18 00:00:00,宜蘭測站,宜蘭縣,43.9,24.8,33.0,40.9,0.4,2.87,300.5,Sample Data,宜蘭縣,宜蘭測站
2026-07-18 01:00:00,宜蘭測站,宜蘭縣,41.2,23.0,36.0,40.6,0.5,1.1,322.4,Sample Data,宜蘭縣,宜蘭測站
2026-07-18 02:00:00,宜蘭測站,宜蘭縣,32.1,17.4,30.9,32.9,0.334,2.85,310.7,Sample Data,宜蘭縣,宜蘭測站
2026-07-18 03:00:00,宜蘭測站,宜蘭縣,32.4,19.9,39.6,32.6,0.443,2.73,18.1,Sample Data,宜蘭縣,宜蘭測站
2026-07-18 04:00:00,宜蘭測站,宜蘭縣,45.5,23.9,41.4,37.6,0.451,4.24,128.9,Sample Data,宜蘭縣,宜蘭測站
2026-07-18 05:00:00,宜蘭測站,宜蘭縣,38.1,17.1,33.7,26.5,0.451,1.4,259.0,Sample Data,宜蘭縣,宜蘭測站
2026-07-18 06:00:00,宜蘭測站,宜蘭縣,43.9,26.6,45.9,36.7,0.55,2.18,294.5,Sample Data,宜蘭縣,宜蘭測站
2026-07-18 07:00:00,宜蘭測站,宜蘭縣,51.2,26.7,44.3,36.4,0.469,2.69,351.1,Sample Data,宜蘭縣,宜蘭測站
2026-07-18 08:00:00,宜蘭測站,宜蘭縣,48.0,26.9,46.4,33.4,0.469,1.63,91.9,Sample Data,宜蘭縣,宜蘭測站
2026-07-18 09:00:00,宜蘭測站,宜蘭縣,45.0,22.7,40.1,37.5,0.535,2.56,32.3,Sample Data,宜蘭縣,宜蘭測站
2026-07-18 10:00:00,宜蘭測站,宜蘭縣,37.0,22.5,35.3,25.6,0.55,3.84,290.7,Sample Data,宜蘭縣,宜蘭測站
2026-07-18 11:00:00,宜蘭測站,宜蘭縣,40.3,18.2,26.4,34.4,0.447,3.47,88.8,Sample Data,宜蘭縣,宜蘭測站
2026-07-18 12:00:00,宜蘭測站,宜蘭縣,43.7,27.0,44.5,40.1,0.429,3.42,38.0,Sample Data,宜蘭縣,宜蘭測站
2026-07-18 13:00:00,宜蘭測站,宜蘭縣,38.4,15.4,32.9,39.5,0.438,1.73,284.1,Sample Data,宜蘭縣,宜蘭測站
2026-07-18 14:00:00,宜蘭測站,宜蘭縣,36.0,20.9,47.3,36.3,0.434,3.91,348.8,Sample Data,宜蘭縣,宜蘭測站
2026-07-18 15:00:00,宜蘭測站,宜蘭縣,37.2,21.4,27.9,43.0,0.46,2.0,27.9,Sample Data,宜蘭縣,宜蘭測站
2026-07-18 16:00:00,宜蘭測站,宜蘭縣,43.3,24.7,45.9,49.2,0.51,2.46,74.3,Sample Data,宜蘭縣,宜蘭測站
2026-07-18 17:00:00,宜蘭測站,宜蘭縣,43.0,19.7,34.2,47.3,0.472,3.14,74.3,Sample Data,宜蘭縣,宜蘭測站
2026-07-18 18:00:00,宜蘭測站,宜蘭縣,41.5,22.3,34.0,45.3,0.493,2.57,328.0,Sample Data,宜蘭縣,宜蘭測站
2026-07-18 19:00:00,宜蘭測站,宜蘭縣,41.7,22.8,46.9,53.5,0.467,2.89,3.1,Sample Data,宜蘭縣,宜蘭測站
2026-07-18 20:00:00,宜蘭測站,宜蘭縣,30.1,26.7,55.0,45.1,0.48,1.84,10.5,Sample Data,宜蘭縣,宜蘭測站
2026-07-18 21:00:00,宜蘭測站,宜蘭縣,38.8,20.4,41.8,48.3,0.429,2.97,133.3,Sample Data,宜蘭縣,宜蘭測站
2026-07-18 22:00:00,宜蘭測站,宜蘭縣,33.7,22.8,40.5,44.3,0.433,1.26,73.4,Sample Data,宜蘭縣,宜蘭測站
2026-07-18 23:00:00,宜蘭測站,宜蘭縣,26.9,21.5,41.2,40.1,0.504,2.72,30.1,Sample Data,宜蘭縣,宜蘭測站
2026-07-19 00:00:00,宜蘭測站,宜蘭縣,38.5,19.5,37.1,43.6,0.465,2.62,82.6,Sample Data,宜蘭縣,宜蘭測站
2026-07-19 01:00:00,宜蘭測站,宜蘭縣,31.3,23.4,43.3,42.4,0.413,3.56,30.4,Sample Data,宜蘭縣,宜蘭測站
2026-07-19 02:00:00,宜蘭測站,宜蘭縣,23.2,17.6,35.8,32.3,0.397,3.6,123.7,Sample Data,宜蘭縣,宜蘭測站
2026-07-19 03:00:00,宜蘭測站,宜蘭縣,31.6,23.8,30.1,28.7,0.421,3.34,34.4,Sample Data,宜蘭縣,宜蘭測站
2026-07-19 04:00:00,宜蘭測站,宜蘭縣,36.6,27.3,58.2,26.2,0.547,2.69,35.2,Sample Data,宜蘭縣,宜蘭測站
2026-07-19 05:00:00,宜蘭測站,宜蘭縣,32.3,18.4,30.1,28.0,0.365,2.69,12.5,Sample Data,宜蘭縣,宜蘭測站
2026-07-19 06:00:00,宜蘭測站,宜蘭縣,31.8,20.1,39.0,28.6,0.45,3.38,165.4,Sample Data,宜蘭縣,宜蘭測站
2026-07-19 07:00:00,宜蘭測站,宜蘭縣,43.9,22.8,46.8,36.2,0.496,2.66,68.7,Sample Data,宜蘭縣,宜蘭測站
2026-07-19 08:00:00,宜蘭測站,宜蘭縣,31.6,21.0,40.9,33.7,0.488,2.43,84.3,Sample Data,宜蘭縣,宜蘭測站
2026-07-19 09:00:00,宜蘭測站,宜蘭縣,39.3,16.3,20.9,32.6,0.501,2.52,13.5,Sample Data,宜蘭縣,宜蘭測站
2026-07-19 10:00:00,宜蘭測站,宜蘭縣,36.2,29.0,58.5,30.5,0.431,2.64,47.1,Sample Data,宜蘭縣,宜蘭測站
2026-07-19 11:00:00,宜蘭測站,宜蘭縣,34.5,20.5,40.2,38.6,0.414,2.78,136.0,Sample Data,宜蘭縣,宜蘭測站
2026-07-19 12:00:00,宜蘭測站,宜蘭縣,34.7,25.4,49.0,42.0,0.428,3.05,313.9,Sample Data,宜蘭縣,宜蘭測站
2026-07-19 13:00:00,宜蘭測站,宜蘭縣,21.3,19.6,34.3,32.9,0.364,3.05,307.7,Sample Data,宜蘭縣,宜蘭測站
2026-07-19 14:00:00,宜蘭測站,宜蘭縣,32.4,20.9,40.9,34.9,0.379,3.84,42.7,Sample Data,宜蘭縣,宜蘭測站
2026-07-19 15:00:00,宜蘭測站,宜蘭縣,36.0,18.4,33.7,42.3,0.434,3.73,187.0,Sample Data,宜蘭縣,宜蘭測站
2026-07-19 16:00:00,宜蘭測站,宜蘭縣,35.8,20.4,32.0,51.1,0.377,2.41,92.5,Sample Data,宜蘭縣,宜蘭測站
2026-07-19 17:00:00,宜蘭測站,宜蘭縣,24.1,15.0,26.0,44.9,0.446,2.41,61.6,Sample Data,宜蘭縣,宜蘭測站
2026-07-19 18:00:00,宜蘭測站,宜蘭縣,37.6,19.6,38.6,37.2,0.491,2.79,104.2,Sample Data,宜蘭縣,宜蘭測站
2026-07-19 19:00:00,宜蘭測站,宜蘭縣,43.0,18.0,28.1,40.5,0.474,3.22,114.8,Sample Data,宜蘭縣,宜蘭測站
2026-07-19 20:00:00,宜蘭測站,宜蘭縣,35.0,20.7,30.3,48.4,0.369,3.76,55.4,Sample Data,宜蘭縣,宜蘭測站
2026-07-19 21:00:00,宜蘭測站,宜蘭縣,34.7,21.6,48.0,50.8,0.367,2.69,110.4,Sample Data,宜蘭縣,宜蘭測站
2026-07-19 22:00:00,宜蘭測站,宜蘭縣,19.6,11.4,13.9,37.1,0.308,2.85,52.9,Sample Data,宜蘭縣,宜蘭測站
2026-07-19 23:00:00,宜蘭測站,宜蘭縣,34.6,21.8,25.6,40.6,0.451,3.06,69.4,Sample Data,宜蘭縣,宜蘭測站
2026-07-20 00:00:00,宜蘭測站,宜蘭縣,33.0,19.7,37.6,41.8,0.439,1.88,40.1,Sample Data,宜蘭縣,宜蘭測站
2026-07-20 01:00:00,宜蘭測站,宜蘭縣,34.5,24.7,42.9,35.7,0.357,3.05,97.0,Sample Data,宜蘭縣,宜蘭測站
2026-07-20 02:00:00,宜蘭測站,宜蘭縣,38.0,22.6,37.7,32.0,0.472,2.65,198.7,Sample Data,宜蘭縣,宜蘭測站
2026-07-20 03:00:00,宜蘭測站,宜蘭縣,31.7,16.6,32.5,22.2,0.475,2.63,54.2,Sample Data,宜蘭縣,宜蘭測站
2026-07-20 04:00:00,宜蘭測站,宜蘭縣,35.1,19.2,26.2,35.3,0.419,2.46,166.5,Sample Data,宜蘭縣,宜蘭測站
2026-07-20 05:00:00,宜蘭測站,宜蘭縣,39.3,17.7,37.6,34.0,0.424,1.65,73.4,Sample Data,宜蘭縣,宜蘭測站
2026-07-20 06:00:00,宜蘭測站,宜蘭縣,43.2,27.6,38.7,36.2,0.464,3.82,117.9,Sample Data,宜蘭縣,宜蘭測站
2026-07-20 07:00:00,宜蘭測站,宜蘭縣,52.6,26.8,44.5,33.7,0.551,3.06,157.9,Sample Data,宜蘭縣,宜蘭測站
2026-07-20 08:00:00,宜蘭測站,宜蘭縣,39.9,23.3,43.8,33.1,0.555,2.51,240.5,Sample Data,宜蘭縣,宜蘭測站
2026-07-20 09:00:00,宜蘭測站,宜蘭縣,41.7,26.7,43.5,38.2,0.447,3.54,123.5,Sample Data,宜蘭縣,宜蘭測站
2026-07-20 10:00:00,宜蘭測站,宜蘭縣,40.3,18.7,36.7,31.8,0.499,2.75,118.6,Sample Data,宜蘭縣,宜蘭測站
2026-07-20 11:00:00,宜蘭測站,宜蘭縣,45.1,21.9,38.7,37.0,0.465,1.97,55.2,Sample Data,宜蘭縣,宜蘭測站
2026-07-20 12:00:00,宜蘭測站,宜蘭縣,36.9,19.2,34.9,35.0,0.482,2.63,129.2,Sample Data,宜蘭縣,宜蘭測站
2026-07-20 13:00:00,宜蘭測站,宜蘭縣,38.5,27.5,41.2,43.2,0.506,2.87,128.9,Sample Data,宜蘭縣,宜蘭測站
2026-07-20 14:00:00,宜蘭測站,宜蘭縣,37.9,18.9,32.1,40.1,0.492,3.88,170.6,Sample Data,宜蘭縣,宜蘭測站
2026-07-20 15:00:00,宜蘭測站,宜蘭縣,41.6,22.9,45.4,45.7,0.491,1.65,174.5,Sample Data,宜蘭縣,宜蘭測站
2026-07-20 16:00:00,宜蘭測站,宜蘭縣,40.8,24.0,37.9,45.9,0.417,2.45,277.3,Sample Data,宜蘭縣,宜蘭測站
2026-07-20 17:00:00,宜蘭測站,宜蘭縣,36.6,22.3,43.3,50.2,0.464,3.35,172.5,Sample Data,宜蘭縣,宜蘭測站
2026-07-20 18:00:00,宜蘭測站,宜蘭縣,49.3,23.0,37.0,51.1,0.42,3.26,269.1,Sample Data,宜蘭縣,宜蘭測站
2026-07-20 19:00:00,宜蘭測站,宜蘭縣,46.4,27.7,39.8,49.1,0.505,2.08,198.3,Sample Data,宜蘭縣,宜蘭測站
2026-07-20 20:00:00,宜蘭測站,宜蘭縣,43.7,20.3,30.8,48.3,0.486,1.68,248.2,Sample Data,宜蘭縣,宜蘭測站
2026-07-20 21:00:00,宜蘭測站,宜蘭縣,48.0,22.6,35.4,50.6,0.602,2.39,236.4,Sample Data,宜蘭縣,宜蘭測站
2026-07-20 22:00:00,宜蘭測站,宜蘭縣,35.6,18.0,28.0,40.6,0.447,3.61,132.0,Sample Data,宜蘭縣,宜蘭測站
2026-07-20 23:00:00,宜蘭測站,宜蘭縣,41.3,17.3,38.0,41.7,0.413,2.11,143.5,Sample Data,宜蘭縣,宜蘭測站
2026-07-21 00:00:00,宜蘭測站,宜蘭縣,45.0,24.9,49.5,41.1,0.455,2.9,267.4,Sample Data,宜蘭縣,宜蘭測站
2026-07-21 01:00:00,宜蘭測站,宜蘭縣,36.8,18.8,38.8,39.0,0.483,2.35,217.0,Sample Data,宜蘭縣,宜蘭測站
2026-07-21 02:00:00,宜蘭測站,宜蘭縣,40.4,18.1,26.5,36.5,0.486,1.65,209.7,Sample Data,宜蘭縣,宜蘭測站
2026-07-21 03:00:00,宜蘭測站,宜蘭縣,39.4,22.0,38.6,34.6,0.462,0.88,143.8,Sample Data,宜蘭縣,宜蘭測站
2026-07-21 04:00:00,宜蘭測站,宜蘭縣,44.2,21.3,34.9,39.9,0.454,3.22,231.9,Sample Data,宜蘭縣,宜蘭測站
2026-07-21 05:00:00,宜蘭測站,宜蘭縣,40.7,20.6,28.0,29.9,0.572,2.26,269.4,Sample Data,宜蘭縣,宜蘭測站
2026-07-21 06:00:00,宜蘭測站,宜蘭縣,44.2,24.0,46.2,32.8,0.528,1.98,321.2,Sample Data,宜蘭縣,宜蘭測站
2026-07-21 07:00:00,宜蘭測站,宜蘭縣,58.7,26.0,45.8,34.3,0.536,3.22,124.0,Sample Data,宜蘭縣,宜蘭測站
2026-07-21 08:00:00,宜蘭測站,宜蘭縣,55.2,26.5,42.7,35.4,0.577,1.99,139.1,Sample Data,宜蘭縣,宜蘭測站
2026-07-21 09:00:00,宜蘭測站,宜蘭縣,60.4,29.1,46.4,38.3,0.657,2.86,130.6,Sample Data,宜蘭縣,宜蘭測站
2026-07-21 10:00:00,宜蘭測站,宜蘭縣,47.2,22.5,35.1,30.9,0.534,3.27,204.3,Sample Data,宜蘭縣,宜蘭測站
2026-07-21 11:00:00,宜蘭測站,宜蘭縣,48.4,21.7,38.8,39.8,0.523,2.32,192.7,Sample Data,宜蘭縣,宜蘭測站
2026-07-21 12:00:00,宜蘭測站,宜蘭縣,36.0,26.5,52.4,36.8,0.438,2.71,179.5,Sample Data,宜蘭縣,宜蘭測站
2026-07-21 13:00:00,宜蘭測站,宜蘭縣,49.1,20.8,37.9,40.6,0.494,2.43,246.6,Sample Data,宜蘭縣,宜蘭測站
2026-07-21 14:00:00,宜蘭測站,宜蘭縣,46.7,27.0,45.2,46.7,0.604,1.59,281.2,Sample Data,宜蘭縣,宜蘭測站
2026-07-21 15:00:00,宜蘭測站,宜蘭縣,56.8,27.9,56.9,47.4,0.538,2.81,190.7,Sample Data,宜蘭縣,宜蘭測站
2026-07-21 16:00:00,宜蘭測站,宜蘭縣,65.6,31.1,43.8,53.8,0.533,2.86,90.4,Sample Data,宜蘭縣,宜蘭測站
2026-07-21 17:00:00,宜蘭測站,宜蘭縣,61.7,26.5,40.0,53.3,0.571,3.34,251.9,Sample Data,宜蘭縣,宜蘭測站
2026-07-21 18:00:00,宜蘭測站,宜蘭縣,60.0,26.7,42.8,54.7,0.528,3.32,238.2,Sample Data,宜蘭縣,宜蘭測站
2026-07-21 19:00:00,宜蘭測站,宜蘭縣,58.5,27.8,42.8,53.2,0.51,0.99,180.6,Sample Data,宜蘭縣,宜蘭測站
2026-07-21 20:00:00,宜蘭測站,宜蘭縣,58.6,27.0,44.7,55.8,0.575,2.8,215.3,Sample Data,宜蘭縣,宜蘭測站
2026-07-21 21:00:00,宜蘭測站,宜蘭縣,55.4,22.7,40.7,51.0,0.522,4.06,321.0,Sample Data,宜蘭縣,宜蘭測站
2026-07-21 22:00:00,宜蘭測站,宜蘭縣,49.1,21.9,43.4,53.7,0.533,1.35,254.8,Sample Data,宜蘭縣,宜蘭測站
2026-07-21 23:00:00,宜蘭測站,宜蘭縣,45.0,24.3,51.5,48.0,0.492,2.89,209.2,Sample Data,宜蘭縣,宜蘭測站
2026-07-22 00:00:00,宜蘭測站,宜蘭縣,49.7,24.3,39.5,35.8,0.489,2.97,319.4,Sample Data,宜蘭縣,宜蘭測站
2026-07-22 01:00:00,宜蘭測站,宜蘭縣,49.3,22.8,42.4,48.6,0.561,3.19,258.6,Sample Data,宜蘭縣,宜蘭測站
2026-07-22 02:00:00,宜蘭測站,宜蘭縣,41.7,18.8,31.6,36.1,0.507,2.09,222.8,Sample Data,宜蘭縣,宜蘭測站
2026-07-22 03:00:00,宜蘭測站,宜蘭縣,54.4,28.3,44.2,42.9,0.583,2.92,251.2,Sample Data,宜蘭縣,宜蘭測站
2026-07-22 04:00:00,宜蘭測站,宜蘭縣,42.6,23.2,42.5,34.5,0.565,2.42,257.0,Sample Data,宜蘭縣,宜蘭測站
2026-07-22 05:00:00,宜蘭測站,宜蘭縣,43.3,25.3,37.2,29.2,0.496,1.52,190.8,Sample Data,宜蘭縣,宜蘭測站
2026-07-22 06:00:00,宜蘭測站,宜蘭縣,56.3,26.3,41.5,42.3,0.612,2.37,314.9,Sample Data,宜蘭縣,宜蘭測站
2026-07-22 07:00:00,宜蘭測站,宜蘭縣,58.0,26.3,32.1,29.2,0.57,2.04,296.4,Sample Data,宜蘭縣,宜蘭測站
2026-07-22 08:00:00,宜蘭測站,宜蘭縣,61.3,29.8,48.1,32.8,0.608,3.24,315.8,Sample Data,宜蘭縣,宜蘭測站
2026-07-22 09:00:00,宜蘭測站,宜蘭縣,56.4,28.2,49.1,38.2,0.614,1.59,279.8,Sample Data,宜蘭縣,宜蘭測站
2026-07-22 10:00:00,宜蘭測站,宜蘭縣,55.6,24.5,40.4,38.0,0.55,1.77,280.3,Sample Data,宜蘭縣,宜蘭測站
2026-07-22 11:00:00,宜蘭測站,宜蘭縣,47.9,23.5,40.9,34.0,0.509,2.31,233.7,Sample Data,宜蘭縣,宜蘭測站
2026-07-22 12:00:00,宜蘭測站,宜蘭縣,38.2,25.0,38.8,40.0,0.411,2.48,258.8,Sample Data,宜蘭縣,宜蘭測站
2026-07-22 13:00:00,宜蘭測站,宜蘭縣,46.2,26.0,43.4,44.5,0.503,2.17,304.2,Sample Data,宜蘭縣,宜蘭測站
2026-07-22 14:00:00,宜蘭測站,宜蘭縣,53.3,29.0,42.8,49.7,0.52,0.95,253.9,Sample Data,宜蘭縣,宜蘭測站
2026-07-22 15:00:00,宜蘭測站,宜蘭縣,48.0,23.6,36.2,50.2,0.523,1.66,279.4,Sample Data,宜蘭縣,宜蘭測站
2026-07-22 16:00:00,宜蘭測站,宜蘭縣,55.3,26.4,45.2,52.4,0.523,4.25,227.4,Sample Data,宜蘭縣,宜蘭測站
2026-07-22 17:00:00,宜蘭測站,宜蘭縣,68.6,26.6,46.6,60.0,0.648,1.65,336.0,Sample Data,宜蘭縣,宜蘭測站
2026-07-22 18:00:00,宜蘭測站,宜蘭縣,53.5,26.7,39.4,50.4,0.552,1.85,258.4,Sample Data,宜蘭縣,宜蘭測站
2026-07-22 19:00:00,宜蘭測站,宜蘭縣,59.6,28.6,50.4,45.3,0.609,2.89,249.1,Sample Data,宜蘭縣,宜蘭測站
2026-07-22 20:00:00,宜蘭測站,宜蘭縣,55.3,32.2,62.0,46.3,0.591,2.4,290.1,Sample Data,宜蘭縣,宜蘭測站
2026-07-22 21:00:00,宜蘭測站,宜蘭縣,50.2,23.4,43.8,47.9,0.496,2.42,320.0,Sample Data,宜蘭縣,宜蘭測站
2026-07-22 22:00:00,宜蘭測站,宜蘭縣,49.9,26.7,55.0,49.1,0.501,1.9,67.4,Sample Data,宜蘭縣,宜蘭測站
2026-07-22 23:00:00,宜蘭測站,宜蘭縣,57.4,32.4,59.7,54.8,0.541,2.81,333.5,Sample Data,宜蘭縣,宜蘭測站
2026-07-23 00:00:00,宜蘭測站,宜蘭縣,54.3,30.3,60.8,45.9,0.511,2.28,332.1,Sample Data,宜蘭縣,宜蘭測站
2026-07-23 01:00:00,宜蘭測站,宜蘭縣,40.5,21.2,28.8,41.1,0.525,3.3,350.6,Sample Data,宜蘭縣,宜蘭測站
2026-07-23 02:00:00,宜蘭測站,宜蘭縣,36.6,19.2,36.1,40.7,0.426,1.86,49.7,Sample Data,宜蘭縣,宜蘭測站
2026-07-23 03:00:00,宜蘭測站,宜蘭縣,40.4,19.3,30.9,33.6,0.473,2.01,304.9,Sample Data,宜蘭縣,宜蘭測站
2026-07-23 04:00:00,宜蘭測站,宜蘭縣,44.4,17.5,27.8,31.0,0.541,3.01,340.8,Sample Data,宜蘭縣,宜蘭測站
2026-07-23 05:00:00,宜蘭測站,宜蘭縣,37.6,20.2,29.0,36.2,0.559,3.13,309.6,Sample Data,宜蘭縣,宜蘭測站
2026-07-23 06:00:00,宜蘭測站,宜蘭縣,55.4,24.5,35.6,25.7,0.525,2.34,254.4,Sample Data,宜蘭縣,宜蘭測站
2026-07-23 07:00:00,宜蘭測站,宜蘭縣,48.7,20.4,26.3,37.2,0.52,3.67,320.0,Sample Data,宜蘭縣,宜蘭測站
2026-07-23 08:00:00,宜蘭測站,宜蘭縣,65.1,28.6,55.9,30.3,0.563,1.17,246.9,Sample Data,宜蘭縣,宜蘭測站
2026-07-23 09:00:00,宜蘭測站,宜蘭縣,42.0,24.9,48.7,36.3,0.503,2.93,57.8,Sample Data,宜蘭縣,宜蘭測站
2026-07-23 10:00:00,宜蘭測站,宜蘭縣,56.2,22.7,34.0,37.1,0.472,2.08,330.7,Sample Data,宜蘭縣,宜蘭測站
2026-07-23 11:00:00,宜蘭測站,宜蘭縣,51.5,21.9,36.2,33.4,0.518,2.98,351.5,Sample Data,宜蘭縣,宜蘭測站
2026-07-23 12:00:00,宜蘭測站,宜蘭縣,40.1,22.2,39.2,40.6,0.421,3.09,275.1,Sample Data,宜蘭縣,宜蘭測站
2026-07-23 13:00:00,宜蘭測站,宜蘭縣,44.4,23.4,49.0,37.8,0.49,2.82,346.6,Sample Data,宜蘭縣,宜蘭測站
2026-07-23 14:00:00,宜蘭測站,宜蘭縣,45.9,25.0,42.3,46.0,0.456,1.99,353.9,Sample Data,宜蘭縣,宜蘭測站
2026-07-23 15:00:00,宜蘭測站,宜蘭縣,46.2,17.4,32.2,40.3,0.449,2.68,342.1,Sample Data,宜蘭縣,宜蘭測站
2026-07-23 16:00:00,宜蘭測站,宜蘭縣,44.3,19.5,25.1,53.3,0.578,2.28,310.3,Sample Data,宜蘭縣,宜蘭測站
2026-07-23 17:00:00,宜蘭測站,宜蘭縣,52.8,27.5,61.0,42.9,0.59,2.34,45.2,Sample Data,宜蘭縣,宜蘭測站
2026-07-23 18:00:00,宜蘭測站,宜蘭縣,53.2,28.0,39.6,48.2,0.593,1.88,120.4,Sample Data,宜蘭縣,宜蘭測站
2026-07-23 19:00:00,宜蘭測站,宜蘭縣,44.1,22.5,34.3,43.9,0.536,1.41,159.6,Sample Data,宜蘭縣,宜蘭測站
2026-07-23 20:00:00,宜蘭測站,宜蘭縣,44.7,20.6,25.5,48.5,0.482,1.72,349.3,Sample Data,宜蘭縣,宜蘭測站
2026-07-23 21:00:00,宜蘭測站,宜蘭縣,49.8,25.5,38.5,44.9,0.505,0.82,326.7,Sample Data,宜蘭縣,宜蘭測站
2026-07-23 22:00:00,宜蘭測站,宜蘭縣,33.6,14.9,25.7,42.3,0.474,1.6,316.1,Sample Data,宜蘭縣,宜蘭測站
2026-07-23 23:00:00,宜蘭測站,宜蘭縣,44.1,30.4,47.0,43.2,0.462,2.77,108.5,Sample Data,宜蘭縣,宜蘭測站
2026-07-24 00:00:00,宜蘭測站,宜蘭縣,39.8,25.4,43.7,39.6,0.476,3.1,6.8,Sample Data,宜蘭縣,宜蘭測站
2026-07-24 01:00:00,宜蘭測站,宜蘭縣,32.3,21.8,35.4,40.7,0.499,3.23,68.3,Sample Data,宜蘭縣,宜蘭測站
2026-07-24 02:00:00,宜蘭測站,宜蘭縣,34.7,20.3,31.0,38.1,0.404,4.09,52.7,Sample Data,宜蘭縣,宜蘭測站
2026-07-24 03:00:00,宜蘭測站,宜蘭縣,37.8,20.6,33.2,32.1,0.503,2.86,13.3,Sample Data,宜蘭縣,宜蘭測站
2026-07-24 04:00:00,宜蘭測站,宜蘭縣,34.9,20.5,45.9,34.8,0.497,2.43,76.4,Sample Data,宜蘭縣,宜蘭測站
2026-07-24 05:00:00,宜蘭測站,宜蘭縣,31.6,21.1,48.2,36.3,0.417,2.21,7.6,Sample Data,宜蘭縣,宜蘭測站
2026-07-24 06:00:00,宜蘭測站,宜蘭縣,41.2,26.8,54.6,34.8,0.426,2.15,82.6,Sample Data,宜蘭縣,宜蘭測站
2026-07-24 07:00:00,宜蘭測站,宜蘭縣,42.5,18.6,32.4,30.1,0.494,1.91,77.9,Sample Data,宜蘭縣,宜蘭測站
2026-07-24 08:00:00,宜蘭測站,宜蘭縣,46.6,25.5,46.7,30.9,0.498,2.39,61.4,Sample Data,宜蘭縣,宜蘭測站
2026-07-24 09:00:00,宜蘭測站,宜蘭縣,47.4,22.9,35.6,36.1,0.502,1.95,67.8,Sample Data,宜蘭縣,宜蘭測站
2026-07-24 10:00:00,宜蘭測站,宜蘭縣,45.4,19.9,27.1,34.2,0.386,3.0,56.0,Sample Data,宜蘭縣,宜蘭測站
2026-07-24 11:00:00,宜蘭測站,宜蘭縣,26.7,16.1,16.7,36.1,0.416,3.32,12.4,Sample Data,宜蘭縣,宜蘭測站
2026-07-24 12:00:00,宜蘭測站,宜蘭縣,38.6,20.3,37.1,37.0,0.504,2.78,46.5,Sample Data,宜蘭縣,宜蘭測站
2026-07-24 13:00:00,宜蘭測站,宜蘭縣,40.4,25.9,48.6,39.2,0.466,2.66,67.9,Sample Data,宜蘭縣,宜蘭測站
2026-07-24 14:00:00,宜蘭測站,宜蘭縣,35.5,19.4,33.3,46.0,0.49,3.0,146.7,Sample Data,宜蘭縣,宜蘭測站
2026-07-24 15:00:00,宜蘭測站,宜蘭縣,39.0,19.4,33.6,42.2,0.496,3.33,345.7,Sample Data,宜蘭縣,宜蘭測站
2026-07-24 16:00:00,宜蘭測站,宜蘭縣,40.9,14.1,20.1,53.7,0.549,3.31,31.2,Sample Data,宜蘭縣,宜蘭測站
2026-07-24 17:00:00,宜蘭測站,宜蘭縣,39.0,19.1,27.8,46.0,0.421,1.8,105.3,Sample Data,宜蘭縣,宜蘭測站
2026-07-24 18:00:00,宜蘭測站,宜蘭縣,45.9,17.4,27.0,49.9,0.479,3.01,10.6,Sample Data,宜蘭縣,宜蘭測站
2026-07-24 19:00:00,宜蘭測站,宜蘭縣,41.2,24.4,49.0,44.7,0.435,1.4,339.9,Sample Data,宜蘭縣,宜蘭測站
2026-07-24 20:00:00,宜蘭測站,宜蘭縣,39.2,23.8,44.1,46.9,0.361,2.92,36.7,Sample Data,宜蘭縣,宜蘭測站
2026-07-24 21:00:00,宜蘭測站,宜蘭縣,39.6,15.6,32.1,50.0,0.456,2.64,71.7,Sample Data,宜蘭縣,宜蘭測站
2026-07-24 22:00:00,宜蘭測站,宜蘭縣,35.5,23.4,32.2,38.9,0.481,2.5,32.5,Sample Data,宜蘭縣,宜蘭測站
2026-07-24 23:00:00,宜蘭測站,宜蘭縣,40.1,22.3,47.6,42.9,0.39,3.3,55.8,Sample Data,宜蘭縣,宜蘭測站
2026-07-25 00:00:00,宜蘭測站,宜蘭縣,43.3,21.9,41.5,42.7,0.496,2.85,30.2,Sample Data,宜蘭縣,宜蘭測站
2026-07-25 01:00:00,宜蘭測站,宜蘭縣,17.5,22.9,47.1,36.3,0.369,2.6,235.0,Sample Data,宜蘭縣,宜蘭測站
2026-07-25 02:00:00,宜蘭測站,宜蘭縣,25.0,16.8,28.7,31.0,0.346,2.79,148.9,Sample Data,宜蘭縣,宜蘭測站
2026-07-25 03:00:00,宜蘭測站,宜蘭縣,38.2,28.3,52.4,30.9,0.412,2.28,80.9,Sample Data,宜蘭縣,宜蘭測站
2026-07-25 04:00:00,宜蘭測站,宜蘭縣,24.3,11.7,26.5,29.4,0.345,3.7,113.7,Sample Data,宜蘭縣,宜蘭測站
2026-07-25 05:00:00,宜蘭測站,宜蘭縣,28.9,14.8,26.8,30.3,0.423,3.22,132.2,Sample Data,宜蘭縣,宜蘭測站
2026-07-25 06:00:00,宜蘭測站,宜蘭縣,33.9,22.6,41.1,25.1,0.494,1.6,179.0,Sample Data,宜蘭縣,宜蘭測站
2026-07-25 07:00:00,宜蘭測站,宜蘭縣,36.5,24.1,43.7,29.9,0.449,2.38,190.8,Sample Data,宜蘭縣,宜蘭測站
2026-07-25 08:00:00,宜蘭測站,宜蘭縣,41.2,16.4,35.7,31.8,0.437,1.84,88.8,Sample Data,宜蘭縣,宜蘭測站
2026-07-25 09:00:00,宜蘭測站,宜蘭縣,41.1,17.3,30.7,37.6,0.511,2.15,42.0,Sample Data,宜蘭縣,宜蘭測站
2026-07-25 10:00:00,宜蘭測站,宜蘭縣,32.4,24.9,42.2,29.2,0.458,1.7,189.4,Sample Data,宜蘭縣,宜蘭測站
2026-07-25 11:00:00,宜蘭測站,宜蘭縣,27.5,13.7,26.9,32.8,0.317,3.27,189.7,Sample Data,宜蘭縣,宜蘭測站
2026-07-25 12:00:00,宜蘭測站,宜蘭縣,30.8,23.1,36.5,26.7,0.369,3.97,148.5,Sample Data,宜蘭縣,宜蘭測站
2026-07-25 13:00:00,宜蘭測站,宜蘭縣,32.2,18.2,36.7,44.0,0.473,3.16,181.5,Sample Data,宜蘭縣,宜蘭測站
2026-07-25 14:00:00,宜蘭測站,宜蘭縣,32.5,17.2,35.7,40.3,0.459,2.91,164.4,Sample Data,宜蘭縣,宜蘭測站
2026-07-25 15:00:00,宜蘭測站,宜蘭縣,36.9,23.9,43.5,40.8,0.467,1.88,143.8,Sample Data,宜蘭縣,宜蘭測站
2026-07-25 16:00:00,宜蘭測站,宜蘭縣,34.8,21.4,37.8,52.9,0.486,2.58,151.3,Sample Data,宜蘭縣,宜蘭測站
2026-07-25 17:00:00,宜蘭測站,宜蘭縣,42.9,25.4,47.5,43.7,0.511,3.4,175.5,Sample Data,宜蘭縣,宜蘭測站
2026-07-25 18:00:00,宜蘭測站,宜蘭縣,30.7,15.0,14.4,48.8,0.475,3.59,148.7,Sample Data,宜蘭縣,宜蘭測站
2026-07-25 19:00:00,宜蘭測站,宜蘭縣,43.8,24.1,49.2,55.5,0.523,2.26,205.7,Sample Data,宜蘭縣,宜蘭測站
2026-07-25 20:00:00,宜蘭測站,宜蘭縣,45.8,27.5,36.3,51.7,0.53,3.32,196.4,Sample Data,宜蘭縣,宜蘭測站
2026-07-25 21:00:00,宜蘭測站,宜蘭縣,44.7,18.2,36.4,52.6,0.57,1.98,254.0,Sample Data,宜蘭縣,宜蘭測站
2026-07-25 22:00:00,宜蘭測站,宜蘭縣,39.3,21.9,35.0,47.3,0.484,2.24,207.5,Sample Data,宜蘭縣,宜蘭測站
2026-07-25 23:00:00,宜蘭測站,宜蘭縣,32.5,24.4,45.4,42.9,0.483,2.96,102.6,Sample Data,宜蘭縣,宜蘭測站
2026-06-26 00:00:00,松山測站,臺北市,107.2,46.5,64.7,59.6,0.775,1.76,133.1,Sample Data,臺北市,松山測站
2026-06-26 01:00:00,松山測站,臺北市,60.6,34.9,67.4,47.0,0.526,2.65,130.3,Sample Data,臺北市,松山測站
2026-06-26 02:00:00,松山測站,臺北市,61.0,32.5,57.9,47.8,0.563,2.09,166.6,Sample Data,臺北市,松山測站
2026-06-26 03:00:00,松山測站,臺北市,59.7,33.4,53.0,49.0,0.544,2.04,144.2,Sample Data,臺北市,松山測站
2026-06-26 04:00:00,松山測站,臺北市,61.2,36.1,51.5,35.6,0.604,2.9,221.9,Sample Data,臺北市,松山測站
2026-06-26 05:00:00,松山測站,臺北市,57.0,32.4,54.7,39.9,0.563,2.92,198.7,Sample Data,臺北市,松山測站
2026-06-26 06:00:00,松山測站,臺北市,65.5,35.6,64.2,35.8,0.56,2.13,280.2,Sample Data,臺北市,松山測站
2026-06-26 07:00:00,松山測站,臺北市,64.0,36.3,62.5,37.6,0.614,2.85,244.6,Sample Data,臺北市,松山測站
2026-06-26 08:00:00,松山測站,臺北市,68.6,33.1,51.1,33.4,0.55,1.64,231.3,Sample Data,臺北市,松山測站
2026-06-26 09:00:00,松山測站,臺北市,69.6,36.8,65.2,42.1,0.596,2.59,170.6,Sample Data,臺北市,松山測站
2026-06-26 10:00:00,松山測站,臺北市,63.4,32.1,61.2,37.6,0.583,2.69,234.6,Sample Data,臺北市,松山測站
2026-06-26 11:00:00,松山測站,臺北市,65.4,33.4,61.2,35.1,0.519,1.4,158.2,Sample Data,臺北市,松山測站
2026-06-26 12:00:00,松山測站,臺北市,62.6,30.3,53.6,41.9,0.615,1.71,204.7,Sample Data,臺北市,松山測站
2026-06-26 13:00:00,松山測站,臺北市,55.8,30.4,44.7,45.7,0.558,2.04,139.5,Sample Data,臺北市,松山測站
2026-06-26 14:00:00,松山測站,臺北市,62.0,31.3,52.9,54.2,0.563,1.66,231.9,Sample Data,臺北市,松山測站
2026-06-26 15:00:00,松山測站,臺北市,64.9,37.7,62.9,56.6,0.53,1.89,174.0,Sample Data,臺北市,松山測站
2026-06-26 16:00:00,松山測站,臺北市,64.8,29.4,51.4,46.7,0.538,2.55,274.1,Sample Data,臺北市,松山測站
2026-06-26 17:00:00,松山測站,臺北市,79.5,45.8,86.1,49.1,0.672,1.57,208.2,Sample Data,臺北市,松山測站
2026-06-26 18:00:00,松山測站,臺北市,67.7,33.8,65.1,55.0,0.551,1.12,207.3,Sample Data,臺北市,松山測站
2026-06-26 19:00:00,松山測站,臺北市,69.6,40.0,78.9,54.4,0.552,1.6,197.1,Sample Data,臺北市,松山測站
2026-06-26 20:00:00,松山測站,臺北市,78.2,34.3,61.4,62.0,0.671,2.05,237.8,Sample Data,臺北市,松山測站
2026-06-26 21:00:00,松山測站,臺北市,61.7,34.1,45.4,48.1,0.582,3.48,251.8,Sample Data,臺北市,松山測站
2026-06-26 22:00:00,松山測站,臺北市,62.5,33.9,55.9,50.3,0.633,2.67,330.5,Sample Data,臺北市,松山測站
2026-06-26 23:00:00,松山測站,臺北市,63.1,29.5,53.2,57.2,0.571,2.09,329.4,Sample Data,臺北市,松山測站
2026-06-27 00:00:00,松山測站,臺北市,49.1,27.1,49.3,44.6,0.506,2.78,329.4,Sample Data,臺北市,松山測站
2026-06-27 01:00:00,松山測站,臺北市,55.2,33.2,50.1,40.4,0.482,1.85,236.6,Sample Data,臺北市,松山測站
2026-06-27 02:00:00,松山測站,臺北市,59.4,28.3,41.1,41.2,0.613,2.78,331.6,Sample Data,臺北市,松山測站
2026-06-27 03:00:00,松山測站,臺北市,54.3,28.9,43.3,39.8,0.484,2.54,273.6,Sample Data,臺北市,松山測站
2026-06-27 04:00:00,松山測站,臺北市,68.4,40.0,77.5,34.9,0.576,2.51,330.3,Sample Data,臺北市,松山測站
2026-06-27 05:00:00,松山測站,臺北市,54.1,29.0,45.1,31.5,0.511,1.86,261.8,Sample Data,臺北市,松山測站
2026-06-27 06:00:00,松山測站,臺北市,52.5,26.2,36.4,30.0,0.622,4.53,205.6,Sample Data,臺北市,松山測站
2026-06-27 07:00:00,松山測站,臺北市,63.3,34.2,61.2,35.8,0.62,2.66,252.3,Sample Data,臺北市,松山測站
2026-06-27 08:00:00,松山測站,臺北市,66.2,29.8,42.4,38.8,0.568,2.65,331.7,Sample Data,臺北市,松山測站
2026-06-27 09:00:00,松山測站,臺北市,65.8,34.9,60.2,35.8,0.609,2.25,34.1,Sample Data,臺北市,松山測站
2026-06-27 10:00:00,松山測站,臺北市,69.0,35.7,48.3,45.6,0.622,2.62,186.0,Sample Data,臺北市,松山測站
2026-06-27 11:00:00,松山測站,臺北市,62.2,34.3,66.3,42.1,0.579,2.17,279.3,Sample Data,臺北市,松山測站
2026-06-27 12:00:00,松山測站,臺北市,54.5,34.3,50.3,40.3,0.548,2.68,267.5,Sample Data,臺北市,松山測站
2026-06-27 13:00:00,松山測站,臺北市,46.6,30.2,41.5,45.1,0.485,2.54,233.1,Sample Data,臺北市,松山測站
2026-06-27 14:00:00,松山測站,臺北市,54.5,35.0,75.3,50.7,0.561,3.69,318.1,Sample Data,臺北市,松山測站
2026-06-27 15:00:00,松山測站,臺北市,62.1,32.0,54.8,54.0,0.517,2.92,286.5,Sample Data,臺北市,松山測站
2026-06-27 16:00:00,松山測站,臺北市,66.4,36.2,69.8,46.7,0.593,1.49,271.5,Sample Data,臺北市,松山測站
2026-06-27 17:00:00,松山測站,臺北市,70.5,36.8,65.4,55.5,0.555,1.79,320.2,Sample Data,臺北市,松山測站
2026-06-27 18:00:00,松山測站,臺北市,69.5,36.5,63.5,56.4,0.632,3.4,192.5,Sample Data,臺北市,松山測站
2026-06-27 19:00:00,松山測站,臺北市,59.6,34.1,57.5,55.4,0.606,2.01,353.8,Sample Data,臺北市,松山測站
2026-06-27 20:00:00,松山測站,臺北市,65.1,34.3,65.3,51.5,0.583,2.22,333.1,Sample Data,臺北市,松山測站
2026-06-27 21:00:00,松山測站,臺北市,61.8,29.7,55.2,50.3,0.533,2.52,1.4,Sample Data,臺北市,松山測站
2026-06-27 22:00:00,松山測站,臺北市,54.7,35.1,68.1,52.2,0.657,2.33,207.8,Sample Data,臺北市,松山測站
2026-06-27 23:00:00,松山測站,臺北市,61.3,31.3,50.9,43.4,0.509,1.26,277.3,Sample Data,臺北市,松山測站
2026-06-28 00:00:00,松山測站,臺北市,54.6,32.7,55.8,36.7,0.543,2.14,349.3,Sample Data,臺北市,松山測站
2026-06-28 01:00:00,松山測站,臺北市,55.7,31.8,48.6,46.0,0.51,2.33,337.8,Sample Data,臺北市,松山測站
2026-06-28 02:00:00,松山測站,臺北市,56.1,30.3,53.8,41.2,0.588,1.06,258.7,Sample Data,臺北市,松山測站
2026-06-28 03:00:00,松山測站,臺北市,44.4,21.7,35.1,35.5,0.502,3.37,46.0,Sample Data,臺北市,松山測站
2026-06-28 04:00:00,松山測站,臺北市,51.9,34.5,58.7,34.2,0.453,1.89,316.3,Sample Data,臺北市,松山測站
2026-06-28 05:00:00,松山測站,臺北市,57.9,37.1,67.8,32.5,0.58,2.34,238.3,Sample Data,臺北市,松山測站
2026-06-28 06:00:00,松山測站,臺北市,61.7,31.0,43.8,34.1,0.595,2.24,0.1,Sample Data,臺北市,松山測站
2026-06-28 07:00:00,松山測站,臺北市,62.5,37.0,53.8,40.9,0.561,3.15,6.1,Sample Data,臺北市,松山測站
2026-06-28 08:00:00,松山測站,臺北市,61.5,33.8,66.1,37.0,0.581,3.13,301.5,Sample Data,臺北市,松山測站
2026-06-28 09:00:00,松山測站,臺北市,61.7,32.7,51.6,31.3,0.47,1.59,325.8,Sample Data,臺北市,松山測站
2026-06-28 10:00:00,松山測站,臺北市,54.4,36.9,54.2,38.6,0.519,2.28,4.2,Sample Data,臺北市,松山測站
2026-06-28 11:00:00,松山測站,臺北市,55.2,30.2,48.4,39.3,0.673,2.62,75.8,Sample Data,臺北市,松山測站
2026-06-28 12:00:00,松山測站,臺北市,50.5,31.9,54.3,37.2,0.542,1.93,36.6,Sample Data,臺北市,松山測站
2026-06-28 13:00:00,松山測站,臺北市,54.9,32.3,53.6,42.5,0.588,1.19,344.5,Sample Data,臺北市,松山測站
2026-06-28 14:00:00,松山測站,臺北市,40.1,23.1,41.9,39.5,0.396,0.59,336.1,Sample Data,臺北市,松山測站
2026-06-28 15:00:00,松山測站,臺北市,63.8,34.6,58.0,44.2,0.569,2.42,4.3,Sample Data,臺北市,松山測站
2026-06-28 16:00:00,松山測站,臺北市,58.0,33.0,48.0,54.5,0.638,1.75,323.2,Sample Data,臺北市,松山測站
2026-06-28 17:00:00,松山測站,臺北市,63.0,32.5,53.4,59.4,0.587,2.54,101.1,Sample Data,臺北市,松山測站
2026-06-28 18:00:00,松山測站,臺北市,55.3,28.4,57.2,46.2,0.575,2.09,81.1,Sample Data,臺北市,松山測站
2026-06-28 19:00:00,松山測站,臺北市,43.7,26.1,38.1,50.9,0.479,2.44,12.2,Sample Data,臺北市,松山測站
2026-06-28 20:00:00,松山測站,臺北市,53.9,27.9,51.4,53.7,0.565,2.69,135.9,Sample Data,臺北市,松山測站
2026-06-28 21:00:00,松山測站,臺北市,49.4,28.9,47.2,45.2,0.471,2.49,45.4,Sample Data,臺北市,松山測站
2026-06-28 22:00:00,松山測站,臺北市,47.9,27.2,47.5,47.7,0.475,2.95,40.3,Sample Data,臺北市,松山測站
2026-06-28 23:00:00,松山測站,臺北市,39.0,27.2,39.9,45.0,0.393,3.61,101.6,Sample Data,臺北市,松山測站
2026-06-29 00:00:00,松山測站,臺北市,51.1,31.4,53.3,43.9,0.47,3.02,145.9,Sample Data,臺北市,松山測站
2026-06-29 01:00:00,松山測站,臺北市,46.3,26.6,54.6,36.7,0.513,3.86,308.2,Sample Data,臺北市,松山測站
2026-06-29 02:00:00,松山測站,臺北市,45.5,27.7,50.8,40.0,0.408,2.95,10.2,Sample Data,臺北市,松山測站
2026-06-29 03:00:00,松山測站,臺北市,58.3,30.1,59.1,43.1,0.58,1.24,74.6,Sample Data,臺北市,松山測站
2026-06-29 04:00:00,松山測站,臺北市,47.2,30.0,57.1,32.2,0.441,3.07,61.3,Sample Data,臺北市,松山測站
2026-06-29 05:00:00,松山測站,臺北市,51.0,34.6,66.6,36.0,0.492,2.85,21.7,Sample Data,臺北市,松山測站
2026-06-29 06:00:00,松山測站,臺北市,55.3,35.4,46.3,41.6,0.671,2.18,307.5,Sample Data,臺北市,松山測站
2026-06-29 07:00:00,松山測站,臺北市,59.6,31.4,56.5,38.2,0.59,1.36,95.5,Sample Data,臺北市,松山測站
2026-06-29 08:00:00,松山測站,臺北市,73.0,36.0,56.5,42.0,0.541,2.34,38.5,Sample Data,臺北市,松山測站
2026-06-29 09:00:00,松山測站,臺北市,70.0,34.3,52.2,42.1,0.629,1.66,72.8,Sample Data,臺北市,松山測站
2026-06-29 10:00:00,松山測站,臺北市,62.8,32.1,63.4,35.7,0.562,2.31,332.2,Sample Data,臺北市,松山測站
2026-06-29 11:00:00,松山測站,臺北市,45.1,30.3,42.5,39.9,0.508,2.1,356.6,Sample Data,臺北市,松山測站
2026-06-29 12:00:00,松山測站,臺北市,55.5,32.4,64.0,43.2,0.564,2.34,116.9,Sample Data,臺北市,松山測站
2026-06-29 13:00:00,松山測站,臺北市,54.1,34.7,61.5,41.6,0.577,2.34,49.8,Sample Data,臺北市,松山測站
2026-06-29 14:00:00,松山測站,臺北市,49.6,30.9,55.9,35.7,0.475,1.99,310.4,Sample Data,臺北市,松山測站
2026-06-29 15:00:00,松山測站,臺北市,48.9,27.0,51.2,45.7,0.461,2.51,138.7,Sample Data,臺北市,松山測站
2026-06-29 16:00:00,松山測站,臺北市,51.5,27.6,43.8,51.8,0.524,3.0,27.1,Sample Data,臺北市,松山測站
2026-06-29 17:00:00,松山測站,臺北市,58.8,31.5,47.9,55.2,0.543,1.7,81.7,Sample Data,臺北市,松山測站
2026-06-29 18:00:00,松山測站,臺北市,65.6,26.9,42.4,60.9,0.606,2.86,27.3,Sample Data,臺北市,松山測站
2026-06-29 19:00:00,松山測站,臺北市,53.3,32.1,51.4,51.6,0.548,2.6,135.8,Sample Data,臺北市,松山測站
2026-06-29 20:00:00,松山測站,臺北市,60.4,27.6,53.5,58.5,0.517,1.09,101.4,Sample Data,臺北市,松山測站
2026-06-29 21:00:00,松山測站,臺北市,58.3,37.4,56.1,48.8,0.558,2.21,43.2,Sample Data,臺北市,松山測站
2026-06-29 22:00:00,松山測站,臺北市,62.0,38.2,59.4,55.3,0.607,2.68,170.7,Sample Data,臺北市,松山測站
2026-06-29 23:00:00,松山測站,臺北市,53.9,33.2,50.9,40.8,0.541,2.09,34.6,Sample Data,臺北市,松山測站
2026-06-30 00:00:00,松山測站,臺北市,58.6,37.3,61.5,52.4,0.56,2.56,47.9,Sample Data,臺北市,松山測站
2026-06-30 01:00:00,松山測站,臺北市,52.3,30.7,61.1,42.8,0.619,3.13,111.6,Sample Data,臺北市,松山測站
2026-06-30 02:00:00,松山測站,臺北市,51.7,30.5,49.0,40.0,0.489,1.64,142.1,Sample Data,臺北市,松山測站
2026-06-30 03:00:00,松山測站,臺北市,52.7,25.3,40.9,42.9,0.582,2.52,70.5,Sample Data,臺北市,松山測站
2026-06-30 04:00:00,松山測站,臺北市,46.2,30.1,60.1,39.6,0.494,1.71,102.4,Sample Data,臺北市,松山測站
2026-06-30 05:00:00,松山測站,臺北市,54.8,30.5,58.7,33.9,0.51,2.69,100.9,Sample Data,臺北市,松山測站
2026-06-30 06:00:00,松山測站,臺北市,58.6,32.9,63.2,41.7,0.501,0.94,23.6,Sample Data,臺北市,松山測站
2026-06-30 07:00:00,松山測站,臺北市,61.6,32.9,61.9,25.7,0.593,3.47,67.0,Sample Data,臺北市,松山測站
2026-06-30 08:00:00,松山測站,臺北市,61.6,30.5,56.3,42.4,0.665,2.14,236.8,Sample Data,臺北市,松山測站
2026-06-30 09:00:00,松山測站,臺北市,62.1,38.2,74.5,39.2,0.735,2.97,96.1,Sample Data,臺北市,松山測站
2026-06-30 10:00:00,松山測站,臺北市,63.1,32.1,58.4,39.5,0.594,2.37,156.5,Sample Data,臺北市,松山測站
2026-06-30 11:00:00,松山測站,臺北市,57.1,25.9,47.2,34.0,0.549,2.5,102.9,Sample Data,臺北市,松山測站
2026-06-30 12:00:00,松山測站,臺北市,57.7,27.8,46.0,41.9,0.568,1.73,183.8,Sample Data,臺北市,松山測站
2026-06-30 13:00:00,松山測站,臺北市,53.8,25.2,38.1,42.6,0.531,2.46,159.4,Sample Data,臺北市,松山測站
2026-06-30 14:00:00,松山測站,臺北市,59.4,28.9,52.7,48.3,0.531,2.11,12.4,Sample Data,臺北市,松山測站
2026-06-30 15:00:00,松山測站,臺北市,48.4,27.1,45.8,46.7,0.495,3.29,115.8,Sample Data,臺北市,松山測站
2026-06-30 16:00:00,松山測站,臺北市,55.6,32.8,55.8,50.7,0.537,3.57,121.8,Sample Data,臺北市,松山測站
2026-06-30 17:00:00,松山測站,臺北市,130.4,45.5,68.2,67.4,0.921,1.85,124.8,Sample Data,臺北市,松山測站
2026-06-30 18:00:00,松山測站,臺北市,69.0,38.0,69.6,58.1,0.677,0.96,144.5,Sample Data,臺北市,松山測站
2026-06-30 19:00:00,松山測站,臺北市,59.0,32.5,60.4,61.3,0.552,2.7,152.2,Sample Data,臺北市,松山測站
2026-06-30 20:00:00,松山測站,臺北市,61.5,32.8,69.3,60.6,0.588,2.79,104.7,Sample Data,臺北市,松山測站
2026-06-30 21:00:00,松山測站,臺北市,58.2,34.8,53.6,55.9,0.582,3.26,186.9,Sample Data,臺北市,松山測站
2026-06-30 22:00:00,松山測站,臺北市,55.2,32.3,65.8,35.6,0.457,2.78,200.3,Sample Data,臺北市,松山測站
2026-06-30 23:00:00,松山測站,臺北市,50.4,28.0,43.9,56.1,0.52,2.81,265.9,Sample Data,臺北市,松山測站
2026-07-01 00:00:00,松山測站,臺北市,56.6,28.6,51.3,41.0,0.537,1.93,230.8,Sample Data,臺北市,松山測站
2026-07-01 01:00:00,松山測站,臺北市,56.4,30.7,56.1,46.6,0.499,1.72,243.8,Sample Data,臺北市,松山測站
2026-07-01 02:00:00,松山測站,臺北市,54.5,26.8,47.7,35.2,0.551,2.99,206.6,Sample Data,臺北市,松山測站
2026-07-01 03:00:00,松山測站,臺北市,60.2,28.2,53.6,38.6,0.61,3.43,287.7,Sample Data,臺北市,松山測站
2026-07-01 04:00:00,松山測站,臺北市,64.7,33.2,61.4,40.3,0.594,2.91,188.7,Sample Data,臺北市,松山測站
2026-07-01 05:00:00,松山測站,臺北市,56.7,30.4,51.4,37.7,0.583,2.18,236.6,Sample Data,臺北市,松山測站
2026-07-01 06:00:00,松山測站,臺北市,66.0,30.1,45.0,31.2,0.542,1.61,200.9,Sample Data,臺北市,松山測站
2026-07-01 07:00:00,松山測站,臺北市,66.9,33.1,54.4,39.0,0.619,2.74,85.1,Sample Data,臺北市,松山測站
2026-07-01 08:00:00,松山測站,臺北市,68.5,27.9,44.4,42.6,0.666,2.43,176.5,Sample Data,臺北市,松山測站
2026-07-01 09:00:00,松山測站,臺北市,71.3,33.5,68.7,37.8,0.66,2.72,154.5,Sample Data,臺北市,松山測站
2026-07-01 10:00:00,松山測站,臺北市,70.1,36.9,63.3,37.7,0.587,2.64,157.4,Sample Data,臺北市,松山測站
2026-07-01 11:00:00,松山測站,臺北市,64.3,29.7,56.0,51.3,0.517,3.37,221.2,Sample Data,臺北市,松山測站
2026-07-01 12:00:00,松山測站,臺北市,62.6,33.4,58.5,49.1,0.555,3.16,180.6,Sample Data,臺北市,松山測站
2026-07-01 13:00:00,松山測站,臺北市,60.2,29.2,61.0,44.7,0.557,1.62,206.4,Sample Data,臺北市,松山測站
2026-07-01 14:00:00,松山測站,臺北市,53.7,28.1,48.5,57.0,0.506,3.49,235.4,Sample Data,臺北市,松山測站
2026-07-01 15:00:00,松山測站,臺北市,63.1,34.4,55.5,48.6,0.51,3.49,260.9,Sample Data,臺北市,松山測站
2026-07-01 16:00:00,松山測站,臺北市,65.4,31.9,58.2,53.4,0.559,3.19,314.9,Sample Data,臺北市,松山測站
2026-07-01 17:00:00,松山測站,臺北市,72.0,38.2,66.6,58.3,0.653,2.6,170.6,Sample Data,臺北市,松山測站
2026-07-01 18:00:00,松山測站,臺北市,74.3,31.8,65.6,60.6,0.708,2.02,170.6,Sample Data,臺北市,松山測站
2026-07-01 19:00:00,松山測站,臺北市,68.7,34.8,71.8,54.7,0.625,1.59,261.8,Sample Data,臺北市,松山測站
2026-07-01 20:00:00,松山測站,臺北市,67.5,32.0,59.2,54.5,0.69,2.23,226.6,Sample Data,臺北市,松山測站
2026-07-01 21:00:00,松山測站,臺北市,54.5,28.4,46.8,56.9,0.531,3.38,246.4,Sample Data,臺北市,松山測站
2026-07-01 22:00:00,松山測站,臺北市,63.3,32.9,68.2,42.9,0.481,1.98,246.8,Sample Data,臺北市,松山測站
2026-07-01 23:00:00,松山測站,臺北市,65.6,35.2,58.5,55.0,0.602,3.0,264.0,Sample Data,臺北市,松山測站
2026-07-02 00:00:00,松山測站,臺北市,58.8,34.2,57.0,52.9,0.438,1.42,186.7,Sample Data,臺北市,松山測站
2026-07-02 01:00:00,松山測站,臺北市,59.9,31.6,57.0,41.5,0.688,3.66,232.4,Sample Data,臺北市,松山測站
2026-07-02 02:00:00,松山測站,臺北市,60.0,29.0,49.3,38.7,0.561,1.28,216.1,Sample Data,臺北市,松山測站
2026-07-02 03:00:00,松山測站,臺北市,62.8,34.2,54.1,44.6,0.539,2.81,260.4,Sample Data,臺北市,松山測站
2026-07-02 04:00:00,松山測站,臺北市,55.9,30.5,57.5,37.1,0.623,3.16,249.9,Sample Data,臺北市,松山測站
2026-07-02 05:00:00,松山測站,臺北市,68.5,40.2,66.4,35.6,0.68,1.55,194.3,Sample Data,臺北市,松山測站
2026-07-02 06:00:00,松山測站,臺北市,65.8,35.1,50.8,35.1,0.558,1.71,35.5,Sample Data,臺北市,松山測站
2026-07-02 07:00:00,松山測站,臺北市,73.6,38.3,59.2,36.6,0.498,1.25,173.4,Sample Data,臺北市,松山測站
2026-07-02 08:00:00,松山測站,臺北市,62.6,29.4,56.3,42.1,0.599,2.91,226.5,Sample Data,臺北市,松山測站
2026-07-02 09:00:00,松山測站,臺北市,74.7,38.1,77.4,43.1,0.608,1.42,213.9,Sample Data,臺北市,松山測站
2026-07-02 10:00:00,松山測站,臺北市,68.6,35.4,62.9,43.1,0.637,3.37,352.2,Sample Data,臺北市,松山測站
2026-07-02 11:00:00,松山測站,臺北市,59.6,37.4,66.7,40.7,0.543,1.14,275.6,Sample Data,臺北市,松山測站
2026-07-02 12:00:00,松山測站,臺北市,54.9,34.1,56.9,42.6,0.505,2.03,330.6,Sample Data,臺北市,松山測站
2026-07-02 13:00:00,松山測站,臺北市,62.2,38.1,62.8,45.9,0.616,2.06,288.3,Sample Data,臺北市,松山測站
2026-07-02 14:00:00,松山測站,臺北市,62.5,30.5,62.4,50.3,0.655,3.38,273.4,Sample Data,臺北市,松山測站
2026-07-02 15:00:00,松山測站,臺北市,66.8,32.2,44.3,57.7,0.616,2.16,2.6,Sample Data,臺北市,松山測站
2026-07-02 16:00:00,松山測站,臺北市,56.7,25.6,43.8,51.5,0.484,2.43,50.2,Sample Data,臺北市,松山測站
2026-07-02 17:00:00,松山測站,臺北市,74.0,36.3,54.2,47.8,0.645,2.8,216.3,Sample Data,臺北市,松山測站
2026-07-02 18:00:00,松山測站,臺北市,67.5,30.7,54.8,47.2,0.632,2.83,292.2,Sample Data,臺北市,松山測站
2026-07-02 19:00:00,松山測站,臺北市,57.1,28.7,37.2,51.9,0.493,3.0,271.9,Sample Data,臺北市,松山測站
2026-07-02 20:00:00,松山測站,臺北市,68.8,36.2,69.1,57.4,0.533,3.12,270.2,Sample Data,臺北市,松山測站
2026-07-02 21:00:00,松山測站,臺北市,61.0,32.6,59.2,56.9,0.585,1.27,308.2,Sample Data,臺北市,松山測站
2026-07-02 22:00:00,松山測站,臺北市,65.3,28.0,45.7,53.8,0.612,3.63,343.8,Sample Data,臺北市,松山測站
2026-07-02 23:00:00,松山測站,臺北市,63.6,41.4,71.3,52.1,0.605,1.98,264.2,Sample Data,臺北市,松山測站
2026-07-03 00:00:00,松山測站,臺北市,71.0,36.0,69.9,49.6,0.605,2.65,252.9,Sample Data,臺北市,松山測站
2026-07-03 01:00:00,松山測站,臺北市,60.9,38.4,57.4,43.2,0.55,2.21,306.2,Sample Data,臺北市,松山測站
2026-07-03 02:00:00,松山測站,臺北市,63.5,28.0,57.4,45.1,0.526,3.28,38.5,Sample Data,臺北市,松山測站
2026-07-03 03:00:00,松山測站,臺北市,63.7,28.7,58.7,35.0,0.582,2.61,3.6,Sample Data,臺北市,松山測站
2026-07-03 04:00:00,松山測站,臺北市,60.2,33.3,71.0,27.2,0.551,2.28,239.6,Sample Data,臺北市,松山測站
2026-07-03 05:00:00,松山測站,臺北市,61.4,36.5,55.8,33.9,0.539,3.42,309.2,Sample Data,臺北市,松山測站
2026-07-03 06:00:00,松山測站,臺北市,66.4,28.3,58.7,37.2,0.625,1.33,47.0,Sample Data,臺北市,松山測站
2026-07-03 07:00:00,松山測站,臺北市,66.1,33.2,47.0,40.3,0.607,2.78,344.5,Sample Data,臺北市,松山測站
2026-07-03 08:00:00,松山測站,臺北市,71.7,34.0,54.5,44.3,0.69,1.65,110.6,Sample Data,臺北市,松山測站
2026-07-03 09:00:00,松山測站,臺北市,72.1,38.2,62.5,39.4,0.643,3.22,1.0,Sample Data,臺北市,松山測站
2026-07-03 10:00:00,松山測站,臺北市,58.3,34.5,56.9,41.2,0.544,1.77,306.2,Sample Data,臺北市,松山測站
2026-07-03 11:00:00,松山測站,臺北市,50.9,30.9,51.7,26.4,0.46,3.31,320.4,Sample Data,臺北市,松山測站
2026-07-03 12:00:00,松山測站,臺北市,58.8,27.9,43.5,43.5,0.676,3.48,343.1,Sample Data,臺北市,松山測站
2026-07-03 13:00:00,松山測站,臺北市,53.5,29.9,56.4,41.8,0.608,2.41,129.5,Sample Data,臺北市,松山測站
2026-07-03 14:00:00,松山測站,臺北市,57.5,37.1,71.3,43.8,0.511,2.76,60.4,Sample Data,臺北市,松山測站
2026-07-03 15:00:00,松山測站,臺北市,58.9,28.3,42.4,42.1,0.566,3.2,8.3,Sample Data,臺北市,松山測站
2026-07-03 16:00:00,松山測站,臺北市,49.8,29.4,55.4,43.0,0.497,3.73,36.7,Sample Data,臺北市,松山測站
2026-07-03 17:00:00,松山測站,臺北市,66.1,34.2,67.0,51.1,0.639,1.36,33.1,Sample Data,臺北市,松山測站
2026-07-03 18:00:00,松山測站,臺北市,65.0,31.7,45.8,50.6,0.572,1.56,35.8,Sample Data,臺北市,松山測站
2026-07-03 19:00:00,松山測站,臺北市,57.0,33.8,55.1,50.7,0.618,2.67,9.4,Sample Data,臺北市,松山測站
2026-07-03 20:00:00,松山測站,臺北市,62.4,26.6,57.7,54.8,0.58,2.75,73.3,Sample Data,臺北市,松山測站
2026-07-03 21:00:00,松山測站,臺北市,46.9,24.2,42.4,54.8,0.487,1.22,317.3,Sample Data,臺北市,松山測站
2026-07-03 22:00:00,松山測站,臺北市,40.9,27.1,51.1,50.9,0.534,2.54,272.6,Sample Data,臺北市,松山測站
2026-07-03 23:00:00,松山測站,臺北市,56.4,33.2,62.4,43.9,0.649,1.78,74.2,Sample Data,臺北市,松山測站
2026-07-04 00:00:00,松山測站,臺北市,37.0,24.1,45.4,44.9,0.468,2.63,111.0,Sample Data,臺北市,松山測站
2026-07-04 01:00:00,松山測站,臺北市,44.0,23.2,43.0,42.6,0.411,2.11,7.0,Sample Data,臺北市,松山測站
2026-07-04 02:00:00,松山測站,臺北市,43.1,24.2,41.3,41.5,0.526,2.52,20.4,Sample Data,臺北市,松山測站
2026-07-04 03:00:00,松山測站,臺北市,45.6,26.5,46.5,34.4,0.439,2.71,85.1,Sample Data,臺北市,松山測站
2026-07-04 04:00:00,松山測站,臺北市,37.4,27.1,52.2,32.9,0.386,1.82,49.6,Sample Data,臺北市,松山測站
2026-07-04 05:00:00,松山測站,臺北市,52.2,23.9,39.9,34.7,0.556,2.01,44.4,Sample Data,臺北市,松山測站
2026-07-04 06:00:00,松山測站,臺北市,42.3,21.1,28.9,30.1,0.412,1.65,44.4,Sample Data,臺北市,松山測站
2026-07-04 07:00:00,松山測站,臺北市,50.5,31.2,53.7,34.6,0.599,1.78,54.0,Sample Data,臺北市,松山測站
2026-07-04 08:00:00,松山測站,臺北市,61.4,36.5,55.7,42.1,0.598,2.52,48.0,Sample Data,臺北市,松山測站
2026-07-04 09:00:00,松山測站,臺北市,51.9,31.3,50.0,35.5,0.493,2.88,223.3,Sample Data,臺北市,松山測站
2026-07-04 10:00:00,松山測站,臺北市,40.9,28.8,44.6,34.0,0.513,3.48,76.6,Sample Data,臺北市,松山測站
2026-07-04 11:00:00,松山測站,臺北市,51.9,23.4,38.4,42.8,0.466,1.93,77.0,Sample Data,臺北市,松山測站
2026-07-04 12:00:00,松山測站,臺北市,44.2,29.5,50.9,42.6,0.491,2.47,351.1,Sample Data,臺北市,松山測站
2026-07-04 13:00:00,松山測站,臺北市,46.5,21.9,27.2,41.8,0.495,3.4,65.2,Sample Data,臺北市,松山測站
2026-07-04 14:00:00,松山測站,臺北市,41.3,26.4,44.0,41.1,0.465,1.55,99.4,Sample Data,臺北市,松山測站
2026-07-04 15:00:00,松山測站,臺北市,37.9,29.3,66.9,39.6,0.455,3.95,146.5,Sample Data,臺北市,松山測站
2026-07-04 16:00:00,松山測站,臺北市,45.9,29.7,58.5,45.0,0.494,1.47,91.4,Sample Data,臺北市,松山測站
2026-07-04 17:00:00,松山測站,臺北市,54.1,30.3,53.5,52.8,0.501,2.28,4.5,Sample Data,臺北市,松山測站
2026-07-04 18:00:00,松山測站,臺北市,47.8,27.9,45.4,53.2,0.481,2.74,82.2,Sample Data,臺北市,松山測站
2026-07-04 19:00:00,松山測站,臺北市,56.2,29.9,55.0,47.5,0.521,1.58,115.6,Sample Data,臺北市,松山測站
2026-07-04 20:00:00,松山測站,臺北市,47.0,36.4,58.2,45.9,0.479,2.67,328.1,Sample Data,臺北市,松山測站
2026-07-04 21:00:00,松山測站,臺北市,47.9,35.2,60.8,53.9,0.5,2.16,333.8,Sample Data,臺北市,松山測站
2026-07-04 22:00:00,松山測站,臺北市,47.9,29.2,58.4,46.0,0.482,2.99,28.4,Sample Data,臺北市,松山測站
2026-07-04 23:00:00,松山測站,臺北市,49.0,25.6,45.8,51.3,0.518,1.89,75.9,Sample Data,臺北市,松山測站
2026-07-05 00:00:00,松山測站,臺北市,43.6,28.6,55.2,42.4,0.415,2.26,158.3,Sample Data,臺北市,松山測站
2026-07-05 01:00:00,松山測站,臺北市,36.5,26.2,49.9,37.6,0.528,3.07,38.9,Sample Data,臺北市,松山測站
2026-07-05 02:00:00,松山測站,臺北市,46.8,26.9,41.4,37.4,0.548,2.03,80.0,Sample Data,臺北市,松山測站
2026-07-05 03:00:00,松山測站,臺北市,40.5,26.0,44.4,42.5,0.586,1.94,120.9,Sample Data,臺北市,松山測站
2026-07-05 04:00:00,松山測站,臺北市,38.8,25.0,41.4,29.1,0.457,1.83,166.3,Sample Data,臺北市,松山測站
2026-07-05 05:00:00,松山測站,臺北市,42.1,36.5,56.5,30.9,0.484,1.73,216.8,Sample Data,臺北市,松山測站
2026-07-05 06:00:00,松山測站,臺北市,56.0,32.3,56.5,30.8,0.62,3.02,131.2,Sample Data,臺北市,松山測站
2026-07-05 07:00:00,松山測站,臺北市,42.3,25.2,48.2,36.0,0.402,2.85,184.9,Sample Data,臺北市,松山測站
2026-07-05 08:00:00,松山測站,臺北市,48.2,29.5,48.6,25.9,0.493,2.33,123.9,Sample Data,臺北市,松山測站
2026-07-05 09:00:00,松山測站,臺北市,52.1,29.2,54.1,34.0,0.508,2.57,29.3,Sample Data,臺北市,松山測站
2026-07-05 10:00:00,松山測站,臺北市,101.1,42.4,73.5,41.0,0.775,1.85,147.4,Sample Data,臺北市,松山測站
2026-07-05 11:00:00,松山測站,臺北市,45.7,31.0,63.7,35.9,0.392,3.13,208.2,Sample Data,臺北市,松山測站
2026-07-05 12:00:00,松山測站,臺北市,49.7,27.3,47.6,46.3,0.473,2.38,185.1,Sample Data,臺北市,松山測站
2026-07-05 13:00:00,松山測站,臺北市,46.8,25.9,47.6,42.0,0.514,2.4,228.3,Sample Data,臺北市,松山測站
2026-07-05 14:00:00,松山測站,臺北市,43.1,26.6,43.9,37.1,0.42,1.2,151.8,Sample Data,臺北市,松山測站
2026-07-05 15:00:00,松山測站,臺北市,44.3,27.5,42.1,46.5,0.476,3.08,179.1,Sample Data,臺北市,松山測站
2026-07-05 16:00:00,松山測站,臺北市,49.4,29.4,57.8,43.1,0.548,1.78,233.7,Sample Data,臺北市,松山測站
2026-07-05 17:00:00,松山測站,臺北市,60.8,33.5,47.9,55.7,0.551,2.55,207.0,Sample Data,臺北市,松山測站
2026-07-05 18:00:00,松山測站,臺北市,54.3,29.2,47.7,44.9,0.575,3.74,240.4,Sample Data,臺北市,松山測站
2026-07-05 19:00:00,松山測站,臺北市,48.2,31.7,50.3,51.5,0.409,2.74,106.5,Sample Data,臺北市,松山測站
2026-07-05 20:00:00,松山測站,臺北市,55.1,26.5,53.0,49.3,0.485,0.96,153.3,Sample Data,臺北市,松山測站
2026-07-05 21:00:00,松山測站,臺北市,48.7,25.0,40.2,45.7,0.484,3.3,204.2,Sample Data,臺北市,松山測站
2026-07-05 22:00:00,松山測站,臺北市,49.3,31.7,62.7,49.3,0.491,2.85,131.1,Sample Data,臺北市,松山測站
2026-07-05 23:00:00,松山測站,臺北市,51.8,32.1,66.3,35.3,0.496,3.23,159.5,Sample Data,臺北市,松山測站
2026-07-06 00:00:00,松山測站,臺北市,48.6,26.4,41.2,49.0,0.509,1.72,147.9,Sample Data,臺北市,松山測站
2026-07-06 01:00:00,松山測站,臺北市,51.1,32.9,44.0,41.2,0.48,3.42,108.7,Sample Data,臺北市,松山測站
2026-07-06 02:00:00,松山測站,臺北市,64.6,33.4,61.4,40.6,0.524,2.41,118.5,Sample Data,臺北市,松山測站
2026-07-06 03:00:00,松山測站,臺北市,46.2,27.9,38.9,33.4,0.456,3.99,192.1,Sample Data,臺北市,松山測站
2026-07-06 04:00:00,松山測站,臺北市,59.3,26.9,52.4,34.4,0.608,1.57,176.2,Sample Data,臺北市,松山測站
2026-07-06 05:00:00,松山測站,臺北市,57.4,32.3,54.4,35.6,0.517,2.77,208.1,Sample Data,臺北市,松山測站
2026-07-06 06:00:00,松山測站,臺北市,63.7,32.0,52.7,36.0,0.588,3.54,124.3,Sample Data,臺北市,松山測站
2026-07-06 07:00:00,松山測站,臺北市,72.1,29.6,49.5,41.0,0.632,1.85,202.7,Sample Data,臺北市,松山測站
2026-07-06 08:00:00,松山測站,臺北市,69.1,32.2,47.9,35.5,0.569,1.33,225.5,Sample Data,臺北市,松山測站
2026-07-06 09:00:00,松山測站,臺北市,71.6,35.9,64.2,41.7,0.636,2.18,177.8,Sample Data,臺北市,松山測站
2026-07-06 10:00:00,松山測站,臺北市,76.3,35.0,61.0,43.7,0.573,2.97,204.8,Sample Data,臺北市,松山測站
2026-07-06 11:00:00,松山測站,臺北市,56.5,35.1,52.1,46.7,0.582,2.44,300.5,Sample Data,臺北市,松山測站
2026-07-06 12:00:00,松山測站,臺北市,61.3,32.6,51.3,44.9,0.573,1.83,223.1,Sample Data,臺北市,松山測站
2026-07-06 13:00:00,松山測站,臺北市,60.2,28.4,50.5,34.6,0.577,2.06,291.0,Sample Data,臺北市,松山測站
2026-07-06 14:00:00,松山測站,臺北市,59.2,34.2,50.6,50.1,0.539,3.11,167.3,Sample Data,臺北市,松山測站
2026-07-06 15:00:00,松山測站,臺北市,65.3,36.4,67.5,47.8,0.522,1.63,261.3,Sample Data,臺北市,松山測站
2026-07-06 16:00:00,松山測站,臺北市,69.3,34.9,60.3,48.8,0.668,4.28,248.2,Sample Data,臺北市,松山測站
2026-07-06 17:00:00,松山測站,臺北市,72.4,33.9,58.1,51.5,0.553,3.44,246.0,Sample Data,臺北市,松山測站
2026-07-06 18:00:00,松山測站,臺北市,72.7,34.5,57.3,56.7,0.653,2.09,215.2,Sample Data,臺北市,松山測站
2026-07-06 19:00:00,松山測站,臺北市,62.9,27.2,43.7,49.6,0.578,2.4,118.4,Sample Data,臺北市,松山測站
2026-07-06 20:00:00,松山測站,臺北市,62.9,34.3,45.6,55.1,0.631,2.9,234.8,Sample Data,臺北市,松山測站
2026-07-06 21:00:00,松山測站,臺北市,62.6,31.1,59.2,56.0,0.585,2.94,248.2,Sample Data,臺北市,松山測站
2026-07-06 22:00:00,松山測站,臺北市,67.0,36.7,64.7,59.3,0.612,1.11,206.7,Sample Data,臺北市,松山測站
2026-07-06 23:00:00,松山測站,臺北市,66.0,33.0,68.0,46.8,0.554,2.47,270.5,Sample Data,臺北市,松山測站
2026-07-07 00:00:00,松山測站,臺北市,64.1,36.1,59.6,47.3,0.588,2.42,263.8,Sample Data,臺北市,松山測站
2026-07-07 01:00:00,松山測站,臺北市,65.6,35.4,57.9,46.7,0.591,2.46,16.4,Sample Data,臺北市,松山測站
2026-07-07 02:00:00,松山測站,臺北市,59.2,33.5,64.1,51.8,0.543,2.64,214.1,Sample Data,臺北市,松山測站
2026-07-07 03:00:00,松山測站,臺北市,60.3,33.2,52.6,45.6,0.562,2.16,49.7,Sample Data,臺北市,松山測站
2026-07-07 04:00:00,松山測站,臺北市,64.8,31.4,42.8,43.6,0.57,2.43,260.5,Sample Data,臺北市,松山測站
2026-07-07 05:00:00,松山測站,臺北市,68.4,31.9,63.5,41.7,0.622,1.72,304.3,Sample Data,臺北市,松山測站
2026-07-07 06:00:00,松山測站,臺北市,64.5,31.9,53.3,41.7,0.617,3.21,64.7,Sample Data,臺北市,松山測站
2026-07-07 07:00:00,松山測站,臺北市,63.6,31.0,47.0,32.6,0.568,1.5,291.4,Sample Data,臺北市,松山測站
2026-07-07 08:00:00,松山測站,臺北市,74.1,37.2,57.8,38.3,0.739,2.38,173.6,Sample Data,臺北市,松山測站
2026-07-07 09:00:00,松山測站,臺北市,67.1,28.9,55.3,37.1,0.7,2.69,318.9,Sample Data,臺北市,松山測站
2026-07-07 10:00:00,松山測站,臺北市,63.5,30.2,48.8,32.1,0.573,2.36,270.2,Sample Data,臺北市,松山測站
2026-07-07 11:00:00,松山測站,臺北市,60.5,30.9,58.3,43.1,0.622,2.19,259.9,Sample Data,臺北市,松山測站
2026-07-07 12:00:00,松山測站,臺北市,64.9,35.4,62.9,47.8,0.654,3.58,240.3,Sample Data,臺北市,松山測站
2026-07-07 13:00:00,松山測站,臺北市,62.4,33.0,54.5,39.7,0.582,1.83,295.7,Sample Data,臺北市,松山測站
2026-07-07 14:00:00,松山測站,臺北市,59.2,28.9,43.1,49.4,0.671,2.61,320.7,Sample Data,臺北市,松山測站
2026-07-07 15:00:00,松山測站,臺北市,59.6,28.4,48.5,45.2,0.562,2.34,247.4,Sample Data,臺北市,松山測站
2026-07-07 16:00:00,松山測站,臺北市,66.0,37.5,63.5,56.6,0.619,1.89,213.0,Sample Data,臺北市,松山測站
2026-07-07 17:00:00,松山測站,臺北市,66.2,33.7,58.3,54.0,0.629,0.65,359.9,Sample Data,臺北市,松山測站
2026-07-07 18:00:00,松山測站,臺北市,64.9,34.6,62.6,57.1,0.47,1.79,313.6,Sample Data,臺北市,松山測站
2026-07-07 19:00:00,松山測站,臺北市,68.6,35.9,60.1,55.3,0.514,1.97,331.9,Sample Data,臺北市,松山測站
2026-07-07 20:00:00,松山測站,臺北市,61.3,34.6,52.2,41.8,0.508,3.7,281.9,Sample Data,臺北市,松山測站
2026-07-07 21:00:00,松山測站,臺北市,53.9,34.6,61.8,52.4,0.56,2.74,353.4,Sample Data,臺北市,松山測站
2026-07-07 22:00:00,松山測站,臺北市,73.0,38.4,59.0,59.2,0.688,1.93,22.1,Sample Data,臺北市,松山測站
2026-07-07 23:00:00,松山測站,臺北市,65.0,41.3,76.8,49.5,0.565,1.71,169.1,Sample Data,臺北市,松山測站
2026-07-08 00:00:00,松山測站,臺北市,57.3,32.9,69.8,46.7,0.617,2.62,9.5,Sample Data,臺北市,松山測站
2026-07-08 01:00:00,松山測站,臺北市,60.6,36.6,73.0,46.6,0.554,2.68,89.9,Sample Data,臺北市,松山測站
2026-07-08 02:00:00,松山測站,臺北市,57.6,33.1,58.5,42.1,0.435,2.79,207.9,Sample Data,臺北市,松山測站
2026-07-08 03:00:00,松山測站,臺北市,66.2,34.4,59.4,35.8,0.608,2.29,306.0,Sample Data,臺北市,松山測站
2026-07-08 04:00:00,松山測站,臺北市,59.7,40.6,64.1,41.9,0.638,2.27,223.0,Sample Data,臺北市,松山測站
2026-07-08 05:00:00,松山測站,臺北市,60.0,34.8,68.8,34.4,0.641,2.93,14.8,Sample Data,臺北市,松山測站
2026-07-08 06:00:00,松山測站,臺北市,67.2,34.0,61.3,29.4,0.608,2.53,48.5,Sample Data,臺北市,松山測站
2026-07-08 07:00:00,松山測站,臺北市,75.5,40.8,79.7,41.8,0.766,3.23,46.6,Sample Data,臺北市,松山測站
2026-07-08 08:00:00,松山測站,臺北市,67.2,31.5,57.4,37.2,0.594,3.42,328.5,Sample Data,臺北市,松山測站
2026-07-08 09:00:00,松山測站,臺北市,54.9,32.7,60.0,35.6,0.528,3.02,266.7,Sample Data,臺北市,松山測站
2026-07-08 10:00:00,松山測站,臺北市,60.3,34.5,61.8,41.4,0.623,2.36,246.2,Sample Data,臺北市,松山測站
2026-07-08 11:00:00,松山測站,臺北市,62.6,28.1,45.5,36.5,0.556,2.24,321.6,Sample Data,臺北市,松山測站
2026-07-08 12:00:00,松山測站,臺北市,60.0,31.1,58.5,39.9,0.522,1.25,16.0,Sample Data,臺北市,松山測站
2026-07-08 13:00:00,松山測站,臺北市,54.7,24.0,40.2,50.0,0.455,1.46,64.0,Sample Data,臺北市,松山測站
2026-07-08 14:00:00,松山測站,臺北市,63.8,31.1,53.3,39.0,0.491,2.15,91.2,Sample Data,臺北市,松山測站
2026-07-08 15:00:00,松山測站,臺北市,56.5,31.9,58.0,46.3,0.548,3.72,285.3,Sample Data,臺北市,松山測站
2026-07-08 16:00:00,松山測站,臺北市,66.2,30.8,50.2,49.1,0.546,2.51,66.8,Sample Data,臺北市,松山測站
2026-07-08 17:00:00,松山測站,臺北市,62.7,33.2,53.9,56.4,0.619,4.19,354.3,Sample Data,臺北市,松山測站
2026-07-08 18:00:00,松山測站,臺北市,61.8,35.1,64.8,52.5,0.601,1.8,355.4,Sample Data,臺北市,松山測站
2026-07-08 19:00:00,松山測站,臺北市,63.2,36.1,53.4,47.1,0.518,1.44,12.5,Sample Data,臺北市,松山測站
2026-07-08 20:00:00,松山測站,臺北市,53.9,28.8,43.5,57.5,0.57,2.49,358.6,Sample Data,臺北市,松山測站
2026-07-08 21:00:00,松山測站,臺北市,54.7,32.1,58.9,51.6,0.439,2.62,68.9,Sample Data,臺北市,松山測站
2026-07-08 22:00:00,松山測站,臺北市,53.2,36.2,65.1,49.5,0.528,2.41,35.9,Sample Data,臺北市,松山測站
2026-07-08 23:00:00,松山測站,臺北市,57.5,35.9,58.0,48.9,0.595,1.94,75.1,Sample Data,臺北市,松山測站
2026-07-09 00:00:00,松山測站,臺北市,48.6,32.9,56.3,35.7,0.484,3.41,66.4,Sample Data,臺北市,松山測站
2026-07-09 01:00:00,松山測站,臺北市,53.4,33.8,54.5,47.0,0.61,2.74,88.8,Sample Data,臺北市,松山測站
2026-07-09 02:00:00,松山測站,臺北市,50.4,28.3,43.4,43.5,0.526,2.12,42.6,Sample Data,臺北市,松山測站
2026-07-09 03:00:00,松山測站,臺北市,59.1,33.8,59.7,47.4,0.551,1.15,149.1,Sample Data,臺北市,松山測站
2026-07-09 04:00:00,松山測站,臺北市,55.8,31.2,57.2,35.4,0.603,2.84,61.5,Sample Data,臺北市,松山測站
2026-07-09 05:00:00,松山測站,臺北市,54.8,30.6,43.0,32.4,0.46,2.9,85.7,Sample Data,臺北市,松山測站
2026-07-09 06:00:00,松山測站,臺北市,59.8,33.6,64.2,36.1,0.54,2.18,165.1,Sample Data,臺北市,松山測站
2026-07-09 07:00:00,松山測站,臺北市,52.4,32.1,52.3,32.4,0.425,2.77,36.1,Sample Data,臺北市,松山測站
2026-07-09 08:00:00,松山測站,臺北市,52.2,33.1,69.5,35.8,0.531,3.43,152.5,Sample Data,臺北市,松山測站
2026-07-09 09:00:00,松山測站,臺北市,66.5,31.1,54.1,31.6,0.62,3.9,98.2,Sample Data,臺北市,松山測站
2026-07-09 10:00:00,松山測站,臺北市,64.1,33.9,62.5,36.4,0.537,3.23,141.5,Sample Data,臺北市,松山測站
2026-07-09 11:00:00,松山測站,臺北市,48.2,32.5,62.0,39.4,0.559,2.61,146.6,Sample Data,臺北市,松山測站
2026-07-09 12:00:00,松山測站,臺北市,52.9,32.6,71.0,42.8,0.567,1.37,26.8,Sample Data,臺北市,松山測站
2026-07-09 13:00:00,松山測站,臺北市,57.1,32.6,61.5,42.1,0.623,1.37,86.3,Sample Data,臺北市,松山測站
2026-07-09 14:00:00,松山測站,臺北市,57.7,29.1,54.4,50.1,0.488,1.26,123.3,Sample Data,臺北市,松山測站
2026-07-09 15:00:00,松山測站,臺北市,50.7,29.0,46.8,47.1,0.568,1.98,172.2,Sample Data,臺北市,松山測站
2026-07-09 16:00:00,松山測站,臺北市,52.9,28.7,55.9,47.4,0.524,3.44,164.6,Sample Data,臺北市,松山測站
2026-07-09 17:00:00,松山測站,臺北市,54.8,31.0,49.8,51.3,0.541,3.27,153.4,Sample Data,臺北市,松山測站
2026-07-09 18:00:00,松山測站,臺北市,58.3,31.3,58.1,55.6,0.553,1.74,37.4,Sample Data,臺北市,松山測站
2026-07-09 19:00:00,松山測站,臺北市,66.1,33.4,50.6,56.7,0.714,1.58,348.6,Sample Data,臺北市,松山測站
2026-07-09 20:00:00,松山測站,臺北市,62.8,30.6,50.5,55.5,0.531,2.24,120.7,Sample Data,臺北市,松山測站
2026-07-09 21:00:00,松山測站,臺北市,48.6,27.6,36.8,48.3,0.517,2.27,84.1,Sample Data,臺北市,松山測站
2026-07-09 22:00:00,松山測站,臺北市,51.6,28.4,55.6,47.4,0.55,2.34,122.1,Sample Data,臺北市,松山測站
2026-07-09 23:00:00,松山測站,臺北市,58.6,33.6,52.2,54.1,0.548,3.12,67.0,Sample Data,臺北市,松山測站
2026-07-10 00:00:00,松山測站,臺北市,42.8,28.7,48.5,48.2,0.388,1.73,51.2,Sample Data,臺北市,松山測站
2026-07-10 01:00:00,松山測站,臺北市,50.0,28.9,59.6,44.5,0.525,2.81,63.6,Sample Data,臺北市,松山測站
2026-07-10 02:00:00,松山測站,臺北市,54.8,27.8,46.2,42.2,0.532,2.75,316.6,Sample Data,臺北市,松山測站
2026-07-10 03:00:00,松山測站,臺北市,107.3,43.6,64.1,47.8,0.784,1.82,123.3,Sample Data,臺北市,松山測站
2026-07-10 04:00:00,松山測站,臺北市,52.5,33.7,51.5,41.9,0.443,2.63,87.8,Sample Data,臺北市,松山測站
2026-07-10 05:00:00,松山測站,臺北市,51.9,27.7,53.5,30.1,0.469,1.6,218.0,Sample Data,臺北市,松山測站
2026-07-10 06:00:00,松山測站,臺北市,55.1,31.1,47.4,34.1,0.665,3.44,79.1,Sample Data,臺北市,松山測站
2026-07-10 07:00:00,松山測站,臺北市,64.7,31.0,53.3,41.8,0.64,2.01,119.8,Sample Data,臺北市,松山測站
2026-07-10 08:00:00,松山測站,臺北市,67.2,35.3,45.3,38.6,0.654,1.47,167.1,Sample Data,臺北市,松山測站
2026-07-10 09:00:00,松山測站,臺北市,63.6,35.5,49.8,31.6,0.556,2.97,105.2,Sample Data,臺北市,松山測站
2026-07-10 10:00:00,松山測站,臺北市,54.8,25.7,43.7,40.4,0.589,2.87,124.6,Sample Data,臺北市,松山測站
2026-07-10 11:00:00,松山測站,臺北市,54.2,29.7,51.4,37.2,0.561,1.77,223.7,Sample Data,臺北市,松山測站
2026-07-10 12:00:00,松山測站,臺北市,50.2,31.5,51.3,40.6,0.52,2.49,112.3,Sample Data,臺北市,松山測站
2026-07-10 13:00:00,松山測站,臺北市,51.2,31.5,61.7,40.7,0.579,2.99,177.8,Sample Data,臺北市,松山測站
2026-07-10 14:00:00,松山測站,臺北市,53.4,32.5,48.0,49.5,0.578,1.8,102.9,Sample Data,臺北市,松山測站
2026-07-10 15:00:00,松山測站,臺北市,57.4,37.0,64.0,43.4,0.522,2.18,129.9,Sample Data,臺北市,松山測站
2026-07-10 16:00:00,松山測站,臺北市,57.2,31.8,43.0,53.8,0.59,2.18,71.3,Sample Data,臺北市,松山測站
2026-07-10 17:00:00,松山測站,臺北市,64.2,35.4,53.5,53.4,0.678,3.69,67.5,Sample Data,臺北市,松山測站
2026-07-10 18:00:00,松山測站,臺北市,76.5,33.6,70.7,53.8,0.669,2.1,192.5,Sample Data,臺北市,松山測站
2026-07-10 19:00:00,松山測站,臺北市,64.5,33.6,60.8,59.5,0.616,2.85,128.4,Sample Data,臺北市,松山測站
2026-07-10 20:00:00,松山測站,臺北市,55.9,29.7,54.9,56.6,0.538,3.46,243.3,Sample Data,臺北市,松山測站
2026-07-10 21:00:00,松山測站,臺北市,59.9,29.9,59.6,53.3,0.548,1.78,90.2,Sample Data,臺北市,松山測站
2026-07-10 22:00:00,松山測站,臺北市,60.1,30.1,45.3,46.4,0.592,3.47,177.6,Sample Data,臺北市,松山測站
2026-07-10 23:00:00,松山測站,臺北市,59.1,26.6,39.1,41.7,0.567,0.84,104.3,Sample Data,臺北市,松山測站
2026-07-11 00:00:00,松山測站,臺北市,46.2,26.6,43.9,47.5,0.538,3.38,179.9,Sample Data,臺北市,松山測站
2026-07-11 01:00:00,松山測站,臺北市,50.8,31.7,47.0,41.4,0.481,2.82,177.8,Sample Data,臺北市,松山測站
2026-07-11 02:00:00,松山測站,臺北市,46.3,27.1,44.7,39.6,0.457,3.15,155.2,Sample Data,臺北市,松山測站
2026-07-11 03:00:00,松山測站,臺北市,43.0,31.4,52.0,36.4,0.542,2.64,123.0,Sample Data,臺北市,松山測站
2026-07-11 04:00:00,松山測站,臺北市,53.8,29.5,54.3,28.1,0.554,3.84,278.7,Sample Data,臺北市,松山測站
2026-07-11 05:00:00,松山測站,臺北市,62.5,29.9,41.5,38.7,0.514,1.92,157.8,Sample Data,臺北市,松山測站
2026-07-11 06:00:00,松山測站,臺北市,61.6,35.2,56.5,35.5,0.536,2.99,262.8,Sample Data,臺北市,松山測站
2026-07-11 07:00:00,松山測站,臺北市,66.6,31.7,43.2,43.3,0.577,1.79,291.3,Sample Data,臺北市,松山測站
2026-07-11 08:00:00,松山測站,臺北市,69.7,34.8,55.5,39.6,0.692,2.57,243.9,Sample Data,臺北市,松山測站
2026-07-11 09:00:00,松山測站,臺北市,67.7,30.7,48.9,29.1,0.496,1.58,236.2,Sample Data,臺北市,松山測站
2026-07-11 10:00:00,松山測站,臺北市,58.8,32.7,57.7,38.2,0.575,1.9,211.6,Sample Data,臺北市,松山測站
2026-07-11 11:00:00,松山測站,臺北市,47.1,33.5,69.8,37.1,0.556,2.54,211.3,Sample Data,臺北市,松山測站
2026-07-11 12:00:00,松山測站,臺北市,50.6,30.5,48.6,39.8,0.491,4.13,211.1,Sample Data,臺北市,松山測站
2026-07-11 13:00:00,松山測站,臺北市,61.3,32.1,55.1,43.5,0.582,3.49,231.2,Sample Data,臺北市,松山測站
2026-07-11 14:00:00,松山測站,臺北市,61.6,34.7,54.7,57.3,0.549,1.84,155.4,Sample Data,臺北市,松山測站
2026-07-11 15:00:00,松山測站,臺北市,68.5,34.7,58.8,54.4,0.704,1.2,210.4,Sample Data,臺北市,松山測站
2026-07-11 16:00:00,松山測站,臺北市,57.5,25.9,45.1,53.7,0.672,2.19,204.8,Sample Data,臺北市,松山測站
2026-07-11 17:00:00,松山測站,臺北市,63.1,36.1,53.9,57.8,0.599,0.93,163.6,Sample Data,臺北市,松山測站
2026-07-11 18:00:00,松山測站,臺北市,71.3,36.3,53.6,56.6,0.656,1.3,187.7,Sample Data,臺北市,松山測站
2026-07-11 19:00:00,松山測站,臺北市,64.3,33.1,55.4,56.5,0.641,2.68,244.7,Sample Data,臺北市,松山測站
2026-07-11 20:00:00,松山測站,臺北市,60.0,29.9,59.2,53.2,0.521,2.05,251.0,Sample Data,臺北市,松山測站
2026-07-11 21:00:00,松山測站,臺北市,56.1,32.9,57.3,57.5,0.597,1.8,193.3,Sample Data,臺北市,松山測站
2026-07-11 22:00:00,松山測站,臺北市,55.7,30.0,57.3,48.4,0.512,2.24,310.8,Sample Data,臺北市,松山測站
2026-07-11 23:00:00,松山測站,臺北市,56.1,38.9,56.4,48.5,0.56,2.76,3.2,Sample Data,臺北市,松山測站
2026-07-12 00:00:00,松山測站,臺北市,50.4,32.7,52.6,48.0,0.583,1.93,251.5,Sample Data,臺北市,松山測站
2026-07-12 01:00:00,松山測站,臺北市,46.1,25.3,36.5,37.1,0.511,2.22,229.1,Sample Data,臺北市,松山測站
2026-07-12 02:00:00,松山測站,臺北市,58.5,28.6,57.2,46.2,0.621,1.95,309.6,Sample Data,臺北市,松山測站
2026-07-12 03:00:00,松山測站,臺北市,51.1,35.8,69.0,35.7,0.624,2.93,205.1,Sample Data,臺北市,松山測站
2026-07-12 04:00:00,松山測站,臺北市,53.2,33.1,54.4,37.1,0.571,2.58,192.9,Sample Data,臺北市,松山測站
2026-07-12 05:00:00,松山測站,臺北市,53.7,31.6,53.7,38.7,0.55,3.01,230.3,Sample Data,臺北市,松山測站
2026-07-12 06:00:00,松山測站,臺北市,60.5,30.0,56.5,37.2,0.602,2.78,283.3,Sample Data,臺北市,松山測站
2026-07-12 07:00:00,松山測站,臺北市,67.9,34.2,64.0,39.5,0.637,1.83,275.9,Sample Data,臺北市,松山測站
2026-07-12 08:00:00,松山測站,臺北市,63.8,31.7,52.7,41.5,0.611,1.83,265.6,Sample Data,臺北市,松山測站
2026-07-12 09:00:00,松山測站,臺北市,80.2,36.6,57.1,43.8,0.704,2.05,16.7,Sample Data,臺北市,松山測站
2026-07-12 10:00:00,松山測站,臺北市,62.3,33.8,63.2,38.7,0.546,1.83,68.9,Sample Data,臺北市,松山測站
2026-07-12 11:00:00,松山測站,臺北市,56.3,27.1,41.6,41.8,0.576,2.92,249.5,Sample Data,臺北市,松山測站
2026-07-12 12:00:00,松山測站,臺北市,57.4,29.2,53.3,37.3,0.607,2.92,341.7,Sample Data,臺北市,松山測站
2026-07-12 13:00:00,松山測站,臺北市,55.6,33.7,70.2,44.6,0.576,2.73,236.7,Sample Data,臺北市,松山測站
2026-07-12 14:00:00,松山測站,臺北市,48.6,27.5,51.2,39.0,0.463,2.05,274.3,Sample Data,臺北市,松山測站
2026-07-12 15:00:00,松山測站,臺北市,51.1,26.0,40.8,42.6,0.518,3.26,225.4,Sample Data,臺北市,松山測站
2026-07-12 16:00:00,松山測站,臺北市,59.5,35.4,62.7,42.6,0.548,3.18,323.6,Sample Data,臺北市,松山測站
2026-07-12 17:00:00,松山測站,臺北市,61.2,34.1,58.7,50.9,0.573,2.34,341.7,Sample Data,臺北市,松山測站
2026-07-12 18:00:00,松山測站,臺北市,58.6,35.1,52.5,58.2,0.671,2.34,24.5,Sample Data,臺北市,松山測站
2026-07-12 19:00:00,松山測站,臺北市,63.0,28.1,49.2,52.4,0.534,2.32,342.9,Sample Data,臺北市,松山測站
2026-07-12 20:00:00,松山測站,臺北市,52.5,29.3,47.8,55.3,0.506,2.88,12.4,Sample Data,臺北市,松山測站
2026-07-12 21:00:00,松山測站,臺北市,60.5,35.3,69.9,49.5,0.581,2.57,341.7,Sample Data,臺北市,松山測站
2026-07-12 22:00:00,松山測站,臺北市,56.3,29.0,55.1,51.2,0.606,2.42,240.7,Sample Data,臺北市,松山測站
2026-07-12 23:00:00,松山測站,臺北市,58.1,30.8,42.6,55.6,0.513,2.19,326.9,Sample Data,臺北市,松山測站
2026-07-13 00:00:00,松山測站,臺北市,54.0,31.9,50.3,47.4,0.4,2.45,306.8,Sample Data,臺北市,松山測站
2026-07-13 01:00:00,松山測站,臺北市,55.1,34.5,63.9,42.3,0.447,1.67,19.9,Sample Data,臺北市,松山測站
2026-07-13 02:00:00,松山測站,臺北市,48.4,27.3,55.0,42.8,0.483,3.47,289.3,Sample Data,臺北市,松山測站
2026-07-13 03:00:00,松山測站,臺北市,63.9,29.3,45.9,37.4,0.573,2.54,305.8,Sample Data,臺北市,松山測站
2026-07-13 04:00:00,松山測站,臺北市,62.1,31.1,61.6,38.9,0.553,2.48,6.3,Sample Data,臺北市,松山測站
2026-07-13 05:00:00,松山測站,臺北市,71.2,37.9,73.3,42.1,0.643,2.74,283.5,Sample Data,臺北市,松山測站
2026-07-13 06:00:00,松山測站,臺北市,61.9,31.3,52.3,37.3,0.629,2.98,333.1,Sample Data,臺北市,松山測站
2026-07-13 07:00:00,松山測站,臺北市,64.3,36.8,48.5,35.8,0.595,2.89,35.1,Sample Data,臺北市,松山測站
2026-07-13 08:00:00,松山測站,臺北市,70.6,36.7,68.2,37.9,0.617,2.23,244.3,Sample Data,臺北市,松山測站
2026-07-13 09:00:00,松山測站,臺北市,65.1,33.8,57.5,40.4,0.536,1.19,331.9,Sample Data,臺北市,松山測站
2026-07-13 10:00:00,松山測站,臺北市,66.7,39.1,69.3,39.4,0.61,2.44,23.7,Sample Data,臺北市,松山測站
2026-07-13 11:00:00,松山測站,臺北市,54.5,31.3,64.6,35.9,0.522,0.58,322.8,Sample Data,臺北市,松山測站
2026-07-13 12:00:00,松山測站,臺北市,54.4,28.0,45.3,32.2,0.55,1.82,26.7,Sample Data,臺北市,松山測站
2026-07-13 13:00:00,松山測站,臺北市,50.0,30.1,50.4,43.0,0.505,1.46,281.8,Sample Data,臺北市,松山測站
2026-07-13 14:00:00,松山測站,臺北市,54.1,31.0,48.0,44.7,0.489,2.28,18.4,Sample Data,臺北市,松山測站
2026-07-13 15:00:00,松山測站,臺北市,60.3,38.1,71.5,51.3,0.566,2.05,283.8,Sample Data,臺北市,松山測站
2026-07-13 16:00:00,松山測站,臺北市,58.5,28.8,53.9,46.8,0.588,2.84,322.3,Sample Data,臺北市,松山測站
2026-07-13 17:00:00,松山測站,臺北市,62.0,27.3,54.8,56.6,0.54,3.11,291.6,Sample Data,臺北市,松山測站
2026-07-13 18:00:00,松山測站,臺北市,57.8,34.0,61.9,59.8,0.58,2.4,257.3,Sample Data,臺北市,松山測站
2026-07-13 19:00:00,松山測站,臺北市,52.6,31.0,54.5,52.4,0.536,3.16,28.5,Sample Data,臺北市,松山測站
2026-07-13 20:00:00,松山測站,臺北市,66.0,33.9,65.4,51.3,0.536,2.58,44.9,Sample Data,臺北市,松山測站
2026-07-13 21:00:00,松山測站,臺北市,59.5,37.9,63.3,58.3,0.546,2.48,316.6,Sample Data,臺北市,松山測站
2026-07-13 22:00:00,松山測站,臺北市,57.2,29.8,54.6,58.4,0.652,2.47,33.5,Sample Data,臺北市,松山測站
2026-07-13 23:00:00,松山測站,臺北市,51.4,33.7,50.0,51.3,0.498,2.49,306.0,Sample Data,臺北市,松山測站
2026-07-14 00:00:00,松山測站,臺北市,55.9,37.2,76.1,42.9,0.558,1.79,23.5,Sample Data,臺北市,松山測站
2026-07-14 01:00:00,松山測站,臺北市,56.0,31.7,44.7,38.5,0.571,3.9,113.9,Sample Data,臺北市,松山測站
2026-07-14 02:00:00,松山測站,臺北市,42.5,32.5,50.7,37.1,0.537,3.02,330.0,Sample Data,臺北市,松山測站
2026-07-14 03:00:00,松山測站,臺北市,54.9,24.8,47.5,39.3,0.517,3.09,98.6,Sample Data,臺北市,松山測站
2026-07-14 04:00:00,松山測站,臺北市,58.9,34.8,62.6,39.4,0.565,2.25,341.3,Sample Data,臺北市,松山測站
2026-07-14 05:00:00,松山測站,臺北市,49.3,29.0,54.0,34.4,0.565,3.3,38.3,Sample Data,臺北市,松山測站
2026-07-14 06:00:00,松山測站,臺北市,60.4,31.8,61.2,31.6,0.576,3.55,44.0,Sample Data,臺北市,松山測站
2026-07-14 07:00:00,松山測站,臺北市,63.3,34.8,58.8,31.3,0.55,3.11,76.6,Sample Data,臺北市,松山測站
2026-07-14 08:00:00,松山測站,臺北市,61.2,34.0,51.8,39.2,0.535,2.41,42.8,Sample Data,臺北市,松山測站
2026-07-14 09:00:00,松山測站,臺北市,52.9,27.9,45.5,30.1,0.455,2.42,148.9,Sample Data,臺北市,松山測站
2026-07-14 10:00:00,松山測站,臺北市,55.8,35.3,56.2,32.3,0.593,2.22,113.5,Sample Data,臺北市,松山測站
2026-07-14 11:00:00,松山測站,臺北市,49.1,30.3,52.7,39.4,0.501,2.09,157.3,Sample Data,臺北市,松山測站
2026-07-14 12:00:00,松山測站,臺北市,56.6,29.3,46.2,37.1,0.601,1.25,123.0,Sample Data,臺北市,松山測站
2026-07-14 13:00:00,松山測站,臺北市,49.7,29.3,45.3,39.1,0.553,2.62,5.9,Sample Data,臺北市,松山測站
2026-07-14 14:00:00,松山測站,臺北市,50.9,34.4,68.9,40.3,0.547,3.12,117.9,Sample Data,臺北市,松山測站
2026-07-14 15:00:00,松山測站,臺北市,57.6,32.9,55.1,46.5,0.459,2.67,91.2,Sample Data,臺北市,松山測站
2026-07-14 16:00:00,松山測站,臺北市,59.1,28.2,55.6,51.5,0.559,2.63,195.8,Sample Data,臺北市,松山測站
2026-07-14 17:00:00,松山測站,臺北市,53.8,31.5,49.5,51.0,0.603,3.74,111.6,Sample Data,臺北市,松山測站
2026-07-14 18:00:00,松山測站,臺北市,58.0,39.4,58.6,46.1,0.626,3.1,223.0,Sample Data,臺北市,松山測站
2026-07-14 19:00:00,松山測站,臺北市,51.9,34.8,61.0,45.4,0.601,3.06,90.9,Sample Data,臺北市,松山測站
2026-07-14 20:00:00,松山測站,臺北市,102.1,40.8,52.2,67.7,0.826,1.35,115.2,Sample Data,臺北市,松山測站
2026-07-14 21:00:00,松山測站,臺北市,52.3,31.5,49.8,55.1,0.526,3.92,101.5,Sample Data,臺北市,松山測站
2026-07-14 22:00:00,松山測站,臺北市,47.1,33.0,64.0,52.9,0.472,2.48,92.6,Sample Data,臺北市,松山測站
2026-07-14 23:00:00,松山測站,臺北市,44.3,27.8,53.9,40.2,0.413,3.77,100.0,Sample Data,臺北市,松山測站
2026-07-15 00:00:00,松山測站,臺北市,47.0,28.5,55.9,42.5,0.572,2.61,186.6,Sample Data,臺北市,松山測站
2026-07-15 01:00:00,松山測站,臺北市,51.6,32.9,54.1,44.3,0.514,3.85,61.1,Sample Data,臺北市,松山測站
2026-07-15 02:00:00,松山測站,臺北市,50.5,30.2,47.2,41.6,0.512,1.42,114.5,Sample Data,臺北市,松山測站
2026-07-15 03:00:00,松山測站,臺北市,45.3,23.7,39.7,38.9,0.524,1.24,42.1,Sample Data,臺北市,松山測站
2026-07-15 04:00:00,松山測站,臺北市,61.5,23.7,41.2,39.3,0.541,2.77,127.5,Sample Data,臺北市,松山測站
2026-07-15 05:00:00,松山測站,臺北市,51.5,27.2,44.8,36.8,0.656,3.46,162.5,Sample Data,臺北市,松山測站
2026-07-15 06:00:00,松山測站,臺北市,57.0,25.9,43.8,32.4,0.516,2.32,67.6,Sample Data,臺北市,松山測站
2026-07-15 07:00:00,松山測站,臺北市,55.3,31.1,48.2,31.7,0.57,2.3,119.2,Sample Data,臺北市,松山測站
2026-07-15 08:00:00,松山測站,臺北市,66.4,33.5,62.4,40.6,0.589,2.37,89.0,Sample Data,臺北市,松山測站
2026-07-15 09:00:00,松山測站,臺北市,57.6,34.1,51.7,37.7,0.557,2.92,186.4,Sample Data,臺北市,松山測站
2026-07-15 10:00:00,松山測站,臺北市,62.8,32.8,58.6,41.9,0.593,2.54,97.5,Sample Data,臺北市,松山測站
2026-07-15 11:00:00,松山測站,臺北市,58.5,40.6,76.3,38.3,0.534,3.5,104.0,Sample Data,臺北市,松山測站
2026-07-15 12:00:00,松山測站,臺北市,51.1,25.5,43.3,43.0,0.663,2.26,52.3,Sample Data,臺北市,松山測站
2026-07-15 13:00:00,松山測站,臺北市,58.0,29.7,53.2,42.0,0.547,2.96,134.5,Sample Data,臺北市,松山測站
2026-07-15 14:00:00,松山測站,臺北市,52.2,29.9,57.0,38.2,0.506,3.04,166.7,Sample Data,臺北市,松山測站
2026-07-15 15:00:00,松山測站,臺北市,59.8,32.2,61.0,51.2,0.611,2.93,128.8,Sample Data,臺北市,松山測站
2026-07-15 16:00:00,松山測站,臺北市,53.2,32.0,62.7,45.9,0.488,2.81,152.1,Sample Data,臺北市,松山測站
2026-07-15 17:00:00,松山測站,臺北市,53.3,31.9,49.0,56.5,0.625,1.64,140.9,Sample Data,臺北市,松山測站
2026-07-15 18:00:00,松山測站,臺北市,64.3,38.8,54.7,61.0,0.567,2.85,80.8,Sample Data,臺北市,松山測站
2026-07-15 19:00:00,松山測站,臺北市,62.5,28.0,57.1,54.4,0.561,1.84,152.9,Sample Data,臺北市,松山測站
2026-07-15 20:00:00,松山測站,臺北市,62.6,36.0,61.1,55.0,0.573,2.65,182.7,Sample Data,臺北市,松山測站
2026-07-15 21:00:00,松山測站,臺北市,57.1,30.1,57.1,49.1,0.549,2.57,256.8,Sample Data,臺北市,松山測站
2026-07-15 22:00:00,松山測站,臺北市,55.5,34.2,65.6,49.4,0.528,2.28,221.0,Sample Data,臺北市,松山測站
2026-07-15 23:00:00,松山測站,臺北市,57.4,32.5,47.1,57.4,0.544,1.89,255.7,Sample Data,臺北市,松山測站
2026-07-16 00:00:00,松山測站,臺北市,57.3,33.5,49.8,46.0,0.484,2.37,196.3,Sample Data,臺北市,松山測站
2026-07-16 01:00:00,松山測站,臺北市,65.5,34.0,55.3,57.3,0.635,1.76,215.5,Sample Data,臺北市,松山測站
2026-07-16 02:00:00,松山測站,臺北市,52.9,26.6,41.6,33.4,0.474,2.5,163.6,Sample Data,臺北市,松山測站
2026-07-16 03:00:00,松山測站,臺北市,59.0,28.5,51.4,46.8,0.475,1.65,212.0,Sample Data,臺北市,松山測站
2026-07-16 04:00:00,松山測站,臺北市,66.4,34.9,56.7,36.1,0.572,1.47,121.7,Sample Data,臺北市,松山測站
2026-07-16 05:00:00,松山測站,臺北市,62.3,29.6,40.0,39.0,0.552,3.35,212.8,Sample Data,臺北市,松山測站
2026-07-16 06:00:00,松山測站,臺北市,70.3,32.6,45.8,37.2,0.602,1.75,131.1,Sample Data,臺北市,松山測站
2026-07-16 07:00:00,松山測站,臺北市,61.2,25.7,40.8,29.9,0.503,3.64,166.0,Sample Data,臺北市,松山測站
2026-07-16 08:00:00,松山測站,臺北市,72.0,37.2,54.5,38.4,0.542,3.95,116.3,Sample Data,臺北市,松山測站
2026-07-16 09:00:00,松山測站,臺北市,63.6,30.1,55.0,47.8,0.559,1.43,84.0,Sample Data,臺北市,松山測站
2026-07-16 10:00:00,松山測站,臺北市,64.0,32.4,58.8,41.2,0.601,2.12,149.4,Sample Data,臺北市,松山測站
2026-07-16 11:00:00,松山測站,臺北市,65.4,33.7,60.5,36.2,0.52,1.8,154.9,Sample Data,臺北市,松山測站
2026-07-16 12:00:00,松山測站,臺北市,64.3,34.5,69.6,44.6,0.646,2.67,219.7,Sample Data,臺北市,松山測站
2026-07-16 13:00:00,松山測站,臺北市,67.9,34.6,57.3,49.8,0.665,2.26,290.9,Sample Data,臺北市,松山測站
2026-07-16 14:00:00,松山測站,臺北市,51.8,30.3,43.2,54.8,0.523,2.22,223.4,Sample Data,臺北市,松山測站
2026-07-16 15:00:00,松山測站,臺北市,53.8,28.6,49.5,44.6,0.602,3.42,253.4,Sample Data,臺北市,松山測站
2026-07-16 16:00:00,松山測站,臺北市,64.5,32.8,57.9,48.3,0.556,1.62,142.0,Sample Data,臺北市,松山測站
2026-07-16 17:00:00,松山測站,臺北市,70.6,35.7,62.7,56.6,0.632,2.08,271.9,Sample Data,臺北市,松山測站
2026-07-16 18:00:00,松山測站,臺北市,74.6,36.9,60.3,51.9,0.595,1.77,172.2,Sample Data,臺北市,松山測站
2026-07-16 19:00:00,松山測站,臺北市,72.1,38.9,64.2,52.9,0.608,1.76,270.1,Sample Data,臺北市,松山測站
2026-07-16 20:00:00,松山測站,臺北市,64.1,36.4,65.5,49.7,0.598,2.97,255.0,Sample Data,臺北市,松山測站
2026-07-16 21:00:00,松山測站,臺北市,76.1,40.6,77.7,58.7,0.601,3.0,262.9,Sample Data,臺北市,松山測站
2026-07-16 22:00:00,松山測站,臺北市,64.4,35.5,66.4,52.0,0.662,3.02,228.3,Sample Data,臺北市,松山測站
2026-07-16 23:00:00,松山測站,臺北市,62.2,33.5,48.1,43.9,0.532,1.7,213.6,Sample Data,臺北市,松山測站
2026-07-17 00:00:00,松山測站,臺北市,64.8,33.0,50.0,46.7,0.618,2.75,212.1,Sample Data,臺北市,松山測站
2026-07-17 01:00:00,松山測站,臺北市,62.5,39.6,68.3,44.9,0.582,2.26,253.3,Sample Data,臺北市,松山測站
2026-07-17 02:00:00,松山測站,臺北市,54.6,28.2,52.6,39.1,0.531,2.51,306.9,Sample Data,臺北市,松山測站
2026-07-17 03:00:00,松山測站,臺北市,61.6,34.0,64.4,42.4,0.616,2.88,293.4,Sample Data,臺北市,松山測站
2026-07-17 04:00:00,松山測站,臺北市,62.3,33.7,47.6,36.7,0.586,2.66,218.7,Sample Data,臺北市,松山測站
2026-07-17 05:00:00,松山測站,臺北市,64.4,33.2,51.8,37.7,0.579,3.33,200.1,Sample Data,臺北市,松山測站
2026-07-17 06:00:00,松山測站,臺北市,64.1,25.6,39.6,35.3,0.641,2.95,274.3,Sample Data,臺北市,松山測站
2026-07-17 07:00:00,松山測站,臺北市,70.3,37.9,54.4,31.7,0.593,2.79,38.2,Sample Data,臺北市,松山測站
2026-07-17 08:00:00,松山測站,臺北市,74.2,33.5,59.9,32.8,0.661,2.78,300.0,Sample Data,臺北市,松山測站
2026-07-17 09:00:00,松山測站,臺北市,71.0,36.7,68.0,47.3,0.6,2.8,146.0,Sample Data,臺北市,松山測站
2026-07-17 10:00:00,松山測站,臺北市,74.5,40.3,77.3,44.5,0.603,2.59,237.5,Sample Data,臺北市,松山測站
2026-07-17 11:00:00,松山測站,臺北市,61.6,36.2,51.9,38.0,0.541,2.89,230.0,Sample Data,臺北市,松山測站
2026-07-17 12:00:00,松山測站,臺北市,64.5,35.7,56.1,42.6,0.577,1.66,343.9,Sample Data,臺北市,松山測站
2026-07-17 13:00:00,松山測站,臺北市,58.5,33.1,48.4,42.2,0.628,2.56,235.5,Sample Data,臺北市,松山測站
2026-07-17 14:00:00,松山測站,臺北市,64.7,33.1,62.9,49.6,0.569,3.33,192.7,Sample Data,臺北市,松山測站
2026-07-17 15:00:00,松山測站,臺北市,65.4,39.7,56.4,49.3,0.664,2.59,250.9,Sample Data,臺北市,松山測站
2026-07-17 16:00:00,松山測站,臺北市,64.1,31.7,60.6,56.6,0.608,1.41,227.0,Sample Data,臺北市,松山測站
2026-07-17 17:00:00,松山測站,臺北市,72.6,31.4,62.0,51.4,0.574,2.17,330.7,Sample Data,臺北市,松山測站
2026-07-17 18:00:00,松山測站,臺北市,76.1,38.1,68.1,53.4,0.617,2.47,324.5,Sample Data,臺北市,松山測站
2026-07-17 19:00:00,松山測站,臺北市,59.0,29.8,55.0,48.1,0.679,2.39,330.1,Sample Data,臺北市,松山測站
2026-07-17 20:00:00,松山測站,臺北市,68.8,33.4,60.9,59.9,0.649,2.69,256.8,Sample Data,臺北市,松山測站
2026-07-17 21:00:00,松山測站,臺北市,70.2,32.3,47.5,47.2,0.63,1.7,205.6,Sample Data,臺北市,松山測站
2026-07-17 22:00:00,松山測站,臺北市,64.3,39.8,64.3,52.5,0.631,3.13,299.1,Sample Data,臺北市,松山測站
2026-07-17 23:00:00,松山測站,臺北市,60.5,33.4,62.6,49.1,0.637,3.24,347.3,Sample Data,臺北市,松山測站
2026-07-18 00:00:00,松山測站,臺北市,61.0,31.5,62.1,60.7,0.511,1.9,347.0,Sample Data,臺北市,松山測站
2026-07-18 01:00:00,松山測站,臺北市,54.2,36.9,74.1,48.2,0.573,1.8,44.4,Sample Data,臺北市,松山測站
2026-07-18 02:00:00,松山測站,臺北市,58.1,33.7,50.2,41.9,0.589,2.45,283.3,Sample Data,臺北市,松山測站
2026-07-18 03:00:00,松山測站,臺北市,46.6,26.9,50.3,38.0,0.527,2.14,53.6,Sample Data,臺北市,松山測站
2026-07-18 04:00:00,松山測站,臺北市,50.9,28.9,48.8,33.2,0.572,1.3,37.5,Sample Data,臺北市,松山測站
2026-07-18 05:00:00,松山測站,臺北市,61.5,31.6,61.8,35.7,0.616,1.91,312.7,Sample Data,臺北市,松山測站
2026-07-18 06:00:00,松山測站,臺北市,53.1,31.8,47.4,29.5,0.479,2.77,83.4,Sample Data,臺北市,松山測站
2026-07-18 07:00:00,松山測站,臺北市,62.7,31.9,45.7,35.2,0.53,3.35,205.3,Sample Data,臺北市,松山測站
2026-07-18 08:00:00,松山測站,臺北市,66.2,32.5,56.6,35.0,0.561,3.35,10.8,Sample Data,臺北市,松山測站
2026-07-18 09:00:00,松山測站,臺北市,57.9,27.2,51.1,37.0,0.578,2.25,314.7,Sample Data,臺北市,松山測站
2026-07-18 10:00:00,松山測站,臺北市,64.3,32.9,57.0,36.8,0.556,2.35,354.0,Sample Data,臺北市,松山測站
2026-07-18 11:00:00,松山測站,臺北市,53.4,37.1,45.3,40.2,0.536,2.52,10.5,Sample Data,臺北市,松山測站
2026-07-18 12:00:00,松山測站,臺北市,49.9,29.8,46.1,36.4,0.669,2.03,5.5,Sample Data,臺北市,松山測站
2026-07-18 13:00:00,松山測站,臺北市,42.0,28.4,43.1,44.7,0.503,3.04,265.6,Sample Data,臺北市,松山測站
2026-07-18 14:00:00,松山測站,臺北市,59.2,28.6,58.7,49.4,0.519,2.52,340.1,Sample Data,臺北市,松山測站
2026-07-18 15:00:00,松山測站,臺北市,51.8,29.7,49.3,47.1,0.502,2.12,28.7,Sample Data,臺北市,松山測站
2026-07-18 16:00:00,松山測站,臺北市,49.6,23.1,43.9,48.0,0.459,2.6,291.5,Sample Data,臺北市,松山測站
2026-07-18 17:00:00,松山測站,臺北市,51.2,28.0,45.7,48.8,0.621,2.76,33.6,Sample Data,臺北市,松山測站
2026-07-18 18:00:00,松山測站,臺北市,55.2,29.5,62.7,54.3,0.534,2.37,58.5,Sample Data,臺北市,松山測站
2026-07-18 19:00:00,松山測站,臺北市,47.9,27.7,55.5,54.5,0.398,1.5,13.7,Sample Data,臺北市,松山測站
2026-07-18 20:00:00,松山測站,臺北市,50.5,26.2,51.6,53.2,0.486,3.03,3.1,Sample Data,臺北市,松山測站
2026-07-18 21:00:00,松山測站,臺北市,48.5,31.5,69.2,50.6,0.575,1.8,336.2,Sample Data,臺北市,松山測站
2026-07-18 22:00:00,松山測站,臺北市,41.8,28.8,40.2,42.8,0.416,2.61,4.4,Sample Data,臺北市,松山測站
2026-07-18 23:00:00,松山測站,臺北市,42.8,32.9,66.5,43.1,0.496,2.59,299.6,Sample Data,臺北市,松山測站
2026-07-19 00:00:00,松山測站,臺北市,52.5,30.2,47.9,44.8,0.487,3.36,53.1,Sample Data,臺北市,松山測站
2026-07-19 01:00:00,松山測站,臺北市,47.0,33.3,64.9,36.1,0.469,1.87,79.0,Sample Data,臺北市,松山測站
2026-07-19 02:00:00,松山測站,臺北市,45.8,24.8,38.9,38.9,0.415,2.96,62.8,Sample Data,臺北市,松山測站
2026-07-19 03:00:00,松山測站,臺北市,54.4,33.6,52.6,33.5,0.491,2.71,286.3,Sample Data,臺北市,松山測站
2026-07-19 04:00:00,松山測站,臺北市,45.2,25.8,37.1,36.6,0.496,3.58,48.4,Sample Data,臺北市,松山測站
2026-07-19 05:00:00,松山測站,臺北市,43.3,27.6,52.7,35.4,0.609,2.19,36.3,Sample Data,臺北市,松山測站
2026-07-19 06:00:00,松山測站,臺北市,47.5,30.0,54.3,37.5,0.475,3.26,83.6,Sample Data,臺北市,松山測站
2026-07-19 07:00:00,松山測站,臺北市,54.0,30.0,46.3,35.7,0.5,3.73,105.8,Sample Data,臺北市,松山測站
2026-07-19 08:00:00,松山測站,臺北市,52.3,32.1,58.4,37.4,0.549,2.65,57.7,Sample Data,臺北市,松山測站
2026-07-19 09:00:00,松山測站,臺北市,56.0,32.1,59.6,43.0,0.494,2.75,45.4,Sample Data,臺北市,松山測站
2026-07-19 10:00:00,松山測站,臺北市,58.6,29.3,41.6,39.6,0.49,2.08,307.6,Sample Data,臺北市,松山測站
2026-07-19 11:00:00,松山測站,臺北市,47.4,27.9,49.7,32.1,0.546,2.08,157.1,Sample Data,臺北市,松山測站
2026-07-19 12:00:00,松山測站,臺北市,48.1,26.5,47.7,38.6,0.5,3.45,30.8,Sample Data,臺北市,松山測站
2026-07-19 13:00:00,松山測站,臺北市,84.8,40.8,72.3,44.2,0.631,2.29,67.4,Sample Data,臺北市,松山測站
2026-07-19 14:00:00,松山測站,臺北市,45.1,32.0,51.1,44.4,0.46,3.6,128.0,Sample Data,臺北市,松山測站
2026-07-19 15:00:00,松山測站,臺北市,48.1,34.9,54.5,48.0,0.463,2.77,20.1,Sample Data,臺北市,松山測站
2026-07-19 16:00:00,松山測站,臺北市,52.8,33.8,47.4,45.7,0.56,2.51,295.8,Sample Data,臺北市,松山測站
2026-07-19 17:00:00,松山測站,臺北市,58.1,32.4,52.8,49.6,0.522,2.68,185.0,Sample Data,臺北市,松山測站
2026-07-19 18:00:00,松山測站,臺北市,61.0,33.7,59.6,48.9,0.603,1.87,107.5,Sample Data,臺北市,松山測站
2026-07-19 19:00:00,松山測站,臺北市,50.7,31.7,36.1,52.4,0.554,2.84,87.4,Sample Data,臺北市,松山測站
2026-07-19 20:00:00,松山測站,臺北市,57.6,32.8,59.8,54.5,0.509,0.73,69.8,Sample Data,臺北市,松山測站
2026-07-19 21:00:00,松山測站,臺北市,50.5,29.1,53.4,55.6,0.506,2.85,126.8,Sample Data,臺北市,松山測站
2026-07-19 22:00:00,松山測站,臺北市,52.2,25.4,41.4,52.8,0.606,2.67,85.9,Sample Data,臺北市,松山測站
2026-07-19 23:00:00,松山測站,臺北市,47.5,32.0,63.6,51.1,0.601,3.09,107.4,Sample Data,臺北市,松山測站
2026-07-20 00:00:00,松山測站,臺北市,49.9,31.7,56.1,40.6,0.583,1.74,84.2,Sample Data,臺北市,松山測站
2026-07-20 01:00:00,松山測站,臺北市,50.8,36.2,57.9,40.5,0.605,0.55,55.8,Sample Data,臺北市,松山測站
2026-07-20 02:00:00,松山測站,臺北市,64.1,35.2,51.8,44.0,0.628,3.63,135.4,Sample Data,臺北市,松山測站
2026-07-20 03:00:00,松山測站,臺北市,48.1,31.9,42.8,30.5,0.431,1.93,52.2,Sample Data,臺北市,松山測站
2026-07-20 04:00:00,松山測站,臺北市,53.2,27.2,42.4,35.1,0.503,3.55,86.3,Sample Data,臺北市,松山測站
2026-07-20 05:00:00,松山測站,臺北市,58.1,31.9,51.7,36.5,0.519,2.54,110.0,Sample Data,臺北市,松山測站
2026-07-20 06:00:00,松山測站,臺北市,52.7,33.6,60.1,35.1,0.527,1.89,129.9,Sample Data,臺北市,松山測站
2026-07-20 07:00:00,松山測站,臺北市,58.4,29.2,42.2,37.9,0.523,4.19,177.7,Sample Data,臺北市,松山測站
2026-07-20 08:00:00,松山測站,臺北市,70.0,37.2,68.5,28.6,0.591,2.66,140.3,Sample Data,臺北市,松山測站
2026-07-20 09:00:00,松山測站,臺北市,63.3,37.1,63.5,34.3,0.527,3.49,140.5,Sample Data,臺北市,松山測站
2026-07-20 10:00:00,松山測站,臺北市,55.1,29.4,40.5,32.3,0.467,2.33,105.4,Sample Data,臺北市,松山測站
2026-07-20 11:00:00,松山測站,臺北市,60.6,33.4,55.0,32.3,0.586,2.89,135.8,Sample Data,臺北市,松山測站
2026-07-20 12:00:00,松山測站,臺北市,58.9,32.2,54.2,35.1,0.574,2.92,175.6,Sample Data,臺北市,松山測站
2026-07-20 13:00:00,松山測站,臺北市,55.6,30.3,49.1,45.6,0.517,3.24,98.4,Sample Data,臺北市,松山測站
2026-07-20 14:00:00,松山測站,臺北市,51.7,35.3,56.2,46.4,0.534,0.59,100.1,Sample Data,臺北市,松山測站
2026-07-20 15:00:00,松山測站,臺北市,56.6,30.5,53.4,47.4,0.497,2.67,135.0,Sample Data,臺北市,松山測站
2026-07-20 16:00:00,松山測站,臺北市,59.1,31.3,39.9,49.6,0.561,1.87,205.5,Sample Data,臺北市,松山測站
2026-07-20 17:00:00,松山測站,臺北市,66.8,33.9,49.1,54.1,0.594,2.18,172.9,Sample Data,臺北市,松山測站
2026-07-20 18:00:00,松山測站,臺北市,67.8,30.6,42.3,59.1,0.615,2.65,83.4,Sample Data,臺北市,松山測站
2026-07-20 19:00:00,松山測站,臺北市,72.2,33.5,61.6,53.1,0.597,2.36,322.2,Sample Data,臺北市,松山測站
2026-07-20 20:00:00,松山測站,臺北市,62.6,37.8,68.9,50.4,0.631,1.32,256.0,Sample Data,臺北市,松山測站
2026-07-20 21:00:00,松山測站,臺北市,59.7,24.4,41.7,51.8,0.6,1.81,99.2,Sample Data,臺北市,松山測站
2026-07-20 22:00:00,松山測站,臺北市,56.6,31.7,64.7,47.1,0.565,2.49,88.4,Sample Data,臺北市,松山測站
2026-07-20 23:00:00,松山測站,臺北市,49.6,29.9,47.7,40.0,0.361,2.49,171.7,Sample Data,臺北市,松山測站
2026-07-21 00:00:00,松山測站,臺北市,61.6,30.1,60.6,45.9,0.552,2.4,209.8,Sample Data,臺北市,松山測站
2026-07-21 01:00:00,松山測站,臺北市,56.2,34.4,51.0,51.9,0.517,2.05,179.4,Sample Data,臺北市,松山測站
2026-07-21 02:00:00,松山測站,臺北市,56.9,30.5,48.3,42.6,0.433,3.76,177.9,Sample Data,臺北市,松山測站
2026-07-21 03:00:00,松山測站,臺北市,60.0,28.3,39.1,46.4,0.536,2.93,153.2,Sample Data,臺北市,松山測站
2026-07-21 04:00:00,松山測站,臺北市,55.8,30.7,48.6,32.3,0.448,1.69,147.4,Sample Data,臺北市,松山測站
2026-07-21 05:00:00,松山測站,臺北市,52.2,28.3,40.8,40.1,0.549,2.63,139.8,Sample Data,臺北市,松山測站
2026-07-21 06:00:00,松山測站,臺北市,56.4,28.1,44.4,39.0,0.58,1.93,199.4,Sample Data,臺北市,松山測站
2026-07-21 07:00:00,松山測站,臺北市,66.7,33.4,57.4,36.7,0.658,1.28,165.6,Sample Data,臺北市,松山測站
2026-07-21 08:00:00,松山測站,臺北市,67.7,33.6,55.2,40.9,0.658,1.69,208.8,Sample Data,臺北市,松山測站
2026-07-21 09:00:00,松山測站,臺北市,64.4,32.5,49.3,33.5,0.596,1.4,141.1,Sample Data,臺北市,松山測站
2026-07-21 10:00:00,松山測站,臺北市,60.0,31.1,55.4,40.7,0.511,2.02,225.0,Sample Data,臺北市,松山測站
2026-07-21 11:00:00,松山測站,臺北市,58.9,31.3,51.6,41.1,0.64,2.29,277.9,Sample Data,臺北市,松山測站
2026-07-21 12:00:00,松山測站,臺北市,63.3,28.8,49.9,40.1,0.577,2.79,285.0,Sample Data,臺北市,松山測站
2026-07-21 13:00:00,松山測站,臺北市,62.1,31.6,60.6,45.6,0.585,3.85,287.2,Sample Data,臺北市,松山測站
2026-07-21 14:00:00,松山測站,臺北市,65.6,30.9,44.8,45.6,0.617,2.58,162.1,Sample Data,臺北市,松山測站
2026-07-21 15:00:00,松山測站,臺北市,69.8,35.1,54.3,53.1,0.661,2.03,270.5,Sample Data,臺北市,松山測站
2026-07-21 16:00:00,松山測站,臺北市,67.7,30.3,65.1,58.1,0.619,3.34,286.1,Sample Data,臺北市,松山測站
2026-07-21 17:00:00,松山測站,臺北市,72.9,32.8,51.8,54.5,0.594,2.41,139.1,Sample Data,臺北市,松山測站
2026-07-21 18:00:00,松山測站,臺北市,74.3,33.0,48.6,56.2,0.596,2.1,337.9,Sample Data,臺北市,松山測站
2026-07-21 19:00:00,松山測站,臺北市,76.8,37.5,68.1,62.7,0.604,2.12,136.8,Sample Data,臺北市,松山測站
2026-07-21 20:00:00,松山測站,臺北市,73.1,41.7,55.5,59.4,0.583,1.76,274.5,Sample Data,臺北市,松山測站
2026-07-21 21:00:00,松山測站,臺北市,66.2,32.4,54.9,52.7,0.54,2.08,261.7,Sample Data,臺北市,松山測站
2026-07-21 22:00:00,松山測站,臺北市,62.2,28.7,36.4,50.1,0.545,2.47,276.9,Sample Data,臺北市,松山測站
2026-07-21 23:00:00,松山測站,臺北市,67.8,32.1,52.6,44.6,0.698,1.29,272.1,Sample Data,臺北市,松山測站
2026-07-22 00:00:00,松山測站,臺北市,63.6,34.1,68.4,42.0,0.579,1.96,214.7,Sample Data,臺北市,松山測站
2026-07-22 01:00:00,松山測站,臺北市,63.9,36.6,71.5,46.2,0.539,2.17,238.5,Sample Data,臺北市,松山測站
2026-07-22 02:00:00,松山測站,臺北市,58.3,33.3,42.7,35.6,0.579,1.85,274.6,Sample Data,臺北市,松山測站
2026-07-22 03:00:00,松山測站,臺北市,66.0,30.0,58.1,43.4,0.573,1.67,232.9,Sample Data,臺北市,松山測站
2026-07-22 04:00:00,松山測站,臺北市,56.9,34.3,60.1,36.2,0.499,2.14,119.7,Sample Data,臺北市,松山測站
2026-07-22 05:00:00,松山測站,臺北市,64.1,32.9,52.0,42.9,0.626,3.22,264.1,Sample Data,臺北市,松山測站
2026-07-22 06:00:00,松山測站,臺北市,73.3,31.2,49.9,33.0,0.573,2.23,224.7,Sample Data,臺北市,松山測站
2026-07-22 07:00:00,松山測站,臺北市,74.0,30.3,55.6,43.1,0.58,2.21,329.1,Sample Data,臺北市,松山測站
2026-07-22 08:00:00,松山測站,臺北市,76.0,36.7,51.2,40.4,0.641,2.0,254.6,Sample Data,臺北市,松山測站
2026-07-22 09:00:00,松山測站,臺北市,72.4,35.5,67.8,36.4,0.614,2.03,298.7,Sample Data,臺北市,松山測站
2026-07-22 10:00:00,松山測站,臺北市,57.5,34.5,67.8,36.1,0.551,3.77,266.7,Sample Data,臺北市,松山測站
2026-07-22 11:00:00,松山測站,臺北市,70.8,35.1,61.7,46.6,0.583,1.57,249.9,Sample Data,臺北市,松山測站
2026-07-22 12:00:00,松山測站,臺北市,63.2,32.5,69.0,39.6,0.544,1.35,39.7,Sample Data,臺北市,松山測站
2026-07-22 13:00:00,松山測站,臺北市,63.9,34.8,59.0,48.0,0.572,3.1,58.2,Sample Data,臺北市,松山測站
2026-07-22 14:00:00,松山測站,臺北市,58.4,28.9,50.0,51.1,0.551,2.45,249.1,Sample Data,臺北市,松山測站
2026-07-22 15:00:00,松山測站,臺北市,69.4,33.5,67.9,51.1,0.599,2.28,340.7,Sample Data,臺北市,松山測站
2026-07-22 16:00:00,松山測站,臺北市,75.8,37.9,66.0,52.5,0.673,2.31,221.8,Sample Data,臺北市,松山測站
2026-07-22 17:00:00,松山測站,臺北市,68.3,34.1,59.2,56.8,0.674,2.47,307.5,Sample Data,臺北市,松山測站
2026-07-22 18:00:00,松山測站,臺北市,66.1,33.9,60.0,53.1,0.579,2.61,331.4,Sample Data,臺北市,松山測站
2026-07-22 19:00:00,松山測站,臺北市,66.6,35.4,57.1,53.7,0.651,1.13,315.2,Sample Data,臺北市,松山測站
2026-07-22 20:00:00,松山測站,臺北市,74.7,33.6,59.8,63.9,0.632,2.24,26.5,Sample Data,臺北市,松山測站
2026-07-22 21:00:00,松山測站,臺北市,67.1,31.5,60.3,52.1,0.494,2.27,233.6,Sample Data,臺北市,松山測站
2026-07-22 22:00:00,松山測站,臺北市,69.7,35.3,59.1,46.2,0.557,2.98,80.7,Sample Data,臺北市,松山測站
2026-07-22 23:00:00,松山測站,臺北市,63.9,33.1,54.7,58.7,0.575,3.83,37.6,Sample Data,臺北市,松山測站
2026-07-23 00:00:00,松山測站,臺北市,50.7,28.2,45.7,44.8,0.671,1.77,336.6,Sample Data,臺北市,松山測站
2026-07-23 01:00:00,松山測站,臺北市,62.3,32.9,55.1,46.0,0.602,2.6,358.4,Sample Data,臺北市,松山測站
2026-07-23 02:00:00,松山測站,臺北市,66.0,36.7,61.2,41.8,0.583,2.5,303.7,Sample Data,臺北市,松山測站
2026-07-23 03:00:00,松山測站,臺北市,54.2,27.4,44.0,33.2,0.488,2.2,259.5,Sample Data,臺北市,松山測站
2026-07-23 04:00:00,松山測站,臺北市,61.2,34.9,61.6,41.1,0.536,1.84,41.8,Sample Data,臺北市,松山測站
2026-07-23 05:00:00,松山測站,臺北市,65.3,35.5,44.9,44.0,0.611,3.04,0.3,Sample Data,臺北市,松山測站
2026-07-23 06:00:00,松山測站,臺北市,64.3,32.6,57.7,40.9,0.507,1.96,94.5,Sample Data,臺北市,松山測站
2026-07-23 07:00:00,松山測站,臺北市,64.6,32.8,50.3,34.2,0.578,2.93,306.6,Sample Data,臺北市,松山測站
2026-07-23 08:00:00,松山測站,臺北市,73.1,38.0,62.3,52.5,0.681,2.45,299.8,Sample Data,臺北市,松山測站
2026-07-23 09:00:00,松山測站,臺北市,66.6,38.3,65.9,42.0,0.534,2.65,282.7,Sample Data,臺北市,松山測站
2026-07-23 10:00:00,松山測站,臺北市,55.4,32.0,51.6,39.5,0.571,1.77,348.2,Sample Data,臺北市,松山測站
2026-07-23 11:00:00,松山測站,臺北市,51.6,24.4,38.1,41.9,0.581,2.08,29.5,Sample Data,臺北市,松山測站
2026-07-23 12:00:00,松山測站,臺北市,53.7,25.4,40.2,39.3,0.635,1.42,21.1,Sample Data,臺北市,松山測站
2026-07-23 13:00:00,松山測站,臺北市,51.5,33.1,54.3,39.1,0.487,3.16,100.4,Sample Data,臺北市,松山測站
2026-07-23 14:00:00,松山測站,臺北市,59.4,29.6,55.0,47.6,0.636,1.89,3.7,Sample Data,臺北市,松山測站
2026-07-23 15:00:00,松山測站,臺北市,61.8,34.0,63.9,53.9,0.634,3.44,108.2,Sample Data,臺北市,松山測站
2026-07-23 16:00:00,松山測站,臺北市,61.8,31.9,61.9,47.9,0.522,2.72,2.2,Sample Data,臺北市,松山測站
2026-07-23 17:00:00,松山測站,臺北市,63.2,36.4,74.5,45.9,0.594,2.84,291.0,Sample Data,臺北市,松山測站
2026-07-23 18:00:00,松山測站,臺北市,60.8,30.1,50.2,62.0,0.529,2.76,48.7,Sample Data,臺北市,松山測站
2026-07-23 19:00:00,松山測站,臺北市,64.7,34.7,60.7,59.6,0.535,2.89,70.1,Sample Data,臺北市,松山測站
2026-07-23 20:00:00,松山測站,臺北市,61.5,36.1,69.0,54.5,0.472,2.32,347.2,Sample Data,臺北市,松山測站
2026-07-23 21:00:00,松山測站,臺北市,50.9,34.5,62.9,48.3,0.537,3.21,341.5,Sample Data,臺北市,松山測站
2026-07-23 22:00:00,松山測站,臺北市,54.6,33.7,55.4,48.3,0.533,2.12,37.6,Sample Data,臺北市,松山測站
2026-07-23 23:00:00,松山測站,臺北市,62.9,32.1,66.3,48.0,0.67,2.37,131.0,Sample Data,臺北市,松山測站
2026-07-24 00:00:00,松山測站,臺北市,56.1,32.4,49.0,46.7,0.592,2.44,18.6,Sample Data,臺北市,松山測站
2026-07-24 01:00:00,松山測站,臺北市,50.9,33.2,56.3,40.0,0.541,3.59,102.0,Sample Data,臺北市,松山測站
2026-07-24 02:00:00,松山測站,臺北市,45.7,28.2,42.8,45.5,0.426,1.46,356.4,Sample Data,臺北市,松山測站
2026-07-24 03:00:00,松山測站,臺北市,53.3,32.7,57.6,31.8,0.593,2.27,85.2,Sample Data,臺北市,松山測站
2026-07-24 04:00:00,松山測站,臺北市,45.8,29.0,51.4,28.7,0.499,1.83,75.8,Sample Data,臺北市,松山測站
2026-07-24 05:00:00,松山測站,臺北市,58.0,35.8,66.4,42.1,0.474,2.86,103.7,Sample Data,臺北市,松山測站
2026-07-24 06:00:00,松山測站,臺北市,92.7,43.1,65.9,44.3,0.757,1.53,16.3,Sample Data,臺北市,松山測站
2026-07-24 07:00:00,松山測站,臺北市,61.6,35.8,53.1,37.7,0.519,3.09,5.4,Sample Data,臺北市,松山測站
2026-07-24 08:00:00,松山測站,臺北市,59.3,30.5,60.2,38.1,0.562,1.48,100.0,Sample Data,臺北市,松山測站
2026-07-24 09:00:00,松山測站,臺北市,60.5,36.0,59.2,37.2,0.633,2.51,52.0,Sample Data,臺北市,松山測站
2026-07-24 10:00:00,松山測站,臺北市,52.4,35.9,67.8,39.0,0.437,3.39,100.3,Sample Data,臺北市,松山測站
2026-07-24 11:00:00,松山測站,臺北市,57.7,33.5,44.5,39.4,0.506,2.77,113.4,Sample Data,臺北市,松山測站
2026-07-24 12:00:00,松山測站,臺北市,58.7,33.2,48.2,40.4,0.583,2.15,86.8,Sample Data,臺北市,松山測站
2026-07-24 13:00:00,松山測站,臺北市,45.7,26.3,52.0,37.5,0.531,2.22,75.9,Sample Data,臺北市,松山測站
2026-07-24 14:00:00,松山測站,臺北市,58.9,34.5,73.6,44.2,0.511,1.91,64.0,Sample Data,臺北市,松山測站
2026-07-24 15:00:00,松山測站,臺北市,41.9,27.4,52.1,46.4,0.449,3.05,120.8,Sample Data,臺北市,松山測站
2026-07-24 16:00:00,松山測站,臺北市,52.5,29.1,39.0,46.5,0.534,1.84,55.8,Sample Data,臺北市,松山測站
2026-07-24 17:00:00,松山測站,臺北市,52.7,31.2,60.5,51.0,0.454,2.06,64.6,Sample Data,臺北市,松山測站
2026-07-24 18:00:00,松山測站,臺北市,57.9,32.1,57.7,49.2,0.59,2.88,45.7,Sample Data,臺北市,松山測站
2026-07-24 19:00:00,松山測站,臺北市,63.1,32.7,62.6,55.6,0.569,2.33,53.5,Sample Data,臺北市,松山測站
2026-07-24 20:00:00,松山測站,臺北市,59.4,32.1,63.8,48.9,0.518,0.86,127.1,Sample Data,臺北市,松山測站
2026-07-24 21:00:00,松山測站,臺北市,47.6,29.8,60.5,44.9,0.503,3.73,193.3,Sample Data,臺北市,松山測站
2026-07-24 22:00:00,松山測站,臺北市,56.7,32.6,60.6,49.9,0.578,2.0,92.5,Sample Data,臺北市,松山測站
2026-07-24 23:00:00,松山測站,臺北市,51.6,31.1,44.6,42.0,0.607,4.25,129.6,Sample Data,臺北市,松山測站
2026-07-25 00:00:00,松山測站,臺北市,36.6,24.5,51.9,36.6,0.448,2.85,155.6,Sample Data,臺北市,松山測站
2026-07-25 01:00:00,松山測站,臺北市,41.6,23.3,39.0,40.1,0.498,2.31,64.5,Sample Data,臺北市,松山測站
2026-07-25 02:00:00,松山測站,臺北市,48.6,30.8,64.7,35.6,0.498,2.66,83.0,Sample Data,臺北市,松山測站
2026-07-25 03:00:00,松山測站,臺北市,47.7,28.9,54.9,38.1,0.554,2.84,142.4,Sample Data,臺北市,松山測站
2026-07-25 04:00:00,松山測站,臺北市,46.2,28.5,53.2,33.9,0.585,3.52,154.8,Sample Data,臺北市,松山測站
2026-07-25 05:00:00,松山測站,臺北市,48.6,29.4,53.4,34.8,0.523,2.88,173.7,Sample Data,臺北市,松山測站
2026-07-25 06:00:00,松山測站,臺北市,46.9,27.2,57.0,31.5,0.498,2.5,127.7,Sample Data,臺北市,松山測站
2026-07-25 07:00:00,松山測站,臺北市,56.8,39.2,62.6,28.5,0.526,3.3,151.1,Sample Data,臺北市,松山測站
2026-07-25 08:00:00,松山測站,臺北市,34.5,28.3,38.6,36.0,0.306,3.4,131.5,Sample Data,臺北市,松山測站
2026-07-25 09:00:00,松山測站,臺北市,43.1,29.7,48.2,35.3,0.465,1.32,173.1,Sample Data,臺北市,松山測站
2026-07-25 10:00:00,松山測站,臺北市,60.0,35.8,55.0,35.2,0.486,2.43,159.6,Sample Data,臺北市,松山測站
2026-07-25 11:00:00,松山測站,臺北市,40.9,30.1,55.1,35.0,0.377,2.42,141.4,Sample Data,臺北市,松山測站
2026-07-25 12:00:00,松山測站,臺北市,47.3,30.5,55.1,40.7,0.556,2.5,161.5,Sample Data,臺北市,松山測站
2026-07-25 13:00:00,松山測站,臺北市,45.6,27.0,47.4,42.9,0.498,2.38,129.0,Sample Data,臺北市,松山測站
2026-07-25 14:00:00,松山測站,臺北市,45.1,23.9,42.4,47.0,0.468,3.93,129.1,Sample Data,臺北市,松山測站
2026-07-25 15:00:00,松山測站,臺北市,45.5,25.9,54.0,51.4,0.527,1.97,252.6,Sample Data,臺北市,松山測站
2026-07-25 16:00:00,松山測站,臺北市,51.1,29.5,56.2,58.0,0.536,2.24,122.4,Sample Data,臺北市,松山測站
2026-07-25 17:00:00,松山測站,臺北市,46.5,28.3,50.8,49.5,0.452,2.74,214.7,Sample Data,臺北市,松山測站
2026-07-25 18:00:00,松山測站,臺北市,59.2,32.7,67.8,41.0,0.581,4.21,79.0,Sample Data,臺北市,松山測站
2026-07-25 19:00:00,松山測站,臺北市,55.1,31.2,50.1,54.7,0.55,3.02,165.9,Sample Data,臺北市,松山測站
2026-07-25 20:00:00,松山測站,臺北市,70.0,35.2,56.8,54.0,0.671,1.33,49.3,Sample Data,臺北市,松山測站
2026-07-25 21:00:00,松山測站,臺北市,51.8,34.5,60.9,43.3,0.549,2.97,73.0,Sample Data,臺北市,松山測站
2026-07-25 22:00:00,松山測站,臺北市,55.6,33.7,64.3,52.9,0.571,3.07,74.0,Sample Data,臺北市,松山測站
2026-07-25 23:00:00,松山測站,臺北市,41.7,25.8,42.7,46.2,0.535,3.45,129.0,Sample Data,臺北市,松山測站
2026-06-26 00:00:00,板橋測站,新北市,58.5,33.5,49.2,56.6,0.587,2.0,286.0,Sample Data,新北市,板橋測站
2026-06-26 01:00:00,板橋測站,新北市,61.3,35.1,72.9,44.9,0.579,3.23,215.2,Sample Data,新北市,板橋測站
2026-06-26 02:00:00,板橋測站,新北市,63.1,38.5,59.3,43.9,0.589,3.28,153.0,Sample Data,新北市,板橋測站
2026-06-26 03:00:00,板橋測站,新北市,62.5,30.4,46.9,40.9,0.666,3.28,138.8,Sample Data,新北市,板橋測站
2026-06-26 04:00:00,板橋測站,新北市,61.3,38.8,73.9,37.2,0.628,1.69,213.6,Sample Data,新北市,板橋測站
2026-06-26 05:00:00,板橋測站,新北市,78.5,39.5,64.0,39.9,0.584,2.64,256.5,Sample Data,新北市,板橋測站
2026-06-26 06:00:00,板橋測站,新北市,69.3,35.5,51.6,36.4,0.56,3.6,223.7,Sample Data,新北市,板橋測站
2026-06-26 07:00:00,板橋測站,新北市,78.0,41.4,68.7,41.6,0.638,2.47,219.8,Sample Data,新北市,板橋測站
2026-06-26 08:00:00,板橋測站,新北市,75.2,34.1,48.9,32.6,0.664,2.87,343.1,Sample Data,新北市,板橋測站
2026-06-26 09:00:00,板橋測站,新北市,73.7,36.1,65.5,41.4,0.59,2.09,98.2,Sample Data,新北市,板橋測站
2026-06-26 10:00:00,板橋測站,新北市,76.7,36.1,61.6,40.5,0.631,2.17,236.4,Sample Data,新北市,板橋測站
2026-06-26 11:00:00,板橋測站,新北市,76.1,40.5,79.3,46.8,0.64,2.89,272.0,Sample Data,新北市,板橋測站
2026-06-26 12:00:00,板橋測站,新北市,70.6,32.6,63.4,48.4,0.615,3.05,288.3,Sample Data,新北市,板橋測站
2026-06-26 13:00:00,板橋測站,新北市,73.3,41.2,72.0,45.9,0.547,2.02,291.9,Sample Data,新北市,板橋測站
2026-06-26 14:00:00,板橋測站,新北市,70.8,43.0,90.2,50.7,0.618,1.36,283.1,Sample Data,新北市,板橋測站
2026-06-26 15:00:00,板橋測站,新北市,68.1,34.4,68.6,56.1,0.586,2.26,221.7,Sample Data,新北市,板橋測站
2026-06-26 16:00:00,板橋測站,新北市,77.5,43.3,74.2,59.3,0.637,2.75,321.8,Sample Data,新北市,板橋測站
2026-06-26 17:00:00,板橋測站,新北市,86.3,44.3,84.7,61.7,0.775,2.35,256.0,Sample Data,新北市,板橋測站
2026-06-26 18:00:00,板橋測站,新北市,77.8,37.7,73.1,57.5,0.657,3.36,220.8,Sample Data,新北市,板橋測站
2026-06-26 19:00:00,板橋測站,新北市,77.0,35.9,68.2,64.7,0.657,2.58,228.6,Sample Data,新北市,板橋測站
2026-06-26 20:00:00,板橋測站,新北市,77.0,39.4,76.9,59.7,0.632,2.0,333.9,Sample Data,新北市,板橋測站
2026-06-26 21:00:00,板橋測站,新北市,85.3,36.9,54.2,58.7,0.731,2.48,252.5,Sample Data,新北市,板橋測站
2026-06-26 22:00:00,板橋測站,新北市,72.5,35.3,61.3,48.2,0.567,1.45,288.0,Sample Data,新北市,板橋測站
2026-06-26 23:00:00,板橋測站,新北市,70.2,38.7,51.9,54.7,0.475,3.12,148.7,Sample Data,新北市,板橋測站
2026-06-27 00:00:00,板橋測站,新北市,65.6,33.1,62.9,39.6,0.627,1.06,275.5,Sample Data,新北市,板橋測站
2026-06-27 01:00:00,板橋測站,新北市,60.5,34.9,64.3,39.3,0.63,2.11,177.9,Sample Data,新北市,板橋測站
2026-06-27 02:00:00,板橋測站,新北市,69.6,36.5,65.2,41.9,0.607,2.36,341.9,Sample Data,新北市,板橋測站
2026-06-27 03:00:00,板橋測站,新北市,64.0,35.9,59.5,46.7,0.585,2.07,230.0,Sample Data,新北市,板橋測站
2026-06-27 04:00:00,板橋測站,新北市,59.8,30.2,50.8,37.8,0.6,0.67,295.3,Sample Data,新北市,板橋測站
2026-06-27 05:00:00,板橋測站,新北市,63.7,33.9,52.0,29.6,0.63,2.52,249.7,Sample Data,新北市,板橋測站
2026-06-27 06:00:00,板橋測站,新北市,63.2,30.8,53.7,37.9,0.512,2.51,267.1,Sample Data,新北市,板橋測站
2026-06-27 07:00:00,板橋測站,新北市,76.3,40.1,76.5,36.0,0.572,2.05,295.6,Sample Data,新北市,板橋測站
2026-06-27 08:00:00,板橋測站,新北市,65.5,37.8,55.9,34.2,0.543,3.05,192.9,Sample Data,新北市,板橋測站
2026-06-27 09:00:00,板橋測站,新北市,77.2,38.0,62.0,40.9,0.678,1.24,306.4,Sample Data,新北市,板橋測站
2026-06-27 10:00:00,板橋測站,新北市,68.4,34.5,49.3,42.1,0.687,3.3,303.4,Sample Data,新北市,板橋測站
2026-06-27 11:00:00,板橋測站,新北市,62.9,33.2,65.1,38.0,0.617,3.85,281.6,Sample Data,新北市,板橋測站
2026-06-27 12:00:00,板橋測站,新北市,55.8,29.4,55.9,45.1,0.519,3.04,279.3,Sample Data,新北市,板橋測站
2026-06-27 13:00:00,板橋測站,新北市,58.5,32.8,63.9,44.2,0.591,2.04,233.1,Sample Data,新北市,板橋測站
2026-06-27 14:00:00,板橋測站,新北市,61.8,32.8,52.5,48.4,0.599,3.53,313.5,Sample Data,新北市,板橋測站
2026-06-27 15:00:00,板橋測站,新北市,68.0,38.5,56.1,47.2,0.537,2.85,313.0,Sample Data,新北市,板橋測站
2026-06-27 16:00:00,板橋測站,新北市,67.7,28.5,45.3,61.5,0.53,1.73,178.8,Sample Data,新北市,板橋測站
2026-06-27 17:00:00,板橋測站,新北市,71.5,33.9,50.2,58.8,0.656,3.51,265.3,Sample Data,新北市,板橋測站
2026-06-27 18:00:00,板橋測站,新北市,71.7,33.3,46.9,58.5,0.672,2.94,259.6,Sample Data,新北市,板橋測站
2026-06-27 19:00:00,板橋測站,新北市,74.3,37.7,69.1,55.3,0.721,2.42,318.6,Sample Data,新北市,板橋測站
2026-06-27 20:00:00,板橋測站,新北市,65.3,43.0,70.9,53.9,0.58,2.43,273.4,Sample Data,新北市,板橋測站
2026-06-27 21:00:00,板橋測站,新北市,65.8,40.2,55.4,52.3,0.572,3.72,10.1,Sample Data,新北市,板橋測站
2026-06-27 22:00:00,板橋測站,新北市,66.1,35.1,45.7,56.0,0.62,3.22,306.4,Sample Data,新北市,板橋測站
2026-06-27 23:00:00,板橋測站,新北市,59.4,34.8,46.2,52.3,0.562,1.67,206.3,Sample Data,新北市,板橋測站
2026-06-28 00:00:00,板橋測站,新北市,58.6,38.4,76.7,54.8,0.557,3.09,299.2,Sample Data,新北市,板橋測站
2026-06-28 01:00:00,板橋測站,新北市,56.4,31.5,67.6,41.5,0.509,1.62,315.8,Sample Data,新北市,板橋測站
2026-06-28 02:00:00,板橋測站,新北市,67.6,42.5,76.8,40.4,0.651,2.5,295.0,Sample Data,新北市,板橋測站
2026-06-28 03:00:00,板橋測站,新北市,59.0,32.7,62.4,42.9,0.428,2.37,87.6,Sample Data,新北市,板橋測站
2026-06-28 04:00:00,板橋測站,新北市,65.7,30.2,42.1,46.9,0.605,1.79,337.9,Sample Data,新北市,板橋測站
2026-06-28 05:00:00,板橋測站,新北市,47.7,28.2,50.1,26.4,0.488,3.27,259.2,Sample Data,新北市,板橋測站
2026-06-28 06:00:00,板橋測站,新北市,65.0,35.8,59.9,36.9,0.632,1.4,329.9,Sample Data,新北市,板橋測站
2026-06-28 07:00:00,板橋測站,新北市,65.2,35.2,61.7,34.3,0.597,3.37,299.3,Sample Data,新北市,板橋測站
2026-06-28 08:00:00,板橋測站,新北市,69.7,36.1,48.5,44.4,0.573,2.99,313.8,Sample Data,新北市,板橋測站
2026-06-28 09:00:00,板橋測站,新北市,63.8,38.9,72.4,41.2,0.569,2.34,314.6,Sample Data,新北市,板橋測站
2026-06-28 10:00:00,板橋測站,新北市,67.2,34.0,64.4,40.5,0.638,2.32,337.6,Sample Data,新北市,板橋測站
2026-06-28 11:00:00,板橋測站,新北市,58.8,36.8,56.9,40.2,0.603,2.35,96.5,Sample Data,新北市,板橋測站
2026-06-28 12:00:00,板橋測站,新北市,56.0,32.7,45.0,37.5,0.52,3.25,358.2,Sample Data,新北市,板橋測站
2026-06-28 13:00:00,板橋測站,新北市,53.8,36.6,72.7,40.0,0.512,3.75,16.3,Sample Data,新北市,板橋測站
2026-06-28 14:00:00,板橋測站,新北市,55.5,35.5,67.6,47.1,0.591,1.65,6.7,Sample Data,新北市,板橋測站
2026-06-28 15:00:00,板橋測站,新北市,52.9,29.7,53.7,46.4,0.499,2.53,305.9,Sample Data,新北市,板橋測站
2026-06-28 16:00:00,板橋測站,新北市,63.0,38.5,57.9,53.6,0.479,2.74,182.6,Sample Data,新北市,板橋測站
2026-06-28 17:00:00,板橋測站,新北市,62.5,34.6,62.8,57.3,0.47,2.76,156.5,Sample Data,新北市,板橋測站
2026-06-28 18:00:00,板橋測站,新北市,67.0,32.6,44.9,60.4,0.551,2.36,330.8,Sample Data,新北市,板橋測站
2026-06-28 19:00:00,板橋測站,新北市,59.8,38.8,59.9,49.4,0.471,1.53,27.2,Sample Data,新北市,板橋測站
2026-06-28 20:00:00,板橋測站,新北市,64.6,33.8,59.9,53.9,0.534,1.53,139.4,Sample Data,新北市,板橋測站
2026-06-28 21:00:00,板橋測站,新北市,47.9,30.4,48.5,52.0,0.569,2.62,57.3,Sample Data,新北市,板橋測站
2026-06-28 22:00:00,板橋測站,新北市,63.2,41.0,74.4,48.5,0.63,1.4,16.1,Sample Data,新北市,板橋測站
2026-06-28 23:00:00,板橋測站,新北市,53.6,31.4,56.1,47.4,0.513,3.2,46.2,Sample Data,新北市,板橋測站
2026-06-29 00:00:00,板橋測站,新北市,66.4,36.4,54.5,42.4,0.504,2.58,321.1,Sample Data,新北市,板橋測站
2026-06-29 01:00:00,板橋測站,新北市,65.2,35.7,63.7,48.8,0.55,1.64,104.4,Sample Data,新北市,板橋測站
2026-06-29 02:00:00,板橋測站,新北市,60.5,33.8,52.4,44.3,0.527,3.84,10.1,Sample Data,新北市,板橋測站
2026-06-29 03:00:00,板橋測站,新北市,66.5,35.4,73.1,46.7,0.527,3.07,146.6,Sample Data,新北市,板橋測站
2026-06-29 04:00:00,板橋測站,新北市,57.9,34.0,49.5,45.0,0.505,1.77,136.6,Sample Data,新北市,板橋測站
2026-06-29 05:00:00,板橋測站,新北市,64.0,41.7,74.5,35.6,0.592,1.1,88.7,Sample Data,新北市,板橋測站
2026-06-29 06:00:00,板橋測站,新北市,65.8,35.6,64.6,40.7,0.535,2.68,168.1,Sample Data,新北市,板橋測站
2026-06-29 07:00:00,板橋測站,新北市,75.3,33.6,51.8,39.6,0.569,2.47,56.4,Sample Data,新北市,板橋測站
2026-06-29 08:00:00,板橋測站,新北市,79.1,38.2,57.8,37.0,0.693,2.9,7.3,Sample Data,新北市,板橋測站
2026-06-29 09:00:00,板橋測站,新北市,67.7,32.1,65.8,37.4,0.59,1.51,27.3,Sample Data,新北市,板橋測站
2026-06-29 10:00:00,板橋測站,新北市,72.4,37.6,73.3,35.3,0.574,3.19,58.2,Sample Data,新北市,板橋測站
2026-06-29 11:00:00,板橋測站,新北市,69.5,36.4,55.4,32.2,0.621,2.24,150.7,Sample Data,新北市,板橋測站
2026-06-29 12:00:00,板橋測站,新北市,62.9,31.7,56.8,48.4,0.567,1.73,82.8,Sample Data,新北市,板橋測站
2026-06-29 13:00:00,板橋測站,新北市,56.7,38.2,62.0,47.8,0.605,2.99,153.1,Sample Data,新北市,板橋測站
2026-06-29 14:00:00,板橋測站,新北市,61.6,35.3,64.7,47.9,0.659,3.51,77.6,Sample Data,新北市,板橋測站
2026-06-29 15:00:00,板橋測站,新北市,58.2,38.4,62.0,47.8,0.574,2.41,44.5,Sample Data,新北市,板橋測站
2026-06-29 16:00:00,板橋測站,新北市,63.8,36.1,68.7,57.5,0.632,2.16,125.6,Sample Data,新北市,板橋測站
2026-06-29 17:00:00,板橋測站,新北市,66.1,32.1,61.2,64.7,0.667,2.82,100.7,Sample Data,新北市,板橋測站
2026-06-29 18:00:00,板橋測站,新北市,67.5,33.2,48.4,55.4,0.496,1.92,76.4,Sample Data,新北市,板橋測站
2026-06-29 19:00:00,板橋測站,新北市,64.6,33.5,67.7,57.8,0.56,2.29,91.4,Sample Data,新北市,板橋測站
2026-06-29 20:00:00,板橋測站,新北市,59.3,31.9,58.5,49.1,0.56,2.49,347.5,Sample Data,新北市,板橋測站
2026-06-29 21:00:00,板橋測站,新北市,60.3,37.1,79.1,57.9,0.639,4.36,140.7,Sample Data,新北市,板橋測站
2026-06-29 22:00:00,板橋測站,新北市,59.4,37.2,68.3,48.6,0.583,1.95,64.2,Sample Data,新北市,板橋測站
2026-06-29 23:00:00,板橋測站,新北市,59.6,33.9,54.4,44.8,0.52,2.7,117.0,Sample Data,新北市,板橋測站
2026-06-30 00:00:00,板橋測站,新北市,62.3,37.2,65.6,48.8,0.632,3.01,128.7,Sample Data,新北市,板橋測站
2026-06-30 01:00:00,板橋測站,新北市,63.5,28.2,50.9,50.5,0.661,1.34,188.6,Sample Data,新北市,板橋測站
2026-06-30 02:00:00,板橋測站,新北市,51.4,28.9,43.3,34.3,0.557,2.99,172.0,Sample Data,新北市,板橋測站
2026-06-30 03:00:00,板橋測站,新北市,55.4,33.2,66.3,28.0,0.496,2.46,57.3,Sample Data,新北市,板橋測站
2026-06-30 04:00:00,板橋測站,新北市,57.2,33.3,56.3,40.4,0.54,2.12,110.9,Sample Data,新北市,板橋測站
2026-06-30 05:00:00,板橋測站,新北市,60.5,29.3,53.7,42.4,0.598,3.21,67.4,Sample Data,新北市,板橋測站
2026-06-30 06:00:00,板橋測站,新北市,62.3,31.2,63.9,42.8,0.519,2.05,121.8,Sample Data,新北市,板橋測站
2026-06-30 07:00:00,板橋測站,新北市,71.2,31.8,58.8,31.0,0.597,2.36,151.9,Sample Data,新北市,板橋測站
2026-06-30 08:00:00,板橋測站,新北市,69.5,35.6,61.3,36.1,0.613,2.54,226.5,Sample Data,新北市,板橋測站
2026-06-30 09:00:00,板橋測站,新北市,72.6,41.1,78.0,39.4,0.619,1.53,204.6,Sample Data,新北市,板橋測站
2026-06-30 10:00:00,板橋測站,新北市,69.5,35.8,59.6,43.9,0.544,2.17,134.8,Sample Data,新北市,板橋測站
2026-06-30 11:00:00,板橋測站,新北市,64.9,33.7,51.1,41.5,0.592,3.51,173.1,Sample Data,新北市,板橋測站
2026-06-30 12:00:00,板橋測站,新北市,60.7,34.5,56.2,42.3,0.515,3.38,165.6,Sample Data,新北市,板橋測站
2026-06-30 13:00:00,板橋測站,新北市,56.8,33.3,57.4,42.1,0.518,2.68,127.3,Sample Data,新北市,板橋測站
2026-06-30 14:00:00,板橋測站,新北市,59.2,30.2,49.4,45.8,0.572,2.93,188.6,Sample Data,新北市,板橋測站
2026-06-30 15:00:00,板橋測站,新北市,66.4,35.2,52.4,48.7,0.597,1.76,158.3,Sample Data,新北市,板橋測站
2026-06-30 16:00:00,板橋測站,新北市,61.9,29.9,57.3,48.5,0.52,2.67,231.6,Sample Data,新北市,板橋測站
2026-06-30 17:00:00,板橋測站,新北市,67.5,35.6,61.2,62.5,0.724,0.41,153.6,Sample Data,新北市,板橋測站
2026-06-30 18:00:00,板橋測站,新北市,67.3,35.3,57.7,55.1,0.555,2.18,190.3,Sample Data,新北市,板橋測站
2026-06-30 19:00:00,板橋測站,新北市,64.2,30.5,47.3,54.5,0.566,2.73,262.5,Sample Data,新北市,板橋測站
2026-06-30 20:00:00,板橋測站,新北市,70.8,32.4,58.1,55.3,0.531,2.83,108.3,Sample Data,新北市,板橋測站
2026-06-30 21:00:00,板橋測站,新北市,72.9,43.0,69.2,51.1,0.658,1.88,111.2,Sample Data,新北市,板橋測站
2026-06-30 22:00:00,板橋測站,新北市,62.3,33.6,64.4,48.8,0.664,1.88,262.8,Sample Data,新北市,板橋測站
2026-06-30 23:00:00,板橋測站,新北市,57.9,33.9,48.3,52.2,0.631,3.26,154.7,Sample Data,新北市,板橋測站
2026-07-01 00:00:00,板橋測站,新北市,63.6,32.9,60.1,46.5,0.596,1.01,177.5,Sample Data,新北市,板橋測站
2026-07-01 01:00:00,板橋測站,新北市,70.6,40.3,54.3,49.5,0.5,3.04,171.3,Sample Data,新北市,板橋測站
2026-07-01 02:00:00,板橋測站,新北市,72.5,32.2,52.7,44.5,0.557,2.65,223.2,Sample Data,新北市,板橋測站
2026-07-01 03:00:00,板橋測站,新北市,72.8,40.5,76.7,38.2,0.7,1.68,270.4,Sample Data,新北市,板橋測站
2026-07-01 04:00:00,板橋測站,新北市,67.5,37.2,62.3,40.5,0.583,2.79,184.1,Sample Data,新北市,板橋測站
2026-07-01 05:00:00,板橋測站,新北市,63.1,36.9,60.8,36.2,0.52,3.57,280.1,Sample Data,新北市,板橋測站
2026-07-01 06:00:00,板橋測站,新北市,75.3,36.9,72.1,38.7,0.607,3.51,195.4,Sample Data,新北市,板橋測站
2026-07-01 07:00:00,板橋測站,新北市,83.9,35.9,71.3,42.1,0.666,1.26,260.5,Sample Data,新北市,板橋測站
2026-07-01 08:00:00,板橋測站,新北市,73.3,37.3,72.5,44.3,0.627,1.41,288.5,Sample Data,新北市,板橋測站
2026-07-01 09:00:00,板橋測站,新北市,73.8,34.4,54.2,34.8,0.6,2.74,186.4,Sample Data,新北市,板橋測站
2026-07-01 10:00:00,板橋測站,新北市,73.8,35.5,60.1,49.8,0.614,2.48,123.9,Sample Data,新北市,板橋測站
2026-07-01 11:00:00,板橋測站,新北市,76.5,36.9,64.4,47.1,0.678,1.86,273.1,Sample Data,新北市,板橋測站
2026-07-01 12:00:00,板橋測站,新北市,63.6,37.6,61.6,41.7,0.585,1.6,229.6,Sample Data,新北市,板橋測站
2026-07-01 13:00:00,板橋測站,新北市,67.6,34.6,53.1,44.4,0.595,1.6,348.0,Sample Data,新北市,板橋測站
2026-07-01 14:00:00,板橋測站,新北市,73.8,38.5,66.2,40.5,0.611,1.25,209.0,Sample Data,新北市,板橋測站
2026-07-01 15:00:00,板橋測站,新北市,71.7,40.0,77.4,52.5,0.639,1.88,301.1,Sample Data,新北市,板橋測站
2026-07-01 16:00:00,板橋測站,新北市,73.1,42.9,70.9,54.4,0.612,2.67,211.5,Sample Data,新北市,板橋測站
2026-07-01 17:00:00,板橋測站,新北市,63.0,25.9,47.3,61.1,0.579,1.45,207.9,Sample Data,新北市,板橋測站
2026-07-01 18:00:00,板橋測站,新北市,77.6,35.6,64.7,60.0,0.649,1.26,319.1,Sample Data,新北市,板橋測站
2026-07-01 19:00:00,板橋測站,新北市,77.1,37.6,65.9,58.9,0.575,2.93,231.3,Sample Data,新北市,板橋測站
2026-07-01 20:00:00,板橋測站,新北市,80.1,38.6,57.4,61.8,0.618,1.79,240.1,Sample Data,新北市,板橋測站
2026-07-01 21:00:00,板橋測站,新北市,72.3,32.2,52.4,54.4,0.613,2.35,236.1,Sample Data,新北市,板橋測站
2026-07-01 22:00:00,板橋測站,新北市,64.7,35.4,63.0,51.0,0.519,3.0,240.9,Sample Data,新北市,板橋測站
2026-07-01 23:00:00,板橋測站,新北市,64.7,35.8,63.5,44.8,0.535,3.29,208.7,Sample Data,新北市,板橋測站
2026-07-02 00:00:00,板橋測站,新北市,70.8,34.5,61.0,50.2,0.62,3.89,286.7,Sample Data,新北市,板橋測站
2026-07-02 01:00:00,板橋測站,新北市,65.6,37.8,58.2,43.0,0.58,2.03,236.7,Sample Data,新北市,板橋測站
2026-07-02 02:00:00,板橋測站,新北市,62.1,39.1,61.0,47.4,0.574,1.69,183.8,Sample Data,新北市,板橋測站
2026-07-02 03:00:00,板橋測站,新北市,67.7,34.0,55.7,45.7,0.608,2.43,340.3,Sample Data,新北市,板橋測站
2026-07-02 04:00:00,板橋測站,新北市,67.4,34.0,63.6,45.7,0.56,0.88,233.1,Sample Data,新北市,板橋測站
2026-07-02 05:00:00,板橋測站,新北市,73.3,38.0,82.9,43.6,0.698,2.76,1.0,Sample Data,新北市,板橋測站
2026-07-02 06:00:00,板橋測站,新北市,84.3,43.1,72.3,42.2,0.665,2.51,230.4,Sample Data,新北市,板橋測站
2026-07-02 07:00:00,板橋測站,新北市,78.0,31.6,57.4,42.3,0.724,2.37,352.4,Sample Data,新北市,板橋測站
2026-07-02 08:00:00,板橋測站,新北市,74.5,45.1,74.6,45.6,0.576,2.0,355.4,Sample Data,新北市,板橋測站
2026-07-02 09:00:00,板橋測站,新北市,69.5,38.4,80.6,33.3,0.692,1.88,254.4,Sample Data,新北市,板橋測站
2026-07-02 10:00:00,板橋測站,新北市,68.8,33.3,54.2,43.8,0.575,1.43,253.0,Sample Data,新北市,板橋測站
2026-07-02 11:00:00,板橋測站,新北市,73.1,36.7,66.2,48.1,0.613,1.49,289.2,Sample Data,新北市,板橋測站
2026-07-02 12:00:00,板橋測站,新北市,71.9,32.9,61.5,44.8,0.584,2.74,199.7,Sample Data,新北市,板橋測站
2026-07-02 13:00:00,板橋測站,新北市,61.3,33.7,47.9,42.9,0.552,2.11,299.4,Sample Data,新北市,板橋測站
2026-07-02 14:00:00,板橋測站,新北市,66.6,40.4,73.1,49.4,0.603,3.16,261.0,Sample Data,新北市,板橋測站
2026-07-02 15:00:00,板橋測站,新北市,75.6,38.3,81.3,54.2,0.627,2.55,287.1,Sample Data,新北市,板橋測站
2026-07-02 16:00:00,板橋測站,新北市,82.7,40.1,73.6,52.2,0.702,1.52,0.4,Sample Data,新北市,板橋測站
2026-07-02 17:00:00,板橋測站,新北市,70.2,37.2,49.4,63.4,0.593,2.36,334.4,Sample Data,新北市,板橋測站
2026-07-02 18:00:00,板橋測站,新北市,81.2,40.3,67.6,66.0,0.693,3.49,355.6,Sample Data,新北市,板橋測站
2026-07-02 19:00:00,板橋測站,新北市,67.3,44.0,88.7,55.9,0.654,1.82,343.4,Sample Data,新北市,板橋測站
2026-07-02 20:00:00,板橋測站,新北市,72.3,42.1,83.8,48.1,0.62,2.52,324.3,Sample Data,新北市,板橋測站
2026-07-02 21:00:00,板橋測站,新北市,75.4,37.0,68.8,47.5,0.669,1.96,264.8,Sample Data,新北市,板橋測站
2026-07-02 22:00:00,板橋測站,新北市,70.1,40.5,59.3,57.4,0.657,2.2,279.9,Sample Data,新北市,板橋測站
2026-07-02 23:00:00,板橋測站,新北市,63.9,37.9,63.8,43.7,0.626,1.96,339.2,Sample Data,新北市,板橋測站
2026-07-03 00:00:00,板橋測站,新北市,72.4,33.5,61.8,52.0,0.687,1.3,355.3,Sample Data,新北市,板橋測站
2026-07-03 01:00:00,板橋測站,新北市,71.1,36.5,57.3,49.2,0.648,2.64,273.0,Sample Data,新北市,板橋測站
2026-07-03 02:00:00,板橋測站,新北市,70.7,40.5,58.6,44.9,0.626,1.46,310.2,Sample Data,新北市,板橋測站
2026-07-03 03:00:00,板橋測站,新北市,58.6,35.9,58.1,41.6,0.556,2.78,311.5,Sample Data,新北市,板橋測站
2026-07-03 04:00:00,板橋測站,新北市,62.1,32.6,61.4,39.7,0.566,2.08,316.7,Sample Data,新北市,板橋測站
2026-07-03 05:00:00,板橋測站,新北市,80.2,36.9,70.3,44.0,0.593,2.72,288.9,Sample Data,新北市,板橋測站
2026-07-03 06:00:00,板橋測站,新北市,75.4,37.5,79.9,42.4,0.688,2.5,317.6,Sample Data,新北市,板橋測站
2026-07-03 07:00:00,板橋測站,新北市,77.6,42.2,89.0,43.8,0.66,2.34,352.5,Sample Data,新北市,板橋測站
2026-07-03 08:00:00,板橋測站,新北市,69.7,36.5,69.3,40.1,0.613,2.81,24.5,Sample Data,新北市,板橋測站
2026-07-03 09:00:00,板橋測站,新北市,74.7,33.8,57.4,40.6,0.619,1.86,75.9,Sample Data,新北市,板橋測站
2026-07-03 10:00:00,板橋測站,新北市,76.6,39.7,68.5,43.1,0.635,2.42,329.7,Sample Data,新北市,板橋測站
2026-07-03 11:00:00,板橋測站,新北市,67.2,36.7,67.4,45.1,0.555,1.9,327.9,Sample Data,新北市,板橋測站
2026-07-03 12:00:00,板橋測站,新北市,58.5,37.1,68.1,47.3,0.53,2.29,304.3,Sample Data,新北市,板橋測站
2026-07-03 13:00:00,板橋測站,新北市,67.4,38.7,65.8,47.1,0.575,1.73,73.9,Sample Data,新北市,板橋測站
2026-07-03 14:00:00,板橋測站,新北市,67.6,34.2,50.7,44.7,0.611,2.01,313.6,Sample Data,新北市,板橋測站
2026-07-03 15:00:00,板橋測站,新北市,58.1,29.2,56.5,45.5,0.589,2.38,40.7,Sample Data,新北市,板橋測站
2026-07-03 16:00:00,板橋測站,新北市,67.0,33.7,44.1,55.3,0.552,2.95,353.4,Sample Data,新北市,板橋測站
2026-07-03 17:00:00,板橋測站,新北市,75.4,34.7,63.3,61.3,0.722,2.22,116.1,Sample Data,新北市,板橋測站
2026-07-03 18:00:00,板橋測站,新北市,69.4,40.0,64.0,46.7,0.554,2.6,305.8,Sample Data,新北市,板橋測站
2026-07-03 19:00:00,板橋測站,新北市,71.6,39.9,74.4,55.0,0.573,2.17,26.6,Sample Data,新北市,板橋測站
2026-07-03 20:00:00,板橋測站,新北市,65.2,40.7,72.5,50.8,0.594,3.16,86.2,Sample Data,新北市,板橋測站
2026-07-03 21:00:00,板橋測站,新北市,61.6,36.4,63.8,55.7,0.666,2.71,58.1,Sample Data,新北市,板橋測站
2026-07-03 22:00:00,板橋測站,新北市,64.8,31.2,50.3,50.2,0.697,2.16,349.3,Sample Data,新北市,板橋測站
2026-07-03 23:00:00,板橋測站,新北市,65.8,33.0,69.2,51.1,0.515,2.7,11.2,Sample Data,新北市,板橋測站
2026-07-04 00:00:00,板橋測站,新北市,59.9,32.6,68.9,43.9,0.556,2.67,348.8,Sample Data,新北市,板橋測站
2026-07-04 01:00:00,板橋測站,新北市,53.3,32.1,62.8,43.6,0.542,2.07,8.5,Sample Data,新北市,板橋測站
2026-07-04 02:00:00,板橋測站,新北市,51.1,32.1,50.7,43.6,0.487,2.32,354.9,Sample Data,新北市,板橋測站
2026-07-04 03:00:00,板橋測站,新北市,59.8,34.4,60.5,40.4,0.504,2.28,353.5,Sample Data,新北市,板橋測站
2026-07-04 04:00:00,板橋測站,新北市,50.8,24.5,54.4,39.7,0.588,3.49,85.0,Sample Data,新北市,板橋測站
2026-07-04 05:00:00,板橋測站,新北市,51.6,29.3,54.2,45.1,0.508,3.89,42.4,Sample Data,新北市,板橋測站
2026-07-04 06:00:00,板橋測站,新北市,63.9,40.4,66.9,33.1,0.523,2.82,43.2,Sample Data,新北市,板橋測站
2026-07-04 07:00:00,板橋測站,新北市,61.2,36.3,60.1,34.9,0.598,2.82,132.4,Sample Data,新北市,板橋測站
2026-07-04 08:00:00,板橋測站,新北市,62.0,28.5,44.2,32.7,0.583,2.12,346.1,Sample Data,新北市,板橋測站
2026-07-04 09:00:00,板橋測站,新北市,64.0,33.7,56.8,43.1,0.582,2.4,38.8,Sample Data,新北市,板橋測站
2026-07-04 10:00:00,板橋測站,新北市,58.9,38.2,72.5,40.8,0.491,1.8,54.7,Sample Data,新北市,板橋測站
2026-07-04 11:00:00,板橋測站,新北市,49.4,28.7,38.1,36.8,0.512,1.99,73.3,Sample Data,新北市,板橋測站
2026-07-04 12:00:00,板橋測站,新北市,49.0,35.0,66.1,40.7,0.443,2.48,4.0,Sample Data,新北市,板橋測站
2026-07-04 13:00:00,板橋測站,新北市,50.2,29.8,38.2,42.6,0.548,3.17,33.0,Sample Data,新北市,板橋測站
2026-07-04 14:00:00,板橋測站,新北市,51.7,33.0,59.9,41.6,0.666,2.32,334.0,Sample Data,新北市,板橋測站
2026-07-04 15:00:00,板橋測站,新北市,50.6,23.8,49.4,43.5,0.497,3.17,344.7,Sample Data,新北市,板橋測站
2026-07-04 16:00:00,板橋測站,新北市,49.6,31.2,53.9,43.7,0.527,2.43,114.2,Sample Data,新北市,板橋測站
2026-07-04 17:00:00,板橋測站,新北市,59.7,34.9,66.9,51.4,0.556,3.14,47.4,Sample Data,新北市,板橋測站
2026-07-04 18:00:00,板橋測站,新北市,66.5,40.3,73.2,46.6,0.65,2.39,49.0,Sample Data,新北市,板橋測站
2026-07-04 19:00:00,板橋測站,新北市,64.5,32.9,66.1,50.7,0.582,3.1,104.6,Sample Data,新北市,板橋測站
2026-07-04 20:00:00,板橋測站,新北市,62.4,38.4,46.4,49.9,0.615,1.28,78.0,Sample Data,新北市,板橋測站
2026-07-04 21:00:00,板橋測站,新北市,55.2,37.6,66.6,51.4,0.56,2.36,156.7,Sample Data,新北市,板橋測站
2026-07-04 22:00:00,板橋測站,新北市,47.5,31.8,53.7,51.6,0.514,3.12,112.7,Sample Data,新北市,板橋測站
2026-07-04 23:00:00,板橋測站,新北市,52.4,30.7,56.5,50.1,0.478,2.63,334.4,Sample Data,新北市,板橋測站
2026-07-05 00:00:00,板橋測站,新北市,47.1,30.7,62.0,32.0,0.485,2.81,133.6,Sample Data,新北市,板橋測站
2026-07-05 01:00:00,板橋測站,新北市,54.9,32.6,46.6,42.9,0.478,1.17,51.3,Sample Data,新北市,板橋測站
2026-07-05 02:00:00,板橋測站,新北市,57.8,33.1,46.3,35.0,0.602,0.91,83.5,Sample Data,新北市,板橋測站
2026-07-05 03:00:00,板橋測站,新北市,50.3,32.8,44.2,34.9,0.482,1.99,170.4,Sample Data,新北市,板橋測站
2026-07-05 04:00:00,板橋測站,新北市,45.4,31.8,59.2,34.4,0.536,2.47,143.9,Sample Data,新北市,板橋測站
2026-07-05 05:00:00,板橋測站,新北市,46.0,23.1,43.7,35.6,0.473,3.63,97.7,Sample Data,新北市,板橋測站
2026-07-05 06:00:00,板橋測站,新北市,59.3,36.0,67.4,33.5,0.487,3.5,149.2,Sample Data,新北市,板橋測站
2026-07-05 07:00:00,板橋測站,新北市,63.5,44.6,69.1,36.1,0.534,2.08,106.9,Sample Data,新北市,板橋測站
2026-07-05 08:00:00,板橋測站,新北市,60.3,30.3,49.1,35.5,0.605,2.73,147.2,Sample Data,新北市,板橋測站
2026-07-05 09:00:00,板橋測站,新北市,65.1,36.0,64.3,39.1,0.579,3.4,108.7,Sample Data,新北市,板橋測站
2026-07-05 10:00:00,板橋測站,新北市,60.0,35.6,64.4,37.2,0.541,1.38,102.2,Sample Data,新北市,板橋測站
2026-07-05 11:00:00,板橋測站,新北市,56.2,37.3,44.2,42.1,0.52,2.77,140.2,Sample Data,新北市,板橋測站
2026-07-05 12:00:00,板橋測站,新北市,52.3,32.3,52.2,40.7,0.583,3.16,180.7,Sample Data,新北市,板橋測站
2026-07-05 13:00:00,板橋測站,新北市,44.4,34.0,70.0,37.2,0.432,3.99,94.4,Sample Data,新北市,板橋測站
2026-07-05 14:00:00,板橋測站,新北市,60.2,34.8,55.9,42.2,0.566,1.64,128.3,Sample Data,新北市,板橋測站
2026-07-05 15:00:00,板橋測站,新北市,61.3,35.5,59.5,49.8,0.545,2.91,143.8,Sample Data,新北市,板橋測站
2026-07-05 16:00:00,板橋測站,新北市,53.9,38.5,74.0,48.2,0.595,2.11,71.0,Sample Data,新北市,板橋測站
2026-07-05 17:00:00,板橋測站,新北市,59.1,38.2,68.7,58.1,0.599,2.23,149.9,Sample Data,新北市,板橋測站
2026-07-05 18:00:00,板橋測站,新北市,65.5,33.2,54.0,48.3,0.582,2.11,218.5,Sample Data,新北市,板橋測站
2026-07-05 19:00:00,板橋測站,新北市,53.9,31.8,60.0,52.3,0.626,2.95,142.4,Sample Data,新北市,板橋測站
2026-07-05 20:00:00,板橋測站,新北市,62.1,33.8,47.2,50.9,0.598,3.23,46.9,Sample Data,新北市,板橋測站
2026-07-05 21:00:00,板橋測站,新北市,65.3,35.3,53.1,48.0,0.59,2.28,205.8,Sample Data,新北市,板橋測站
2026-07-05 22:00:00,板橋測站,新北市,54.0,29.6,47.6,50.8,0.498,3.11,139.8,Sample Data,新北市,板橋測站
2026-07-05 23:00:00,板橋測站,新北市,51.7,30.8,52.3,44.6,0.572,4.01,188.5,Sample Data,新北市,板橋測站
2026-07-06 00:00:00,板橋測站,新北市,68.9,39.6,58.4,44.4,0.598,1.84,157.8,Sample Data,新北市,板橋測站
2026-07-06 01:00:00,板橋測站,新北市,59.3,33.4,48.7,37.4,0.525,1.35,196.4,Sample Data,新北市,板橋測站
2026-07-06 02:00:00,板橋測站,新北市,65.9,36.6,73.1,42.3,0.537,2.84,231.0,Sample Data,新北市,板橋測站
2026-07-06 03:00:00,板橋測站,新北市,68.6,34.6,52.4,45.3,0.581,2.13,55.8,Sample Data,新北市,板橋測站
2026-07-06 04:00:00,板橋測站,新北市,63.4,35.5,71.3,34.8,0.554,1.72,161.0,Sample Data,新北市,板橋測站
2026-07-06 05:00:00,板橋測站,新北市,72.3,41.8,72.9,35.6,0.689,3.02,189.2,Sample Data,新北市,板橋測站
2026-07-06 06:00:00,板橋測站,新北市,63.9,31.4,50.2,29.0,0.568,3.48,186.0,Sample Data,新北市,板橋測站
2026-07-06 07:00:00,板橋測站,新北市,82.5,41.8,69.2,41.1,0.625,1.42,283.9,Sample Data,新北市,板橋測站
2026-07-06 08:00:00,板橋測站,新北市,72.3,40.6,68.6,41.6,0.594,2.63,91.4,Sample Data,新北市,板橋測站
2026-07-06 09:00:00,板橋測站,新北市,77.9,31.3,54.0,44.2,0.586,1.34,169.1,Sample Data,新北市,板橋測站
2026-07-06 10:00:00,板橋測站,新北市,73.0,31.4,51.1,40.7,0.654,2.38,180.2,Sample Data,新北市,板橋測站
2026-07-06 11:00:00,板橋測站,新北市,59.2,34.6,49.0,42.2,0.633,2.38,243.5,Sample Data,新北市,板橋測站
2026-07-06 12:00:00,板橋測站,新北市,60.1,35.2,60.9,40.5,0.554,3.14,210.9,Sample Data,新北市,板橋測站
2026-07-06 13:00:00,板橋測站,新北市,61.8,42.5,62.3,46.8,0.588,3.14,208.8,Sample Data,新北市,板橋測站
2026-07-06 14:00:00,板橋測站,新北市,67.3,32.8,64.0,51.5,0.584,2.05,197.0,Sample Data,新北市,板橋測站
2026-07-06 15:00:00,板橋測站,新北市,62.9,34.6,58.7,45.4,0.551,1.73,304.3,Sample Data,新北市,板橋測站
2026-07-06 16:00:00,板橋測站,新北市,69.2,38.3,62.1,48.2,0.542,2.88,158.7,Sample Data,新北市,板橋測站
2026-07-06 17:00:00,板橋測站,新北市,78.3,39.1,59.2,53.6,0.604,2.66,196.4,Sample Data,新北市,板橋測站
2026-07-06 18:00:00,板橋測站,新北市,63.8,37.3,70.6,60.2,0.585,3.05,242.5,Sample Data,新北市,板橋測站
2026-07-06 19:00:00,板橋測站,新北市,84.6,37.1,69.3,59.4,0.741,1.77,350.8,Sample Data,新北市,板橋測站
2026-07-06 20:00:00,板橋測站,新北市,84.9,41.2,81.1,55.2,0.619,2.95,255.1,Sample Data,新北市,板橋測站
2026-07-06 21:00:00,板橋測站,新北市,70.6,37.0,70.5,52.4,0.662,2.96,274.7,Sample Data,新北市,板橋測站
2026-07-06 22:00:00,板橋測站,新北市,71.9,32.8,58.3,59.3,0.728,1.06,224.6,Sample Data,新北市,板橋測站
2026-07-06 23:00:00,板橋測站,新北市,65.2,36.2,66.5,54.9,0.536,1.6,192.7,Sample Data,新北市,板橋測站
2026-07-07 00:00:00,板橋測站,新北市,66.6,32.3,61.8,45.8,0.641,2.27,310.4,Sample Data,新北市,板橋測站
2026-07-07 01:00:00,板橋測站,新北市,67.5,36.1,60.6,49.7,0.581,2.66,210.3,Sample Data,新北市,板橋測站
2026-07-07 02:00:00,板橋測站,新北市,72.4,35.6,61.5,51.9,0.567,1.2,224.1,Sample Data,新北市,板橋測站
2026-07-07 03:00:00,板橋測站,新北市,61.9,30.7,54.3,39.1,0.556,1.96,351.8,Sample Data,新北市,板橋測站
2026-07-07 04:00:00,板橋測站,新北市,65.9,31.9,46.5,48.3,0.568,2.91,323.5,Sample Data,新北市,板橋測站
2026-07-07 05:00:00,板橋測站,新北市,68.9,34.3,69.6,33.8,0.552,0.51,299.7,Sample Data,新北市,板橋測站
2026-07-07 06:00:00,板橋測站,新北市,73.7,37.2,66.8,37.8,0.597,2.3,302.1,Sample Data,新北市,板橋測站
2026-07-07 07:00:00,板橋測站,新北市,90.3,41.6,78.5,36.9,0.692,0.88,273.8,Sample Data,新北市,板橋測站
2026-07-07 08:00:00,板橋測站,新北市,76.8,32.6,48.6,34.0,0.691,1.67,336.0,Sample Data,新北市,板橋測站
2026-07-07 09:00:00,板橋測站,新北市,75.2,36.4,73.3,44.1,0.634,2.57,320.0,Sample Data,新北市,板橋測站
2026-07-07 10:00:00,板橋測站,新北市,75.9,37.8,63.9,42.8,0.621,3.08,203.5,Sample Data,新北市,板橋測站
2026-07-07 11:00:00,板橋測站,新北市,79.6,39.0,59.5,38.7,0.652,2.37,322.2,Sample Data,新北市,板橋測站
2026-07-07 12:00:00,板橋測站,新北市,68.5,29.9,67.5,40.4,0.678,1.63,278.0,Sample Data,新北市,板橋測站
2026-07-07 13:00:00,板橋測站,新北市,72.3,34.9,55.2,49.9,0.611,2.7,17.8,Sample Data,新北市,板橋測站
2026-07-07 14:00:00,板橋測站,新北市,69.3,41.8,79.6,51.6,0.556,2.43,294.4,Sample Data,新北市,板橋測站
2026-07-07 15:00:00,板橋測站,新北市,67.5,37.3,61.8,51.1,0.597,2.04,304.7,Sample Data,新北市,板橋測站
2026-07-07 16:00:00,板橋測站,新北市,71.1,45.0,78.4,52.1,0.721,1.33,323.4,Sample Data,新北市,板橋測站
2026-07-07 17:00:00,板橋測站,新北市,77.9,39.7,70.3,62.1,0.629,2.3,200.5,Sample Data,新北市,板橋測站
2026-07-07 18:00:00,板橋測站,新北市,78.1,36.4,52.0,59.8,0.567,2.26,238.5,Sample Data,新北市,板橋測站
2026-07-07 19:00:00,板橋測站,新北市,72.1,40.8,78.7,63.3,0.585,3.29,228.4,Sample Data,新北市,板橋測站
2026-07-07 20:00:00,板橋測站,新北市,77.3,37.1,62.6,61.8,0.694,2.32,319.3,Sample Data,新北市,板橋測站
2026-07-07 21:00:00,板橋測站,新北市,73.3,38.5,76.7,59.5,0.548,2.13,238.9,Sample Data,新北市,板橋測站
2026-07-07 22:00:00,板橋測站,新北市,69.8,41.7,82.2,56.8,0.509,1.9,338.0,Sample Data,新北市,板橋測站
2026-07-07 23:00:00,板橋測站,新北市,52.6,29.7,62.5,49.2,0.575,2.65,351.5,Sample Data,新北市,板橋測站
2026-07-08 00:00:00,板橋測站,新北市,64.7,35.9,71.5,54.6,0.657,2.05,271.5,Sample Data,新北市,板橋測站
2026-07-08 01:00:00,板橋測站,新北市,72.4,39.0,71.8,49.8,0.57,2.68,42.8,Sample Data,新北市,板橋測站
2026-07-08 02:00:00,板橋測站,新北市,73.9,39.9,69.3,54.7,0.589,2.17,47.7,Sample Data,新北市,板橋測站
2026-07-08 03:00:00,板橋測站,新北市,68.7,43.9,82.1,47.6,0.548,2.15,329.4,Sample Data,新北市,板橋測站
2026-07-08 04:00:00,板橋測站,新北市,71.3,38.9,63.5,46.3,0.821,2.73,341.5,Sample Data,新北市,板橋測站
2026-07-08 05:00:00,板橋測站,新北市,61.2,32.8,57.5,37.4,0.66,3.26,330.3,Sample Data,新北市,板橋測站
2026-07-08 06:00:00,板橋測站,新北市,64.9,39.6,66.9,40.4,0.64,0.64,296.6,Sample Data,新北市,板橋測站
2026-07-08 07:00:00,板橋測站,新北市,73.9,39.9,55.3,42.4,0.609,2.59,283.9,Sample Data,新北市,板橋測站
2026-07-08 08:00:00,板橋測站,新北市,69.2,38.9,60.8,36.5,0.57,3.23,264.2,Sample Data,新北市,板橋測站
2026-07-08 09:00:00,板橋測站,新北市,80.1,43.2,78.9,39.0,0.651,1.22,298.1,Sample Data,新北市,板橋測站
2026-07-08 10:00:00,板橋測站,新北市,72.9,39.4,77.9,43.7,0.703,1.22,52.2,Sample Data,新北市,板橋測站
2026-07-08 11:00:00,板橋測站,新北市,68.3,39.3,74.5,42.4,0.593,2.6,31.9,Sample Data,新北市,板橋測站
2026-07-08 12:00:00,板橋測站,新北市,65.8,35.3,74.5,45.5,0.542,2.19,264.1,Sample Data,新北市,板橋測站
2026-07-08 13:00:00,板橋測站,新北市,63.4,34.6,73.7,41.2,0.617,3.89,62.2,Sample Data,新北市,板橋測站
2026-07-08 14:00:00,板橋測站,新北市,63.7,31.9,46.6,45.5,0.547,2.12,0.4,Sample Data,新北市,板橋測站
2026-07-08 15:00:00,板橋測站,新北市,67.9,32.6,61.6,50.7,0.695,2.46,280.3,Sample Data,新北市,板橋測站
2026-07-08 16:00:00,板橋測站,新北市,70.0,38.4,59.0,60.9,0.56,2.73,23.0,Sample Data,新北市,板橋測站
2026-07-08 17:00:00,板橋測站,新北市,73.1,42.7,76.1,60.5,0.597,2.34,303.9,Sample Data,新北市,板橋測站
2026-07-08 18:00:00,板橋測站,新北市,65.7,35.9,48.6,57.1,0.552,3.22,358.6,Sample Data,新北市,板橋測站
2026-07-08 19:00:00,板橋測站,新北市,63.9,35.6,70.0,55.0,0.577,2.76,325.7,Sample Data,新北市,板橋測站
2026-07-08 20:00:00,板橋測站,新北市,60.2,35.7,64.2,57.1,0.593,1.52,349.9,Sample Data,新北市,板橋測站
2026-07-08 21:00:00,板橋測站,新北市,59.2,39.5,67.6,54.9,0.494,1.94,32.8,Sample Data,新北市,板橋測站
2026-07-08 22:00:00,板橋測站,新北市,63.7,35.0,63.5,51.6,0.568,2.05,42.8,Sample Data,新北市,板橋測站
2026-07-08 23:00:00,板橋測站,新北市,62.1,35.5,53.5,51.6,0.649,2.48,10.4,Sample Data,新北市,板橋測站
2026-07-09 00:00:00,板橋測站,新北市,60.3,31.1,47.3,44.7,0.559,2.03,108.1,Sample Data,新北市,板橋測站
2026-07-09 01:00:00,板橋測站,新北市,57.9,34.4,57.3,45.3,0.57,1.34,52.9,Sample Data,新北市,板橋測站
2026-07-09 02:00:00,板橋測站,新北市,58.5,34.4,60.5,47.6,0.5,2.18,78.7,Sample Data,新北市,板橋測站
2026-07-09 03:00:00,板橋測站,新北市,61.1,36.0,59.3,45.3,0.556,1.69,27.7,Sample Data,新北市,板橋測站
2026-07-09 04:00:00,板橋測站,新北市,62.7,36.3,62.7,37.8,0.57,2.87,94.2,Sample Data,新北市,板橋測站
2026-07-09 05:00:00,板橋測站,新北市,55.9,35.7,71.9,35.4,0.624,2.16,60.8,Sample Data,新北市,板橋測站
2026-07-09 06:00:00,板橋測站,新北市,67.2,33.5,47.6,36.1,0.578,3.08,21.1,Sample Data,新北市,板橋測站
2026-07-09 07:00:00,板橋測站,新北市,70.7,37.9,62.1,33.0,0.648,1.9,57.5,Sample Data,新北市,板橋測站
2026-07-09 08:00:00,板橋測站,新北市,63.0,35.5,59.2,34.6,0.603,2.7,286.1,Sample Data,新北市,板橋測站
2026-07-09 09:00:00,板橋測站,新北市,77.7,40.2,66.9,34.2,0.684,1.77,92.9,Sample Data,新北市,板橋測站
2026-07-09 10:00:00,板橋測站,新北市,62.5,35.7,59.1,34.5,0.69,3.93,155.8,Sample Data,新北市,板橋測站
2026-07-09 11:00:00,板橋測站,新北市,66.4,35.7,54.9,35.9,0.671,3.11,67.3,Sample Data,新北市,板橋測站
2026-07-09 12:00:00,板橋測站,新北市,52.0,30.7,60.9,34.3,0.542,1.92,353.5,Sample Data,新北市,板橋測站
2026-07-09 13:00:00,板橋測站,新北市,59.0,33.1,55.3,41.7,0.441,0.88,173.9,Sample Data,新北市,板橋測站
2026-07-09 14:00:00,板橋測站,新北市,69.0,36.8,59.7,53.1,0.583,2.45,77.3,Sample Data,新北市,板橋測站
2026-07-09 15:00:00,板橋測站,新北市,57.6,32.3,50.0,50.7,0.531,2.52,157.1,Sample Data,新北市,板橋測站
2026-07-09 16:00:00,板橋測站,新北市,62.3,37.7,60.3,52.1,0.673,1.0,78.7,Sample Data,新北市,板橋測站
2026-07-09 17:00:00,板橋測站,新北市,73.0,35.2,64.6,56.8,0.706,2.54,160.0,Sample Data,新北市,板橋測站
2026-07-09 18:00:00,板橋測站,新北市,64.9,33.4,55.6,56.9,0.57,1.86,117.4,Sample Data,新北市,板橋測站
2026-07-09 19:00:00,板橋測站,新北市,60.0,36.7,66.3,52.4,0.597,2.53,133.9,Sample Data,新北市,板橋測站
2026-07-09 20:00:00,板橋測站,新北市,63.7,30.3,45.5,57.8,0.618,1.81,45.7,Sample Data,新北市,板橋測站
2026-07-09 21:00:00,板橋測站,新北市,63.7,34.4,52.9,57.8,0.605,2.55,78.4,Sample Data,新北市,板橋測站
2026-07-09 22:00:00,板橋測站,新北市,59.7,37.9,67.7,51.5,0.571,3.61,168.1,Sample Data,新北市,板橋測站
2026-07-09 23:00:00,板橋測站,新北市,57.9,34.5,59.6,50.2,0.598,2.95,44.0,Sample Data,新北市,板橋測站
2026-07-10 00:00:00,板橋測站,新北市,61.9,34.6,68.5,53.7,0.588,2.87,150.2,Sample Data,新北市,板橋測站
2026-07-10 01:00:00,板橋測站,新北市,64.1,37.6,69.6,50.3,0.56,1.62,138.8,Sample Data,新北市,板橋測站
2026-07-10 02:00:00,板橋測站,新北市,55.9,34.4,66.4,37.2,0.565,2.08,122.0,Sample Data,新北市,板橋測站
2026-07-10 03:00:00,板橋測站,新北市,50.9,31.5,49.2,35.1,0.464,2.53,147.9,Sample Data,新北市,板橋測站
2026-07-10 04:00:00,板橋測站,新北市,60.5,33.0,67.9,39.6,0.486,2.54,232.4,Sample Data,新北市,板橋測站
2026-07-10 05:00:00,板橋測站,新北市,54.1,33.1,62.5,36.5,0.595,2.54,193.2,Sample Data,新北市,板橋測站
2026-07-10 06:00:00,板橋測站,新北市,63.6,34.2,57.3,38.3,0.686,2.67,163.8,Sample Data,新北市,板橋測站
2026-07-10 07:00:00,板橋測站,新北市,66.2,35.2,63.1,43.5,0.636,2.34,140.5,Sample Data,新北市,板橋測站
2026-07-10 08:00:00,板橋測站,新北市,66.5,31.6,58.5,36.8,0.523,2.29,114.5,Sample Data,新北市,板橋測站
2026-07-10 09:00:00,板橋測站,新北市,62.8,34.0,56.7,41.6,0.484,0.97,135.2,Sample Data,新北市,板橋測站
2026-07-10 10:00:00,板橋測站,新北市,65.5,36.9,70.0,40.0,0.57,3.41,120.2,Sample Data,新北市,板橋測站
2026-07-10 11:00:00,板橋測站,新北市,61.6,42.2,81.1,43.5,0.61,2.58,151.7,Sample Data,新北市,板橋測站
2026-07-10 12:00:00,板橋測站,新北市,60.8,32.9,58.8,47.7,0.585,2.99,96.2,Sample Data,新北市,板橋測站
2026-07-10 13:00:00,板橋測站,新北市,59.0,37.0,65.3,42.8,0.67,2.48,247.3,Sample Data,新北市,板橋測站
2026-07-10 14:00:00,板橋測站,新北市,62.5,35.7,63.3,53.4,0.526,2.12,200.3,Sample Data,新北市,板橋測站
2026-07-10 15:00:00,板橋測站,新北市,63.0,33.6,68.0,48.5,0.591,1.51,103.7,Sample Data,新北市,板橋測站
2026-07-10 16:00:00,板橋測站,新北市,67.3,36.2,63.2,48.9,0.623,0.93,100.4,Sample Data,新北市,板橋測站
2026-07-10 17:00:00,板橋測站,新北市,60.2,35.7,70.7,59.4,0.65,1.13,175.4,Sample Data,新北市,板橋測站
2026-07-10 18:00:00,板橋測站,新北市,65.9,32.2,67.4,57.6,0.558,2.81,38.6,Sample Data,新北市,板橋測站
2026-07-10 19:00:00,板橋測站,新北市,66.3,33.5,50.2,55.0,0.587,2.33,194.7,Sample Data,新北市,板橋測站
2026-07-10 20:00:00,板橋測站,新北市,68.6,35.6,55.4,53.6,0.604,3.1,107.3,Sample Data,新北市,板橋測站
2026-07-10 21:00:00,板橋測站,新北市,74.5,33.9,63.0,65.2,0.609,1.86,150.6,Sample Data,新北市,板橋測站
2026-07-10 22:00:00,板橋測站,新北市,64.3,34.4,47.9,52.7,0.587,3.07,246.0,Sample Data,新北市,板橋測站
2026-07-10 23:00:00,板橋測站,新北市,62.1,37.3,58.5,47.7,0.516,2.24,254.0,Sample Data,新北市,板橋測站
2026-07-11 00:00:00,板橋測站,新北市,56.6,38.1,63.1,43.9,0.561,2.6,216.4,Sample Data,新北市,板橋測站
2026-07-11 01:00:00,板橋測站,新北市,57.3,31.5,66.7,42.0,0.461,2.79,164.8,Sample Data,新北市,板橋測站
2026-07-11 02:00:00,板橋測站,新北市,55.7,35.0,60.3,41.2,0.619,2.48,118.0,Sample Data,新北市,板橋測站
2026-07-11 03:00:00,板橋測站,新北市,50.9,32.6,56.4,40.8,0.557,2.26,205.2,Sample Data,新北市,板橋測站
2026-07-11 04:00:00,板橋測站,新北市,58.8,35.9,52.5,37.4,0.586,2.13,194.0,Sample Data,新北市,板橋測站
2026-07-11 05:00:00,板橋測站,新北市,63.9,35.6,70.2,37.7,0.574,0.35,177.0,Sample Data,新北市,板橋測站
2026-07-11 06:00:00,板橋測站,新北市,57.1,34.4,53.3,41.2,0.551,4.03,210.8,Sample Data,新北市,板橋測站
2026-07-11 07:00:00,板橋測站,新北市,61.5,33.1,55.8,32.6,0.558,2.27,176.4,Sample Data,新北市,板橋測站
2026-07-11 08:00:00,板橋測站,新北市,74.2,39.7,61.5,44.7,0.565,1.24,137.2,Sample Data,新北市,板橋測站
2026-07-11 09:00:00,板橋測站,新北市,68.7,40.1,65.2,38.5,0.636,1.95,177.7,Sample Data,新北市,板橋測站
2026-07-11 10:00:00,板橋測站,新北市,58.3,32.3,60.4,35.3,0.62,2.01,288.1,Sample Data,新北市,板橋測站
2026-07-11 11:00:00,板橋測站,新北市,68.9,36.7,69.5,44.3,0.592,2.95,251.6,Sample Data,新北市,板橋測站
2026-07-11 12:00:00,板橋測站,新北市,66.9,34.1,45.0,47.1,0.597,2.5,208.0,Sample Data,新北市,板橋測站
2026-07-11 13:00:00,板橋測站,新北市,59.1,31.6,52.7,42.5,0.589,2.71,219.4,Sample Data,新北市,板橋測站
2026-07-11 14:00:00,板橋測站,新北市,53.8,29.0,41.1,51.4,0.555,2.46,101.5,Sample Data,新北市,板橋測站
2026-07-11 15:00:00,板橋測站,新北市,54.5,33.1,58.0,51.6,0.516,2.51,291.8,Sample Data,新北市,板橋測站
2026-07-11 16:00:00,板橋測站,新北市,64.9,33.5,64.7,56.9,0.555,3.32,243.0,Sample Data,新北市,板橋測站
2026-07-11 17:00:00,板橋測站,新北市,71.5,37.6,69.3,53.9,0.668,2.1,148.7,Sample Data,新北市,板橋測站
2026-07-11 18:00:00,板橋測站,新北市,62.2,29.7,43.1,55.4,0.583,2.33,258.1,Sample Data,新北市,板橋測站
2026-07-11 19:00:00,板橋測站,新北市,70.5,28.8,50.2,63.2,0.7,1.31,217.8,Sample Data,新北市,板橋測站
2026-07-11 20:00:00,板橋測站,新北市,59.5,38.8,68.2,54.2,0.632,3.25,303.7,Sample Data,新北市,板橋測站
2026-07-11 21:00:00,板橋測站,新北市,67.0,35.0,62.7,53.8,0.582,3.1,334.5,Sample Data,新北市,板橋測站
2026-07-11 22:00:00,板橋測站,新北市,59.1,33.4,63.4,49.1,0.656,2.71,275.2,Sample Data,新北市,板橋測站
2026-07-11 23:00:00,板橋測站,新北市,70.7,35.6,61.6,51.5,0.542,2.78,272.1,Sample Data,新北市,板橋測站
2026-07-12 00:00:00,板橋測站,新北市,60.0,34.1,53.6,48.2,0.601,1.15,289.7,Sample Data,新北市,板橋測站
2026-07-12 01:00:00,板橋測站,新北市,53.1,32.4,59.2,38.7,0.451,2.58,232.2,Sample Data,新北市,板橋測站
2026-07-12 02:00:00,板橋測站,新北市,54.1,34.6,47.7,38.9,0.578,3.39,318.7,Sample Data,新北市,板橋測站
2026-07-12 03:00:00,板橋測站,新北市,61.1,27.4,46.1,45.7,0.594,1.55,232.1,Sample Data,新北市,板橋測站
2026-07-12 04:00:00,板橋測站,新北市,72.3,33.1,58.3,40.0,0.565,3.31,289.4,Sample Data,新北市,板橋測站
2026-07-12 05:00:00,板橋測站,新北市,62.6,31.6,58.6,43.5,0.623,2.0,238.8,Sample Data,新北市,板橋測站
2026-07-12 06:00:00,板橋測站,新北市,75.3,42.5,66.5,39.6,0.587,2.38,195.8,Sample Data,新北市,板橋測站
2026-07-12 07:00:00,板橋測站,新北市,69.6,34.3,62.0,34.3,0.69,2.62,11.7,Sample Data,新北市,板橋測站
2026-07-12 08:00:00,板橋測站,新北市,72.9,35.8,68.8,38.8,0.663,1.36,315.1,Sample Data,新北市,板橋測站
2026-07-12 09:00:00,板橋測站,新北市,74.8,41.8,76.1,40.5,0.593,3.68,195.0,Sample Data,新北市,板橋測站
2026-07-12 10:00:00,板橋測站,新北市,60.8,36.3,70.2,42.8,0.47,2.04,178.9,Sample Data,新北市,板橋測站
2026-07-12 11:00:00,板橋測站,新北市,68.3,31.8,54.2,46.8,0.597,2.69,314.6,Sample Data,新北市,板橋測站
2026-07-12 12:00:00,板橋測站,新北市,61.5,31.5,60.8,46.6,0.588,1.56,326.0,Sample Data,新北市,板橋測站
2026-07-12 13:00:00,板橋測站,新北市,62.2,33.5,48.5,49.1,0.505,1.68,272.9,Sample Data,新北市,板橋測站
2026-07-12 14:00:00,板橋測站,新北市,71.0,40.2,73.7,55.5,0.559,0.49,290.0,Sample Data,新北市,板橋測站
2026-07-12 15:00:00,板橋測站,新北市,70.4,41.7,88.4,43.2,0.597,1.97,0.4,Sample Data,新北市,板橋測站
2026-07-12 16:00:00,板橋測站,新北市,73.8,40.6,75.2,56.9,0.548,0.77,357.1,Sample Data,新北市,板橋測站
2026-07-12 17:00:00,板橋測站,新北市,68.8,32.7,49.3,54.7,0.53,3.6,358.2,Sample Data,新北市,板橋測站
2026-07-12 18:00:00,板橋測站,新北市,68.9,35.6,55.5,57.2,0.542,2.23,241.7,Sample Data,新北市,板橋測站
2026-07-12 19:00:00,板橋測站,新北市,63.7,40.2,75.9,46.9,0.554,2.67,319.7,Sample Data,新北市,板橋測站
2026-07-12 20:00:00,板橋測站,新北市,55.8,34.0,65.0,50.0,0.434,1.76,251.7,Sample Data,新北市,板橋測站
2026-07-12 21:00:00,板橋測站,新北市,67.3,28.0,46.8,54.7,0.645,1.15,226.9,Sample Data,新北市,板橋測站
2026-07-12 22:00:00,板橋測站,新北市,68.6,36.8,51.6,53.9,0.549,3.12,108.0,Sample Data,新北市,板橋測站
2026-07-12 23:00:00,板橋測站,新北市,62.5,33.1,59.1,56.4,0.526,2.11,357.0,Sample Data,新北市,板橋測站
2026-07-13 00:00:00,板橋測站,新北市,73.7,37.1,70.0,48.2,0.602,2.51,334.2,Sample Data,新北市,板橋測站
2026-07-13 01:00:00,板橋測站,新北市,76.6,39.7,61.2,51.3,0.609,2.45,4.9,Sample Data,新北市,板橋測站
2026-07-13 02:00:00,板橋測站,新北市,66.0,43.1,81.2,47.2,0.682,1.31,45.4,Sample Data,新北市,板橋測站
2026-07-13 03:00:00,板橋測站,新北市,60.7,32.9,66.7,36.1,0.543,2.46,322.7,Sample Data,新北市,板橋測站
2026-07-13 04:00:00,板橋測站,新北市,70.4,47.2,68.4,36.0,0.599,1.6,1.7,Sample Data,新北市,板橋測站
2026-07-13 05:00:00,板橋測站,新北市,70.0,35.4,65.4,39.2,0.645,2.89,49.3,Sample Data,新北市,板橋測站
2026-07-13 06:00:00,板橋測站,新北市,73.0,40.7,63.7,43.2,0.703,1.06,292.1,Sample Data,新北市,板橋測站
2026-07-13 07:00:00,板橋測站,新北市,78.6,30.9,50.8,38.3,0.633,1.4,316.3,Sample Data,新北市,板橋測站
2026-07-13 08:00:00,板橋測站,新北市,73.5,35.6,52.1,38.5,0.724,1.94,6.9,Sample Data,新北市,板橋測站
2026-07-13 09:00:00,板橋測站,新北市,71.0,35.3,52.0,35.1,0.627,3.01,252.7,Sample Data,新北市,板橋測站
2026-07-13 10:00:00,板橋測站,新北市,66.9,32.0,61.9,38.6,0.596,3.33,19.2,Sample Data,新北市,板橋測站
2026-07-13 11:00:00,板橋測站,新北市,62.1,35.4,59.5,43.1,0.507,2.49,350.5,Sample Data,新北市,板橋測站
2026-07-13 12:00:00,板橋測站,新北市,66.5,38.5,65.8,48.0,0.553,1.39,184.3,Sample Data,新北市,板橋測站
2026-07-13 13:00:00,板橋測站,新北市,62.9,32.6,51.2,43.1,0.603,1.64,25.5,Sample Data,新北市,板橋測站
2026-07-13 14:00:00,板橋測站,新北市,61.0,34.5,69.8,48.0,0.53,2.07,41.0,Sample Data,新北市,板橋測站
2026-07-13 15:00:00,板橋測站,新北市,60.4,34.0,63.3,45.6,0.475,2.76,62.0,Sample Data,新北市,板橋測站
2026-07-13 16:00:00,板橋測站,新北市,58.9,35.2,65.2,49.4,0.513,2.47,25.6,Sample Data,新北市,板橋測站
2026-07-13 17:00:00,板橋測站,新北市,70.6,36.4,68.5,57.3,0.626,2.34,107.4,Sample Data,新北市,板橋測站
2026-07-13 18:00:00,板橋測站,新北市,67.7,40.1,75.2,60.6,0.588,3.46,43.8,Sample Data,新北市,板橋測站
2026-07-13 19:00:00,板橋測站,新北市,65.1,34.5,63.1,51.0,0.583,2.47,353.1,Sample Data,新北市,板橋測站
2026-07-13 20:00:00,板橋測站,新北市,78.5,39.5,75.8,56.9,0.704,0.99,359.0,Sample Data,新北市,板橋測站
2026-07-13 21:00:00,板橋測站,新北市,68.9,41.3,74.0,57.3,0.577,2.09,75.2,Sample Data,新北市,板橋測站
2026-07-13 22:00:00,板橋測站,新北市,58.7,28.2,48.5,43.6,0.545,1.44,120.2,Sample Data,新北市,板橋測站
2026-07-13 23:00:00,板橋測站,新北市,70.9,33.8,52.7,51.0,0.708,1.93,17.3,Sample Data,新北市,板橋測站
2026-07-14 00:00:00,板橋測站,新北市,54.5,36.5,63.3,45.8,0.506,3.08,102.1,Sample Data,新北市,板橋測站
2026-07-14 01:00:00,板橋測站,新北市,51.9,38.7,73.8,43.6,0.502,2.22,37.2,Sample Data,新北市,板橋測站
2026-07-14 02:00:00,板橋測站,新北市,59.8,31.6,52.5,37.8,0.524,1.6,18.9,Sample Data,新北市,板橋測站
2026-07-14 03:00:00,板橋測站,新北市,60.9,35.0,46.6,42.6,0.57,2.96,84.4,Sample Data,新北市,板橋測站
2026-07-14 04:00:00,板橋測站,新北市,58.4,34.5,56.4,30.7,0.597,2.41,21.2,Sample Data,新北市,板橋測站
2026-07-14 05:00:00,板橋測站,新北市,59.7,33.9,80.2,42.0,0.536,2.84,88.0,Sample Data,新北市,板橋測站
2026-07-14 06:00:00,板橋測站,新北市,59.6,30.5,47.8,29.8,0.528,2.81,56.3,Sample Data,新北市,板橋測站
2026-07-14 07:00:00,板橋測站,新北市,75.0,33.8,60.7,31.6,0.634,1.41,54.9,Sample Data,新北市,板橋測站
2026-07-14 08:00:00,板橋測站,新北市,69.2,36.0,72.9,37.3,0.664,2.15,6.9,Sample Data,新北市,板橋測站
2026-07-14 09:00:00,板橋測站,新北市,59.2,33.7,44.9,39.1,0.473,3.4,71.8,Sample Data,新北市,板橋測站
2026-07-14 10:00:00,板橋測站,新北市,63.4,32.1,56.8,36.7,0.592,1.18,336.1,Sample Data,新北市,板橋測站
2026-07-14 11:00:00,板橋測站,新北市,54.4,34.1,58.3,35.4,0.568,2.39,17.1,Sample Data,新北市,板橋測站
2026-07-14 12:00:00,板橋測站,新北市,60.0,34.2,67.0,42.2,0.558,2.11,0.2,Sample Data,新北市,板橋測站
2026-07-14 13:00:00,板橋測站,新北市,58.1,31.5,58.9,47.5,0.566,2.05,43.6,Sample Data,新北市,板橋測站
2026-07-14 14:00:00,板橋測站,新北市,61.8,27.6,45.6,42.1,0.548,3.9,170.3,Sample Data,新北市,板橋測站
2026-07-14 15:00:00,板橋測站,新北市,64.0,36.4,45.6,48.3,0.544,2.45,55.1,Sample Data,新北市,板橋測站
2026-07-14 16:00:00,板橋測站,新北市,67.5,30.4,51.1,51.6,0.617,1.52,93.0,Sample Data,新北市,板橋測站
2026-07-14 17:00:00,板橋測站,新北市,64.6,33.5,60.4,50.9,0.588,2.14,53.4,Sample Data,新北市,板橋測站
2026-07-14 18:00:00,板橋測站,新北市,74.7,39.2,59.0,53.3,0.614,1.98,21.4,Sample Data,新北市,板橋測站
2026-07-14 19:00:00,板橋測站,新北市,67.6,34.7,50.8,67.7,0.569,0.85,5.0,Sample Data,新北市,板橋測站
2026-07-14 20:00:00,板橋測站,新北市,67.0,40.1,81.1,58.4,0.589,2.12,105.9,Sample Data,新北市,板橋測站
2026-07-14 21:00:00,板橋測站,新北市,64.9,36.8,71.1,61.9,0.601,2.94,128.7,Sample Data,新北市,板橋測站
2026-07-14 22:00:00,板橋測站,新北市,59.9,34.7,56.9,52.4,0.531,2.67,98.3,Sample Data,新北市,板橋測站
2026-07-14 23:00:00,板橋測站,新北市,56.0,41.5,72.3,45.0,0.553,4.25,52.1,Sample Data,新北市,板橋測站
2026-07-15 00:00:00,板橋測站,新北市,53.4,32.8,61.8,43.5,0.567,1.56,8.6,Sample Data,新北市,板橋測站
2026-07-15 01:00:00,板橋測站,新北市,56.0,28.7,39.1,39.8,0.567,2.04,27.5,Sample Data,新北市,板橋測站
2026-07-15 02:00:00,板橋測站,新北市,67.5,33.2,59.1,47.4,0.624,1.72,96.1,Sample Data,新北市,板橋測站
2026-07-15 03:00:00,板橋測站,新北市,56.5,35.8,77.0,36.6,0.548,1.64,45.6,Sample Data,新北市,板橋測站
2026-07-15 04:00:00,板橋測站,新北市,54.1,30.1,42.4,39.9,0.498,1.85,98.4,Sample Data,新北市,板橋測站
2026-07-15 05:00:00,板橋測站,新北市,65.5,36.4,52.3,34.0,0.528,3.24,152.2,Sample Data,新北市,板橋測站
2026-07-15 06:00:00,板橋測站,新北市,59.9,32.7,61.2,38.1,0.551,3.86,194.8,Sample Data,新北市,板橋測站
2026-07-15 07:00:00,板橋測站,新北市,74.8,40.0,69.3,38.3,0.718,2.49,143.4,Sample Data,新北市,板橋測站
2026-07-15 08:00:00,板橋測站,新北市,70.9,42.2,88.6,38.3,0.547,1.73,41.2,Sample Data,新北市,板橋測站
2026-07-15 09:00:00,板橋測站,新北市,72.0,34.2,61.3,37.5,0.609,1.33,113.6,Sample Data,新北市,板橋測站
2026-07-15 10:00:00,板橋測站,新北市,77.9,41.0,63.4,42.9,0.657,1.87,167.2,Sample Data,新北市,板橋測站
2026-07-15 11:00:00,板橋測站,新北市,57.1,30.8,46.9,42.7,0.551,1.16,147.0,Sample Data,新北市,板橋測站
2026-07-15 12:00:00,板橋測站,新北市,51.9,34.5,57.6,44.9,0.474,1.09,102.5,Sample Data,新北市,板橋測站
2026-07-15 13:00:00,板橋測站,新北市,54.2,38.5,64.8,42.4,0.474,2.45,207.9,Sample Data,新北市,板橋測站
2026-07-15 14:00:00,板橋測站,新北市,63.0,31.9,55.5,46.3,0.439,2.8,155.6,Sample Data,新北市,板橋測站
2026-07-15 15:00:00,板橋測站,新北市,64.2,34.2,60.2,52.4,0.618,2.18,205.2,Sample Data,新北市,板橋測站
2026-07-15 16:00:00,板橋測站,新北市,66.3,34.4,61.3,53.9,0.519,1.6,45.0,Sample Data,新北市,板橋測站
2026-07-15 17:00:00,板橋測站,新北市,68.6,41.3,82.5,64.4,0.627,1.75,124.5,Sample Data,新北市,板橋測站
2026-07-15 18:00:00,板橋測站,新北市,70.9,35.1,68.2,60.5,0.535,1.68,136.5,Sample Data,新北市,板橋測站
2026-07-15 19:00:00,板橋測站,新北市,73.1,41.0,60.2,55.6,0.658,1.75,157.2,Sample Data,新北市,板橋測站
2026-07-15 20:00:00,板橋測站,新北市,65.8,27.9,47.7,60.2,0.594,1.44,153.8,Sample Data,新北市,板橋測站
2026-07-15 21:00:00,板橋測站,新北市,55.0,29.6,42.5,55.2,0.444,2.3,144.8,Sample Data,新北市,板橋測站
2026-07-15 22:00:00,板橋測站,新北市,68.6,38.5,63.0,52.0,0.673,1.55,114.6,Sample Data,新北市,板橋測站
2026-07-15 23:00:00,板橋測站,新北市,66.8,31.5,53.7,55.5,0.595,2.35,205.0,Sample Data,新北市,板橋測站
2026-07-16 00:00:00,板橋測站,新北市,59.4,32.1,47.0,45.6,0.559,3.52,155.6,Sample Data,新北市,板橋測站
2026-07-16 01:00:00,板橋測站,新北市,60.7,29.4,51.6,48.5,0.574,3.06,223.2,Sample Data,新北市,板橋測站
2026-07-16 02:00:00,板橋測站,新北市,68.9,39.5,75.1,39.6,0.641,2.83,272.3,Sample Data,新北市,板橋測站
2026-07-16 03:00:00,板橋測站,新北市,70.3,42.7,67.2,37.5,0.63,1.88,200.6,Sample Data,新北市,板橋測站
2026-07-16 04:00:00,板橋測站,新北市,65.2,37.1,62.6,29.0,0.6,3.17,294.9,Sample Data,新北市,板橋測站
2026-07-16 05:00:00,板橋測站,新北市,70.8,42.0,73.0,42.0,0.617,1.71,166.7,Sample Data,新北市,板橋測站
2026-07-16 06:00:00,板橋測站,新北市,65.3,37.3,52.6,35.4,0.616,2.88,135.8,Sample Data,新北市,板橋測站
2026-07-16 07:00:00,板橋測站,新北市,68.7,39.3,77.9,44.6,0.688,2.8,240.0,Sample Data,新北市,板橋測站
2026-07-16 08:00:00,板橋測站,新北市,88.4,34.2,67.6,42.1,0.763,1.99,211.2,Sample Data,新北市,板橋測站
2026-07-16 09:00:00,板橋測站,新北市,74.3,36.3,70.1,37.7,0.681,2.67,267.5,Sample Data,新北市,板橋測站
2026-07-16 10:00:00,板橋測站,新北市,66.4,30.8,64.8,45.3,0.569,2.61,250.0,Sample Data,新北市,板橋測站
2026-07-16 11:00:00,板橋測站,新北市,62.0,39.0,69.8,41.1,0.633,1.84,119.1,Sample Data,新北市,板橋測站
2026-07-16 12:00:00,板橋測站,新北市,69.0,30.4,63.8,47.2,0.661,2.71,348.6,Sample Data,新北市,板橋測站
2026-07-16 13:00:00,板橋測站,新北市,64.4,36.6,57.6,45.9,0.673,1.97,296.4,Sample Data,新北市,板橋測站
2026-07-16 14:00:00,板橋測站,新北市,71.4,37.0,60.7,51.6,0.61,1.76,203.6,Sample Data,新北市,板橋測站
2026-07-16 15:00:00,板橋測站,新北市,62.2,37.5,65.3,52.6,0.618,1.13,219.9,Sample Data,新北市,板橋測站
2026-07-16 16:00:00,板橋測站,新北市,75.9,38.4,73.3,47.1,0.682,1.81,131.3,Sample Data,新北市,板橋測站
2026-07-16 17:00:00,板橋測站,新北市,75.5,41.8,77.7,53.3,0.644,1.34,233.3,Sample Data,新北市,板橋測站
2026-07-16 18:00:00,板橋測站,新北市,76.9,34.0,58.9,55.9,0.695,3.44,296.0,Sample Data,新北市,板橋測站
2026-07-16 19:00:00,板橋測站,新北市,70.7,37.6,60.4,50.1,0.576,2.26,261.5,Sample Data,新北市,板橋測站
2026-07-16 20:00:00,板橋測站,新北市,73.0,42.1,77.4,52.0,0.713,1.66,335.6,Sample Data,新北市,板橋測站
2026-07-16 21:00:00,板橋測站,新北市,81.9,41.2,55.2,57.5,0.725,2.76,175.9,Sample Data,新北市,板橋測站
2026-07-16 22:00:00,板橋測站,新北市,68.4,28.8,41.9,58.0,0.665,1.96,274.7,Sample Data,新北市,板橋測站
2026-07-16 23:00:00,板橋測站,新北市,67.9,37.0,76.1,44.9,0.512,2.21,237.4,Sample Data,新北市,板橋測站
2026-07-17 00:00:00,板橋測站,新北市,69.8,34.8,53.1,50.7,0.622,2.97,283.7,Sample Data,新北市,板橋測站
2026-07-17 01:00:00,板橋測站,新北市,70.7,39.2,71.1,47.4,0.607,2.66,256.1,Sample Data,新北市,板橋測站
2026-07-17 02:00:00,板橋測站,新北市,71.5,33.4,56.9,47.1,0.527,2.49,177.2,Sample Data,新北市,板橋測站
2026-07-17 03:00:00,板橋測站,新北市,66.9,38.8,49.9,39.5,0.524,1.12,267.5,Sample Data,新北市,板橋測站
2026-07-17 04:00:00,板橋測站,新北市,72.4,38.7,71.1,40.6,0.571,1.93,191.3,Sample Data,新北市,板橋測站
2026-07-17 05:00:00,板橋測站,新北市,67.3,36.4,72.8,33.7,0.594,1.31,245.7,Sample Data,新北市,板橋測站
2026-07-17 06:00:00,板橋測站,新北市,73.3,40.1,77.8,37.9,0.559,1.77,249.0,Sample Data,新北市,板橋測站
2026-07-17 07:00:00,板橋測站,新北市,79.3,40.7,75.9,33.9,0.685,1.66,314.1,Sample Data,新北市,板橋測站
2026-07-17 08:00:00,板橋測站,新北市,87.3,40.4,63.5,44.5,0.68,1.64,307.0,Sample Data,新北市,板橋測站
2026-07-17 09:00:00,板橋測站,新北市,81.4,38.5,68.2,39.5,0.678,2.22,175.1,Sample Data,新北市,板橋測站
2026-07-17 10:00:00,板橋測站,新北市,75.3,39.6,79.1,34.6,0.703,2.48,215.8,Sample Data,新北市,板橋測站
2026-07-17 11:00:00,板橋測站,新北市,67.5,36.9,57.3,45.7,0.512,1.57,171.5,Sample Data,新北市,板橋測站
2026-07-17 12:00:00,板橋測站,新北市,65.0,40.1,78.1,41.4,0.579,2.66,202.0,Sample Data,新北市,板橋測站
2026-07-17 13:00:00,板橋測站,新北市,66.3,40.2,60.3,46.6,0.61,1.88,295.2,Sample Data,新北市,板橋測站
2026-07-17 14:00:00,板橋測站,新北市,73.0,43.4,71.9,56.7,0.6,1.3,307.8,Sample Data,新北市,板橋測站
2026-07-17 15:00:00,板橋測站,新北市,77.1,39.6,83.3,48.0,0.644,3.03,229.1,Sample Data,新北市,板橋測站
2026-07-17 16:00:00,板橋測站,新北市,73.1,36.4,72.2,56.4,0.65,1.54,209.5,Sample Data,新北市,板橋測站
2026-07-17 17:00:00,板橋測站,新北市,78.0,37.2,68.4,65.3,0.604,2.56,350.9,Sample Data,新北市,板橋測站
2026-07-17 18:00:00,板橋測站,新北市,81.4,38.5,67.6,59.5,0.591,2.57,291.7,Sample Data,新北市,板橋測站
2026-07-17 19:00:00,板橋測站,新北市,78.7,39.6,60.4,61.8,0.645,1.13,340.3,Sample Data,新北市,板橋測站
2026-07-17 20:00:00,板橋測站,新北市,69.5,32.7,61.8,55.7,0.505,2.0,16.3,Sample Data,新北市,板橋測站
2026-07-17 21:00:00,板橋測站,新北市,68.4,35.9,57.0,59.0,0.467,3.5,350.0,Sample Data,新北市,板橋測站
2026-07-17 22:00:00,板橋測站,新北市,80.7,37.0,63.3,55.4,0.697,2.88,313.2,Sample Data,新北市,板橋測站
2026-07-17 23:00:00,板橋測站,新北市,65.9,37.4,68.7,55.1,0.657,3.08,311.7,Sample Data,新北市,板橋測站
2026-07-18 00:00:00,板橋測站,新北市,48.5,31.2,50.9,41.8,0.51,1.83,253.6,Sample Data,新北市,板橋測站
2026-07-18 01:00:00,板橋測站,新北市,65.1,32.7,51.3,49.9,0.63,2.54,6.8,Sample Data,新北市,板橋測站
2026-07-18 02:00:00,板橋測站,新北市,65.6,37.0,66.3,46.9,0.561,3.46,326.5,Sample Data,新北市,板橋測站
2026-07-18 03:00:00,板橋測站,新北市,59.1,37.6,60.8,43.9,0.488,2.21,18.6,Sample Data,新北市,板橋測站
2026-07-18 04:00:00,板橋測站,新北市,59.4,38.7,56.5,41.6,0.606,2.27,358.0,Sample Data,新北市,板橋測站
2026-07-18 05:00:00,板橋測站,新北市,64.4,33.0,66.5,41.9,0.529,2.2,325.6,Sample Data,新北市,板橋測站
2026-07-18 06:00:00,板橋測站,新北市,66.0,35.8,74.9,35.6,0.58,1.21,302.8,Sample Data,新北市,板橋測站
2026-07-18 07:00:00,板橋測站,新北市,70.1,37.8,63.0,46.9,0.576,1.13,287.2,Sample Data,新北市,板橋測站
2026-07-18 08:00:00,板橋測站,新北市,65.4,32.8,55.0,43.8,0.617,3.83,328.4,Sample Data,新北市,板橋測站
2026-07-18 09:00:00,板橋測站,新北市,58.7,37.3,70.6,43.8,0.554,2.28,286.1,Sample Data,新北市,板橋測站
2026-07-18 10:00:00,板橋測站,新北市,62.6,38.0,67.6,34.3,0.538,2.64,12.9,Sample Data,新北市,板橋測站
2026-07-18 11:00:00,板橋測站,新北市,54.9,26.5,36.5,35.6,0.576,1.94,302.7,Sample Data,新北市,板橋測站
2026-07-18 12:00:00,板橋測站,新北市,57.6,40.9,75.7,43.5,0.467,1.65,221.9,Sample Data,新北市,板橋測站
2026-07-18 13:00:00,板橋測站,新北市,64.9,40.2,66.4,40.0,0.578,3.59,10.2,Sample Data,新北市,板橋測站
2026-07-18 14:00:00,板橋測站,新北市,54.0,27.7,43.2,38.8,0.491,1.59,358.8,Sample Data,新北市,板橋測站
2026-07-18 15:00:00,板橋測站,新北市,59.5,32.8,57.8,53.6,0.545,4.54,338.0,Sample Data,新北市,板橋測站
2026-07-18 16:00:00,板橋測站,新北市,56.4,30.4,50.2,53.6,0.453,2.56,297.7,Sample Data,新北市,板橋測站
2026-07-18 17:00:00,板橋測站,新北市,61.2,36.5,55.8,52.5,0.535,1.78,335.7,Sample Data,新北市,板橋測站
2026-07-18 18:00:00,板橋測站,新北市,68.0,34.9,61.5,51.6,0.585,1.73,62.0,Sample Data,新北市,板橋測站
2026-07-18 19:00:00,板橋測站,新北市,54.3,29.0,57.4,57.5,0.608,2.85,16.4,Sample Data,新北市,板橋測站
2026-07-18 20:00:00,板橋測站,新北市,63.7,31.8,60.6,50.6,0.58,2.43,37.6,Sample Data,新北市,板橋測站
2026-07-18 21:00:00,板橋測站,新北市,61.4,37.2,52.7,53.6,0.542,2.24,171.0,Sample Data,新北市,板橋測站
2026-07-18 22:00:00,板橋測站,新北市,55.3,34.6,67.3,53.2,0.582,2.61,86.9,Sample Data,新北市,板橋測站
2026-07-18 23:00:00,板橋測站,新北市,59.4,35.1,71.9,45.7,0.527,2.37,297.2,Sample Data,新北市,板橋測站
2026-07-19 00:00:00,板橋測站,新北市,56.3,35.1,54.5,46.6,0.531,2.4,32.7,Sample Data,新北市,板橋測站
2026-07-19 01:00:00,板橋測站,新北市,49.7,29.6,42.2,41.6,0.493,2.83,319.0,Sample Data,新北市,板橋測站
2026-07-19 02:00:00,板橋測站,新北市,49.2,31.5,57.7,35.2,0.49,3.16,336.0,Sample Data,新北市,板橋測站
2026-07-19 03:00:00,板橋測站,新北市,51.3,32.3,62.6,36.7,0.547,1.98,74.0,Sample Data,新北市,板橋測站
2026-07-19 04:00:00,板橋測站,新北市,56.5,31.8,49.2,33.2,0.601,2.06,275.3,Sample Data,新北市,板橋測站
2026-07-19 05:00:00,板橋測站,新北市,62.7,32.6,58.8,37.3,0.571,1.5,321.1,Sample Data,新北市,板橋測站
2026-07-19 06:00:00,板橋測站,新北市,56.4,32.6,51.6,35.5,0.457,2.77,62.9,Sample Data,新北市,板橋測站
2026-07-19 07:00:00,板橋測站,新北市,70.8,37.0,71.0,37.4,0.639,2.28,347.7,Sample Data,新北市,板橋測站
2026-07-19 08:00:00,板橋測站,新北市,54.3,33.8,64.9,38.1,0.589,2.66,15.2,Sample Data,新北市,板橋測站
2026-07-19 09:00:00,板橋測站,新北市,61.6,38.4,59.8,35.7,0.563,2.3,60.2,Sample Data,新北市,板橋測站
2026-07-19 10:00:00,板橋測站,新北市,62.4,27.9,50.0,33.8,0.611,1.86,46.4,Sample Data,新北市,板橋測站
2026-07-19 11:00:00,板橋測站,新北市,62.2,38.0,71.1,40.4,0.676,2.93,27.8,Sample Data,新北市,板橋測站
2026-07-19 12:00:00,板橋測站,新北市,44.1,32.3,54.5,40.4,0.477,2.98,96.3,Sample Data,新北市,板橋測站
2026-07-19 13:00:00,板橋測站,新北市,47.7,33.4,54.1,39.8,0.564,2.37,150.5,Sample Data,新北市,板橋測站
2026-07-19 14:00:00,板橋測站,新北市,60.5,32.3,59.2,51.6,0.551,1.79,45.6,Sample Data,新北市,板橋測站
2026-07-19 15:00:00,板橋測站,新北市,51.4,36.2,67.8,49.3,0.509,2.24,111.9,Sample Data,新北市,板橋測站
2026-07-19 16:00:00,板橋測站,新北市,60.3,37.5,71.0,53.8,0.509,1.6,39.7,Sample Data,新北市,板橋測站
2026-07-19 17:00:00,板橋測站,新北市,57.5,35.8,63.0,49.8,0.536,2.99,58.0,Sample Data,新北市,板橋測站
2026-07-19 18:00:00,板橋測站,新北市,57.6,29.6,42.8,50.5,0.541,3.22,34.7,Sample Data,新北市,板橋測站
2026-07-19 19:00:00,板橋測站,新北市,54.5,36.8,66.6,54.2,0.538,2.23,138.7,Sample Data,新北市,板橋測站
2026-07-19 20:00:00,板橋測站,新北市,62.0,38.1,80.1,52.8,0.537,2.26,141.7,Sample Data,新北市,板橋測站
2026-07-19 21:00:00,板橋測站,新北市,56.2,32.7,55.6,49.5,0.512,2.74,94.5,Sample Data,新北市,板橋測站
2026-07-19 22:00:00,板橋測站,新北市,44.7,33.3,67.1,41.9,0.484,2.11,48.4,Sample Data,新北市,板橋測站
2026-07-19 23:00:00,板橋測站,新北市,48.1,36.9,59.0,39.2,0.423,2.18,70.1,Sample Data,新北市,板橋測站
2026-07-20 00:00:00,板橋測站,新北市,55.9,26.6,53.8,52.8,0.451,1.89,61.0,Sample Data,新北市,板橋測站
2026-07-20 01:00:00,板橋測站,新北市,57.8,30.2,47.2,44.0,0.635,2.42,133.0,Sample Data,新北市,板橋測站
2026-07-20 02:00:00,板橋測站,新北市,53.5,28.7,62.7,43.6,0.549,1.8,164.1,Sample Data,新北市,板橋測站
2026-07-20 03:00:00,板橋測站,新北市,50.8,27.5,48.6,45.8,0.499,2.05,26.8,Sample Data,新北市,板橋測站
2026-07-20 04:00:00,板橋測站,新北市,58.8,34.6,55.2,37.6,0.588,1.93,149.5,Sample Data,新北市,板橋測站
2026-07-20 05:00:00,板橋測站,新北市,58.0,35.3,70.4,39.9,0.478,1.68,108.1,Sample Data,新北市,板橋測站
2026-07-20 06:00:00,板橋測站,新北市,57.0,32.5,60.2,36.1,0.603,2.65,96.5,Sample Data,新北市,板橋測站
2026-07-20 07:00:00,板橋測站,新北市,68.9,38.7,65.8,31.6,0.522,2.05,0.4,Sample Data,新北市,板橋測站
2026-07-20 08:00:00,板橋測站,新北市,79.2,40.8,55.4,45.2,0.602,1.43,89.9,Sample Data,新北市,板橋測站
2026-07-20 09:00:00,板橋測站,新北市,69.3,38.5,72.1,39.5,0.661,1.81,34.9,Sample Data,新北市,板橋測站
2026-07-20 10:00:00,板橋測站,新北市,61.7,32.4,58.2,37.2,0.605,3.58,43.1,Sample Data,新北市,板橋測站
2026-07-20 11:00:00,板橋測站,新北市,55.4,30.9,47.8,36.5,0.58,3.13,140.0,Sample Data,新北市,板橋測站
2026-07-20 12:00:00,板橋測站,新北市,56.2,34.3,56.5,39.7,0.594,2.63,201.0,Sample Data,新北市,板橋測站
2026-07-20 13:00:00,板橋測站,新北市,67.0,37.5,72.4,48.6,0.729,2.52,185.4,Sample Data,新北市,板橋測站
2026-07-20 14:00:00,板橋測站,新北市,62.9,34.8,66.3,50.1,0.637,2.58,124.5,Sample Data,新北市,板橋測站
2026-07-20 15:00:00,板橋測站,新北市,62.0,30.9,59.7,53.9,0.589,2.59,146.5,Sample Data,新北市,板橋測站
2026-07-20 16:00:00,板橋測站,新北市,62.7,32.2,64.5,56.6,0.648,2.08,179.3,Sample Data,新北市,板橋測站
2026-07-20 17:00:00,板橋測站,新北市,69.7,33.3,65.0,53.2,0.596,2.15,275.1,Sample Data,新北市,板橋測站
2026-07-20 18:00:00,板橋測站,新北市,61.7,36.3,53.3,53.0,0.607,2.88,172.2,Sample Data,新北市,板橋測站
2026-07-20 19:00:00,板橋測站,新北市,75.6,41.9,69.8,59.9,0.665,1.62,78.7,Sample Data,新北市,板橋測站
2026-07-20 20:00:00,板橋測站,新北市,57.8,34.1,50.2,57.3,0.563,3.37,188.4,Sample Data,新北市,板橋測站
2026-07-20 21:00:00,板橋測站,新北市,60.1,35.8,61.3,47.1,0.571,1.7,232.6,Sample Data,新北市,板橋測站
2026-07-20 22:00:00,板橋測站,新北市,61.7,40.0,72.2,57.5,0.529,2.27,151.8,Sample Data,新北市,板橋測站
2026-07-20 23:00:00,板橋測站,新北市,59.6,35.0,66.1,51.5,0.553,1.71,233.7,Sample Data,新北市,板橋測站
2026-07-21 00:00:00,板橋測站,新北市,66.4,32.8,59.4,51.1,0.61,2.87,162.1,Sample Data,新北市,板橋測站
2026-07-21 01:00:00,板橋測站,新北市,58.4,36.8,73.0,38.4,0.53,3.13,143.6,Sample Data,新北市,板橋測站
2026-07-21 02:00:00,板橋測站,新北市,67.5,29.2,53.3,51.5,0.543,2.77,244.1,Sample Data,新北市,板橋測站
2026-07-21 03:00:00,板橋測站,新北市,60.3,33.3,54.3,38.7,0.631,2.76,180.4,Sample Data,新北市,板橋測站
2026-07-21 04:00:00,板橋測站,新北市,65.5,37.5,66.2,46.1,0.658,2.8,145.6,Sample Data,新北市,板橋測站
2026-07-21 05:00:00,板橋測站,新北市,62.0,33.9,53.9,39.7,0.64,2.78,157.8,Sample Data,新北市,板橋測站
2026-07-21 06:00:00,板橋測站,新北市,66.9,37.0,65.7,40.4,0.653,1.52,210.2,Sample Data,新北市,板橋測站
2026-07-21 07:00:00,板橋測站,新北市,73.3,37.3,72.0,44.9,0.65,2.15,187.1,Sample Data,新北市,板橋測站
2026-07-21 08:00:00,板橋測站,新北市,68.5,40.5,66.6,41.1,0.544,1.64,289.1,Sample Data,新北市,板橋測站
2026-07-21 09:00:00,板橋測站,新北市,77.1,36.8,62.9,45.2,0.574,3.32,260.1,Sample Data,新北市,板橋測站
2026-07-21 10:00:00,板橋測站,新北市,71.3,33.5,65.2,45.7,0.643,1.23,197.2,Sample Data,新北市,板橋測站
2026-07-21 11:00:00,板橋測站,新北市,84.5,40.3,55.8,53.7,0.725,3.06,226.7,Sample Data,新北市,板橋測站
2026-07-21 12:00:00,板橋測站,新北市,73.6,35.1,66.8,51.6,0.647,1.78,219.5,Sample Data,新北市,板橋測站
2026-07-21 13:00:00,板橋測站,新北市,59.0,27.2,38.9,43.7,0.602,3.39,248.4,Sample Data,新北市,板橋測站
2026-07-21 14:00:00,板橋測站,新北市,78.1,40.3,73.8,46.7,0.7,0.45,189.8,Sample Data,新北市,板橋測站
2026-07-21 15:00:00,板橋測站,新北市,70.8,34.6,70.0,56.6,0.583,1.93,154.8,Sample Data,新北市,板橋測站
2026-07-21 16:00:00,板橋測站,新北市,77.1,37.8,62.6,57.4,0.695,2.12,207.5,Sample Data,新北市,板橋測站
2026-07-21 17:00:00,板橋測站,新北市,86.3,40.7,62.6,62.1,0.618,1.73,164.5,Sample Data,新北市,板橋測站
2026-07-21 18:00:00,板橋測站,新北市,74.5,41.6,82.0,63.4,0.634,2.9,263.2,Sample Data,新北市,板橋測站
2026-07-21 19:00:00,板橋測站,新北市,77.3,40.8,78.4,54.5,0.597,2.87,299.1,Sample Data,新北市,板橋測站
2026-07-21 20:00:00,板橋測站,新北市,71.6,30.8,58.5,56.3,0.63,1.88,295.8,Sample Data,新北市,板橋測站
2026-07-21 21:00:00,板橋測站,新北市,73.5,39.4,78.4,58.0,0.583,2.48,286.5,Sample Data,新北市,板橋測站
2026-07-21 22:00:00,板橋測站,新北市,75.7,39.4,66.4,53.5,0.65,2.11,184.2,Sample Data,新北市,板橋測站
2026-07-21 23:00:00,板橋測站,新北市,63.3,28.9,57.1,49.8,0.697,3.61,195.2,Sample Data,新北市,板橋測站
2026-07-22 00:00:00,板橋測站,新北市,69.2,32.2,56.6,48.7,0.6,2.45,288.5,Sample Data,新北市,板橋測站
2026-07-22 01:00:00,板橋測站,新北市,66.8,36.1,66.3,40.7,0.631,2.07,152.1,Sample Data,新北市,板橋測站
2026-07-22 02:00:00,板橋測站,新北市,68.3,32.6,60.3,47.5,0.66,1.62,262.2,Sample Data,新北市,板橋測站
2026-07-22 03:00:00,板橋測站,新北市,71.6,37.5,63.3,45.6,0.597,2.49,311.6,Sample Data,新北市,板橋測站
2026-07-22 04:00:00,板橋測站,新北市,73.0,38.6,76.2,47.9,0.626,2.34,315.3,Sample Data,新北市,板橋測站
2026-07-22 05:00:00,板橋測站,新北市,69.1,32.6,62.7,34.7,0.634,2.34,177.4,Sample Data,新北市,板橋測站
2026-07-22 06:00:00,板橋測站,新北市,80.2,31.6,58.2,40.0,0.666,2.67,175.6,Sample Data,新北市,板橋測站
2026-07-22 07:00:00,板橋測站,新北市,79.3,39.2,59.8,39.3,0.611,1.42,335.0,Sample Data,新北市,板橋測站
2026-07-22 08:00:00,板橋測站,新北市,80.8,37.7,54.1,39.6,0.602,1.94,256.2,Sample Data,新北市,板橋測站
2026-07-22 09:00:00,板橋測站,新北市,75.1,37.7,62.7,40.4,0.745,3.68,221.0,Sample Data,新北市,板橋測站
2026-07-22 10:00:00,板橋測站,新北市,70.3,33.7,53.1,42.2,0.715,2.25,320.8,Sample Data,新北市,板橋測站
2026-07-22 11:00:00,板橋測站,新北市,74.0,36.0,62.8,49.4,0.603,1.88,225.1,Sample Data,新北市,板橋測站
2026-07-22 12:00:00,板橋測站,新北市,64.9,34.3,53.3,41.9,0.629,2.63,249.1,Sample Data,新北市,板橋測站
2026-07-22 13:00:00,板橋測站,新北市,66.9,35.3,64.7,43.8,0.542,1.27,307.9,Sample Data,新北市,板橋測站
2026-07-22 14:00:00,板橋測站,新北市,70.9,40.9,78.5,49.8,0.605,1.34,332.3,Sample Data,新北市,板橋測站
2026-07-22 15:00:00,板橋測站,新北市,72.3,39.3,66.3,53.4,0.631,1.76,2.4,Sample Data,新北市,板橋測站
2026-07-22 16:00:00,板橋測站,新北市,84.6,37.0,48.5,60.2,0.589,1.7,227.8,Sample Data,新北市,板橋測站
2026-07-22 17:00:00,板橋測站,新北市,75.6,40.7,79.3,54.6,0.719,2.49,238.3,Sample Data,新北市,板橋測站
2026-07-22 18:00:00,板橋測站,新北市,75.2,42.7,65.1,56.4,0.626,1.82,211.9,Sample Data,新北市,板橋測站
2026-07-22 19:00:00,板橋測站,新北市,72.9,41.7,75.8,57.8,0.738,2.23,9.2,Sample Data,新北市,板橋測站
2026-07-22 20:00:00,板橋測站,新北市,70.6,36.2,66.8,55.5,0.661,1.7,312.0,Sample Data,新北市,板橋測站
2026-07-22 21:00:00,板橋測站,新北市,74.2,35.3,63.0,55.7,0.533,1.95,335.4,Sample Data,新北市,板橋測站
2026-07-22 22:00:00,板橋測站,新北市,77.1,40.2,74.6,55.1,0.708,1.55,11.1,Sample Data,新北市,板橋測站
2026-07-22 23:00:00,板橋測站,新北市,70.8,37.8,51.2,59.3,0.649,2.49,298.3,Sample Data,新北市,板橋測站
2026-07-23 00:00:00,板橋測站,新北市,66.4,36.4,64.0,45.8,0.523,2.37,227.9,Sample Data,新北市,板橋測站
2026-07-23 01:00:00,板橋測站,新北市,64.4,33.9,60.2,38.3,0.7,2.18,346.1,Sample Data,新北市,板橋測站
2026-07-23 02:00:00,板橋測站,新北市,58.7,37.1,63.9,34.6,0.563,3.01,317.0,Sample Data,新北市,板橋測站
2026-07-23 03:00:00,板橋測站,新北市,71.5,40.6,68.7,43.6,0.623,2.32,336.8,Sample Data,新北市,板橋測站
2026-07-23 04:00:00,板橋測站,新北市,52.9,32.1,54.5,43.2,0.575,2.33,280.6,Sample Data,新北市,板橋測站
2026-07-23 05:00:00,板橋測站,新北市,64.4,41.3,51.8,42.4,0.662,3.5,36.1,Sample Data,新北市,板橋測站
2026-07-23 06:00:00,板橋測站,新北市,76.9,38.6,71.8,43.0,0.639,2.05,289.0,Sample Data,新北市,板橋測站
2026-07-23 07:00:00,板橋測站,新北市,69.5,42.2,72.6,39.5,0.562,2.72,81.8,Sample Data,新北市,板橋測站
2026-07-23 08:00:00,板橋測站,新北市,68.3,37.8,58.0,45.0,0.707,2.13,25.0,Sample Data,新北市,板橋測站
2026-07-23 09:00:00,板橋測站,新北市,74.3,35.9,60.5,41.6,0.59,1.88,325.9,Sample Data,新北市,板橋測站
2026-07-23 10:00:00,板橋測站,新北市,65.5,36.7,63.5,36.6,0.563,3.42,345.0,Sample Data,新北市,板橋測站
2026-07-23 11:00:00,板橋測站,新北市,66.1,35.3,61.9,46.5,0.596,1.71,102.9,Sample Data,新北市,板橋測站
2026-07-23 12:00:00,板橋測站,新北市,68.1,35.0,66.5,50.3,0.678,1.71,32.0,Sample Data,新北市,板橋測站
2026-07-23 13:00:00,板橋測站,新北市,67.2,44.0,90.0,46.9,0.538,2.22,3.1,Sample Data,新北市,板橋測站
2026-07-23 14:00:00,板橋測站,新北市,58.5,35.0,68.0,44.8,0.551,2.42,18.0,Sample Data,新北市,板橋測站
2026-07-23 15:00:00,板橋測站,新北市,71.0,37.9,64.9,52.9,0.674,3.16,106.6,Sample Data,新北市,板橋測站
2026-07-23 16:00:00,板橋測站,新北市,68.5,38.7,63.2,49.2,0.603,4.41,28.7,Sample Data,新北市,板橋測站
2026-07-23 17:00:00,板橋測站,新北市,65.8,37.0,50.7,62.7,0.647,2.56,353.4,Sample Data,新北市,板橋測站
2026-07-23 18:00:00,板橋測站,新北市,69.3,41.3,48.3,65.7,0.619,2.52,77.8,Sample Data,新北市,板橋測站
2026-07-23 19:00:00,板橋測站,新北市,71.8,39.5,56.6,58.1,0.694,1.79,341.0,Sample Data,新北市,板橋測站
2026-07-23 20:00:00,板橋測站,新北市,72.8,36.1,59.2,56.6,0.548,1.85,36.7,Sample Data,新北市,板橋測站
2026-07-23 21:00:00,板橋測站,新北市,64.8,39.0,64.9,57.6,0.581,1.9,28.0,Sample Data,新北市,板橋測站
2026-07-23 22:00:00,板橋測站,新北市,64.3,37.9,71.2,55.6,0.649,2.96,28.2,Sample Data,新北市,板橋測站
2026-07-23 23:00:00,板橋測站,新北市,55.9,30.8,46.9,50.6,0.475,2.1,46.4,Sample Data,新北市,板橋測站
2026-07-24 00:00:00,板橋測站,新北市,54.7,34.4,57.1,46.2,0.56,1.88,22.7,Sample Data,新北市,板橋測站
2026-07-24 01:00:00,板橋測站,新北市,61.3,32.4,49.0,43.6,0.506,2.14,130.6,Sample Data,新北市,板橋測站
2026-07-24 02:00:00,板橋測站,新北市,51.8,31.6,64.4,39.2,0.519,2.81,135.3,Sample Data,新北市,板橋測站
2026-07-24 03:00:00,板橋測站,新北市,56.0,31.2,52.0,33.9,0.524,1.82,104.1,Sample Data,新北市,板橋測站
2026-07-24 04:00:00,板橋測站,新北市,56.6,34.8,65.0,38.3,0.49,2.15,169.6,Sample Data,新北市,板橋測站
2026-07-24 05:00:00,板橋測站,新北市,65.6,35.3,49.9,43.3,0.516,2.16,336.9,Sample Data,新北市,板橋測站
2026-07-24 06:00:00,板橋測站,新北市,65.5,35.9,57.1,35.4,0.608,2.9,332.4,Sample Data,新北市,板橋測站
2026-07-24 07:00:00,板橋測站,新北市,64.2,35.6,73.9,36.2,0.57,1.73,75.1,Sample Data,新北市,板橋測站
2026-07-24 08:00:00,板橋測站,新北市,68.0,35.5,58.7,36.1,0.565,2.6,253.6,Sample Data,新北市,板橋測站
2026-07-24 09:00:00,板橋測站,新北市,64.6,32.0,48.6,36.1,0.585,1.92,40.9,Sample Data,新北市,板橋測站
2026-07-24 10:00:00,板橋測站,新北市,64.1,34.1,70.3,37.9,0.535,1.54,69.3,Sample Data,新北市,板橋測站
2026-07-24 11:00:00,板橋測站,新北市,61.5,30.5,47.9,44.8,0.588,2.83,189.2,Sample Data,新北市,板橋測站
2026-07-24 12:00:00,板橋測站,新北市,56.6,30.4,61.6,48.9,0.503,1.94,54.2,Sample Data,新北市,板橋測站
2026-07-24 13:00:00,板橋測站,新北市,63.9,31.5,58.3,47.2,0.607,2.2,100.6,Sample Data,新北市,板橋測站
2026-07-24 14:00:00,板橋測站,新北市,51.0,29.7,34.3,43.9,0.505,2.31,47.7,Sample Data,新北市,板橋測站
2026-07-24 15:00:00,板橋測站,新北市,55.5,27.9,52.8,42.9,0.547,2.25,55.6,Sample Data,新北市,板橋測站
2026-07-24 16:00:00,板橋測站,新北市,52.4,34.6,52.8,46.2,0.51,3.31,113.2,Sample Data,新北市,板橋測站
2026-07-24 17:00:00,板橋測站,新北市,71.3,38.1,49.3,54.4,0.608,3.11,59.2,Sample Data,新北市,板橋測站
2026-07-24 18:00:00,板橋測站,新北市,68.0,37.0,65.4,59.0,0.519,1.16,324.4,Sample Data,新北市,板橋測站
2026-07-24 19:00:00,板橋測站,新北市,69.6,38.7,70.6,54.1,0.605,3.28,186.2,Sample Data,新北市,板橋測站
2026-07-24 20:00:00,板橋測站,新北市,67.1,37.1,59.9,53.9,0.593,1.62,86.4,Sample Data,新北市,板橋測站
2026-07-24 21:00:00,板橋測站,新北市,54.9,36.2,66.9,45.0,0.636,1.37,33.1,Sample Data,新北市,板橋測站
2026-07-24 22:00:00,板橋測站,新北市,55.4,37.2,56.9,47.1,0.475,3.25,145.9,Sample Data,新北市,板橋測站
2026-07-24 23:00:00,板橋測站,新北市,64.3,36.6,68.1,52.4,0.568,1.95,44.3,Sample Data,新北市,板橋測站
2026-07-25 00:00:00,板橋測站,新北市,54.7,34.5,58.0,46.7,0.474,2.38,329.0,Sample Data,新北市,板橋測站
2026-07-25 01:00:00,板橋測站,新北市,42.3,29.2,38.6,35.6,0.492,3.87,122.1,Sample Data,新北市,板橋測站
2026-07-25 02:00:00,板橋測站,新北市,53.8,31.9,51.4,38.5,0.572,1.36,162.9,Sample Data,新北市,板橋測站
2026-07-25 03:00:00,板橋測站,新北市,50.8,31.5,59.1,43.0,0.511,2.72,68.6,Sample Data,新北市,板橋測站
2026-07-25 04:00:00,板橋測站,新北市,51.3,28.2,59.1,37.7,0.479,2.28,149.5,Sample Data,新北市,板橋測站
2026-07-25 05:00:00,板橋測站,新北市,52.5,31.7,46.4,39.6,0.472,2.96,161.9,Sample Data,新北市,板橋測站
2026-07-25 06:00:00,板橋測站,新北市,54.6,29.5,56.1,37.1,0.486,2.54,44.8,Sample Data,新北市,板橋測站
2026-07-25 07:00:00,板橋測站,新北市,60.1,31.0,51.6,31.3,0.533,1.74,56.7,Sample Data,新北市,板橋測站
2026-07-25 08:00:00,板橋測站,新北市,68.7,35.4,60.7,42.1,0.569,3.33,84.9,Sample Data,新北市,板橋測站
2026-07-25 09:00:00,板橋測站,新北市,64.2,38.5,61.5,34.5,0.644,1.78,188.7,Sample Data,新北市,板橋測站
2026-07-25 10:00:00,板橋測站,新北市,55.9,33.8,65.1,34.1,0.557,2.52,163.4,Sample Data,新北市,板橋測站
2026-07-25 11:00:00,板橋測站,新北市,52.4,29.8,53.6,42.9,0.524,2.27,166.4,Sample Data,新北市,板橋測站
2026-07-25 12:00:00,板橋測站,新北市,52.9,27.7,49.0,41.2,0.448,2.74,113.2,Sample Data,新北市,板橋測站
2026-07-25 13:00:00,板橋測站,新北市,48.9,28.3,46.3,38.9,0.519,3.65,177.5,Sample Data,新北市,板橋測站
2026-07-25 14:00:00,板橋測站,新北市,50.2,36.6,58.2,46.8,0.475,3.02,121.7,Sample Data,新北市,板橋測站
2026-07-25 15:00:00,板橋測站,新北市,60.2,28.9,46.5,54.1,0.564,3.27,180.9,Sample Data,新北市,板橋測站
2026-07-25 16:00:00,板橋測站,新北市,59.0,36.5,64.2,42.0,0.512,3.38,86.9,Sample Data,新北市,板橋測站
2026-07-25 17:00:00,板橋測站,新北市,66.9,38.2,53.9,52.3,0.703,1.7,115.3,Sample Data,新北市,板橋測站
2026-07-25 18:00:00,板橋測站,新北市,58.9,37.8,53.2,59.1,0.589,1.77,94.7,Sample Data,新北市,板橋測站
2026-07-25 19:00:00,板橋測站,新北市,68.9,36.6,65.3,51.8,0.546,0.85,104.5,Sample Data,新北市,板橋測站
2026-07-25 20:00:00,板橋測站,新北市,56.3,32.1,63.1,52.1,0.573,2.28,190.0,Sample Data,新北市,板橋測站
2026-07-25 21:00:00,板橋測站,新北市,59.9,34.7,70.4,48.4,0.584,1.85,195.5,Sample Data,新北市,板橋測站
2026-07-25 22:00:00,板橋測站,新北市,49.9,28.7,50.3,50.9,0.56,2.8,183.5,Sample Data,新北市,板橋測站
2026-07-25 23:00:00,板橋測站,新北市,53.5,35.3,62.4,47.4,0.614,2.47,181.2,Sample Data,新北市,板橋測站
2026-06-26 00:00:00,桃園測站,桃園市,69.0,36.1,52.7,56.9,0.648,1.86,220.1,Sample Data,桃園市,桃園測站
2026-06-26 01:00:00,桃園測站,桃園市,71.3,43.0,79.7,47.4,0.622,1.63,214.7,Sample Data,桃園市,桃園測站
2026-06-26 02:00:00,桃園測站,桃園市,72.2,43.2,75.8,48.9,0.584,3.0,245.6,Sample Data,桃園市,桃園測站
2026-06-26 03:00:00,桃園測站,桃園市,76.9,41.6,67.4,46.2,0.618,3.11,220.9,Sample Data,桃園市,桃園測站
2026-06-26 04:00:00,桃園測站,桃園市,67.2,43.8,71.6,37.1,0.674,3.58,247.5,Sample Data,桃園市,桃園測站
2026-06-26 05:00:00,桃園測站,桃園市,80.4,45.0,84.4,44.5,0.7,1.61,235.3,Sample Data,桃園市,桃園測站
2026-06-26 06:00:00,桃園測站,桃園市,84.9,41.8,77.5,39.9,0.619,1.61,173.2,Sample Data,桃園市,桃園測站
2026-06-26 07:00:00,桃園測站,桃園市,81.9,39.8,73.9,40.5,0.611,1.86,232.4,Sample Data,桃園市,桃園測站
2026-06-26 08:00:00,桃園測站,桃園市,84.8,42.7,86.4,42.3,0.706,1.38,344.5,Sample Data,桃園市,桃園測站
2026-06-26 09:00:00,桃園測站,桃園市,81.0,42.0,63.4,42.5,0.665,1.48,231.1,Sample Data,桃園市,桃園測站
2026-06-26 10:00:00,桃園測站,桃園市,70.5,44.2,72.0,34.3,0.576,3.23,78.3,Sample Data,桃園市,桃園測站
2026-06-26 11:00:00,桃園測站,桃園市,81.6,44.7,70.0,49.9,0.613,1.26,143.0,Sample Data,桃園市,桃園測站
2026-06-26 12:00:00,桃園測站,桃園市,79.0,40.8,70.5,42.9,0.623,1.71,138.7,Sample Data,桃園市,桃園測站
2026-06-26 13:00:00,桃園測站,桃園市,71.5,35.9,66.4,42.7,0.606,3.55,165.1,Sample Data,桃園市,桃園測站
2026-06-26 14:00:00,桃園測站,桃園市,77.3,40.9,71.4,49.9,0.652,2.23,217.0,Sample Data,桃園市,桃園測站
2026-06-26 15:00:00,桃園測站,桃園市,70.8,42.7,67.7,51.0,0.606,1.45,122.3,Sample Data,桃園市,桃園測站
2026-06-26 16:00:00,桃園測站,桃園市,77.0,39.4,71.0,60.3,0.689,2.09,126.8,Sample Data,桃園市,桃園測站
2026-06-26 17:00:00,桃園測站,桃園市,86.6,43.2,86.3,56.2,0.549,1.31,257.7,Sample Data,桃園市,桃園測站
2026-06-26 18:00:00,桃園測站,桃園市,84.4,38.6,62.0,54.8,0.708,1.79,199.5,Sample Data,桃園市,桃園測站
2026-06-26 19:00:00,桃園測站,桃園市,79.6,41.9,76.2,59.6,0.656,1.41,196.8,Sample Data,桃園市,桃園測站
2026-06-26 20:00:00,桃園測站,桃園市,79.1,47.2,73.1,58.9,0.641,2.9,223.0,Sample Data,桃園市,桃園測站
2026-06-26 21:00:00,桃園測站,桃園市,77.3,43.0,78.5,56.6,0.646,2.2,251.1,Sample Data,桃園市,桃園測站
2026-06-26 22:00:00,桃園測站,桃園市,72.4,42.2,65.1,49.4,0.628,0.91,214.0,Sample Data,桃園市,桃園測站
2026-06-26 23:00:00,桃園測站,桃園市,72.9,40.3,68.2,58.5,0.659,3.02,351.1,Sample Data,桃園市,桃園測站
2026-06-27 00:00:00,桃園測站,桃園市,64.5,35.1,59.9,49.3,0.575,1.92,341.1,Sample Data,桃園市,桃園測站
2026-06-27 01:00:00,桃園測站,桃園市,62.8,39.1,56.9,42.4,0.546,2.76,234.8,Sample Data,桃園市,桃園測站
2026-06-27 02:00:00,桃園測站,桃園市,67.9,33.9,56.2,46.6,0.546,1.84,3.2,Sample Data,桃園市,桃園測站
2026-06-27 03:00:00,桃園測站,桃園市,59.0,37.0,59.2,37.7,0.512,2.44,119.8,Sample Data,桃園市,桃園測站
2026-06-27 04:00:00,桃園測站,桃園市,67.8,38.0,70.7,38.2,0.591,1.88,259.5,Sample Data,桃園市,桃園測站
2026-06-27 05:00:00,桃園測站,桃園市,77.8,48.1,98.3,48.5,0.663,3.26,310.6,Sample Data,桃園市,桃園測站
2026-06-27 06:00:00,桃園測站,桃園市,75.5,41.2,74.8,34.0,0.558,2.33,208.7,Sample Data,桃園市,桃園測站
2026-06-27 07:00:00,桃園測站,桃園市,78.6,41.3,59.7,44.3,0.65,2.46,207.2,Sample Data,桃園市,桃園測站
2026-06-27 08:00:00,桃園測站,桃園市,79.5,44.4,80.8,39.0,0.609,1.68,199.1,Sample Data,桃園市,桃園測站
2026-06-27 09:00:00,桃園測站,桃園市,77.9,42.6,77.9,40.8,0.704,1.73,247.4,Sample Data,桃園市,桃園測站
2026-06-27 10:00:00,桃園測站,桃園市,70.4,35.5,68.7,41.5,0.679,3.19,191.5,Sample Data,桃園市,桃園測站
2026-06-27 11:00:00,桃園測站,桃園市,74.4,40.5,69.8,37.2,0.707,2.57,237.4,Sample Data,桃園市,桃園測站
2026-06-27 12:00:00,桃園測站,桃園市,66.3,32.8,46.4,39.0,0.635,3.21,286.5,Sample Data,桃園市,桃園測站
2026-06-27 13:00:00,桃園測站,桃園市,67.4,39.5,71.9,44.2,0.586,2.48,291.5,Sample Data,桃園市,桃園測站
2026-06-27 14:00:00,桃園測站,桃園市,70.7,34.4,61.5,60.2,0.597,2.48,89.6,Sample Data,桃園市,桃園測站
2026-06-27 15:00:00,桃園測站,桃園市,72.5,39.2,65.4,48.0,0.646,1.9,286.6,Sample Data,桃園市,桃園測站
2026-06-27 16:00:00,桃園測站,桃園市,66.9,42.1,71.1,58.1,0.574,2.54,346.3,Sample Data,桃園市,桃園測站
2026-06-27 17:00:00,桃園測站,桃園市,78.8,34.3,52.5,56.2,0.65,1.02,313.6,Sample Data,桃園市,桃園測站
2026-06-27 18:00:00,桃園測站,桃園市,70.5,38.1,73.4,60.6,0.575,1.02,358.1,Sample Data,桃園市,桃園測站
2026-06-27 19:00:00,桃園測站,桃園市,73.9,36.4,71.3,54.5,0.692,1.74,259.5,Sample Data,桃園市,桃園測站
2026-06-27 20:00:00,桃園測站,桃園市,74.5,37.8,74.4,57.8,0.641,2.35,218.9,Sample Data,桃園市,桃園測站
2026-06-27 21:00:00,桃園測站,桃園市,72.3,39.8,61.4,55.1,0.676,2.03,328.6,Sample Data,桃園市,桃園測站
2026-06-27 22:00:00,桃園測站,桃園市,66.6,39.4,75.0,61.1,0.641,3.39,233.3,Sample Data,桃園市,桃園測站
2026-06-27 23:00:00,桃園測站,桃園市,59.7,35.4,62.7,42.9,0.622,3.91,31.5,Sample Data,桃園市,桃園測站
2026-06-28 00:00:00,桃園測站,桃園市,71.4,39.8,71.4,58.6,0.602,1.93,24.9,Sample Data,桃園市,桃園測站
2026-06-28 01:00:00,桃園測站,桃園市,71.6,36.6,69.0,48.2,0.676,1.68,26.9,Sample Data,桃園市,桃園測站
2026-06-28 02:00:00,桃園測站,桃園市,66.0,44.8,74.2,46.5,0.577,1.06,316.8,Sample Data,桃園市,桃園測站
2026-06-28 03:00:00,桃園測站,桃園市,64.1,32.6,45.9,46.5,0.597,2.41,310.4,Sample Data,桃園市,桃園測站
2026-06-28 04:00:00,桃園測站,桃園市,65.4,35.3,66.1,36.4,0.605,2.51,326.9,Sample Data,桃園市,桃園測站
2026-06-28 05:00:00,桃園測站,桃園市,79.6,40.7,75.1,38.2,0.693,1.66,307.8,Sample Data,桃園市,桃園測站
2026-06-28 06:00:00,桃園測站,桃園市,67.9,35.4,68.6,41.8,0.613,3.39,23.3,Sample Data,桃園市,桃園測站
2026-06-28 07:00:00,桃園測站,桃園市,76.9,46.1,67.4,40.2,0.723,2.18,309.3,Sample Data,桃園市,桃園測站
2026-06-28 08:00:00,桃園測站,桃園市,78.6,38.4,76.8,40.2,0.683,1.11,357.0,Sample Data,桃園市,桃園測站
2026-06-28 09:00:00,桃園測站,桃園市,71.3,47.7,80.2,34.5,0.685,2.0,307.5,Sample Data,桃園市,桃園測站
2026-06-28 10:00:00,桃園測站,桃園市,71.1,41.0,61.5,42.0,0.63,2.49,17.4,Sample Data,桃園市,桃園測站
2026-06-28 11:00:00,桃園測站,桃園市,71.1,39.2,63.1,46.3,0.529,1.01,47.5,Sample Data,桃園市,桃園測站
2026-06-28 12:00:00,桃園測站,桃園市,71.2,35.3,59.4,44.4,0.634,1.35,299.1,Sample Data,桃園市,桃園測站
2026-06-28 13:00:00,桃園測站,桃園市,61.5,36.3,70.5,43.7,0.552,2.58,355.9,Sample Data,桃園市,桃園測站
2026-06-28 14:00:00,桃園測站,桃園市,67.7,35.5,68.8,49.5,0.541,1.33,16.0,Sample Data,桃園市,桃園測站
2026-06-28 15:00:00,桃園測站,桃園市,61.4,32.4,56.8,54.5,0.574,2.59,357.4,Sample Data,桃園市,桃園測站
2026-06-28 16:00:00,桃園測站,桃園市,54.3,31.6,49.8,42.8,0.536,1.69,24.9,Sample Data,桃園市,桃園測站
2026-06-28 17:00:00,桃園測站,桃園市,69.8,41.0,80.0,58.7,0.595,4.25,308.0,Sample Data,桃園市,桃園測站
2026-06-28 18:00:00,桃園測站,桃園市,68.0,41.0,80.5,58.4,0.499,3.41,6.8,Sample Data,桃園市,桃園測站
2026-06-28 19:00:00,桃園測站,桃園市,75.5,34.0,54.5,60.2,0.655,2.45,322.8,Sample Data,桃園市,桃園測站
2026-06-28 20:00:00,桃園測站,桃園市,66.1,37.3,72.3,55.8,0.531,2.39,167.6,Sample Data,桃園市,桃園測站
2026-06-28 21:00:00,桃園測站,桃園市,71.6,30.3,62.3,55.0,0.598,2.06,57.4,Sample Data,桃園市,桃園測站
2026-06-28 22:00:00,桃園測站,桃園市,55.4,38.9,63.4,54.7,0.467,2.07,358.6,Sample Data,桃園市,桃園測站
2026-06-28 23:00:00,桃園測站,桃園市,70.5,36.9,71.3,54.0,0.655,3.85,110.4,Sample Data,桃園市,桃園測站
2026-06-29 00:00:00,桃園測站,桃園市,66.9,35.4,54.0,46.4,0.578,1.43,10.4,Sample Data,桃園市,桃園測站
2026-06-29 01:00:00,桃園測站,桃園市,64.5,39.7,56.6,39.7,0.598,2.39,8.5,Sample Data,桃園市,桃園測站
2026-06-29 02:00:00,桃園測站,桃園市,63.1,38.3,59.2,43.8,0.629,1.81,41.1,Sample Data,桃園市,桃園測站
2026-06-29 03:00:00,桃園測站,桃園市,65.2,33.7,58.6,44.0,0.531,2.34,121.0,Sample Data,桃園市,桃園測站
2026-06-29 04:00:00,桃園測站,桃園市,76.3,44.2,82.1,40.8,0.658,1.64,313.8,Sample Data,桃園市,桃園測站
2026-06-29 05:00:00,桃園測站,桃園市,65.9,40.0,73.9,39.5,0.614,2.69,35.9,Sample Data,桃園市,桃園測站
2026-06-29 06:00:00,桃園測站,桃園市,71.3,44.4,86.7,39.6,0.609,1.94,65.5,Sample Data,桃園市,桃園測站
2026-06-29 07:00:00,桃園測站,桃園市,72.1,38.9,61.8,41.4,0.613,0.83,89.5,Sample Data,桃園市,桃園測站
2026-06-29 08:00:00,桃園測站,桃園市,76.9,37.5,51.1,44.7,0.643,0.59,69.8,Sample Data,桃園市,桃園測站
2026-06-29 09:00:00,桃園測站,桃園市,72.3,37.7,71.6,38.3,0.531,3.13,49.6,Sample Data,桃園市,桃園測站
2026-06-29 10:00:00,桃園測站,桃園市,66.6,34.6,60.4,40.8,0.568,1.94,5.3,Sample Data,桃園市,桃園測站
2026-06-29 11:00:00,桃園測站,桃園市,63.6,37.3,60.9,38.3,0.578,2.97,337.6,Sample Data,桃園市,桃園測站
2026-06-29 12:00:00,桃園測站,桃園市,64.8,34.7,67.5,41.7,0.528,3.26,122.6,Sample Data,桃園市,桃園測站
2026-06-29 13:00:00,桃園測站,桃園市,54.8,30.7,47.1,49.7,0.572,2.68,18.8,Sample Data,桃園市,桃園測站
2026-06-29 14:00:00,桃園測站,桃園市,67.8,34.4,67.9,46.0,0.643,3.87,66.0,Sample Data,桃園市,桃園測站
2026-06-29 15:00:00,桃園測站,桃園市,70.0,37.5,66.5,52.0,0.615,3.53,342.3,Sample Data,桃園市,桃園測站
2026-06-29 16:00:00,桃園測站,桃園市,68.5,42.3,71.3,50.2,0.56,1.01,49.4,Sample Data,桃園市,桃園測站
2026-06-29 17:00:00,桃園測站,桃園市,67.5,38.5,66.2,52.9,0.599,1.93,28.6,Sample Data,桃園市,桃園測站
2026-06-29 18:00:00,桃園測站,桃園市,73.9,42.9,65.9,56.7,0.529,2.12,68.0,Sample Data,桃園市,桃園測站
2026-06-29 19:00:00,桃園測站,桃園市,67.7,36.0,64.1,60.3,0.556,1.93,65.9,Sample Data,桃園市,桃園測站
2026-06-29 20:00:00,桃園測站,桃園市,73.9,40.2,74.9,54.8,0.7,2.21,48.9,Sample Data,桃園市,桃園測站
2026-06-29 21:00:00,桃園測站,桃園市,66.1,41.5,70.7,51.8,0.556,2.78,50.9,Sample Data,桃園市,桃園測站
2026-06-29 22:00:00,桃園測站,桃園市,69.4,39.7,66.7,51.5,0.628,3.6,81.6,Sample Data,桃園市,桃園測站
2026-06-29 23:00:00,桃園測站,桃園市,66.9,38.1,67.8,47.8,0.616,2.11,55.2,Sample Data,桃園市,桃園測站
2026-06-30 00:00:00,桃園測站,桃園市,68.8,38.8,67.4,42.2,0.671,1.67,119.6,Sample Data,桃園市,桃園測站
2026-06-30 01:00:00,桃園測站,桃園市,60.9,33.9,74.9,44.3,0.587,2.43,206.2,Sample Data,桃園市,桃園測站
2026-06-30 02:00:00,桃園測站,桃園市,53.4,36.0,51.1,39.6,0.627,2.03,157.5,Sample Data,桃園市,桃園測站
2026-06-30 03:00:00,桃園測站,桃園市,70.3,38.8,63.0,40.2,0.66,2.3,137.2,Sample Data,桃園市,桃園測站
2026-06-30 04:00:00,桃園測站,桃園市,65.8,44.4,89.9,40.6,0.678,1.46,130.2,Sample Data,桃園市,桃園測站
2026-06-30 05:00:00,桃園測站,桃園市,65.3,38.1,72.2,43.4,0.557,1.75,123.9,Sample Data,桃園市,桃園測站
2026-06-30 06:00:00,桃園測站,桃園市,70.7,38.4,67.1,37.5,0.688,1.75,161.7,Sample Data,桃園市,桃園測站
2026-06-30 07:00:00,桃園測站,桃園市,77.8,38.2,74.8,41.5,0.696,2.65,145.9,Sample Data,桃園市,桃園測站
2026-06-30 08:00:00,桃園測站,桃園市,77.9,42.3,77.9,41.8,0.642,1.89,203.3,Sample Data,桃園市,桃園測站
2026-06-30 09:00:00,桃園測站,桃園市,71.8,35.0,63.5,32.4,0.667,2.35,161.0,Sample Data,桃園市,桃園測站
2026-06-30 10:00:00,桃園測站,桃園市,69.6,34.5,59.8,35.9,0.627,1.95,148.2,Sample Data,桃園市,桃園測站
2026-06-30 11:00:00,桃園測站,桃園市,69.3,39.8,60.5,43.6,0.627,0.58,176.6,Sample Data,桃園市,桃園測站
2026-06-30 12:00:00,桃園測站,桃園市,67.8,40.0,61.1,40.3,0.64,1.31,92.9,Sample Data,桃園市,桃園測站
2026-06-30 13:00:00,桃園測站,桃園市,69.7,36.8,61.1,51.2,0.648,2.86,134.3,Sample Data,桃園市,桃園測站
2026-06-30 14:00:00,桃園測站,桃園市,67.2,36.2,53.1,47.4,0.63,3.13,171.9,Sample Data,桃園市,桃園測站
2026-06-30 15:00:00,桃園測站,桃園市,79.4,38.9,80.3,51.3,0.644,0.9,103.5,Sample Data,桃園市,桃園測站
2026-06-30 16:00:00,桃園測站,桃園市,65.9,36.5,56.2,57.8,0.628,1.19,189.4,Sample Data,桃園市,桃園測站
2026-06-30 17:00:00,桃園測站,桃園市,76.8,40.1,75.6,54.2,0.637,3.0,120.3,Sample Data,桃園市,桃園測站
2026-06-30 18:00:00,桃園測站,桃園市,72.4,39.2,67.8,55.4,0.697,2.21,171.8,Sample Data,桃園市,桃園測站
2026-06-30 19:00:00,桃園測站,桃園市,66.2,39.2,65.2,56.3,0.604,1.58,183.3,Sample Data,桃園市,桃園測站
2026-06-30 20:00:00,桃園測站,桃園市,80.6,40.7,60.4,62.3,0.603,2.53,130.7,Sample Data,桃園市,桃園測站
2026-06-30 21:00:00,桃園測站,桃園市,73.4,37.9,63.2,50.5,0.654,3.43,208.7,Sample Data,桃園市,桃園測站
2026-06-30 22:00:00,桃園測站,桃園市,63.9,33.5,62.3,53.2,0.521,1.74,129.4,Sample Data,桃園市,桃園測站
2026-06-30 23:00:00,桃園測站,桃園市,68.9,44.5,69.0,47.2,0.64,2.25,127.7,Sample Data,桃園市,桃園測站
2026-07-01 00:00:00,桃園測站,桃園市,67.6,35.9,78.5,51.4,0.597,1.83,106.1,Sample Data,桃園市,桃園測站
2026-07-01 01:00:00,桃園測站,桃園市,73.4,41.7,81.8,48.4,0.668,2.43,173.3,Sample Data,桃園市,桃園測站
2026-07-01 02:00:00,桃園測站,桃園市,65.3,37.2,66.2,45.8,0.537,2.87,203.2,Sample Data,桃園市,桃園測站
2026-07-01 03:00:00,桃園測站,桃園市,64.6,36.8,50.4,37.4,0.584,3.83,152.0,Sample Data,桃園市,桃園測站
2026-07-01 04:00:00,桃園測站,桃園市,74.1,40.6,76.8,40.4,0.615,1.05,190.7,Sample Data,桃園市,桃園測站
2026-07-01 05:00:00,桃園測站,桃園市,78.3,41.0,82.7,44.1,0.65,1.72,168.3,Sample Data,桃園市,桃園測站
2026-07-01 06:00:00,桃園測站,桃園市,70.3,38.1,75.4,41.0,0.571,1.26,186.6,Sample Data,桃園市,桃園測站
2026-07-01 07:00:00,桃園測站,桃園市,85.9,42.0,60.9,45.3,0.609,3.18,139.8,Sample Data,桃園市,桃園測站
2026-07-01 08:00:00,桃園測站,桃園市,87.9,42.3,63.6,42.3,0.711,2.35,262.2,Sample Data,桃園市,桃園測站
2026-07-01 09:00:00,桃園測站,桃園市,89.4,44.5,83.0,48.9,0.727,1.62,217.0,Sample Data,桃園市,桃園測站
2026-07-01 10:00:00,桃園測站,桃園市,81.3,41.4,84.8,43.9,0.52,3.29,193.6,Sample Data,桃園市,桃園測站
2026-07-01 11:00:00,桃園測站,桃園市,71.5,35.8,53.2,40.4,0.586,2.62,324.7,Sample Data,桃園市,桃園測站
2026-07-01 12:00:00,桃園測站,桃園市,78.2,44.1,68.0,48.9,0.619,1.86,263.0,Sample Data,桃園市,桃園測站
2026-07-01 13:00:00,桃園測站,桃園市,79.5,41.3,64.2,44.1,0.662,2.32,204.1,Sample Data,桃園市,桃園測站
2026-07-01 14:00:00,桃園測站,桃園市,76.4,41.6,76.1,50.4,0.664,3.29,207.0,Sample Data,桃園市,桃園測站
2026-07-01 15:00:00,桃園測站,桃園市,80.1,43.9,83.9,59.3,0.731,2.45,354.8,Sample Data,桃園市,桃園測站
2026-07-01 16:00:00,桃園測站,桃園市,77.2,46.9,81.7,54.4,0.69,3.17,168.2,Sample Data,桃園市,桃園測站
2026-07-01 17:00:00,桃園測站,桃園市,82.2,35.3,67.3,57.6,0.631,1.95,31.8,Sample Data,桃園市,桃園測站
2026-07-01 18:00:00,桃園測站,桃園市,92.9,40.0,78.4,60.6,0.731,2.15,159.9,Sample Data,桃園市,桃園測站
2026-07-01 19:00:00,桃園測站,桃園市,78.3,41.3,68.6,55.4,0.648,2.78,232.8,Sample Data,桃園市,桃園測站
2026-07-01 20:00:00,桃園測站,桃園市,89.2,41.3,72.9,63.3,0.666,3.36,147.0,Sample Data,桃園市,桃園測站
2026-07-01 21:00:00,桃園測站,桃園市,87.1,43.2,69.4,63.0,0.658,2.46,345.7,Sample Data,桃園市,桃園測站
2026-07-01 22:00:00,桃園測站,桃園市,72.2,45.7,71.4,50.8,0.613,0.87,223.2,Sample Data,桃園市,桃園測站
2026-07-01 23:00:00,桃園測站,桃園市,74.4,36.6,68.9,50.5,0.618,2.46,253.0,Sample Data,桃園市,桃園測站
2026-07-02 00:00:00,桃園測站,桃園市,71.7,39.6,55.6,49.1,0.65,2.65,239.4,Sample Data,桃園市,桃園測站
2026-07-02 01:00:00,桃園測站,桃園市,78.6,37.9,71.6,55.6,0.663,1.96,339.9,Sample Data,桃園市,桃園測站
2026-07-02 02:00:00,桃園測站,桃園市,73.9,46.4,64.7,45.5,0.62,1.65,41.1,Sample Data,桃園市,桃園測站
2026-07-02 03:00:00,桃園測站,桃園市,77.2,41.9,73.9,48.9,0.564,1.37,247.4,Sample Data,桃園市,桃園測站
2026-07-02 04:00:00,桃園測站,桃園市,83.1,40.8,60.1,49.6,0.596,2.61,253.1,Sample Data,桃園市,桃園測站
2026-07-02 05:00:00,桃園測站,桃園市,82.9,39.4,65.0,38.9,0.611,1.69,274.1,Sample Data,桃園市,桃園測站
2026-07-02 06:00:00,桃園測站,桃園市,78.0,39.7,66.7,44.9,0.687,2.1,283.4,Sample Data,桃園市,桃園測站
2026-07-02 07:00:00,桃園測站,桃園市,81.5,46.4,93.2,51.7,0.634,1.24,234.0,Sample Data,桃園市,桃園測站
2026-07-02 08:00:00,桃園測站,桃園市,86.3,49.7,92.9,39.3,0.748,2.75,249.3,Sample Data,桃園市,桃園測站
2026-07-02 09:00:00,桃園測站,桃園市,76.2,36.9,61.2,41.5,0.736,3.55,277.0,Sample Data,桃園市,桃園測站
2026-07-02 10:00:00,桃園測站,桃園市,81.6,39.8,72.2,38.1,0.582,2.87,196.1,Sample Data,桃園市,桃園測站
2026-07-02 11:00:00,桃園測站,桃園市,87.9,40.9,79.5,41.2,0.763,3.01,235.2,Sample Data,桃園市,桃園測站
2026-07-02 12:00:00,桃園測站,桃園市,74.6,37.2,57.3,44.9,0.544,1.8,326.7,Sample Data,桃園市,桃園測站
2026-07-02 13:00:00,桃園測站,桃園市,74.9,39.0,60.6,54.3,0.579,2.71,293.6,Sample Data,桃園市,桃園測站
2026-07-02 14:00:00,桃園測站,桃園市,77.9,38.5,57.0,49.7,0.667,2.48,53.5,Sample Data,桃園市,桃園測站
2026-07-02 15:00:00,桃園測站,桃園市,79.9,35.4,60.1,62.5,0.734,1.78,336.7,Sample Data,桃園市,桃園測站
2026-07-02 16:00:00,桃園測站,桃園市,78.1,40.7,74.4,59.5,0.656,3.9,279.9,Sample Data,桃園市,桃園測站
2026-07-02 17:00:00,桃園測站,桃園市,75.4,35.9,61.4,57.3,0.612,1.88,259.7,Sample Data,桃園市,桃園測站
2026-07-02 18:00:00,桃園測站,桃園市,86.7,42.5,63.8,58.7,0.62,0.96,112.5,Sample Data,桃園市,桃園測站
2026-07-02 19:00:00,桃園測站,桃園市,90.5,47.7,90.3,58.4,0.645,1.58,21.9,Sample Data,桃園市,桃園測站
2026-07-02 20:00:00,桃園測站,桃園市,84.5,39.4,71.9,57.5,0.686,2.35,333.5,Sample Data,桃園市,桃園測站
2026-07-02 21:00:00,桃園測站,桃園市,78.6,38.9,71.9,51.2,0.686,2.72,239.1,Sample Data,桃園市,桃園測站
2026-07-02 22:00:00,桃園測站,桃園市,76.5,42.7,69.0,62.1,0.672,0.87,354.2,Sample Data,桃園市,桃園測站
2026-07-02 23:00:00,桃園測站,桃園市,70.1,40.9,74.9,49.9,0.614,1.87,308.7,Sample Data,桃園市,桃園測站
2026-07-03 00:00:00,桃園測站,桃園市,67.1,39.6,62.0,53.1,0.591,2.42,6.1,Sample Data,桃園市,桃園測站
2026-07-03 01:00:00,桃園測站,桃園市,74.4,43.3,76.9,49.1,0.66,2.49,35.2,Sample Data,桃園市,桃園測站
2026-07-03 02:00:00,桃園測站,桃園市,76.1,38.9,62.4,43.7,0.59,0.7,244.8,Sample Data,桃園市,桃園測站
2026-07-03 03:00:00,桃園測站,桃園市,82.3,39.8,77.9,45.9,0.597,2.11,77.1,Sample Data,桃園市,桃園測站
2026-07-03 04:00:00,桃園測站,桃園市,80.6,42.2,68.1,40.4,0.728,3.27,346.8,Sample Data,桃園市,桃園測站
2026-07-03 05:00:00,桃園測站,桃園市,72.9,44.1,66.1,42.3,0.584,1.78,299.7,Sample Data,桃園市,桃園測站
2026-07-03 06:00:00,桃園測站,桃園市,84.7,48.1,68.9,40.1,0.684,1.69,336.7,Sample Data,桃園市,桃園測站
2026-07-03 07:00:00,桃園測站,桃園市,83.3,40.8,67.2,40.6,0.655,2.62,247.6,Sample Data,桃園市,桃園測站
2026-07-03 08:00:00,桃園測站,桃園市,90.6,44.1,87.0,41.1,0.666,1.27,334.4,Sample Data,桃園市,桃園測站
2026-07-03 09:00:00,桃園測站,桃園市,84.1,40.4,63.7,41.7,0.739,1.96,305.4,Sample Data,桃園市,桃園測站
2026-07-03 10:00:00,桃園測站,桃園市,73.1,30.5,56.1,39.6,0.605,0.59,264.3,Sample Data,桃園市,桃園測站
2026-07-03 11:00:00,桃園測站,桃園市,78.6,42.7,65.0,45.0,0.594,0.75,348.2,Sample Data,桃園市,桃園測站
2026-07-03 12:00:00,桃園測站,桃園市,73.4,41.4,75.7,46.3,0.616,2.16,348.4,Sample Data,桃園市,桃園測站
2026-07-03 13:00:00,桃園測站,桃園市,66.7,28.9,54.5,40.7,0.621,2.0,340.0,Sample Data,桃園市,桃園測站
2026-07-03 14:00:00,桃園測站,桃園市,66.7,39.6,58.0,53.5,0.621,2.21,44.1,Sample Data,桃園市,桃園測站
2026-07-03 15:00:00,桃園測站,桃園市,68.9,37.1,53.8,52.6,0.57,2.88,39.1,Sample Data,桃園市,桃園測站
2026-07-03 16:00:00,桃園測站,桃園市,76.7,35.6,61.5,50.8,0.643,0.56,287.3,Sample Data,桃園市,桃園測站
2026-07-03 17:00:00,桃園測站,桃園市,82.8,43.0,80.0,54.2,0.684,1.86,100.1,Sample Data,桃園市,桃園測站
2026-07-03 18:00:00,桃園測站,桃園市,76.7,40.6,67.1,58.6,0.626,1.84,36.0,Sample Data,桃園市,桃園測站
2026-07-03 19:00:00,桃園測站,桃園市,83.8,42.6,78.7,64.3,0.649,1.94,9.8,Sample Data,桃園市,桃園測站
2026-07-03 20:00:00,桃園測站,桃園市,76.2,42.7,65.7,55.5,0.687,2.9,61.3,Sample Data,桃園市,桃園測站
2026-07-03 21:00:00,桃園測站,桃園市,71.1,41.2,65.0,56.8,0.552,2.58,318.3,Sample Data,桃園市,桃園測站
2026-07-03 22:00:00,桃園測站,桃園市,66.0,38.0,56.8,53.1,0.553,2.72,348.0,Sample Data,桃園市,桃園測站
2026-07-03 23:00:00,桃園測站,桃園市,78.2,40.5,69.9,49.4,0.603,2.96,10.5,Sample Data,桃園市,桃園測站
2026-07-04 00:00:00,桃園測站,桃園市,52.1,37.1,59.6,49.1,0.542,4.18,301.1,Sample Data,桃園市,桃園測站
2026-07-04 01:00:00,桃園測站,桃園市,54.6,34.3,70.8,48.8,0.5,2.0,353.4,Sample Data,桃園市,桃園測站
2026-07-04 02:00:00,桃園測站,桃園市,54.6,39.6,60.6,44.4,0.457,2.0,341.7,Sample Data,桃園市,桃園測站
2026-07-04 03:00:00,桃園測站,桃園市,57.0,33.9,62.6,40.6,0.54,2.7,357.2,Sample Data,桃園市,桃園測站
2026-07-04 04:00:00,桃園測站,桃園市,62.3,36.3,53.6,38.3,0.67,2.32,345.1,Sample Data,桃園市,桃園測站
2026-07-04 05:00:00,桃園測站,桃園市,65.2,36.2,63.3,43.6,0.561,3.31,353.3,Sample Data,桃園市,桃園測站
2026-07-04 06:00:00,桃園測站,桃園市,62.5,41.2,86.3,35.8,0.59,3.7,330.7,Sample Data,桃園市,桃園測站
2026-07-04 07:00:00,桃園測站,桃園市,59.5,33.9,44.1,38.3,0.589,3.82,114.5,Sample Data,桃園市,桃園測站
2026-07-04 08:00:00,桃園測站,桃園市,71.1,43.1,78.2,34.5,0.59,2.22,69.6,Sample Data,桃園市,桃園測站
2026-07-04 09:00:00,桃園測站,桃園市,56.7,34.9,60.3,42.9,0.559,1.81,323.0,Sample Data,桃園市,桃園測站
2026-07-04 10:00:00,桃園測站,桃園市,66.7,35.4,60.4,34.1,0.626,3.21,122.0,Sample Data,桃園市,桃園測站
2026-07-04 11:00:00,桃園測站,桃園市,49.3,31.3,53.1,39.5,0.38,2.33,113.0,Sample Data,桃園市,桃園測站
2026-07-04 12:00:00,桃園測站,桃園市,58.6,36.5,54.6,42.3,0.562,2.85,110.3,Sample Data,桃園市,桃園測站
2026-07-04 13:00:00,桃園測站,桃園市,57.9,39.2,62.6,46.4,0.562,2.78,5.5,Sample Data,桃園市,桃園測站
2026-07-04 14:00:00,桃園測站,桃園市,67.3,40.3,73.4,48.0,0.554,3.06,17.4,Sample Data,桃園市,桃園測站
2026-07-04 15:00:00,桃園測站,桃園市,71.5,37.3,58.4,58.7,0.584,2.26,125.3,Sample Data,桃園市,桃園測站
2026-07-04 16:00:00,桃園測站,桃園市,66.2,41.2,74.7,57.9,0.56,2.72,71.9,Sample Data,桃園市,桃園測站
2026-07-04 17:00:00,桃園測站,桃園市,66.4,38.2,72.7,55.0,0.591,3.42,142.5,Sample Data,桃園市,桃園測站
2026-07-04 18:00:00,桃園測站,桃園市,67.9,36.0,68.1,51.6,0.609,2.55,72.9,Sample Data,桃園市,桃園測站
2026-07-04 19:00:00,桃園測站,桃園市,60.4,34.1,52.4,59.4,0.567,2.03,98.9,Sample Data,桃園市,桃園測站
2026-07-04 20:00:00,桃園測站,桃園市,66.2,36.9,65.0,59.9,0.595,2.28,57.9,Sample Data,桃園市,桃園測站
2026-07-04 21:00:00,桃園測站,桃園市,54.1,30.0,47.5,47.5,0.46,1.84,77.8,Sample Data,桃園市,桃園測站
2026-07-04 22:00:00,桃園測站,桃園市,56.5,35.2,58.0,58.5,0.468,1.85,140.4,Sample Data,桃園市,桃園測站
2026-07-04 23:00:00,桃園測站,桃園市,55.0,37.8,80.0,52.4,0.595,2.18,99.6,Sample Data,桃園市,桃園測站
2026-07-05 00:00:00,桃園測站,桃園市,55.2,30.7,64.1,44.8,0.608,2.02,6.9,Sample Data,桃園市,桃園測站
2026-07-05 01:00:00,桃園測站,桃園市,61.9,33.0,53.8,47.0,0.617,2.78,141.2,Sample Data,桃園市,桃園測站
2026-07-05 02:00:00,桃園測站,桃園市,53.1,35.6,77.3,35.3,0.515,1.57,73.8,Sample Data,桃園市,桃園測站
2026-07-05 03:00:00,桃園測站,桃園市,57.4,34.2,64.4,38.0,0.547,3.29,167.0,Sample Data,桃園市,桃園測站
2026-07-05 04:00:00,桃園測站,桃園市,52.5,32.6,60.8,32.6,0.567,1.88,191.7,Sample Data,桃園市,桃園測站
2026-07-05 05:00:00,桃園測站,桃園市,62.9,33.7,51.8,38.6,0.569,1.56,46.3,Sample Data,桃園市,桃園測站
2026-07-05 06:00:00,桃園測站,桃園市,66.7,38.9,68.5,35.5,0.607,4.09,190.6,Sample Data,桃園市,桃園測站
2026-07-05 07:00:00,桃園測站,桃園市,66.6,36.4,69.5,40.8,0.57,1.31,65.5,Sample Data,桃園市,桃園測站
2026-07-05 08:00:00,桃園測站,桃園市,72.2,39.1,77.8,43.2,0.642,2.82,17.1,Sample Data,桃園市,桃園測站
2026-07-05 09:00:00,桃園測站,桃園市,62.3,35.9,61.1,37.1,0.546,1.0,182.5,Sample Data,桃園市,桃園測站
2026-07-05 10:00:00,桃園測站,桃園市,62.0,45.8,76.0,42.1,0.524,2.54,180.4,Sample Data,桃園市,桃園測站
2026-07-05 11:00:00,桃園測站,桃園市,60.4,39.0,79.2,40.5,0.509,2.34,150.7,Sample Data,桃園市,桃園測站
2026-07-05 12:00:00,桃園測站,桃園市,50.7,34.7,47.6,39.0,0.506,3.88,156.1,Sample Data,桃園市,桃園測站
2026-07-05 13:00:00,桃園測站,桃園市,65.2,34.7,58.8,43.7,0.574,1.59,151.0,Sample Data,桃園市,桃園測站
2026-07-05 14:00:00,桃園測站,桃園市,66.5,40.8,87.4,40.8,0.537,1.05,184.8,Sample Data,桃園市,桃園測站
2026-07-05 15:00:00,桃園測站,桃園市,59.9,34.9,67.2,43.5,0.503,2.4,218.9,Sample Data,桃園市,桃園測站
2026-07-05 16:00:00,桃園測站,桃園市,66.3,35.5,59.4,50.0,0.538,1.12,76.8,Sample Data,桃園市,桃園測站
2026-07-05 17:00:00,桃園測站,桃園市,64.4,36.8,57.6,52.9,0.698,1.15,167.9,Sample Data,桃園市,桃園測站
2026-07-05 18:00:00,桃園測站,桃園市,71.5,36.1,63.2,56.9,0.69,0.72,115.7,Sample Data,桃園市,桃園測站
2026-07-05 19:00:00,桃園測站,桃園市,77.2,43.3,71.5,50.6,0.688,2.92,128.8,Sample Data,桃園市,桃園測站
2026-07-05 20:00:00,桃園測站,桃園市,80.8,42.0,65.2,56.0,0.723,2.51,135.1,Sample Data,桃園市,桃園測站
2026-07-05 21:00:00,桃園測站,桃園市,72.7,42.3,83.5,58.0,0.608,2.0,173.0,Sample Data,桃園市,桃園測站
2026-07-05 22:00:00,桃園測站,桃園市,58.2,29.3,42.9,46.9,0.469,1.27,197.4,Sample Data,桃園市,桃園測站
2026-07-05 23:00:00,桃園測站,桃園市,61.6,36.0,61.8,51.4,0.571,2.95,230.1,Sample Data,桃園市,桃園測站
2026-07-06 00:00:00,桃園測站,桃園市,68.2,32.8,64.2,46.3,0.552,2.34,313.7,Sample Data,桃園市,桃園測站
2026-07-06 01:00:00,桃園測站,桃園市,67.3,38.2,78.3,50.3,0.641,3.25,159.5,Sample Data,桃園市,桃園測站
2026-07-06 02:00:00,桃園測站,桃園市,68.6,43.6,61.2,46.6,0.578,2.91,208.5,Sample Data,桃園市,桃園測站
2026-07-06 03:00:00,桃園測站,桃園市,61.9,37.7,61.8,43.3,0.65,2.66,190.3,Sample Data,桃園市,桃園測站
2026-07-06 04:00:00,桃園測站,桃園市,77.4,47.3,94.1,44.7,0.661,2.18,311.1,Sample Data,桃園市,桃園測站
2026-07-06 05:00:00,桃園測站,桃園市,70.1,42.3,59.1,39.0,0.586,2.67,200.0,Sample Data,桃園市,桃園測站
2026-07-06 06:00:00,桃園測站,桃園市,72.5,43.8,83.4,40.4,0.624,2.73,166.2,Sample Data,桃園市,桃園測站
2026-07-06 07:00:00,桃園測站,桃園市,82.5,41.3,66.0,39.9,0.661,2.35,271.0,Sample Data,桃園市,桃園測站
2026-07-06 08:00:00,桃園測站,桃園市,79.6,40.1,57.4,38.8,0.649,2.55,221.6,Sample Data,桃園市,桃園測站
2026-07-06 09:00:00,桃園測站,桃園市,77.1,44.4,63.0,46.4,0.664,2.06,226.7,Sample Data,桃園市,桃園測站
2026-07-06 10:00:00,桃園測站,桃園市,78.7,42.5,66.4,35.2,0.681,1.89,252.8,Sample Data,桃園市,桃園測站
2026-07-06 11:00:00,桃園測站,桃園市,78.0,39.7,65.8,45.7,0.645,3.34,173.8,Sample Data,桃園市,桃園測站
2026-07-06 12:00:00,桃園測站,桃園市,72.5,35.7,63.9,43.9,0.599,2.28,147.2,Sample Data,桃園市,桃園測站
2026-07-06 13:00:00,桃園測站,桃園市,62.9,38.5,72.1,51.9,0.599,3.27,217.7,Sample Data,桃園市,桃園測站
2026-07-06 14:00:00,桃園測站,桃園市,83.2,40.6,69.4,60.0,0.703,1.73,240.1,Sample Data,桃園市,桃園測站
2026-07-06 15:00:00,桃園測站,桃園市,82.2,41.5,77.7,59.1,0.71,1.61,201.7,Sample Data,桃園市,桃園測站
2026-07-06 16:00:00,桃園測站,桃園市,85.4,42.9,77.2,60.3,0.701,2.02,247.8,Sample Data,桃園市,桃園測站
2026-07-06 17:00:00,桃園測站,桃園市,81.0,39.7,61.6,66.8,0.711,1.44,343.0,Sample Data,桃園市,桃園測站
2026-07-06 18:00:00,桃園測站,桃園市,82.1,41.8,65.8,58.3,0.642,2.25,254.4,Sample Data,桃園市,桃園測站
2026-07-06 19:00:00,桃園測站,桃園市,83.0,41.6,72.4,59.9,0.683,3.38,246.5,Sample Data,桃園市,桃園測站
2026-07-06 20:00:00,桃園測站,桃園市,78.5,35.1,62.4,57.9,0.626,2.4,208.7,Sample Data,桃園市,桃園測站
2026-07-06 21:00:00,桃園測站,桃園市,73.9,41.6,64.2,57.2,0.537,1.18,210.6,Sample Data,桃園市,桃園測站
2026-07-06 22:00:00,桃園測站,桃園市,82.3,39.4,78.0,57.1,0.633,3.49,231.4,Sample Data,桃園市,桃園測站
2026-07-06 23:00:00,桃園測站,桃園市,76.2,39.1,68.6,60.2,0.605,2.95,279.2,Sample Data,桃園市,桃園測站
2026-07-07 00:00:00,桃園測站,桃園市,80.0,40.9,72.4,56.2,0.739,2.27,246.1,Sample Data,桃園市,桃園測站
2026-07-07 01:00:00,桃園測站,桃園市,63.0,32.3,46.1,49.0,0.514,2.01,229.6,Sample Data,桃園市,桃園測站
2026-07-07 02:00:00,桃園測站,桃園市,81.4,39.7,75.6,51.6,0.71,2.09,164.7,Sample Data,桃園市,桃園測站
2026-07-07 03:00:00,桃園測站,桃園市,74.4,39.8,58.2,48.7,0.635,1.56,235.8,Sample Data,桃園市,桃園測站
2026-07-07 04:00:00,桃園測站,桃園市,86.0,44.6,77.6,42.4,0.655,2.18,254.4,Sample Data,桃園市,桃園測站
2026-07-07 05:00:00,桃園測站,桃園市,75.8,39.1,73.6,45.6,0.565,2.43,342.9,Sample Data,桃園市,桃園測站
2026-07-07 06:00:00,桃園測站,桃園市,80.9,39.8,69.2,41.4,0.613,0.81,261.6,Sample Data,桃園市,桃園測站
2026-07-07 07:00:00,桃園測站,桃園市,79.4,41.0,79.5,41.2,0.709,2.42,251.9,Sample Data,桃園市,桃園測站
2026-07-07 08:00:00,桃園測站,桃園市,77.8,45.6,86.0,42.9,0.602,2.38,33.3,Sample Data,桃園市,桃園測站
2026-07-07 09:00:00,桃園測站,桃園市,93.3,42.9,85.2,44.9,0.784,2.47,185.9,Sample Data,桃園市,桃園測站
2026-07-07 10:00:00,桃園測站,桃園市,84.0,41.6,70.0,49.4,0.729,1.56,278.8,Sample Data,桃園市,桃園測站
2026-07-07 11:00:00,桃園測站,桃園市,75.9,35.2,68.5,37.6,0.64,2.15,300.8,Sample Data,桃園市,桃園測站
2026-07-07 12:00:00,桃園測站,桃園市,71.5,34.9,67.1,41.6,0.595,3.72,247.6,Sample Data,桃園市,桃園測站
2026-07-07 13:00:00,桃園測站,桃園市,77.6,43.8,75.6,46.5,0.665,3.52,249.1,Sample Data,桃園市,桃園測站
2026-07-07 14:00:00,桃園測站,桃園市,74.2,41.1,69.1,47.5,0.607,2.36,3.4,Sample Data,桃園市,桃園測站
2026-07-07 15:00:00,桃園測站,桃園市,77.3,40.5,68.9,54.4,0.702,2.19,301.7,Sample Data,桃園市,桃園測站
2026-07-07 16:00:00,桃園測站,桃園市,73.6,33.2,66.0,55.6,0.568,1.59,358.4,Sample Data,桃園市,桃園測站
2026-07-07 17:00:00,桃園測站,桃園市,92.1,42.2,72.7,60.3,0.811,1.65,11.2,Sample Data,桃園市,桃園測站
2026-07-07 18:00:00,桃園測站,桃園市,86.2,42.6,79.6,59.9,0.76,2.92,12.1,Sample Data,桃園市,桃園測站
2026-07-07 19:00:00,桃園測站,桃園市,63.6,38.6,56.5,57.3,0.596,2.83,294.3,Sample Data,桃園市,桃園測站
2026-07-07 20:00:00,桃園測站,桃園市,87.8,45.4,90.5,65.3,0.749,1.95,6.5,Sample Data,桃園市,桃園測站
2026-07-07 21:00:00,桃園測站,桃園市,78.2,46.5,89.8,66.7,0.547,2.6,276.7,Sample Data,桃園市,桃園測站
2026-07-07 22:00:00,桃園測站,桃園市,84.6,43.1,77.5,54.7,0.667,1.84,276.7,Sample Data,桃園市,桃園測站
2026-07-07 23:00:00,桃園測站,桃園市,75.2,41.2,60.7,54.5,0.665,2.71,351.3,Sample Data,桃園市,桃園測站
2026-07-08 00:00:00,桃園測站,桃園市,80.8,44.4,94.4,45.5,0.555,2.12,351.7,Sample Data,桃園市,桃園測站
2026-07-08 01:00:00,桃園測站,桃園市,72.3,41.5,72.0,45.9,0.614,2.83,300.2,Sample Data,桃園市,桃園測站
2026-07-08 02:00:00,桃園測站,桃園市,71.0,40.8,69.7,41.8,0.561,2.47,352.2,Sample Data,桃園市,桃園測站
2026-07-08 03:00:00,桃園測站,桃園市,68.1,42.4,76.2,48.5,0.485,3.05,285.8,Sample Data,桃園市,桃園測站
2026-07-08 04:00:00,桃園測站,桃園市,77.7,37.8,67.2,42.2,0.742,2.09,92.1,Sample Data,桃園市,桃園測站
2026-07-08 05:00:00,桃園測站,桃園市,72.5,43.9,74.3,38.2,0.702,2.36,224.2,Sample Data,桃園市,桃園測站
2026-07-08 06:00:00,桃園測站,桃園市,71.1,36.0,61.8,37.9,0.591,2.75,279.9,Sample Data,桃園市,桃園測站
2026-07-08 07:00:00,桃園測站,桃園市,83.5,43.2,85.4,42.3,0.703,1.15,18.8,Sample Data,桃園市,桃園測站
2026-07-08 08:00:00,桃園測站,桃園市,87.8,44.0,85.6,46.8,0.702,1.23,33.1,Sample Data,桃園市,桃園測站
2026-07-08 09:00:00,桃園測站,桃園市,72.4,40.2,68.1,41.0,0.59,2.59,354.1,Sample Data,桃園市,桃園測站
2026-07-08 10:00:00,桃園測站,桃園市,73.3,43.6,66.1,47.6,0.699,2.63,337.4,Sample Data,桃園市,桃園測站
2026-07-08 11:00:00,桃園測站,桃園市,65.5,38.3,63.9,28.1,0.635,2.98,340.4,Sample Data,桃園市,桃園測站
2026-07-08 12:00:00,桃園測站,桃園市,75.5,42.0,76.3,41.5,0.637,2.08,314.6,Sample Data,桃園市,桃園測站
2026-07-08 13:00:00,桃園測站,桃園市,71.5,43.1,71.0,41.1,0.554,2.36,1.1,Sample Data,桃園市,桃園測站
2026-07-08 14:00:00,桃園測站,桃園市,68.1,44.1,66.4,53.3,0.607,4.11,314.3,Sample Data,桃園市,桃園測站
2026-07-08 15:00:00,桃園測站,桃園市,69.2,35.8,67.1,49.6,0.566,3.25,28.9,Sample Data,桃園市,桃園測站
2026-07-08 16:00:00,桃園測站,桃園市,81.7,41.4,73.5,54.3,0.662,1.28,39.2,Sample Data,桃園市,桃園測站
2026-07-08 17:00:00,桃園測站,桃園市,80.7,44.3,68.0,64.2,0.709,3.1,94.8,Sample Data,桃園市,桃園測站
2026-07-08 18:00:00,桃園測站,桃園市,77.0,41.6,68.5,53.4,0.582,2.1,359.7,Sample Data,桃園市,桃園測站
2026-07-08 19:00:00,桃園測站,桃園市,69.1,39.0,64.2,64.3,0.632,1.79,56.6,Sample Data,桃園市,桃園測站
2026-07-08 20:00:00,桃園測站,桃園市,73.5,38.9,74.5,56.3,0.67,2.58,124.4,Sample Data,桃園市,桃園測站
2026-07-08 21:00:00,桃園測站,桃園市,73.8,41.0,73.5,54.0,0.596,0.42,331.5,Sample Data,桃園市,桃園測站
2026-07-08 22:00:00,桃園測站,桃園市,76.2,41.4,74.8,47.6,0.657,3.08,23.3,Sample Data,桃園市,桃園測站
2026-07-08 23:00:00,桃園測站,桃園市,57.9,34.7,69.7,43.3,0.674,3.08,19.6,Sample Data,桃園市,桃園測站
2026-07-09 00:00:00,桃園測站,桃園市,60.7,33.5,59.0,52.7,0.674,1.68,62.3,Sample Data,桃園市,桃園測站
2026-07-09 01:00:00,桃園測站,桃園市,68.2,39.1,63.6,47.4,0.596,3.04,161.6,Sample Data,桃園市,桃園測站
2026-07-09 02:00:00,桃園測站,桃園市,66.4,37.9,64.3,47.3,0.618,2.02,91.6,Sample Data,桃園市,桃園測站
2026-07-09 03:00:00,桃園測站,桃園市,65.5,34.8,54.5,45.7,0.634,2.25,19.0,Sample Data,桃園市,桃園測站
2026-07-09 04:00:00,桃園測站,桃園市,65.9,38.9,77.6,39.8,0.644,1.85,184.4,Sample Data,桃園市,桃園測站
2026-07-09 05:00:00,桃園測站,桃園市,71.4,35.8,60.5,38.7,0.545,1.52,80.8,Sample Data,桃園市,桃園測站
2026-07-09 06:00:00,桃園測站,桃園市,62.2,32.6,47.2,34.1,0.551,1.34,80.6,Sample Data,桃園市,桃園測站
2026-07-09 07:00:00,桃園測站,桃園市,70.6,37.3,62.3,35.8,0.517,2.52,61.3,Sample Data,桃園市,桃園測站
2026-07-09 08:00:00,桃園測站,桃園市,73.7,36.6,57.5,40.1,0.713,2.71,54.1,Sample Data,桃園市,桃園測站
2026-07-09 09:00:00,桃園測站,桃園市,78.0,40.9,73.0,38.1,0.653,2.99,80.0,Sample Data,桃園市,桃園測站
2026-07-09 10:00:00,桃園測站,桃園市,68.5,33.3,72.3,42.0,0.577,2.53,13.9,Sample Data,桃園市,桃園測站
2026-07-09 11:00:00,桃園測站,桃園市,65.1,34.8,46.2,35.4,0.641,1.64,98.4,Sample Data,桃園市,桃園測站
2026-07-09 12:00:00,桃園測站,桃園市,69.6,38.8,57.7,43.4,0.672,3.59,151.7,Sample Data,桃園市,桃園測站
2026-07-09 13:00:00,桃園測站,桃園市,53.7,33.6,52.9,36.5,0.449,3.4,44.2,Sample Data,桃園市,桃園測站
2026-07-09 14:00:00,桃園測站,桃園市,57.9,32.6,58.2,47.8,0.507,1.21,156.3,Sample Data,桃園市,桃園測站
2026-07-09 15:00:00,桃園測站,桃園市,69.2,37.6,72.2,54.2,0.667,1.87,83.8,Sample Data,桃園市,桃園測站
2026-07-09 16:00:00,桃園測站,桃園市,71.9,37.6,54.9,55.9,0.556,2.64,101.1,Sample Data,桃園市,桃園測站
2026-07-09 17:00:00,桃園測站,桃園市,71.4,40.5,65.0,57.8,0.649,1.89,54.4,Sample Data,桃園市,桃園測站
2026-07-09 18:00:00,桃園測站,桃園市,72.5,37.8,73.7,56.9,0.579,2.75,56.4,Sample Data,桃園市,桃園測站
2026-07-09 19:00:00,桃園測站,桃園市,69.1,40.9,66.5,55.7,0.616,2.04,101.8,Sample Data,桃園市,桃園測站
2026-07-09 20:00:00,桃園測站,桃園市,60.8,28.1,49.2,41.0,0.528,1.04,82.7,Sample Data,桃園市,桃園測站
2026-07-09 21:00:00,桃園測站,桃園市,77.0,39.8,78.0,57.1,0.636,2.82,125.0,Sample Data,桃園市,桃園測站
2026-07-09 22:00:00,桃園測站,桃園市,66.7,37.6,69.6,51.7,0.659,1.58,180.9,Sample Data,桃園市,桃園測站
2026-07-09 23:00:00,桃園測站,桃園市,66.6,35.1,63.7,51.3,0.659,2.22,156.8,Sample Data,桃園市,桃園測站
2026-07-10 00:00:00,桃園測站,桃園市,66.3,34.5,53.0,50.3,0.562,3.43,152.7,Sample Data,桃園市,桃園測站
2026-07-10 01:00:00,桃園測站,桃園市,60.7,34.4,63.3,50.2,0.618,2.41,148.3,Sample Data,桃園市,桃園測站
2026-07-10 02:00:00,桃園測站,桃園市,68.1,38.5,59.0,46.7,0.565,1.82,98.1,Sample Data,桃園市,桃園測站
2026-07-10 03:00:00,桃園測站,桃園市,60.8,32.2,60.0,35.3,0.557,2.26,127.0,Sample Data,桃園市,桃園測站
2026-07-10 04:00:00,桃園測站,桃園市,59.8,32.3,54.6,37.6,0.548,2.32,133.9,Sample Data,桃園市,桃園測站
2026-07-10 05:00:00,桃園測站,桃園市,75.3,35.3,47.3,46.6,0.536,3.9,101.6,Sample Data,桃園市,桃園測站
2026-07-10 06:00:00,桃園測站,桃園市,77.4,43.8,68.8,37.3,0.688,1.87,81.0,Sample Data,桃園市,桃園測站
2026-07-10 07:00:00,桃園測站,桃園市,77.7,38.0,61.4,37.9,0.625,3.24,117.8,Sample Data,桃園市,桃園測站
2026-07-10 08:00:00,桃園測站,桃園市,75.2,39.5,67.4,41.8,0.651,0.95,230.7,Sample Data,桃園市,桃園測站
2026-07-10 09:00:00,桃園測站,桃園市,82.7,39.5,78.2,37.2,0.742,1.77,224.2,Sample Data,桃園市,桃園測站
2026-07-10 10:00:00,桃園測站,桃園市,67.7,37.9,60.5,41.6,0.657,1.91,68.6,Sample Data,桃園市,桃園測站
2026-07-10 11:00:00,桃園測站,桃園市,61.3,38.5,63.1,39.7,0.5,0.74,298.7,Sample Data,桃園市,桃園測站
2026-07-10 12:00:00,桃園測站,桃園市,69.7,39.1,62.9,41.9,0.699,2.73,102.0,Sample Data,桃園市,桃園測站
2026-07-10 13:00:00,桃園測站,桃園市,60.9,35.1,71.5,44.5,0.51,2.35,161.5,Sample Data,桃園市,桃園測站
2026-07-10 14:00:00,桃園測站,桃園市,61.8,38.0,70.8,44.6,0.548,1.22,142.6,Sample Data,桃園市,桃園測站
2026-07-10 15:00:00,桃園測站,桃園市,72.0,36.6,58.4,45.3,0.534,1.55,239.5,Sample Data,桃園市,桃園測站
2026-07-10 16:00:00,桃園測站,桃園市,77.9,45.6,71.5,50.8,0.668,2.02,143.1,Sample Data,桃園市,桃園測站
2026-07-10 17:00:00,桃園測站,桃園市,84.3,41.9,73.4,69.6,0.663,2.57,206.6,Sample Data,桃園市,桃園測站
2026-07-10 18:00:00,桃園測站,桃園市,75.1,42.5,60.8,54.7,0.64,2.12,238.6,Sample Data,桃園市,桃園測站
2026-07-10 19:00:00,桃園測站,桃園市,80.4,41.1,72.2,56.6,0.677,2.91,176.0,Sample Data,桃園市,桃園測站
2026-07-10 20:00:00,桃園測站,桃園市,81.9,44.3,68.6,60.8,0.648,3.18,107.0,Sample Data,桃園市,桃園測站
2026-07-10 21:00:00,桃園測站,桃園市,73.8,41.9,73.8,55.9,0.672,1.87,112.2,Sample Data,桃園市,桃園測站
2026-07-10 22:00:00,桃園測站,桃園市,76.3,41.5,79.0,64.2,0.699,1.68,199.9,Sample Data,桃園市,桃園測站
2026-07-10 23:00:00,桃園測站,桃園市,67.0,36.7,67.1,53.4,0.596,1.54,93.2,Sample Data,桃園市,桃園測站
2026-07-11 00:00:00,桃園測站,桃園市,73.0,40.5,77.1,59.3,0.659,0.28,325.9,Sample Data,桃園市,桃園測站
2026-07-11 01:00:00,桃園測站,桃園市,53.5,34.2,60.6,44.5,0.431,2.42,246.1,Sample Data,桃園市,桃園測站
2026-07-11 02:00:00,桃園測站,桃園市,58.9,32.0,53.9,40.0,0.501,2.78,218.7,Sample Data,桃園市,桃園測站
2026-07-11 03:00:00,桃園測站,桃園市,58.3,33.2,60.6,40.8,0.631,2.38,122.3,Sample Data,桃園市,桃園測站
2026-07-11 04:00:00,桃園測站,桃園市,66.6,37.4,74.5,43.0,0.599,2.27,305.5,Sample Data,桃園市,桃園測站
2026-07-11 05:00:00,桃園測站,桃園市,72.9,42.0,64.5,36.4,0.683,2.33,163.3,Sample Data,桃園市,桃園測站
2026-07-11 06:00:00,桃園測站,桃園市,69.4,35.8,70.9,39.4,0.608,1.8,80.8,Sample Data,桃園市,桃園測站
2026-07-11 07:00:00,桃園測站,桃園市,67.8,36.0,55.6,41.2,0.596,3.28,157.9,Sample Data,桃園市,桃園測站
2026-07-11 08:00:00,桃園測站,桃園市,76.2,40.1,77.3,40.9,0.56,1.55,264.3,Sample Data,桃園市,桃園測站
2026-07-11 09:00:00,桃園測站,桃園市,65.0,41.6,72.9,35.1,0.684,3.32,200.4,Sample Data,桃園市,桃園測站
2026-07-11 10:00:00,桃園測站,桃園市,72.5,37.5,51.7,41.4,0.716,2.17,152.4,Sample Data,桃園市,桃園測站
2026-07-11 11:00:00,桃園測站,桃園市,61.8,37.2,74.2,34.5,0.609,1.63,215.5,Sample Data,桃園市,桃園測站
2026-07-11 12:00:00,桃園測站,桃園市,65.4,42.9,88.0,46.3,0.663,2.18,235.0,Sample Data,桃園市,桃園測站
2026-07-11 13:00:00,桃園測站,桃園市,73.2,42.3,65.4,47.7,0.685,3.17,186.4,Sample Data,桃園市,桃園測站
2026-07-11 14:00:00,桃園測站,桃園市,64.5,34.8,54.6,51.7,0.614,1.96,308.0,Sample Data,桃園市,桃園測站
2026-07-11 15:00:00,桃園測站,桃園市,63.1,42.1,56.0,56.6,0.629,2.06,171.9,Sample Data,桃園市,桃園測站
2026-07-11 16:00:00,桃園測站,桃園市,65.5,45.0,65.4,53.8,0.51,1.64,282.7,Sample Data,桃園市,桃園測站
2026-07-11 17:00:00,桃園測站,桃園市,78.4,39.7,58.5,57.1,0.615,1.75,197.4,Sample Data,桃園市,桃園測站
2026-07-11 18:00:00,桃園測站,桃園市,73.7,42.8,71.9,52.3,0.623,3.73,177.5,Sample Data,桃園市,桃園測站
2026-07-11 19:00:00,桃園測站,桃園市,75.6,40.4,73.8,62.5,0.663,2.78,269.4,Sample Data,桃園市,桃園測站
2026-07-11 20:00:00,桃園測站,桃園市,78.5,45.6,86.9,63.2,0.62,2.75,279.1,Sample Data,桃園市,桃園測站
2026-07-11 21:00:00,桃園測站,桃園市,81.1,38.6,54.0,60.1,0.655,2.45,165.4,Sample Data,桃園市,桃園測站
2026-07-11 22:00:00,桃園測站,桃園市,73.6,40.3,80.7,53.2,0.648,2.29,256.9,Sample Data,桃園市,桃園測站
2026-07-11 23:00:00,桃園測站,桃園市,79.8,41.3,68.1,53.2,0.58,1.62,180.4,Sample Data,桃園市,桃園測站
2026-07-12 00:00:00,桃園測站,桃園市,59.2,35.1,63.0,49.6,0.591,1.79,300.7,Sample Data,桃園市,桃園測站
2026-07-12 01:00:00,桃園測站,桃園市,75.2,41.2,61.5,53.0,0.727,2.42,222.3,Sample Data,桃園市,桃園測站
2026-07-12 02:00:00,桃園測站,桃園市,67.5,37.0,72.0,45.7,0.652,2.56,210.5,Sample Data,桃園市,桃園測站
2026-07-12 03:00:00,桃園測站,桃園市,66.1,36.2,59.9,49.8,0.637,2.4,186.1,Sample Data,桃園市,桃園測站
2026-07-12 04:00:00,桃園測站,桃園市,70.4,36.5,61.2,42.8,0.572,2.25,300.6,Sample Data,桃園市,桃園測站
2026-07-12 05:00:00,桃園測站,桃園市,76.4,40.2,56.8,42.3,0.694,2.41,237.9,Sample Data,桃園市,桃園測站
2026-07-12 06:00:00,桃園測站,桃園市,73.4,42.7,75.5,42.1,0.607,1.2,344.3,Sample Data,桃園市,桃園測站
2026-07-12 07:00:00,桃園測站,桃園市,73.2,39.0,68.3,35.8,0.664,2.3,327.1,Sample Data,桃園市,桃園測站
2026-07-12 08:00:00,桃園測站,桃園市,77.4,47.0,70.7,47.7,0.672,2.41,299.7,Sample Data,桃園市,桃園測站
2026-07-12 09:00:00,桃園測站,桃園市,81.5,42.5,84.4,38.7,0.709,2.58,357.6,Sample Data,桃園市,桃園測站
2026-07-12 10:00:00,桃園測站,桃園市,83.5,43.0,88.6,40.4,0.694,1.91,258.3,Sample Data,桃園市,桃園測站
2026-07-12 11:00:00,桃園測站,桃園市,75.0,40.7,62.6,43.5,0.598,2.06,278.5,Sample Data,桃園市,桃園測站
2026-07-12 12:00:00,桃園測站,桃園市,78.5,40.1,71.3,49.1,0.647,1.85,235.9,Sample Data,桃園市,桃園測站
2026-07-12 13:00:00,桃園測站,桃園市,78.6,41.0,71.3,54.5,0.662,1.52,236.5,Sample Data,桃園市,桃園測站
2026-07-12 14:00:00,桃園測站,桃園市,65.1,42.2,54.7,50.1,0.597,2.02,237.9,Sample Data,桃園市,桃園測站
2026-07-12 15:00:00,桃園測站,桃園市,66.2,41.1,73.1,52.0,0.611,1.99,285.7,Sample Data,桃園市,桃園測站
2026-07-12 16:00:00,桃園測站,桃園市,79.9,45.4,86.2,59.7,0.755,3.38,256.2,Sample Data,桃園市,桃園測站
2026-07-12 17:00:00,桃園測站,桃園市,82.8,42.0,66.8,53.4,0.702,2.8,301.9,Sample Data,桃園市,桃園測站
2026-07-12 18:00:00,桃園測站,桃園市,76.1,35.5,68.2,54.0,0.626,2.29,275.3,Sample Data,桃園市,桃園測站
2026-07-12 19:00:00,桃園測站,桃園市,76.1,35.0,64.6,53.6,0.519,2.91,339.7,Sample Data,桃園市,桃園測站
2026-07-12 20:00:00,桃園測站,桃園市,74.4,42.4,81.7,56.3,0.613,2.5,28.8,Sample Data,桃園市,桃園測站
2026-07-12 21:00:00,桃園測站,桃園市,69.9,43.2,83.1,64.9,0.695,3.44,271.1,Sample Data,桃園市,桃園測站
2026-07-12 22:00:00,桃園測站,桃園市,79.1,40.7,59.2,57.4,0.603,2.43,254.1,Sample Data,桃園市,桃園測站
2026-07-12 23:00:00,桃園測站,桃園市,75.8,41.9,76.2,59.7,0.551,2.33,286.3,Sample Data,桃園市,桃園測站
2026-07-13 00:00:00,桃園測站,桃園市,70.7,37.4,68.3,48.2,0.623,3.07,340.2,Sample Data,桃園市,桃園測站
2026-07-13 01:00:00,桃園測站,桃園市,78.6,36.4,67.0,51.0,0.611,2.81,297.8,Sample Data,桃園市,桃園測站
2026-07-13 02:00:00,桃園測站,桃園市,68.6,39.9,66.8,42.6,0.553,2.01,30.5,Sample Data,桃園市,桃園測站
2026-07-13 03:00:00,桃園測站,桃園市,73.6,42.5,69.8,37.3,0.584,1.75,291.8,Sample Data,桃園市,桃園測站
2026-07-13 04:00:00,桃園測站,桃園市,77.7,43.6,83.6,49.5,0.73,2.0,2.0,Sample Data,桃園市,桃園測站
2026-07-13 05:00:00,桃園測站,桃園市,80.6,41.2,60.5,32.9,0.668,1.63,279.9,Sample Data,桃園市,桃園測站
2026-07-13 06:00:00,桃園測站,桃園市,79.7,36.8,68.8,39.6,0.657,1.3,23.3,Sample Data,桃園市,桃園測站
2026-07-13 07:00:00,桃園測站,桃園市,82.2,42.5,60.1,35.5,0.719,2.59,315.6,Sample Data,桃園市,桃園測站
2026-07-13 08:00:00,桃園測站,桃園市,84.7,46.1,76.4,36.5,0.618,1.85,68.4,Sample Data,桃園市,桃園測站
2026-07-13 09:00:00,桃園測站,桃園市,77.0,38.7,60.4,41.4,0.583,2.93,343.0,Sample Data,桃園市,桃園測站
2026-07-13 10:00:00,桃園測站,桃園市,88.8,39.8,71.4,44.2,0.683,1.37,304.0,Sample Data,桃園市,桃園測站
2026-07-13 11:00:00,桃園測站,桃園市,72.6,39.5,71.6,42.6,0.629,1.79,342.3,Sample Data,桃園市,桃園測站
2026-07-13 12:00:00,桃園測站,桃園市,68.8,38.5,69.6,45.8,0.643,2.28,12.7,Sample Data,桃園市,桃園測站
2026-07-13 13:00:00,桃園測站,桃園市,68.8,41.5,77.4,46.6,0.598,2.21,4.7,Sample Data,桃園市,桃園測站
2026-07-13 14:00:00,桃園測站,桃園市,70.3,37.2,75.9,57.0,0.584,2.73,261.0,Sample Data,桃園市,桃園測站
2026-07-13 15:00:00,桃園測站,桃園市,76.3,36.0,72.4,51.1,0.606,1.84,49.1,Sample Data,桃園市,桃園測站
2026-07-13 16:00:00,桃園測站,桃園市,70.0,38.6,62.6,57.2,0.521,3.0,338.4,Sample Data,桃園市,桃園測站
2026-07-13 17:00:00,桃園測站,桃園市,78.0,37.9,84.8,57.8,0.629,2.0,294.2,Sample Data,桃園市,桃園測站
2026-07-13 18:00:00,桃園測站,桃園市,84.8,43.3,61.2,60.0,0.731,1.26,79.2,Sample Data,桃園市,桃園測站
2026-07-13 19:00:00,桃園測站,桃園市,75.8,37.4,77.6,52.4,0.604,2.86,32.9,Sample Data,桃園市,桃園測站
2026-07-13 20:00:00,桃園測站,桃園市,69.5,41.6,65.4,53.6,0.588,2.47,311.8,Sample Data,桃園市,桃園測站
2026-07-13 21:00:00,桃園測站,桃園市,77.0,45.6,80.4,61.8,0.745,3.26,291.5,Sample Data,桃園市,桃園測站
2026-07-13 22:00:00,桃園測站,桃園市,66.6,39.5,82.0,59.5,0.556,2.2,348.8,Sample Data,桃園市,桃園測站
2026-07-13 23:00:00,桃園測站,桃園市,65.8,37.1,62.5,40.5,0.513,1.6,356.9,Sample Data,桃園市,桃園測站
2026-07-14 00:00:00,桃園測站,桃園市,66.9,34.8,48.6,44.6,0.571,1.89,73.9,Sample Data,桃園市,桃園測站
2026-07-14 01:00:00,桃園測站,桃園市,60.7,35.5,56.7,44.6,0.622,1.58,36.3,Sample Data,桃園市,桃園測站
2026-07-14 02:00:00,桃園測站,桃園市,62.6,33.3,55.6,39.9,0.572,1.45,321.7,Sample Data,桃園市,桃園測站
2026-07-14 03:00:00,桃園測站,桃園市,61.5,33.3,53.7,34.3,0.542,2.73,330.3,Sample Data,桃園市,桃園測站
2026-07-14 04:00:00,桃園測站,桃園市,64.1,38.3,69.0,33.6,0.63,2.6,51.1,Sample Data,桃園市,桃園測站
2026-07-14 05:00:00,桃園測站,桃園市,73.3,38.6,67.6,47.9,0.594,2.14,108.5,Sample Data,桃園市,桃園測站
2026-07-14 06:00:00,桃園測站,桃園市,70.5,40.7,69.5,40.6,0.616,1.41,359.6,Sample Data,桃園市,桃園測站
2026-07-14 07:00:00,桃園測站,桃園市,71.4,41.9,71.4,40.6,0.641,1.41,79.4,Sample Data,桃園市,桃園測站
2026-07-14 08:00:00,桃園測站,桃園市,78.6,36.7,60.7,45.4,0.737,0.63,146.1,Sample Data,桃園市,桃園測站
2026-07-14 09:00:00,桃園測站,桃園市,74.8,43.0,81.2,41.7,0.568,2.13,91.4,Sample Data,桃園市,桃園測站
2026-07-14 10:00:00,桃園測站,桃園市,69.2,40.6,65.1,36.6,0.59,2.42,318.2,Sample Data,桃園市,桃園測站
2026-07-14 11:00:00,桃園測站,桃園市,62.8,31.1,52.4,36.5,0.614,4.36,148.9,Sample Data,桃園市,桃園測站
2026-07-14 12:00:00,桃園測站,桃園市,65.5,40.3,70.5,44.2,0.612,3.09,40.7,Sample Data,桃園市,桃園測站
2026-07-14 13:00:00,桃園測站,桃園市,65.5,38.2,63.4,42.9,0.606,2.46,50.8,Sample Data,桃園市,桃園測站
2026-07-14 14:00:00,桃園測站,桃園市,68.6,41.6,74.4,49.9,0.561,2.35,28.1,Sample Data,桃園市,桃園測站
2026-07-14 15:00:00,桃園測站,桃園市,73.6,42.0,86.9,51.8,0.609,3.44,71.9,Sample Data,桃園市,桃園測站
2026-07-14 16:00:00,桃園測站,桃園市,63.1,40.2,70.1,53.1,0.58,3.43,359.4,Sample Data,桃園市,桃園測站
2026-07-14 17:00:00,桃園測站,桃園市,69.5,36.0,62.8,52.9,0.656,2.55,120.4,Sample Data,桃園市,桃園測站
2026-07-14 18:00:00,桃園測站,桃園市,71.2,36.8,74.8,56.3,0.584,1.41,101.2,Sample Data,桃園市,桃園測站
2026-07-14 19:00:00,桃園測站,桃園市,69.6,38.5,65.2,57.6,0.639,3.65,134.7,Sample Data,桃園市,桃園測站
2026-07-14 20:00:00,桃園測站,桃園市,77.9,38.2,67.7,61.6,0.686,3.01,316.5,Sample Data,桃園市,桃園測站
2026-07-14 21:00:00,桃園測站,桃園市,73.5,40.6,77.6,56.8,0.649,2.92,122.7,Sample Data,桃園市,桃園測站
2026-07-14 22:00:00,桃園測站,桃園市,57.9,35.5,60.9,56.4,0.494,1.96,53.5,Sample Data,桃園市,桃園測站
2026-07-14 23:00:00,桃園測站,桃園市,62.0,38.1,77.3,54.3,0.494,1.59,181.2,Sample Data,桃園市,桃園測站
2026-07-15 00:00:00,桃園測站,桃園市,71.1,43.7,66.8,46.2,0.563,2.26,154.6,Sample Data,桃園市,桃園測站
2026-07-15 01:00:00,桃園測站,桃園市,70.4,37.4,56.5,45.1,0.652,2.52,118.8,Sample Data,桃園市,桃園測站
2026-07-15 02:00:00,桃園測站,桃園市,65.8,39.6,74.7,47.7,0.606,2.02,126.9,Sample Data,桃園市,桃園測站
2026-07-15 03:00:00,桃園測站,桃園市,66.0,41.1,86.0,42.1,0.569,1.94,61.9,Sample Data,桃園市,桃園測站
2026-07-15 04:00:00,桃園測站,桃園市,56.5,37.6,55.4,34.0,0.587,2.41,165.9,Sample Data,桃園市,桃園測站
2026-07-15 05:00:00,桃園測站,桃園市,66.8,36.3,54.6,34.3,0.645,3.14,200.3,Sample Data,桃園市,桃園測站
2026-07-15 06:00:00,桃園測站,桃園市,73.1,32.8,69.4,46.1,0.696,2.06,54.1,Sample Data,桃園市,桃園測站
2026-07-15 07:00:00,桃園測站,桃園市,74.8,40.0,79.8,39.8,0.64,2.48,163.5,Sample Data,桃園市,桃園測站
2026-07-15 08:00:00,桃園測站,桃園市,73.4,36.4,55.5,46.2,0.534,1.81,185.5,Sample Data,桃園市,桃園測站
2026-07-15 09:00:00,桃園測站,桃園市,75.4,36.2,58.4,40.2,0.608,2.17,103.0,Sample Data,桃園市,桃園測站
2026-07-15 10:00:00,桃園測站,桃園市,83.9,41.4,58.7,51.7,0.598,2.33,124.8,Sample Data,桃園市,桃園測站
2026-07-15 11:00:00,桃園測站,桃園市,61.4,34.3,46.8,41.9,0.659,2.5,61.1,Sample Data,桃園市,桃園測站
2026-07-15 12:00:00,桃園測站,桃園市,62.8,36.2,61.2,44.6,0.666,2.36,80.6,Sample Data,桃園市,桃園測站
2026-07-15 13:00:00,桃園測站,桃園市,72.8,43.3,69.0,50.7,0.616,0.79,178.0,Sample Data,桃園市,桃園測站
2026-07-15 14:00:00,桃園測站,桃園市,72.6,43.8,76.3,47.6,0.637,2.4,154.7,Sample Data,桃園市,桃園測站
2026-07-15 15:00:00,桃園測站,桃園市,71.0,39.1,79.6,57.1,0.58,2.13,129.8,Sample Data,桃園市,桃園測站
2026-07-15 16:00:00,桃園測站,桃園市,70.6,34.1,51.4,53.4,0.616,2.55,233.6,Sample Data,桃園市,桃園測站
2026-07-15 17:00:00,桃園測站,桃園市,74.2,36.3,75.3,51.7,0.666,3.02,28.9,Sample Data,桃園市,桃園測站
2026-07-15 18:00:00,桃園測站,桃園市,79.6,42.9,77.9,56.2,0.643,1.93,135.0,Sample Data,桃園市,桃園測站
2026-07-15 19:00:00,桃園測站,桃園市,75.1,43.6,79.7,62.6,0.628,1.93,158.9,Sample Data,桃園市,桃園測站
2026-07-15 20:00:00,桃園測站,桃園市,75.7,38.6,55.6,56.4,0.53,3.01,158.3,Sample Data,桃園市,桃園測站
2026-07-15 21:00:00,桃園測站,桃園市,75.5,41.6,78.6,58.2,0.592,1.37,165.4,Sample Data,桃園市,桃園測站
2026-07-15 22:00:00,桃園測站,桃園市,67.1,42.4,62.3,52.1,0.606,2.26,188.9,Sample Data,桃園市,桃園測站
2026-07-15 23:00:00,桃園測站,桃園市,70.1,34.7,51.0,54.3,0.596,3.13,174.4,Sample Data,桃園市,桃園測站
2026-07-16 00:00:00,桃園測站,桃園市,76.2,43.8,82.1,51.5,0.704,2.37,210.5,Sample Data,桃園市,桃園測站
2026-07-16 01:00:00,桃園測站,桃園市,62.8,42.8,61.2,44.3,0.457,1.6,323.7,Sample Data,桃園市,桃園測站
2026-07-16 02:00:00,桃園測站,桃園市,68.2,34.1,59.9,48.2,0.56,2.48,122.9,Sample Data,桃園市,桃園測站
2026-07-16 03:00:00,桃園測站,桃園市,83.6,43.6,74.9,44.2,0.64,1.53,281.3,Sample Data,桃園市,桃園測站
2026-07-16 04:00:00,桃園測站,桃園市,68.9,32.1,59.0,39.8,0.601,3.1,149.3,Sample Data,桃園市,桃園測站
2026-07-16 05:00:00,桃園測站,桃園市,77.0,38.5,68.9,40.5,0.688,2.7,185.9,Sample Data,桃園市,桃園測站
2026-07-16 06:00:00,桃園測站,桃園市,75.3,44.9,80.9,37.5,0.69,2.28,189.0,Sample Data,桃園市,桃園測站
2026-07-16 07:00:00,桃園測站,桃園市,82.4,42.8,67.0,46.6,0.699,3.06,201.5,Sample Data,桃園市,桃園測站
2026-07-16 08:00:00,桃園測站,桃園市,87.3,46.0,81.9,45.7,0.794,1.66,195.5,Sample Data,桃園市,桃園測站
2026-07-16 09:00:00,桃園測站,桃園市,81.3,40.4,75.1,38.4,0.676,1.12,241.1,Sample Data,桃園市,桃園測站
2026-07-16 10:00:00,桃園測站,桃園市,74.9,36.6,68.1,40.1,0.645,2.76,165.0,Sample Data,桃園市,桃園測站
2026-07-16 11:00:00,桃園測站,桃園市,70.7,39.0,82.1,38.9,0.601,3.08,321.5,Sample Data,桃園市,桃園測站
2026-07-16 12:00:00,桃園測站,桃園市,69.1,36.4,50.9,41.9,0.621,3.36,144.0,Sample Data,桃園市,桃園測站
2026-07-16 13:00:00,桃園測站,桃園市,81.6,39.9,81.2,51.7,0.654,2.62,209.5,Sample Data,桃園市,桃園測站
2026-07-16 14:00:00,桃園測站,桃園市,77.8,40.1,65.9,47.7,0.58,2.12,137.9,Sample Data,桃園市,桃園測站
2026-07-16 15:00:00,桃園測站,桃園市,73.9,36.4,55.6,47.8,0.644,3.4,218.6,Sample Data,桃園市,桃園測站
2026-07-16 16:00:00,桃園測站,桃園市,80.1,45.1,84.3,54.1,0.684,1.18,193.7,Sample Data,桃園市,桃園測站
2026-07-16 17:00:00,桃園測站,桃園市,90.2,47.6,66.2,55.5,0.676,1.88,162.2,Sample Data,桃園市,桃園測站
2026-07-16 18:00:00,桃園測站,桃園市,83.1,47.2,92.8,55.4,0.594,1.23,141.6,Sample Data,桃園市,桃園測站
2026-07-16 19:00:00,桃園測站,桃園市,83.8,43.3,86.4,65.8,0.777,2.62,227.4,Sample Data,桃園市,桃園測站
2026-07-16 20:00:00,桃園測站,桃園市,84.8,46.4,97.5,57.7,0.657,1.82,257.6,Sample Data,桃園市,桃園測站
2026-07-16 21:00:00,桃園測站,桃園市,72.9,38.6,73.5,57.5,0.611,2.71,301.1,Sample Data,桃園市,桃園測站
2026-07-16 22:00:00,桃園測站,桃園市,81.6,42.9,67.7,67.5,0.73,2.05,195.9,Sample Data,桃園市,桃園測站
2026-07-16 23:00:00,桃園測站,桃園市,74.4,38.9,71.2,57.9,0.565,1.07,241.6,Sample Data,桃園市,桃園測站
2026-07-17 00:00:00,桃園測站,桃園市,70.9,35.3,66.5,50.1,0.587,1.88,251.7,Sample Data,桃園市,桃園測站
2026-07-17 01:00:00,桃園測站,桃園市,80.3,45.7,83.1,49.3,0.687,2.4,327.9,Sample Data,桃園市,桃園測站
2026-07-17 02:00:00,桃園測站,桃園市,65.9,37.1,72.1,40.4,0.529,2.89,216.4,Sample Data,桃園市,桃園測站
2026-07-17 03:00:00,桃園測站,桃園市,66.8,40.6,73.7,38.5,0.593,3.16,172.2,Sample Data,桃園市,桃園測站
2026-07-17 04:00:00,桃園測站,桃園市,68.5,36.6,51.1,43.3,0.661,2.48,294.8,Sample Data,桃園市,桃園測站
2026-07-17 05:00:00,桃園測站,桃園市,79.6,41.1,71.4,36.7,0.652,2.3,187.3,Sample Data,桃園市,桃園測站
2026-07-17 06:00:00,桃園測站,桃園市,82.1,39.1,58.0,37.4,0.701,1.99,314.8,Sample Data,桃園市,桃園測站
2026-07-17 07:00:00,桃園測站,桃園市,83.5,40.8,61.9,49.4,0.596,2.99,4.0,Sample Data,桃園市,桃園測站
2026-07-17 08:00:00,桃園測站,桃園市,91.2,42.9,66.5,41.3,0.695,1.58,223.9,Sample Data,桃園市,桃園測站
2026-07-17 09:00:00,桃園測站,桃園市,91.2,41.6,68.8,45.1,0.656,1.16,273.0,Sample Data,桃園市,桃園測站
2026-07-17 10:00:00,桃園測站,桃園市,86.9,44.2,65.6,44.0,0.734,1.65,327.9,Sample Data,桃園市,桃園測站
2026-07-17 11:00:00,桃園測站,桃園市,84.3,39.7,76.5,40.7,0.658,2.99,227.5,Sample Data,桃園市,桃園測站
2026-07-17 12:00:00,桃園測站,桃園市,82.9,40.6,64.3,47.8,0.629,1.61,1.6,Sample Data,桃園市,桃園測站
2026-07-17 13:00:00,桃園測站,桃園市,78.3,43.9,74.7,45.7,0.586,2.32,303.6,Sample Data,桃園市,桃園測站
2026-07-17 14:00:00,桃園測站,桃園市,76.9,42.6,84.2,46.8,0.721,3.49,273.9,Sample Data,桃園市,桃園測站
2026-07-17 15:00:00,桃園測站,桃園市,70.1,34.7,73.6,52.1,0.583,1.79,224.3,Sample Data,桃園市,桃園測站
2026-07-17 16:00:00,桃園測站,桃園市,85.4,42.2,83.6,61.0,0.675,1.3,252.0,Sample Data,桃園市,桃園測站
2026-07-17 17:00:00,桃園測站,桃園市,76.6,43.1,72.7,57.5,0.63,1.36,319.6,Sample Data,桃園市,桃園測站
2026-07-17 18:00:00,桃園測站,桃園市,83.2,44.7,78.2,66.1,0.69,2.64,337.5,Sample Data,桃園市,桃園測站
2026-07-17 19:00:00,桃園測站,桃園市,92.6,45.3,76.1,59.0,0.66,2.85,253.5,Sample Data,桃園市,桃園測站
2026-07-17 20:00:00,桃園測站,桃園市,84.1,43.4,80.7,56.5,0.699,1.87,244.3,Sample Data,桃園市,桃園測站
2026-07-17 21:00:00,桃園測站,桃園市,87.1,40.5,68.6,64.6,0.586,2.86,264.9,Sample Data,桃園市,桃園測站
2026-07-17 22:00:00,桃園測站,桃園市,76.5,38.3,74.2,52.7,0.629,2.24,327.8,Sample Data,桃園市,桃園測站
2026-07-17 23:00:00,桃園測站,桃園市,76.0,40.2,78.6,55.9,0.609,2.66,322.7,Sample Data,桃園市,桃園測站
2026-07-18 00:00:00,桃園測站,桃園市,64.9,41.2,78.6,53.5,0.681,3.93,326.8,Sample Data,桃園市,桃園測站
2026-07-18 01:00:00,桃園測站,桃園市,68.0,40.8,79.9,50.7,0.627,2.66,276.5,Sample Data,桃園市,桃園測站
2026-07-18 02:00:00,桃園測站,桃園市,63.8,35.8,49.3,41.9,0.571,2.42,0.6,Sample Data,桃園市,桃園測站
2026-07-18 03:00:00,桃園測站,桃園市,66.3,37.2,70.0,41.7,0.574,2.18,292.7,Sample Data,桃園市,桃園測站
2026-07-18 04:00:00,桃園測站,桃園市,63.2,35.5,60.7,41.1,0.658,2.18,83.6,Sample Data,桃園市,桃園測站
2026-07-18 05:00:00,桃園測站,桃園市,70.2,40.5,74.3,37.1,0.541,3.33,270.3,Sample Data,桃園市,桃園測站
2026-07-18 06:00:00,桃園測站,桃園市,72.8,36.8,63.5,41.6,0.689,2.23,104.9,Sample Data,桃園市,桃園測站
2026-07-18 07:00:00,桃園測站,桃園市,78.0,38.0,59.8,39.5,0.568,2.43,268.8,Sample Data,桃園市,桃園測站
2026-07-18 08:00:00,桃園測站,桃園市,63.1,36.1,50.6,24.7,0.538,2.24,313.1,Sample Data,桃園市,桃園測站
2026-07-18 09:00:00,桃園測站,桃園市,75.6,44.3,78.3,45.5,0.589,2.5,45.7,Sample Data,桃園市,桃園測站
2026-07-18 10:00:00,桃園測站,桃園市,67.2,35.8,64.1,36.1,0.567,2.62,6.0,Sample Data,桃園市,桃園測站
2026-07-18 11:00:00,桃園測站,桃園市,70.8,36.2,73.5,40.0,0.587,0.96,13.0,Sample Data,桃園市,桃園測站
2026-07-18 12:00:00,桃園測站,桃園市,71.3,36.0,63.1,38.4,0.575,1.58,342.6,Sample Data,桃園市,桃園測站
2026-07-18 13:00:00,桃園測站,桃園市,65.1,43.2,74.1,42.7,0.526,2.4,3.1,Sample Data,桃園市,桃園測站
2026-07-18 14:00:00,桃園測站,桃園市,54.5,35.1,55.0,51.0,0.563,2.6,336.9,Sample Data,桃園市,桃園測站
2026-07-18 15:00:00,桃園測站,桃園市,65.5,39.4,61.9,51.8,0.526,1.81,47.9,Sample Data,桃園市,桃園測站
2026-07-18 16:00:00,桃園測站,桃園市,71.8,39.5,64.6,53.4,0.561,3.25,54.4,Sample Data,桃園市,桃園測站
2026-07-18 17:00:00,桃園測站,桃園市,78.8,47.4,85.5,46.1,0.701,2.61,20.4,Sample Data,桃園市,桃園測站
2026-07-18 18:00:00,桃園測站,桃園市,64.5,37.2,62.5,55.9,0.62,2.25,83.0,Sample Data,桃園市,桃園測站
2026-07-18 19:00:00,桃園測站,桃園市,72.4,35.8,65.9,59.0,0.639,3.4,291.2,Sample Data,桃園市,桃園測站
2026-07-18 20:00:00,桃園測站,桃園市,72.6,38.0,57.3,51.9,0.601,2.95,12.4,Sample Data,桃園市,桃園測站
2026-07-18 21:00:00,桃園測站,桃園市,60.3,34.6,72.7,44.3,0.707,2.54,58.9,Sample Data,桃園市,桃園測站
2026-07-18 22:00:00,桃園測站,桃園市,59.0,36.1,51.2,47.9,0.62,1.33,54.3,Sample Data,桃園市,桃園測站
2026-07-18 23:00:00,桃園測站,桃園市,58.0,33.0,57.3,44.5,0.547,1.89,33.4,Sample Data,桃園市,桃園測站
2026-07-19 00:00:00,桃園測站,桃園市,59.7,37.0,64.1,49.8,0.559,2.06,117.4,Sample Data,桃園市,桃園測站
2026-07-19 01:00:00,桃園測站,桃園市,58.1,39.2,77.2,47.3,0.557,2.38,25.6,Sample Data,桃園市,桃園測站
2026-07-19 02:00:00,桃園測站,桃園市,47.6,35.6,73.6,39.1,0.54,1.6,337.7,Sample Data,桃園市,桃園測站
2026-07-19 03:00:00,桃園測站,桃園市,46.0,32.6,51.1,38.4,0.478,1.58,185.0,Sample Data,桃園市,桃園測站
2026-07-19 04:00:00,桃園測站,桃園市,58.7,32.8,57.5,37.6,0.625,2.36,150.0,Sample Data,桃園市,桃園測站
2026-07-19 05:00:00,桃園測站,桃園市,58.5,37.3,74.2,42.1,0.545,2.42,274.6,Sample Data,桃園市,桃園測站
2026-07-19 06:00:00,桃園測站,桃園市,62.9,40.4,65.3,43.8,0.561,1.86,28.3,Sample Data,桃園市,桃園測站
2026-07-19 07:00:00,桃園測站,桃園市,62.0,38.8,59.1,34.9,0.572,0.85,77.7,Sample Data,桃園市,桃園測站
2026-07-19 08:00:00,桃園測站,桃園市,69.8,35.4,60.5,45.8,0.559,2.5,0.0,Sample Data,桃園市,桃園測站
2026-07-19 09:00:00,桃園測站,桃園市,64.5,38.3,64.4,39.7,0.563,2.96,46.2,Sample Data,桃園市,桃園測站
2026-07-19 10:00:00,桃園測站,桃園市,62.8,38.2,71.5,40.6,0.603,2.13,7.2,Sample Data,桃園市,桃園測站
2026-07-19 11:00:00,桃園測站,桃園市,52.6,29.6,48.1,43.4,0.489,3.33,307.9,Sample Data,桃園市,桃園測站
2026-07-19 12:00:00,桃園測站,桃園市,56.7,40.0,75.2,34.1,0.484,3.42,52.8,Sample Data,桃園市,桃園測站
2026-07-19 13:00:00,桃園測站,桃園市,57.1,36.6,66.1,42.6,0.567,2.03,348.5,Sample Data,桃園市,桃園測站
2026-07-19 14:00:00,桃園測站,桃園市,56.2,37.4,62.4,50.0,0.537,2.49,51.6,Sample Data,桃園市,桃園測站
2026-07-19 15:00:00,桃園測站,桃園市,65.0,38.5,63.7,55.2,0.552,2.38,210.4,Sample Data,桃園市,桃園測站
2026-07-19 16:00:00,桃園測站,桃園市,66.9,42.9,77.8,53.2,0.617,3.72,68.7,Sample Data,桃園市,桃園測站
2026-07-19 17:00:00,桃園測站,桃園市,65.5,35.0,64.5,58.3,0.509,2.71,51.6,Sample Data,桃園市,桃園測站
2026-07-19 18:00:00,桃園測站,桃園市,70.1,38.8,61.0,52.8,0.656,1.53,75.3,Sample Data,桃園市,桃園測站
2026-07-19 19:00:00,桃園測站,桃園市,67.1,43.0,64.3,56.9,0.496,1.47,72.4,Sample Data,桃園市,桃園測站
2026-07-19 20:00:00,桃園測站,桃園市,59.3,31.4,60.3,54.1,0.528,2.46,124.3,Sample Data,桃園市,桃園測站
2026-07-19 21:00:00,桃園測站,桃園市,58.9,37.5,61.2,57.1,0.622,3.34,114.7,Sample Data,桃園市,桃園測站
2026-07-19 22:00:00,桃園測站,桃園市,58.4,34.7,49.0,50.3,0.553,3.41,174.3,Sample Data,桃園市,桃園測站
2026-07-19 23:00:00,桃園測站,桃園市,53.8,37.4,73.6,51.2,0.599,2.14,160.8,Sample Data,桃園市,桃園測站
2026-07-20 00:00:00,桃園測站,桃園市,54.4,38.9,67.2,37.8,0.52,3.42,84.5,Sample Data,桃園市,桃園測站
2026-07-20 01:00:00,桃園測站,桃園市,67.4,38.3,71.5,43.1,0.604,3.42,138.4,Sample Data,桃園市,桃園測站
2026-07-20 02:00:00,桃園測站,桃園市,63.4,44.0,77.8,44.8,0.619,2.89,353.9,Sample Data,桃園市,桃園測站
2026-07-20 03:00:00,桃園測站,桃園市,66.3,37.4,60.1,35.9,0.505,3.19,142.4,Sample Data,桃園市,桃園測站
2026-07-20 04:00:00,桃園測站,桃園市,53.1,33.0,62.2,41.9,0.585,1.54,112.1,Sample Data,桃園市,桃園測站
2026-07-20 05:00:00,桃園測站,桃園市,65.0,33.4,46.6,35.9,0.604,3.06,151.3,Sample Data,桃園市,桃園測站
2026-07-20 06:00:00,桃園測站,桃園市,74.7,39.1,64.9,38.2,0.73,0.57,23.0,Sample Data,桃園市,桃園測站
2026-07-20 07:00:00,桃園測站,桃園市,76.9,39.7,64.1,36.5,0.691,3.02,219.2,Sample Data,桃園市,桃園測站
2026-07-20 08:00:00,桃園測站,桃園市,69.0,34.5,56.8,40.2,0.613,2.44,128.9,Sample Data,桃園市,桃園測站
2026-07-20 09:00:00,桃園測站,桃園市,69.8,40.3,64.9,42.0,0.591,2.43,128.1,Sample Data,桃園市,桃園測站
2026-07-20 10:00:00,桃園測站,桃園市,76.2,41.0,76.9,44.1,0.669,2.91,104.1,Sample Data,桃園市,桃園測站
2026-07-20 11:00:00,桃園測站,桃園市,71.9,34.1,49.1,49.3,0.615,2.67,44.1,Sample Data,桃園市,桃園測站
2026-07-20 12:00:00,桃園測站,桃園市,65.3,35.1,67.6,44.3,0.597,1.22,115.1,Sample Data,桃園市,桃園測站
2026-07-20 13:00:00,桃園測站,桃園市,69.1,38.8,62.0,51.3,0.638,3.13,92.8,Sample Data,桃園市,桃園測站
2026-07-20 14:00:00,桃園測站,桃園市,74.6,39.8,60.1,42.8,0.678,1.9,129.3,Sample Data,桃園市,桃園測站
2026-07-20 15:00:00,桃園測站,桃園市,63.1,42.0,75.2,48.6,0.534,3.28,149.0,Sample Data,桃園市,桃園測站
2026-07-20 16:00:00,桃園測站,桃園市,73.1,35.7,68.8,49.4,0.601,1.93,159.7,Sample Data,桃園市,桃園測站
2026-07-20 17:00:00,桃園測站,桃園市,83.6,41.2,83.0,57.0,0.669,1.83,143.8,Sample Data,桃園市,桃園測站
2026-07-20 18:00:00,桃園測站,桃園市,78.0,43.5,76.9,62.4,0.662,2.42,223.0,Sample Data,桃園市,桃園測站
2026-07-20 19:00:00,桃園測站,桃園市,71.3,46.6,83.3,52.0,0.56,2.93,289.9,Sample Data,桃園市,桃園測站
2026-07-20 20:00:00,桃園測站,桃園市,71.8,40.3,79.8,65.5,0.698,2.08,197.1,Sample Data,桃園市,桃園測站
2026-07-20 21:00:00,桃園測站,桃園市,75.3,40.0,64.5,61.2,0.701,2.05,185.4,Sample Data,桃園市,桃園測站
2026-07-20 22:00:00,桃園測站,桃園市,76.5,35.2,71.7,56.7,0.588,2.26,230.2,Sample Data,桃園市,桃園測站
2026-07-20 23:00:00,桃園測站,桃園市,57.0,36.2,64.3,49.1,0.545,2.42,157.8,Sample Data,桃園市,桃園測站
2026-07-21 00:00:00,桃園測站,桃園市,64.3,33.1,61.0,45.7,0.629,2.51,176.2,Sample Data,桃園市,桃園測站
2026-07-21 01:00:00,桃園測站,桃園市,64.6,36.4,70.7,44.2,0.457,1.87,156.5,Sample Data,桃園市,桃園測站
2026-07-21 02:00:00,桃園測站,桃園市,65.6,36.5,71.6,48.0,0.517,2.11,79.4,Sample Data,桃園市,桃園測站
2026-07-21 03:00:00,桃園測站,桃園市,68.5,35.3,61.9,46.7,0.585,1.57,131.2,Sample Data,桃園市,桃園測站
2026-07-21 04:00:00,桃園測站,桃園市,73.0,44.9,67.5,41.1,0.626,3.65,259.8,Sample Data,桃園市,桃園測站
2026-07-21 05:00:00,桃園測站,桃園市,75.1,40.4,64.0,39.3,0.596,2.92,196.2,Sample Data,桃園市,桃園測站
2026-07-21 06:00:00,桃園測站,桃園市,82.4,46.7,82.8,54.7,0.683,1.34,182.5,Sample Data,桃園市,桃園測站
2026-07-21 07:00:00,桃園測站,桃園市,89.6,39.6,79.7,42.3,0.701,2.76,161.6,Sample Data,桃園市,桃園測站
2026-07-21 08:00:00,桃園測站,桃園市,76.6,36.2,72.4,37.7,0.587,1.99,265.4,Sample Data,桃園市,桃園測站
2026-07-21 09:00:00,桃園測站,桃園市,78.2,38.8,67.1,40.3,0.669,3.64,219.0,Sample Data,桃園市,桃園測站
2026-07-21 10:00:00,桃園測站,桃園市,78.5,43.4,61.6,52.5,0.653,2.32,240.3,Sample Data,桃園市,桃園測站
2026-07-21 11:00:00,桃園測站,桃園市,77.3,45.1,91.7,45.5,0.697,2.02,193.7,Sample Data,桃園市,桃園測站
2026-07-21 12:00:00,桃園測站,桃園市,77.8,41.7,66.8,50.0,0.647,1.84,236.0,Sample Data,桃園市,桃園測站
2026-07-21 13:00:00,桃園測站,桃園市,77.4,35.8,55.1,39.9,0.658,2.65,250.9,Sample Data,桃園市,桃園測站
2026-07-21 14:00:00,桃園測站,桃園市,79.2,40.0,63.4,56.5,0.692,2.96,182.1,Sample Data,桃園市,桃園測站
2026-07-21 15:00:00,桃園測站,桃園市,81.4,37.0,69.0,57.5,0.752,1.95,177.4,Sample Data,桃園市,桃園測站
2026-07-21 16:00:00,桃園測站,桃園市,75.7,38.1,76.0,59.7,0.629,2.19,266.5,Sample Data,桃園市,桃園測站
2026-07-21 17:00:00,桃園測站,桃園市,80.5,40.5,63.6,58.1,0.622,2.33,246.7,Sample Data,桃園市,桃園測站
2026-07-21 18:00:00,桃園測站,桃園市,83.4,39.5,61.3,59.7,0.732,1.21,353.5,Sample Data,桃園市,桃園測站
2026-07-21 19:00:00,桃園測站,桃園市,83.1,43.2,75.4,59.3,0.656,1.69,222.2,Sample Data,桃園市,桃園測站
2026-07-21 20:00:00,桃園測站,桃園市,83.2,42.5,64.7,56.4,0.653,2.41,276.4,Sample Data,桃園市,桃園測站
2026-07-21 21:00:00,桃園測站,桃園市,82.5,41.8,78.2,51.4,0.662,1.84,185.9,Sample Data,桃園市,桃園測站
2026-07-21 22:00:00,桃園測站,桃園市,73.8,40.1,57.3,61.0,0.551,2.09,181.9,Sample Data,桃園市,桃園測站
2026-07-21 23:00:00,桃園測站,桃園市,71.9,38.7,78.5,57.9,0.665,2.96,173.1,Sample Data,桃園市,桃園測站
2026-07-22 00:00:00,桃園測站,桃園市,73.9,41.1,73.6,55.1,0.677,4.06,257.3,Sample Data,桃園市,桃園測站
2026-07-22 01:00:00,桃園測站,桃園市,73.8,40.2,73.8,41.5,0.605,2.14,307.2,Sample Data,桃園市,桃園測站
2026-07-22 02:00:00,桃園測站,桃園市,80.9,38.5,58.1,48.9,0.584,1.69,315.7,Sample Data,桃園市,桃園測站
2026-07-22 03:00:00,桃園測站,桃園市,76.4,40.7,65.1,44.2,0.714,2.94,254.1,Sample Data,桃園市,桃園測站
2026-07-22 04:00:00,桃園測站,桃園市,84.2,38.4,72.9,47.0,0.666,2.04,219.6,Sample Data,桃園市,桃園測站
2026-07-22 05:00:00,桃園測站,桃園市,79.7,41.7,55.9,43.2,0.633,1.45,336.7,Sample Data,桃園市,桃園測站
2026-07-22 06:00:00,桃園測站,桃園市,92.6,50.1,98.0,44.2,0.741,1.67,342.5,Sample Data,桃園市,桃園測站
2026-07-22 07:00:00,桃園測站,桃園市,75.5,39.2,66.7,38.9,0.669,3.26,201.8,Sample Data,桃園市,桃園測站
2026-07-22 08:00:00,桃園測站,桃園市,80.6,38.5,54.7,37.6,0.725,1.91,277.7,Sample Data,桃園市,桃園測站
2026-07-22 09:00:00,桃園測站,桃園市,80.8,43.3,80.0,49.3,0.683,2.13,301.0,Sample Data,桃園市,桃園測站
2026-07-22 10:00:00,桃園測站,桃園市,83.6,47.6,91.4,42.9,0.72,1.42,288.0,Sample Data,桃園市,桃園測站
2026-07-22 11:00:00,桃園測站,桃園市,92.6,36.7,62.1,47.7,0.71,2.03,271.1,Sample Data,桃園市,桃園測站
2026-07-22 12:00:00,桃園測站,桃園市,77.4,39.1,76.8,49.3,0.615,2.82,328.3,Sample Data,桃園市,桃園測站
2026-07-22 13:00:00,桃園測站,桃園市,78.0,37.6,73.4,46.4,0.683,1.5,346.5,Sample Data,桃園市,桃園測站
2026-07-22 14:00:00,桃園測站,桃園市,73.2,36.7,64.4,52.3,0.632,1.46,292.5,Sample Data,桃園市,桃園測站
2026-07-22 15:00:00,桃園測站,桃園市,72.8,41.4,73.5,53.8,0.714,2.12,245.1,Sample Data,桃園市,桃園測站
2026-07-22 16:00:00,桃園測站,桃園市,84.0,38.8,67.4,54.5,0.667,2.71,0.8,Sample Data,桃園市,桃園測站
2026-07-22 17:00:00,桃園測站,桃園市,88.1,44.1,73.2,61.3,0.585,0.68,294.1,Sample Data,桃園市,桃園測站
2026-07-22 18:00:00,桃園測站,桃園市,85.6,41.2,62.0,61.9,0.675,3.03,32.1,Sample Data,桃園市,桃園測站
2026-07-22 19:00:00,桃園測站,桃園市,85.6,40.2,64.5,60.2,0.635,1.83,323.3,Sample Data,桃園市,桃園測站
2026-07-22 20:00:00,桃園測站,桃園市,70.4,35.1,66.0,54.3,0.602,1.77,232.3,Sample Data,桃園市,桃園測站
2026-07-22 21:00:00,桃園測站,桃園市,74.7,39.3,57.8,58.1,0.67,1.76,228.3,Sample Data,桃園市,桃園測站
2026-07-22 22:00:00,桃園測站,桃園市,81.5,42.7,84.8,61.0,0.755,2.29,16.3,Sample Data,桃園市,桃園測站
2026-07-22 23:00:00,桃園測站,桃園市,67.8,38.2,62.8,57.9,0.615,1.64,251.5,Sample Data,桃園市,桃園測站
2026-07-23 00:00:00,桃園測站,桃園市,81.2,43.0,67.6,53.7,0.617,2.39,259.4,Sample Data,桃園市,桃園測站
2026-07-23 01:00:00,桃園測站,桃園市,70.9,37.1,59.8,44.1,0.607,2.26,64.2,Sample Data,桃園市,桃園測站
2026-07-23 02:00:00,桃園測站,桃園市,74.0,40.8,77.9,48.0,0.647,2.71,196.5,Sample Data,桃園市,桃園測站
2026-07-23 03:00:00,桃園測站,桃園市,82.8,46.7,75.4,51.1,0.64,2.47,262.4,Sample Data,桃園市,桃園測站
2026-07-23 04:00:00,桃園測站,桃園市,84.0,37.8,56.8,44.5,0.659,2.88,312.6,Sample Data,桃園市,桃園測站
2026-07-23 05:00:00,桃園測站,桃園市,80.1,38.2,70.8,44.2,0.68,2.64,353.7,Sample Data,桃園市,桃園測站
2026-07-23 06:00:00,桃園測站,桃園市,80.9,38.7,68.3,34.8,0.69,2.59,62.4,Sample Data,桃園市,桃園測站
2026-07-23 07:00:00,桃園測站,桃園市,84.9,42.7,60.9,40.7,0.617,3.11,9.8,Sample Data,桃園市,桃園測站
2026-07-23 08:00:00,桃園測站,桃園市,78.1,41.6,68.6,37.1,0.495,2.44,299.2,Sample Data,桃園市,桃園測站
2026-07-23 09:00:00,桃園測站,桃園市,83.7,44.9,92.7,48.1,0.766,3.05,71.6,Sample Data,桃園市,桃園測站
2026-07-23 10:00:00,桃園測站,桃園市,76.2,36.4,73.0,47.6,0.615,2.86,219.5,Sample Data,桃園市,桃園測站
2026-07-23 11:00:00,桃園測站,桃園市,70.6,38.6,69.4,38.8,0.649,3.12,126.0,Sample Data,桃園市,桃園測站
2026-07-23 12:00:00,桃園測站,桃園市,74.1,38.4,77.6,49.1,0.632,1.08,308.8,Sample Data,桃園市,桃園測站
2026-07-23 13:00:00,桃園測站,桃園市,73.1,40.6,77.7,42.0,0.696,2.37,337.5,Sample Data,桃園市,桃園測站
2026-07-23 14:00:00,桃園測站,桃園市,75.5,41.2,62.5,51.8,0.625,2.38,99.4,Sample Data,桃園市,桃園測站
2026-07-23 15:00:00,桃園測站,桃園市,69.7,40.7,63.4,52.8,0.63,2.19,286.7,Sample Data,桃園市,桃園測站
2026-07-23 16:00:00,桃園測站,桃園市,76.1,41.1,58.9,54.4,0.675,2.48,323.6,Sample Data,桃園市,桃園測站
2026-07-23 17:00:00,桃園測站,桃園市,77.5,43.3,67.8,62.5,0.585,2.98,104.1,Sample Data,桃園市,桃園測站
2026-07-23 18:00:00,桃園測站,桃園市,76.5,39.3,61.5,48.4,0.639,2.51,58.7,Sample Data,桃園市,桃園測站
2026-07-23 19:00:00,桃園測站,桃園市,71.8,38.4,59.4,50.8,0.684,2.09,81.0,Sample Data,桃園市,桃園測站
2026-07-23 20:00:00,桃園測站,桃園市,66.4,37.6,60.6,50.6,0.477,3.38,37.6,Sample Data,桃園市,桃園測站
2026-07-23 21:00:00,桃園測站,桃園市,76.2,43.1,63.1,58.8,0.715,2.24,131.6,Sample Data,桃園市,桃園測站
2026-07-23 22:00:00,桃園測站,桃園市,60.6,31.7,54.9,59.7,0.636,3.5,78.6,Sample Data,桃園市,桃園測站
2026-07-23 23:00:00,桃園測站,桃園市,62.2,31.9,42.4,56.4,0.61,2.32,57.3,Sample Data,桃園市,桃園測站
2026-07-24 00:00:00,桃園測站,桃園市,68.3,37.8,70.1,50.0,0.575,3.2,284.8,Sample Data,桃園市,桃園測站
2026-07-24 01:00:00,桃園測站,桃園市,67.9,40.5,83.4,46.9,0.576,2.97,339.3,Sample Data,桃園市,桃園測站
2026-07-24 02:00:00,桃園測站,桃園市,69.8,32.8,57.3,43.0,0.632,2.21,100.0,Sample Data,桃園市,桃園測站
2026-07-24 03:00:00,桃園測站,桃園市,68.2,39.7,61.7,41.4,0.617,2.17,106.1,Sample Data,桃園市,桃園測站
2026-07-24 04:00:00,桃園測站,桃園市,66.4,39.1,67.2,37.9,0.544,3.47,86.4,Sample Data,桃園市,桃園測站
2026-07-24 05:00:00,桃園測站,桃園市,72.5,40.8,69.4,43.5,0.682,2.19,165.0,Sample Data,桃園市,桃園測站
2026-07-24 06:00:00,桃園測站,桃園市,69.9,34.6,62.1,37.1,0.601,2.75,52.4,Sample Data,桃園市,桃園測站
2026-07-24 07:00:00,桃園測站,桃園市,78.9,41.1,65.7,46.4,0.579,2.36,47.0,Sample Data,桃園市,桃園測站
2026-07-24 08:00:00,桃園測站,桃園市,80.2,41.2,72.8,46.9,0.662,3.51,75.0,Sample Data,桃園市,桃園測站
2026-07-24 09:00:00,桃園測站,桃園市,74.4,39.4,69.0,41.4,0.635,2.44,82.3,Sample Data,桃園市,桃園測站
2026-07-24 10:00:00,桃園測站,桃園市,72.3,39.6,79.5,48.0,0.645,4.06,68.7,Sample Data,桃園市,桃園測站
2026-07-24 11:00:00,桃園測站,桃園市,71.5,37.0,55.0,45.2,0.607,2.56,56.1,Sample Data,桃園市,桃園測站
2026-07-24 12:00:00,桃園測站,桃園市,60.9,35.8,63.1,37.7,0.625,1.76,112.9,Sample Data,桃園市,桃園測站
2026-07-24 13:00:00,桃園測站,桃園市,67.3,40.0,63.1,49.3,0.663,1.85,34.0,Sample Data,桃園市,桃園測站
2026-07-24 14:00:00,桃園測站,桃園市,63.9,38.3,73.4,42.7,0.649,2.71,183.2,Sample Data,桃園市,桃園測站
2026-07-24 15:00:00,桃園測站,桃園市,70.6,38.0,68.2,52.0,0.675,1.61,192.1,Sample Data,桃園市,桃園測站
2026-07-24 16:00:00,桃園測站,桃園市,76.3,39.7,65.1,56.3,0.579,3.48,353.4,Sample Data,桃園市,桃園測站
2026-07-24 17:00:00,桃園測站,桃園市,65.2,35.7,70.1,54.6,0.641,2.25,110.2,Sample Data,桃園市,桃園測站
2026-07-24 18:00:00,桃園測站,桃園市,81.7,40.9,62.2,62.1,0.675,2.81,78.9,Sample Data,桃園市,桃園測站
2026-07-24 19:00:00,桃園測站,桃園市,73.0,40.7,68.6,63.7,0.646,2.01,122.0,Sample Data,桃園市,桃園測站
2026-07-24 20:00:00,桃園測站,桃園市,74.9,42.3,61.9,47.5,0.701,2.51,94.8,Sample Data,桃園市,桃園測站
2026-07-24 21:00:00,桃園測站,桃園市,70.7,44.7,84.0,51.9,0.579,0.59,133.8,Sample Data,桃園市,桃園測站
2026-07-24 22:00:00,桃園測站,桃園市,70.8,42.6,68.8,51.8,0.576,2.14,48.2,Sample Data,桃園市,桃園測站
2026-07-24 23:00:00,桃園測站,桃園市,73.1,35.6,56.9,54.0,0.628,1.98,53.7,Sample Data,桃園市,桃園測站
2026-07-25 00:00:00,桃園測站,桃園市,56.8,34.0,59.8,47.2,0.577,2.12,64.9,Sample Data,桃園市,桃園測站
2026-07-25 01:00:00,桃園測站,桃園市,56.7,43.1,75.2,40.9,0.412,1.89,241.9,Sample Data,桃園市,桃園測站
2026-07-25 02:00:00,桃園測站,桃園市,60.0,41.3,54.1,38.2,0.585,2.57,113.4,Sample Data,桃園市,桃園測站
2026-07-25 03:00:00,桃園測站,桃園市,54.7,37.9,72.5,40.0,0.522,1.85,93.5,Sample Data,桃園市,桃園測站
2026-07-25 04:00:00,桃園測站,桃園市,67.6,41.5,67.5,34.8,0.657,2.93,127.5,Sample Data,桃園市,桃園測站
2026-07-25 05:00:00,桃園測站,桃園市,58.4,31.6,64.3,34.8,0.52,3.29,87.7,Sample Data,桃園市,桃園測站
2026-07-25 06:00:00,桃園測站,桃園市,72.8,39.1,69.2,38.0,0.683,2.85,185.8,Sample Data,桃園市,桃園測站
2026-07-25 07:00:00,桃園測站,桃園市,68.9,37.2,70.1,44.1,0.658,2.22,78.0,Sample Data,桃園市,桃園測站
2026-07-25 08:00:00,桃園測站,桃園市,77.7,41.1,82.9,38.7,0.634,2.0,59.6,Sample Data,桃園市,桃園測站
2026-07-25 09:00:00,桃園測站,桃園市,70.0,36.5,57.1,37.4,0.571,2.44,126.4,Sample Data,桃園市,桃園測站
2026-07-25 10:00:00,桃園測站,桃園市,65.0,44.7,77.0,42.8,0.586,2.52,139.1,Sample Data,桃園市,桃園測站
2026-07-25 11:00:00,桃園測站,桃園市,62.6,35.3,66.9,33.3,0.653,3.88,150.4,Sample Data,桃園市,桃園測站
2026-07-25 12:00:00,桃園測站,桃園市,63.4,40.5,66.3,41.8,0.696,2.22,194.0,Sample Data,桃園市,桃園測站
2026-07-25 13:00:00,桃園測站,桃園市,59.1,42.8,76.3,47.3,0.582,2.57,110.3,Sample Data,桃園市,桃園測站
2026-07-25 14:00:00,桃園測站,桃園市,48.3,36.8,59.5,45.8,0.57,3.12,14.4,Sample Data,桃園市,桃園測站
2026-07-25 15:00:00,桃園測站,桃園市,66.5,36.9,62.8,53.5,0.583,1.67,129.2,Sample Data,桃園市,桃園測站
2026-07-25 16:00:00,桃園測站,桃園市,57.4,34.0,45.7,51.2,0.58,2.41,128.6,Sample Data,桃園市,桃園測站
2026-07-25 17:00:00,桃園測站,桃園市,64.5,36.5,63.5,47.8,0.622,1.94,179.7,Sample Data,桃園市,桃園測站
2026-07-25 18:00:00,桃園測站,桃園市,75.0,41.0,55.8,55.5,0.692,2.56,263.7,Sample Data,桃園市,桃園測站
2026-07-25 19:00:00,桃園測站,桃園市,78.4,41.7,77.1,56.7,0.633,1.74,114.5,Sample Data,桃園市,桃園測站
2026-07-25 20:00:00,桃園測站,桃園市,69.6,43.8,66.9,60.2,0.629,2.24,162.3,Sample Data,桃園市,桃園測站
2026-07-25 21:00:00,桃園測站,桃園市,64.2,39.4,65.2,50.7,0.601,2.64,153.8,Sample Data,桃園市,桃園測站
2026-07-25 22:00:00,桃園測站,桃園市,57.9,39.6,53.9,56.2,0.545,2.56,236.6,Sample Data,桃園市,桃園測站
2026-07-25 23:00:00,桃園測站,桃園市,71.0,42.1,58.6,44.2,0.662,3.19,132.2,Sample Data,桃園市,桃園測站
2026-06-26 00:00:00,花蓮測站,花蓮縣,37.6,21.6,44.3,40.0,0.504,2.55,153.5,Sample Data,花蓮縣,花蓮測站
2026-06-26 01:00:00,花蓮測站,花蓮縣,43.0,19.1,37.2,38.5,0.465,2.64,237.8,Sample Data,花蓮縣,花蓮測站
2026-06-26 02:00:00,花蓮測站,花蓮縣,36.8,19.7,34.8,40.9,0.535,2.73,264.8,Sample Data,花蓮縣,花蓮測站
2026-06-26 03:00:00,花蓮測站,花蓮縣,48.1,25.6,43.4,44.8,0.497,2.95,226.2,Sample Data,花蓮縣,花蓮測站
2026-06-26 04:00:00,花蓮測站,花蓮縣,35.9,20.5,33.7,32.5,0.526,2.14,122.2,Sample Data,花蓮縣,花蓮測站
2026-06-26 05:00:00,花蓮測站,花蓮縣,42.1,24.3,50.2,36.4,0.493,2.28,143.0,Sample Data,花蓮縣,花蓮測站
2026-06-26 06:00:00,花蓮測站,花蓮縣,42.5,21.5,35.8,32.0,0.429,4.44,152.6,Sample Data,花蓮縣,花蓮測站
2026-06-26 07:00:00,花蓮測站,花蓮縣,53.6,27.9,49.0,37.6,0.468,3.71,216.5,Sample Data,花蓮縣,花蓮測站
2026-06-26 08:00:00,花蓮測站,花蓮縣,53.8,20.7,30.3,42.3,0.548,2.73,225.2,Sample Data,花蓮縣,花蓮測站
2026-06-26 09:00:00,花蓮測站,花蓮縣,65.4,26.4,48.8,35.7,0.587,2.27,237.9,Sample Data,花蓮縣,花蓮測站
2026-06-26 10:00:00,花蓮測站,花蓮縣,38.3,21.6,29.0,28.0,0.444,2.33,186.5,Sample Data,花蓮縣,花蓮測站
2026-06-26 11:00:00,花蓮測站,花蓮縣,38.6,21.5,35.8,32.9,0.425,2.71,182.1,Sample Data,花蓮縣,花蓮測站
2026-06-26 12:00:00,花蓮測站,花蓮縣,38.0,18.5,32.2,42.4,0.532,2.28,287.3,Sample Data,花蓮縣,花蓮測站
2026-06-26 13:00:00,花蓮測站,花蓮縣,47.2,20.9,38.8,42.2,0.523,2.57,199.8,Sample Data,花蓮縣,花蓮測站
2026-06-26 14:00:00,花蓮測站,花蓮縣,53.1,24.4,41.4,45.2,0.465,1.79,356.5,Sample Data,花蓮縣,花蓮測站
2026-06-26 15:00:00,花蓮測站,花蓮縣,40.3,22.5,48.5,46.0,0.566,2.83,299.1,Sample Data,花蓮縣,花蓮測站
2026-06-26 16:00:00,花蓮測站,花蓮縣,56.7,30.2,47.5,49.1,0.558,2.59,113.7,Sample Data,花蓮縣,花蓮測站
2026-06-26 17:00:00,花蓮測站,花蓮縣,53.5,27.5,50.7,55.8,0.602,2.05,240.6,Sample Data,花蓮縣,花蓮測站
2026-06-26 18:00:00,花蓮測站,花蓮縣,55.1,28.7,53.2,57.8,0.492,2.12,241.3,Sample Data,花蓮縣,花蓮測站
2026-06-26 19:00:00,花蓮測站,花蓮縣,62.2,23.3,48.0,57.5,0.587,2.29,244.1,Sample Data,花蓮縣,花蓮測站
2026-06-26 20:00:00,花蓮測站,花蓮縣,44.7,23.0,32.8,46.7,0.473,2.37,341.3,Sample Data,花蓮縣,花蓮測站
2026-06-26 21:00:00,花蓮測站,花蓮縣,45.0,19.4,35.7,52.2,0.484,2.92,156.8,Sample Data,花蓮縣,花蓮測站
2026-06-26 22:00:00,花蓮測站,花蓮縣,50.0,24.7,40.2,49.7,0.555,2.16,217.9,Sample Data,花蓮縣,花蓮測站
2026-06-26 23:00:00,花蓮測站,花蓮縣,50.8,29.3,57.2,46.2,0.52,1.59,240.5,Sample Data,花蓮縣,花蓮測站
2026-06-27 00:00:00,花蓮測站,花蓮縣,44.9,22.9,37.1,43.4,0.432,1.97,336.3,Sample Data,花蓮縣,花蓮測站
2026-06-27 01:00:00,花蓮測站,花蓮縣,34.2,17.8,28.0,38.9,0.486,1.66,296.5,Sample Data,花蓮縣,花蓮測站
2026-06-27 02:00:00,花蓮測站,花蓮縣,36.6,19.9,31.4,39.2,0.511,2.23,221.3,Sample Data,花蓮縣,花蓮測站
2026-06-27 03:00:00,花蓮測站,花蓮縣,37.9,19.0,37.8,33.5,0.507,3.68,284.7,Sample Data,花蓮縣,花蓮測站
2026-06-27 04:00:00,花蓮測站,花蓮縣,43.1,20.6,41.9,37.6,0.507,3.26,233.8,Sample Data,花蓮縣,花蓮測站
2026-06-27 05:00:00,花蓮測站,花蓮縣,45.0,27.2,47.7,38.9,0.433,3.1,232.2,Sample Data,花蓮縣,花蓮測站
2026-06-27 06:00:00,花蓮測站,花蓮縣,40.4,20.8,39.2,24.4,0.4,3.0,228.3,Sample Data,花蓮縣,花蓮測站
2026-06-27 07:00:00,花蓮測站,花蓮縣,39.6,17.3,30.7,29.1,0.501,3.31,229.9,Sample Data,花蓮縣,花蓮測站
2026-06-27 08:00:00,花蓮測站,花蓮縣,51.0,22.4,41.5,29.2,0.525,3.3,304.1,Sample Data,花蓮縣,花蓮測站
2026-06-27 09:00:00,花蓮測站,花蓮縣,54.8,27.9,47.7,32.4,0.462,3.3,260.8,Sample Data,花蓮縣,花蓮測站
2026-06-27 10:00:00,花蓮測站,花蓮縣,37.3,24.6,48.2,31.9,0.418,3.02,311.1,Sample Data,花蓮縣,花蓮測站
2026-06-27 11:00:00,花蓮測站,花蓮縣,40.9,25.8,44.8,31.3,0.412,3.49,164.6,Sample Data,花蓮縣,花蓮測站
2026-06-27 12:00:00,花蓮測站,花蓮縣,40.0,22.0,42.8,39.3,0.441,3.28,320.0,Sample Data,花蓮縣,花蓮測站
2026-06-27 13:00:00,花蓮測站,花蓮縣,39.1,18.9,43.7,36.8,0.543,1.45,243.7,Sample Data,花蓮縣,花蓮測站
2026-06-27 14:00:00,花蓮測站,花蓮縣,38.1,24.0,43.4,40.5,0.459,2.46,45.5,Sample Data,花蓮縣,花蓮測站
2026-06-27 15:00:00,花蓮測站,花蓮縣,37.0,19.4,34.1,39.2,0.547,2.76,319.7,Sample Data,花蓮縣,花蓮測站
2026-06-27 16:00:00,花蓮測站,花蓮縣,47.5,23.3,40.8,50.3,0.465,1.87,345.2,Sample Data,花蓮縣,花蓮測站
2026-06-27 17:00:00,花蓮測站,花蓮縣,47.6,17.4,33.6,49.0,0.48,1.52,271.8,Sample Data,花蓮縣,花蓮測站
2026-06-27 18:00:00,花蓮測站,花蓮縣,42.6,23.5,39.2,46.3,0.559,2.14,267.4,Sample Data,花蓮縣,花蓮測站
2026-06-27 19:00:00,花蓮測站,花蓮縣,46.0,22.7,38.0,53.9,0.62,2.14,321.7,Sample Data,花蓮縣,花蓮測站
2026-06-27 20:00:00,花蓮測站,花蓮縣,41.9,28.1,42.5,50.9,0.493,3.17,272.2,Sample Data,花蓮縣,花蓮測站
2026-06-27 21:00:00,花蓮測站,花蓮縣,43.2,21.5,40.5,49.2,0.538,2.64,348.2,Sample Data,花蓮縣,花蓮測站
2026-06-27 22:00:00,花蓮測站,花蓮縣,33.3,24.2,44.4,45.7,0.445,3.29,200.3,Sample Data,花蓮縣,花蓮測站
2026-06-27 23:00:00,花蓮測站,花蓮縣,35.1,22.7,38.9,33.5,0.431,2.69,22.0,Sample Data,花蓮縣,花蓮測站
2026-06-28 00:00:00,花蓮測站,花蓮縣,37.4,17.1,32.7,38.9,0.494,2.32,307.6,Sample Data,花蓮縣,花蓮測站
2026-06-28 01:00:00,花蓮測站,花蓮縣,34.2,19.3,31.1,43.0,0.452,2.47,328.1,Sample Data,花蓮縣,花蓮測站
2026-06-28 02:00:00,花蓮測站,花蓮縣,32.1,14.8,20.6,30.3,0.352,3.63,259.4,Sample Data,花蓮縣,花蓮測站
2026-06-28 03:00:00,花蓮測站,花蓮縣,36.3,24.1,39.3,33.4,0.462,4.19,355.7,Sample Data,花蓮縣,花蓮測站
2026-06-28 04:00:00,花蓮測站,花蓮縣,40.3,28.5,58.1,35.6,0.495,1.99,273.9,Sample Data,花蓮縣,花蓮測站
2026-06-28 05:00:00,花蓮測站,花蓮縣,36.0,23.3,43.1,31.2,0.478,3.1,333.1,Sample Data,花蓮縣,花蓮測站
2026-06-28 06:00:00,花蓮測站,花蓮縣,40.2,17.2,25.9,35.9,0.533,2.77,95.5,Sample Data,花蓮縣,花蓮測站
2026-06-28 07:00:00,花蓮測站,花蓮縣,46.3,26.2,46.1,30.9,0.574,2.4,319.3,Sample Data,花蓮縣,花蓮測站
2026-06-28 08:00:00,花蓮測站,花蓮縣,46.8,22.1,44.0,33.0,0.53,3.26,354.0,Sample Data,花蓮縣,花蓮測站
2026-06-28 09:00:00,花蓮測站,花蓮縣,40.4,20.5,37.4,25.1,0.45,2.15,39.5,Sample Data,花蓮縣,花蓮測站
2026-06-28 10:00:00,花蓮測站,花蓮縣,37.1,19.5,35.8,36.8,0.481,3.48,61.9,Sample Data,花蓮縣,花蓮測站
2026-06-28 11:00:00,花蓮測站,花蓮縣,27.7,20.4,24.9,31.2,0.449,3.48,283.0,Sample Data,花蓮縣,花蓮測站
2026-06-28 12:00:00,花蓮測站,花蓮縣,37.8,27.0,39.3,45.8,0.508,1.08,317.9,Sample Data,花蓮縣,花蓮測站
2026-06-28 13:00:00,花蓮測站,花蓮縣,40.4,22.8,39.3,42.3,0.443,2.57,52.3,Sample Data,花蓮縣,花蓮測站
2026-06-28 14:00:00,花蓮測站,花蓮縣,31.2,15.4,25.7,37.7,0.342,2.95,53.7,Sample Data,花蓮縣,花蓮測站
2026-06-28 15:00:00,花蓮測站,花蓮縣,32.3,17.8,30.8,46.5,0.389,2.4,327.0,Sample Data,花蓮縣,花蓮測站
2026-06-28 16:00:00,花蓮測站,花蓮縣,43.8,21.8,43.0,51.9,0.472,1.96,10.2,Sample Data,花蓮縣,花蓮測站
2026-06-28 17:00:00,花蓮測站,花蓮縣,37.6,15.0,26.7,44.4,0.478,2.73,92.5,Sample Data,花蓮縣,花蓮測站
2026-06-28 18:00:00,花蓮測站,花蓮縣,43.9,22.1,41.9,50.4,0.55,1.8,330.5,Sample Data,花蓮縣,花蓮測站
2026-06-28 19:00:00,花蓮測站,花蓮縣,38.3,20.4,41.9,48.5,0.435,3.88,69.6,Sample Data,花蓮縣,花蓮測站
2026-06-28 20:00:00,花蓮測站,花蓮縣,38.8,24.2,49.8,45.0,0.527,3.07,38.5,Sample Data,花蓮縣,花蓮測站
2026-06-28 21:00:00,花蓮測站,花蓮縣,40.6,24.7,44.5,48.4,0.468,2.91,83.1,Sample Data,花蓮縣,花蓮測站
2026-06-28 22:00:00,花蓮測站,花蓮縣,34.6,20.9,32.1,38.2,0.405,3.16,78.7,Sample Data,花蓮縣,花蓮測站
2026-06-28 23:00:00,花蓮測站,花蓮縣,30.8,20.0,33.8,41.4,0.378,3.06,140.7,Sample Data,花蓮縣,花蓮測站
2026-06-29 00:00:00,花蓮測站,花蓮縣,32.5,19.4,45.1,36.6,0.427,2.51,327.0,Sample Data,花蓮縣,花蓮測站
2026-06-29 01:00:00,花蓮測站,花蓮縣,30.3,21.0,28.7,43.2,0.312,1.92,353.6,Sample Data,花蓮縣,花蓮測站
2026-06-29 02:00:00,花蓮測站,花蓮縣,36.6,19.4,30.9,42.6,0.494,2.75,37.6,Sample Data,花蓮縣,花蓮測站
2026-06-29 03:00:00,花蓮測站,花蓮縣,42.1,27.8,44.7,37.1,0.509,2.25,92.6,Sample Data,花蓮縣,花蓮測站
2026-06-29 04:00:00,花蓮測站,花蓮縣,38.4,24.7,38.5,31.7,0.464,1.43,14.5,Sample Data,花蓮縣,花蓮測站
2026-06-29 05:00:00,花蓮測站,花蓮縣,45.2,24.4,39.7,38.5,0.474,2.66,73.4,Sample Data,花蓮縣,花蓮測站
2026-06-29 06:00:00,花蓮測站,花蓮縣,42.9,26.8,50.0,31.7,0.506,2.48,64.4,Sample Data,花蓮縣,花蓮測站
2026-06-29 07:00:00,花蓮測站,花蓮縣,44.1,21.1,36.0,30.7,0.581,3.31,49.6,Sample Data,花蓮縣,花蓮測站
2026-06-29 08:00:00,花蓮測站,花蓮縣,45.3,24.7,47.4,25.7,0.539,3.32,181.0,Sample Data,花蓮縣,花蓮測站
2026-06-29 09:00:00,花蓮測站,花蓮縣,44.2,23.0,37.1,29.8,0.511,1.53,350.6,Sample Data,花蓮縣,花蓮測站
2026-06-29 10:00:00,花蓮測站,花蓮縣,45.5,24.4,48.3,35.1,0.561,1.53,47.7,Sample Data,花蓮縣,花蓮測站
2026-06-29 11:00:00,花蓮測站,花蓮縣,37.6,22.4,32.7,33.8,0.457,2.78,44.3,Sample Data,花蓮縣,花蓮測站
2026-06-29 12:00:00,花蓮測站,花蓮縣,38.5,16.4,39.3,34.9,0.466,2.51,59.3,Sample Data,花蓮縣,花蓮測站
2026-06-29 13:00:00,花蓮測站,花蓮縣,30.5,25.3,39.7,34.5,0.428,1.28,132.9,Sample Data,花蓮縣,花蓮測站
2026-06-29 14:00:00,花蓮測站,花蓮縣,33.9,21.3,35.2,42.8,0.479,3.46,59.8,Sample Data,花蓮縣,花蓮測站
2026-06-29 15:00:00,花蓮測站,花蓮縣,49.1,24.8,44.6,45.9,0.534,2.61,181.5,Sample Data,花蓮縣,花蓮測站
2026-06-29 16:00:00,花蓮測站,花蓮縣,39.1,23.4,48.6,41.4,0.57,2.58,321.1,Sample Data,花蓮縣,花蓮測站
2026-06-29 17:00:00,花蓮測站,花蓮縣,50.3,24.3,42.0,53.0,0.54,3.32,100.9,Sample Data,花蓮縣,花蓮測站
2026-06-29 18:00:00,花蓮測站,花蓮縣,47.8,21.9,39.7,46.2,0.498,2.37,141.0,Sample Data,花蓮縣,花蓮測站
2026-06-29 19:00:00,花蓮測站,花蓮縣,36.3,24.0,35.8,43.2,0.437,3.03,85.7,Sample Data,花蓮縣,花蓮測站
2026-06-29 20:00:00,花蓮測站,花蓮縣,35.0,18.1,34.1,47.1,0.477,1.49,66.6,Sample Data,花蓮縣,花蓮測站
2026-06-29 21:00:00,花蓮測站,花蓮縣,48.5,25.6,45.7,54.3,0.588,1.75,41.0,Sample Data,花蓮縣,花蓮測站
2026-06-29 22:00:00,花蓮測站,花蓮縣,37.8,22.2,41.6,41.9,0.462,3.2,141.1,Sample Data,花蓮縣,花蓮測站
2026-06-29 23:00:00,花蓮測站,花蓮縣,32.2,17.9,42.2,38.6,0.417,3.31,45.1,Sample Data,花蓮縣,花蓮測站
2026-06-30 00:00:00,花蓮測站,花蓮縣,36.2,15.0,28.2,42.0,0.409,2.88,105.9,Sample Data,花蓮縣,花蓮測站
2026-06-30 01:00:00,花蓮測站,花蓮縣,41.5,23.9,42.5,37.9,0.487,2.53,101.5,Sample Data,花蓮縣,花蓮測站
2026-06-30 02:00:00,花蓮測站,花蓮縣,49.2,22.3,43.9,31.3,0.524,3.33,148.8,Sample Data,花蓮縣,花蓮測站
2026-06-30 03:00:00,花蓮測站,花蓮縣,36.7,20.9,35.1,33.0,0.423,3.0,100.5,Sample Data,花蓮縣,花蓮測站
2026-06-30 04:00:00,花蓮測站,花蓮縣,42.7,23.7,40.5,32.0,0.6,2.46,161.7,Sample Data,花蓮縣,花蓮測站
2026-06-30 05:00:00,花蓮測站,花蓮縣,31.9,16.4,35.3,25.0,0.4,3.41,210.6,Sample Data,花蓮縣,花蓮測站
2026-06-30 06:00:00,花蓮測站,花蓮縣,44.3,24.6,33.2,27.8,0.447,2.77,58.9,Sample Data,花蓮縣,花蓮測站
2026-06-30 07:00:00,花蓮測站,花蓮縣,47.4,22.4,37.9,29.0,0.578,3.15,74.5,Sample Data,花蓮縣,花蓮測站
2026-06-30 08:00:00,花蓮測站,花蓮縣,54.1,21.7,41.2,28.5,0.473,2.19,179.7,Sample Data,花蓮縣,花蓮測站
2026-06-30 09:00:00,花蓮測站,花蓮縣,45.7,22.4,35.3,36.9,0.565,3.14,111.7,Sample Data,花蓮縣,花蓮測站
2026-06-30 10:00:00,花蓮測站,花蓮縣,38.5,18.0,41.9,32.9,0.509,3.28,145.8,Sample Data,花蓮縣,花蓮測站
2026-06-30 11:00:00,花蓮測站,花蓮縣,35.0,22.0,45.9,30.1,0.425,2.43,217.9,Sample Data,花蓮縣,花蓮測站
2026-06-30 12:00:00,花蓮測站,花蓮縣,26.0,25.2,42.2,35.8,0.42,3.44,177.6,Sample Data,花蓮縣,花蓮測站
2026-06-30 13:00:00,花蓮測站,花蓮縣,48.4,25.8,35.3,39.8,0.575,3.78,202.2,Sample Data,花蓮縣,花蓮測站
2026-06-30 14:00:00,花蓮測站,花蓮縣,23.5,10.9,18.1,38.3,0.454,3.73,159.6,Sample Data,花蓮縣,花蓮測站
2026-06-30 15:00:00,花蓮測站,花蓮縣,33.9,16.5,33.5,38.1,0.475,1.52,6.5,Sample Data,花蓮縣,花蓮測站
2026-06-30 16:00:00,花蓮測站,花蓮縣,40.2,25.8,45.0,40.3,0.509,2.36,231.2,Sample Data,花蓮縣,花蓮測站
2026-06-30 17:00:00,花蓮測站,花蓮縣,51.1,27.0,42.6,58.6,0.531,2.49,135.0,Sample Data,花蓮縣,花蓮測站
2026-06-30 18:00:00,花蓮測站,花蓮縣,40.7,18.5,22.0,42.7,0.352,2.11,199.1,Sample Data,花蓮縣,花蓮測站
2026-06-30 19:00:00,花蓮測站,花蓮縣,46.4,22.2,42.5,59.7,0.508,2.11,142.3,Sample Data,花蓮縣,花蓮測站
2026-06-30 20:00:00,花蓮測站,花蓮縣,48.7,23.2,35.1,47.1,0.395,2.08,248.2,Sample Data,花蓮縣,花蓮測站
2026-06-30 21:00:00,花蓮測站,花蓮縣,50.4,26.9,36.5,56.9,0.466,2.56,263.9,Sample Data,花蓮縣,花蓮測站
2026-06-30 22:00:00,花蓮測站,花蓮縣,42.3,21.3,32.0,47.7,0.557,0.85,193.7,Sample Data,花蓮縣,花蓮測站
2026-06-30 23:00:00,花蓮測站,花蓮縣,37.1,20.3,35.2,44.7,0.476,2.85,183.1,Sample Data,花蓮縣,花蓮測站
2026-07-01 00:00:00,花蓮測站,花蓮縣,40.0,21.3,28.9,47.4,0.466,2.38,201.8,Sample Data,花蓮縣,花蓮測站
2026-07-01 01:00:00,花蓮測站,花蓮縣,40.3,25.4,50.1,43.8,0.484,1.85,231.9,Sample Data,花蓮縣,花蓮測站
2026-07-01 02:00:00,花蓮測站,花蓮縣,31.8,9.1,19.6,37.1,0.501,2.76,165.2,Sample Data,花蓮縣,花蓮測站
2026-07-01 03:00:00,花蓮測站,花蓮縣,45.7,20.8,34.5,38.3,0.481,2.25,127.4,Sample Data,花蓮縣,花蓮測站
2026-07-01 04:00:00,花蓮測站,花蓮縣,38.8,26.8,42.5,27.4,0.593,2.08,127.4,Sample Data,花蓮縣,花蓮測站
2026-07-01 05:00:00,花蓮測站,花蓮縣,44.7,20.0,31.8,37.9,0.54,2.52,103.9,Sample Data,花蓮縣,花蓮測站
2026-07-01 06:00:00,花蓮測站,花蓮縣,44.7,22.9,33.7,36.7,0.501,2.69,227.0,Sample Data,花蓮縣,花蓮測站
2026-07-01 07:00:00,花蓮測站,花蓮縣,52.2,24.3,46.0,36.0,0.601,2.52,126.9,Sample Data,花蓮縣,花蓮測站
2026-07-01 08:00:00,花蓮測站,花蓮縣,60.5,25.8,43.0,37.9,0.504,2.86,307.1,Sample Data,花蓮縣,花蓮測站
2026-07-01 09:00:00,花蓮測站,花蓮縣,55.2,24.5,45.2,33.9,0.472,2.54,262.5,Sample Data,花蓮縣,花蓮測站
2026-07-01 10:00:00,花蓮測站,花蓮縣,56.1,23.4,34.2,41.6,0.577,2.64,260.3,Sample Data,花蓮縣,花蓮測站
2026-07-01 11:00:00,花蓮測站,花蓮縣,39.9,22.8,42.6,34.5,0.477,2.27,3.0,Sample Data,花蓮縣,花蓮測站
2026-07-01 12:00:00,花蓮測站,花蓮縣,52.0,27.8,50.8,39.8,0.533,1.49,242.4,Sample Data,花蓮縣,花蓮測站
2026-07-01 13:00:00,花蓮測站,花蓮縣,50.6,17.4,33.0,44.2,0.478,3.04,186.3,Sample Data,花蓮縣,花蓮測站
2026-07-01 14:00:00,花蓮測站,花蓮縣,45.2,19.4,41.6,41.7,0.527,2.56,281.3,Sample Data,花蓮縣,花蓮測站
2026-07-01 15:00:00,花蓮測站,花蓮縣,46.2,27.8,55.0,47.2,0.477,2.21,239.4,Sample Data,花蓮縣,花蓮測站
2026-07-01 16:00:00,花蓮測站,花蓮縣,45.5,21.1,43.8,50.1,0.56,2.36,183.6,Sample Data,花蓮縣,花蓮測站
2026-07-01 17:00:00,花蓮測站,花蓮縣,46.9,24.1,45.9,49.6,0.503,2.75,285.8,Sample Data,花蓮縣,花蓮測站
2026-07-01 18:00:00,花蓮測站,花蓮縣,65.0,29.1,44.2,54.5,0.584,2.08,241.0,Sample Data,花蓮縣,花蓮測站
2026-07-01 19:00:00,花蓮測站,花蓮縣,57.7,26.0,38.7,49.6,0.595,2.14,173.5,Sample Data,花蓮縣,花蓮測站
2026-07-01 20:00:00,花蓮測站,花蓮縣,54.5,26.6,43.9,54.9,0.638,2.31,237.0,Sample Data,花蓮縣,花蓮測站
2026-07-01 21:00:00,花蓮測站,花蓮縣,46.6,24.7,49.9,47.7,0.525,2.41,141.7,Sample Data,花蓮縣,花蓮測站
2026-07-01 22:00:00,花蓮測站,花蓮縣,50.9,19.0,32.4,49.1,0.525,2.55,266.0,Sample Data,花蓮縣,花蓮測站
2026-07-01 23:00:00,花蓮測站,花蓮縣,46.3,31.0,56.4,40.4,0.533,1.47,182.5,Sample Data,花蓮縣,花蓮測站
2026-07-02 00:00:00,花蓮測站,花蓮縣,39.5,22.9,32.4,43.9,0.336,2.15,285.1,Sample Data,花蓮縣,花蓮測站
2026-07-02 01:00:00,花蓮測站,花蓮縣,44.8,25.7,39.5,43.0,0.516,2.96,266.4,Sample Data,花蓮縣,花蓮測站
2026-07-02 02:00:00,花蓮測站,花蓮縣,40.8,19.4,25.8,32.2,0.508,1.91,356.6,Sample Data,花蓮縣,花蓮測站
2026-07-02 03:00:00,花蓮測站,花蓮縣,60.4,25.8,30.4,44.7,0.456,1.46,267.5,Sample Data,花蓮縣,花蓮測站
2026-07-02 04:00:00,花蓮測站,花蓮縣,50.2,19.6,24.0,34.9,0.479,1.46,299.8,Sample Data,花蓮縣,花蓮測站
2026-07-02 05:00:00,花蓮測站,花蓮縣,50.8,25.9,40.7,34.8,0.498,2.92,243.7,Sample Data,花蓮縣,花蓮測站
2026-07-02 06:00:00,花蓮測站,花蓮縣,51.3,27.5,51.5,37.6,0.46,2.31,228.7,Sample Data,花蓮縣,花蓮測站
2026-07-02 07:00:00,花蓮測站,花蓮縣,56.8,27.8,54.4,35.8,0.543,3.28,187.9,Sample Data,花蓮縣,花蓮測站
2026-07-02 08:00:00,花蓮測站,花蓮縣,55.2,26.5,46.0,34.1,0.478,3.28,315.0,Sample Data,花蓮縣,花蓮測站
2026-07-02 09:00:00,花蓮測站,花蓮縣,64.6,26.6,39.6,31.9,0.65,1.48,296.3,Sample Data,花蓮縣,花蓮測站
2026-07-02 10:00:00,花蓮測站,花蓮縣,54.3,26.9,39.3,38.9,0.58,3.73,221.4,Sample Data,花蓮縣,花蓮測站
2026-07-02 11:00:00,花蓮測站,花蓮縣,40.1,17.0,23.0,30.2,0.45,3.26,319.5,Sample Data,花蓮縣,花蓮測站
2026-07-02 12:00:00,花蓮測站,花蓮縣,44.3,21.0,42.9,39.4,0.497,2.41,38.2,Sample Data,花蓮縣,花蓮測站
2026-07-02 13:00:00,花蓮測站,花蓮縣,46.1,23.5,44.2,39.3,0.524,2.04,293.7,Sample Data,花蓮縣,花蓮測站
2026-07-02 14:00:00,花蓮測站,花蓮縣,44.8,19.4,35.4,43.9,0.484,2.02,286.4,Sample Data,花蓮縣,花蓮測站
2026-07-02 15:00:00,花蓮測站,花蓮縣,48.0,20.4,46.9,45.9,0.436,3.59,6.1,Sample Data,花蓮縣,花蓮測站
2026-07-02 16:00:00,花蓮測站,花蓮縣,59.4,26.1,40.8,55.8,0.643,1.76,161.4,Sample Data,花蓮縣,花蓮測站
2026-07-02 17:00:00,花蓮測站,花蓮縣,54.5,22.4,32.1,53.1,0.5,2.57,296.1,Sample Data,花蓮縣,花蓮測站
2026-07-02 18:00:00,花蓮測站,花蓮縣,43.9,24.2,37.4,46.8,0.499,2.65,341.4,Sample Data,花蓮縣,花蓮測站
2026-07-02 19:00:00,花蓮測站,花蓮縣,56.4,22.0,44.2,55.6,0.538,2.91,253.9,Sample Data,花蓮縣,花蓮測站
2026-07-02 20:00:00,花蓮測站,花蓮縣,49.7,21.2,32.4,59.4,0.492,3.1,285.1,Sample Data,花蓮縣,花蓮測站
2026-07-02 21:00:00,花蓮測站,花蓮縣,55.2,29.1,55.1,56.7,0.558,1.82,318.9,Sample Data,花蓮縣,花蓮測站
2026-07-02 22:00:00,花蓮測站,花蓮縣,42.6,22.7,41.7,39.8,0.427,2.08,309.2,Sample Data,花蓮縣,花蓮測站
2026-07-02 23:00:00,花蓮測站,花蓮縣,37.4,18.3,31.0,33.7,0.429,3.59,342.2,Sample Data,花蓮縣,花蓮測站
2026-07-03 00:00:00,花蓮測站,花蓮縣,46.2,24.8,42.4,45.8,0.505,2.31,321.4,Sample Data,花蓮縣,花蓮測站
2026-07-03 01:00:00,花蓮測站,花蓮縣,38.2,23.0,37.7,42.3,0.476,2.35,232.8,Sample Data,花蓮縣,花蓮測站
2026-07-03 02:00:00,花蓮測站,花蓮縣,43.4,20.5,32.8,31.5,0.417,2.32,336.0,Sample Data,花蓮縣,花蓮測站
2026-07-03 03:00:00,花蓮測站,花蓮縣,37.7,18.8,37.9,36.0,0.445,2.26,2.7,Sample Data,花蓮縣,花蓮測站
2026-07-03 04:00:00,花蓮測站,花蓮縣,42.4,24.9,39.1,32.2,0.461,1.48,333.1,Sample Data,花蓮縣,花蓮測站
2026-07-03 05:00:00,花蓮測站,花蓮縣,45.2,18.7,31.9,30.1,0.598,2.25,24.7,Sample Data,花蓮縣,花蓮測站
2026-07-03 06:00:00,花蓮測站,花蓮縣,49.2,22.4,40.1,39.4,0.558,2.46,229.2,Sample Data,花蓮縣,花蓮測站
2026-07-03 07:00:00,花蓮測站,花蓮縣,53.9,21.2,31.5,32.0,0.505,3.2,247.9,Sample Data,花蓮縣,花蓮測站
2026-07-03 08:00:00,花蓮測站,花蓮縣,57.5,26.8,44.6,37.6,0.532,2.12,351.5,Sample Data,花蓮縣,花蓮測站
2026-07-03 09:00:00,花蓮測站,花蓮縣,60.4,21.9,37.7,36.4,0.491,1.17,9.7,Sample Data,花蓮縣,花蓮測站
2026-07-03 10:00:00,花蓮測站,花蓮縣,41.2,24.9,51.9,31.6,0.445,2.01,18.0,Sample Data,花蓮縣,花蓮測站
2026-07-03 11:00:00,花蓮測站,花蓮縣,47.4,22.4,37.5,32.0,0.525,2.36,213.2,Sample Data,花蓮縣,花蓮測站
2026-07-03 12:00:00,花蓮測站,花蓮縣,39.8,16.5,29.3,37.3,0.428,3.04,353.7,Sample Data,花蓮縣,花蓮測站
2026-07-03 13:00:00,花蓮測站,花蓮縣,39.0,21.5,26.7,44.9,0.435,2.13,340.9,Sample Data,花蓮縣,花蓮測站
2026-07-03 14:00:00,花蓮測站,花蓮縣,37.3,17.8,28.7,34.0,0.491,3.07,284.3,Sample Data,花蓮縣,花蓮測站
2026-07-03 15:00:00,花蓮測站,花蓮縣,44.2,24.5,43.2,42.9,0.518,1.96,66.3,Sample Data,花蓮縣,花蓮測站
2026-07-03 16:00:00,花蓮測站,花蓮縣,44.5,20.8,44.4,44.6,0.545,2.76,295.8,Sample Data,花蓮縣,花蓮測站
2026-07-03 17:00:00,花蓮測站,花蓮縣,48.1,23.7,35.5,52.0,0.566,3.32,146.4,Sample Data,花蓮縣,花蓮測站
2026-07-03 18:00:00,花蓮測站,花蓮縣,48.7,25.4,57.3,47.3,0.604,3.75,334.8,Sample Data,花蓮縣,花蓮測站
2026-07-03 19:00:00,花蓮測站,花蓮縣,52.6,26.0,50.4,53.2,0.548,3.54,52.4,Sample Data,花蓮縣,花蓮測站
2026-07-03 20:00:00,花蓮測站,花蓮縣,40.7,24.0,46.0,47.7,0.507,3.9,36.0,Sample Data,花蓮縣,花蓮測站
2026-07-03 21:00:00,花蓮測站,花蓮縣,39.7,19.4,30.8,45.7,0.517,3.49,334.2,Sample Data,花蓮縣,花蓮測站
2026-07-03 22:00:00,花蓮測站,花蓮縣,31.8,19.3,33.5,40.2,0.484,3.23,165.2,Sample Data,花蓮縣,花蓮測站
2026-07-03 23:00:00,花蓮測站,花蓮縣,34.7,24.3,35.4,42.6,0.417,2.92,87.3,Sample Data,花蓮縣,花蓮測站
2026-07-04 00:00:00,花蓮測站,花蓮縣,28.2,21.3,45.2,34.7,0.412,3.32,336.2,Sample Data,花蓮縣,花蓮測站
2026-07-04 01:00:00,花蓮測站,花蓮縣,23.3,17.5,28.6,33.9,0.499,2.57,71.2,Sample Data,花蓮縣,花蓮測站
2026-07-04 02:00:00,花蓮測站,花蓮縣,32.2,14.7,25.5,36.4,0.486,2.74,90.5,Sample Data,花蓮縣,花蓮測站
2026-07-04 03:00:00,花蓮測站,花蓮縣,20.2,19.3,32.9,27.2,0.365,2.76,342.3,Sample Data,花蓮縣,花蓮測站
2026-07-04 04:00:00,花蓮測站,花蓮縣,31.9,24.4,38.2,29.9,0.405,2.83,52.9,Sample Data,花蓮縣,花蓮測站
2026-07-04 05:00:00,花蓮測站,花蓮縣,32.7,16.5,27.1,32.8,0.496,1.42,85.7,Sample Data,花蓮縣,花蓮測站
2026-07-04 06:00:00,花蓮測站,花蓮縣,34.2,23.3,48.4,25.6,0.463,2.94,45.5,Sample Data,花蓮縣,花蓮測站
2026-07-04 07:00:00,花蓮測站,花蓮縣,33.6,19.0,36.6,37.2,0.466,2.93,81.7,Sample Data,花蓮縣,花蓮測站
2026-07-04 08:00:00,花蓮測站,花蓮縣,50.0,25.6,48.5,33.2,0.538,2.01,25.5,Sample Data,花蓮縣,花蓮測站
2026-07-04 09:00:00,花蓮測站,花蓮縣,38.2,19.8,32.3,32.8,0.486,2.77,214.4,Sample Data,花蓮縣,花蓮測站
2026-07-04 10:00:00,花蓮測站,花蓮縣,30.1,21.3,38.4,34.8,0.41,2.39,66.5,Sample Data,花蓮縣,花蓮測站
2026-07-04 11:00:00,花蓮測站,花蓮縣,30.7,21.2,36.3,29.1,0.3,2.44,346.5,Sample Data,花蓮縣,花蓮測站
2026-07-04 12:00:00,花蓮測站,花蓮縣,27.1,17.0,23.9,27.7,0.426,4.53,131.1,Sample Data,花蓮縣,花蓮測站
2026-07-04 13:00:00,花蓮測站,花蓮縣,32.0,19.1,29.8,39.0,0.376,2.93,38.5,Sample Data,花蓮縣,花蓮測站
2026-07-04 14:00:00,花蓮測站,花蓮縣,20.9,15.0,27.0,23.3,0.346,3.55,61.6,Sample Data,花蓮縣,花蓮測站
2026-07-04 15:00:00,花蓮測站,花蓮縣,34.0,19.0,33.0,40.4,0.47,3.82,102.2,Sample Data,花蓮縣,花蓮測站
2026-07-04 16:00:00,花蓮測站,花蓮縣,34.6,17.8,29.4,47.2,0.483,3.43,139.3,Sample Data,花蓮縣,花蓮測站
2026-07-04 17:00:00,花蓮測站,花蓮縣,41.4,18.2,27.9,42.4,0.553,1.96,25.0,Sample Data,花蓮縣,花蓮測站
2026-07-04 18:00:00,花蓮測站,花蓮縣,37.3,18.7,29.8,49.8,0.419,1.54,49.9,Sample Data,花蓮縣,花蓮測站
2026-07-04 19:00:00,花蓮測站,花蓮縣,33.0,17.7,28.6,45.9,0.36,2.83,134.9,Sample Data,花蓮縣,花蓮測站
2026-07-04 20:00:00,花蓮測站,花蓮縣,40.0,14.3,21.7,46.1,0.36,2.16,69.9,Sample Data,花蓮縣,花蓮測站
2026-07-04 21:00:00,花蓮測站,花蓮縣,27.2,23.4,44.4,41.1,0.323,3.61,359.8,Sample Data,花蓮縣,花蓮測站
2026-07-04 22:00:00,花蓮測站,花蓮縣,27.1,18.3,25.1,42.5,0.371,3.4,130.4,Sample Data,花蓮縣,花蓮測站
2026-07-04 23:00:00,花蓮測站,花蓮縣,38.1,21.5,40.7,50.9,0.462,2.62,134.7,Sample Data,花蓮縣,花蓮測站
2026-07-05 00:00:00,花蓮測站,花蓮縣,24.7,16.4,28.3,40.9,0.393,3.06,160.8,Sample Data,花蓮縣,花蓮測站
2026-07-05 01:00:00,花蓮測站,花蓮縣,22.5,17.4,29.4,38.6,0.348,2.37,104.3,Sample Data,花蓮縣,花蓮測站
2026-07-05 02:00:00,花蓮測站,花蓮縣,31.2,26.7,46.2,36.4,0.392,3.37,104.8,Sample Data,花蓮縣,花蓮測站
2026-07-05 03:00:00,花蓮測站,花蓮縣,32.9,19.1,31.3,41.5,0.352,2.27,38.9,Sample Data,花蓮縣,花蓮測站
2026-07-05 04:00:00,花蓮測站,花蓮縣,33.3,21.6,39.1,29.2,0.458,3.19,106.5,Sample Data,花蓮縣,花蓮測站
2026-07-05 05:00:00,花蓮測站,花蓮縣,36.0,20.2,32.1,30.1,0.358,2.63,74.9,Sample Data,花蓮縣,花蓮測站
2026-07-05 06:00:00,花蓮測站,花蓮縣,42.0,18.0,26.4,33.4,0.411,2.42,89.4,Sample Data,花蓮縣,花蓮測站
2026-07-05 07:00:00,花蓮測站,花蓮縣,49.7,21.9,37.7,38.0,0.487,3.8,239.7,Sample Data,花蓮縣,花蓮測站
2026-07-05 08:00:00,花蓮測站,花蓮縣,43.0,20.9,43.1,32.3,0.494,1.68,133.8,Sample Data,花蓮縣,花蓮測站
2026-07-05 09:00:00,花蓮測站,花蓮縣,45.3,25.3,47.4,27.7,0.462,2.36,169.8,Sample Data,花蓮縣,花蓮測站
2026-07-05 10:00:00,花蓮測站,花蓮縣,32.4,16.7,28.6,28.4,0.475,3.09,126.6,Sample Data,花蓮縣,花蓮測站
2026-07-05 11:00:00,花蓮測站,花蓮縣,30.9,20.6,35.8,33.7,0.397,2.4,131.5,Sample Data,花蓮縣,花蓮測站
2026-07-05 12:00:00,花蓮測站,花蓮縣,26.4,15.1,30.1,26.0,0.386,3.04,203.0,Sample Data,花蓮縣,花蓮測站
2026-07-05 13:00:00,花蓮測站,花蓮縣,40.2,20.9,36.0,43.3,0.418,2.98,196.5,Sample Data,花蓮縣,花蓮測站
2026-07-05 14:00:00,花蓮測站,花蓮縣,28.9,11.1,19.9,44.9,0.391,2.32,85.6,Sample Data,花蓮縣,花蓮測站
2026-07-05 15:00:00,花蓮測站,花蓮縣,31.4,27.5,37.7,42.1,0.528,3.3,238.4,Sample Data,花蓮縣,花蓮測站
2026-07-05 16:00:00,花蓮測站,花蓮縣,35.6,16.4,23.7,45.3,0.439,3.14,116.8,Sample Data,花蓮縣,花蓮測站
2026-07-05 17:00:00,花蓮測站,花蓮縣,35.8,17.0,31.0,51.1,0.528,1.88,160.3,Sample Data,花蓮縣,花蓮測站
2026-07-05 18:00:00,花蓮測站,花蓮縣,40.7,17.2,35.1,46.3,0.434,2.62,212.1,Sample Data,花蓮縣,花蓮測站
2026-07-05 19:00:00,花蓮測站,花蓮縣,39.5,21.9,38.2,49.8,0.512,1.37,148.4,Sample Data,花蓮縣,花蓮測站
2026-07-05 20:00:00,花蓮測站,花蓮縣,43.6,20.8,32.9,48.0,0.546,1.62,165.2,Sample Data,花蓮縣,花蓮測站
2026-07-05 21:00:00,花蓮測站,花蓮縣,37.6,23.8,48.4,47.0,0.465,2.76,207.0,Sample Data,花蓮縣,花蓮測站
2026-07-05 22:00:00,花蓮測站,花蓮縣,37.4,17.6,30.3,51.6,0.408,3.08,154.9,Sample Data,花蓮縣,花蓮測站
2026-07-05 23:00:00,花蓮測站,花蓮縣,34.9,17.1,33.2,39.3,0.518,1.65,206.6,Sample Data,花蓮縣,花蓮測站
2026-07-06 00:00:00,花蓮測站,花蓮縣,28.5,18.1,34.4,39.0,0.403,3.22,232.3,Sample Data,花蓮縣,花蓮測站
2026-07-06 01:00:00,花蓮測站,花蓮縣,47.8,19.6,22.9,36.5,0.472,3.17,156.6,Sample Data,花蓮縣,花蓮測站
2026-07-06 02:00:00,花蓮測站,花蓮縣,39.8,22.5,27.0,34.6,0.464,3.0,174.6,Sample Data,花蓮縣,花蓮測站
2026-07-06 03:00:00,花蓮測站,花蓮縣,44.0,25.3,42.0,32.0,0.427,1.81,129.9,Sample Data,花蓮縣,花蓮測站
2026-07-06 04:00:00,花蓮測站,花蓮縣,43.3,28.0,47.5,38.3,0.445,3.35,245.2,Sample Data,花蓮縣,花蓮測站
2026-07-06 05:00:00,花蓮測站,花蓮縣,45.3,29.1,52.1,33.0,0.474,2.5,189.4,Sample Data,花蓮縣,花蓮測站
2026-07-06 06:00:00,花蓮測站,花蓮縣,47.2,22.7,39.5,26.7,0.525,2.63,191.3,Sample Data,花蓮縣,花蓮測站
2026-07-06 07:00:00,花蓮測站,花蓮縣,57.4,23.2,38.0,39.4,0.584,3.37,288.0,Sample Data,花蓮縣,花蓮測站
2026-07-06 08:00:00,花蓮測站,花蓮縣,52.9,22.6,32.9,33.2,0.429,1.74,199.4,Sample Data,花蓮縣,花蓮測站
2026-07-06 09:00:00,花蓮測站,花蓮縣,58.0,23.8,43.9,29.5,0.611,2.69,276.7,Sample Data,花蓮縣,花蓮測站
2026-07-06 10:00:00,花蓮測站,花蓮縣,54.8,23.2,30.9,35.2,0.542,2.68,253.4,Sample Data,花蓮縣,花蓮測站
2026-07-06 11:00:00,花蓮測站,花蓮縣,54.7,23.8,40.0,33.9,0.533,2.55,167.0,Sample Data,花蓮縣,花蓮測站
2026-07-06 12:00:00,花蓮測站,花蓮縣,40.0,18.4,24.9,42.6,0.348,2.74,245.1,Sample Data,花蓮縣,花蓮測站
2026-07-06 13:00:00,花蓮測站,花蓮縣,40.4,21.0,33.6,42.8,0.501,2.24,136.3,Sample Data,花蓮縣,花蓮測站
2026-07-06 14:00:00,花蓮測站,花蓮縣,47.2,21.3,39.8,42.4,0.52,4.33,259.7,Sample Data,花蓮縣,花蓮測站
2026-07-06 15:00:00,花蓮測站,花蓮縣,55.2,26.8,52.1,50.2,0.586,2.5,153.0,Sample Data,花蓮縣,花蓮測站
2026-07-06 16:00:00,花蓮測站,花蓮縣,44.1,24.0,44.9,52.7,0.479,3.46,242.2,Sample Data,花蓮縣,花蓮測站
2026-07-06 17:00:00,花蓮測站,花蓮縣,54.3,25.3,37.0,44.8,0.502,3.97,148.9,Sample Data,花蓮縣,花蓮測站
2026-07-06 18:00:00,花蓮測站,花蓮縣,49.6,21.5,40.4,48.6,0.506,1.94,207.9,Sample Data,花蓮縣,花蓮測站
2026-07-06 19:00:00,花蓮測站,花蓮縣,54.3,24.6,47.1,51.7,0.414,2.64,128.4,Sample Data,花蓮縣,花蓮測站
2026-07-06 20:00:00,花蓮測站,花蓮縣,55.0,25.6,44.3,52.5,0.576,1.82,273.6,Sample Data,花蓮縣,花蓮測站
2026-07-06 21:00:00,花蓮測站,花蓮縣,52.4,24.2,43.1,44.2,0.579,2.04,286.9,Sample Data,花蓮縣,花蓮測站
2026-07-06 22:00:00,花蓮測站,花蓮縣,49.2,15.9,22.9,46.8,0.493,3.1,195.3,Sample Data,花蓮縣,花蓮測站
2026-07-06 23:00:00,花蓮測站,花蓮縣,52.4,20.0,37.9,50.6,0.539,2.36,218.8,Sample Data,花蓮縣,花蓮測站
2026-07-07 00:00:00,花蓮測站,花蓮縣,40.2,19.6,25.7,49.6,0.385,3.45,184.0,Sample Data,花蓮縣,花蓮測站
2026-07-07 01:00:00,花蓮測站,花蓮縣,41.3,18.8,34.4,42.7,0.465,4.54,254.1,Sample Data,花蓮縣,花蓮測站
2026-07-07 02:00:00,花蓮測站,花蓮縣,46.8,21.2,35.0,42.8,0.531,3.48,218.6,Sample Data,花蓮縣,花蓮測站
2026-07-07 03:00:00,花蓮測站,花蓮縣,49.7,24.8,38.4,33.8,0.544,3.15,227.0,Sample Data,花蓮縣,花蓮測站
2026-07-07 04:00:00,花蓮測站,花蓮縣,50.5,27.7,37.1,31.0,0.487,2.21,262.0,Sample Data,花蓮縣,花蓮測站
2026-07-07 05:00:00,花蓮測站,花蓮縣,49.4,23.0,40.8,39.6,0.562,3.15,230.7,Sample Data,花蓮縣,花蓮測站
2026-07-07 06:00:00,花蓮測站,花蓮縣,52.3,26.7,39.9,31.4,0.495,1.69,67.9,Sample Data,花蓮縣,花蓮測站
2026-07-07 07:00:00,花蓮測站,花蓮縣,47.1,20.3,34.4,31.4,0.524,3.3,258.0,Sample Data,花蓮縣,花蓮測站
2026-07-07 08:00:00,花蓮測站,花蓮縣,63.2,22.1,41.0,45.0,0.533,1.56,294.8,Sample Data,花蓮縣,花蓮測站
2026-07-07 09:00:00,花蓮測站,花蓮縣,57.0,23.5,44.5,38.5,0.535,3.26,271.5,Sample Data,花蓮縣,花蓮測站
2026-07-07 10:00:00,花蓮測站,花蓮縣,55.8,26.2,52.7,32.7,0.518,2.17,303.0,Sample Data,花蓮縣,花蓮測站
2026-07-07 11:00:00,花蓮測站,花蓮縣,52.4,22.1,39.1,32.5,0.58,2.34,220.7,Sample Data,花蓮縣,花蓮測站
2026-07-07 12:00:00,花蓮測站,花蓮縣,41.5,22.9,32.0,37.6,0.421,2.47,9.2,Sample Data,花蓮縣,花蓮測站
2026-07-07 13:00:00,花蓮測站,花蓮縣,57.7,25.2,51.2,37.5,0.497,0.81,315.7,Sample Data,花蓮縣,花蓮測站
2026-07-07 14:00:00,花蓮測站,花蓮縣,57.5,29.0,53.8,45.3,0.607,2.58,297.4,Sample Data,花蓮縣,花蓮測站
2026-07-07 15:00:00,花蓮測站,花蓮縣,44.1,24.4,46.2,49.5,0.408,2.4,272.8,Sample Data,花蓮縣,花蓮測站
2026-07-07 16:00:00,花蓮測站,花蓮縣,49.6,20.5,31.6,52.1,0.535,2.75,194.0,Sample Data,花蓮縣,花蓮測站
2026-07-07 17:00:00,花蓮測站,花蓮縣,64.3,26.2,53.5,52.9,0.688,2.74,290.4,Sample Data,花蓮縣,花蓮測站
2026-07-07 18:00:00,花蓮測站,花蓮縣,53.5,27.9,41.7,49.7,0.497,2.0,43.5,Sample Data,花蓮縣,花蓮測站
2026-07-07 19:00:00,花蓮測站,花蓮縣,59.2,26.9,46.7,52.3,0.652,2.61,350.1,Sample Data,花蓮縣,花蓮測站
2026-07-07 20:00:00,花蓮測站,花蓮縣,52.5,21.9,32.2,56.6,0.492,2.1,356.7,Sample Data,花蓮縣,花蓮測站
2026-07-07 21:00:00,花蓮測站,花蓮縣,45.0,22.1,39.9,51.4,0.463,2.99,314.1,Sample Data,花蓮縣,花蓮測站
2026-07-07 22:00:00,花蓮測站,花蓮縣,51.7,22.2,33.1,48.9,0.505,3.18,283.6,Sample Data,花蓮縣,花蓮測站
2026-07-07 23:00:00,花蓮測站,花蓮縣,42.9,20.3,33.1,31.2,0.482,3.45,292.7,Sample Data,花蓮縣,花蓮測站
2026-07-08 00:00:00,花蓮測站,花蓮縣,46.8,26.8,50.4,47.8,0.527,2.53,357.6,Sample Data,花蓮縣,花蓮測站
2026-07-08 01:00:00,花蓮測站,花蓮縣,48.7,23.5,38.1,40.3,0.571,1.83,319.8,Sample Data,花蓮縣,花蓮測站
2026-07-08 02:00:00,花蓮測站,花蓮縣,47.5,20.2,34.1,44.8,0.537,2.45,342.7,Sample Data,花蓮縣,花蓮測站
2026-07-08 03:00:00,花蓮測站,花蓮縣,44.9,28.8,49.5,35.9,0.503,1.81,311.9,Sample Data,花蓮縣,花蓮測站
2026-07-08 04:00:00,花蓮測站,花蓮縣,38.9,18.7,28.9,30.4,0.458,2.51,338.9,Sample Data,花蓮縣,花蓮測站
2026-07-08 05:00:00,花蓮測站,花蓮縣,38.1,17.9,28.1,28.8,0.409,3.23,80.2,Sample Data,花蓮縣,花蓮測站
2026-07-08 06:00:00,花蓮測站,花蓮縣,52.9,23.0,33.2,32.1,0.598,3.9,261.1,Sample Data,花蓮縣,花蓮測站
2026-07-08 07:00:00,花蓮測站,花蓮縣,59.6,24.5,45.3,42.1,0.578,2.69,31.9,Sample Data,花蓮縣,花蓮測站
2026-07-08 08:00:00,花蓮測站,花蓮縣,58.9,27.7,42.6,29.1,0.652,1.69,318.6,Sample Data,花蓮縣,花蓮測站
2026-07-08 09:00:00,花蓮測站,花蓮縣,50.1,22.5,39.8,36.6,0.55,2.92,328.1,Sample Data,花蓮縣,花蓮測站
2026-07-08 10:00:00,花蓮測站,花蓮縣,45.5,26.3,38.2,38.7,0.496,2.24,326.7,Sample Data,花蓮縣,花蓮測站
2026-07-08 11:00:00,花蓮測站,花蓮縣,49.4,25.6,39.8,38.8,0.505,1.9,323.9,Sample Data,花蓮縣,花蓮測站
2026-07-08 12:00:00,花蓮測站,花蓮縣,45.2,26.6,40.0,41.7,0.475,2.98,336.8,Sample Data,花蓮縣,花蓮測站
2026-07-08 13:00:00,花蓮測站,花蓮縣,44.0,18.4,24.1,44.7,0.488,2.92,16.0,Sample Data,花蓮縣,花蓮測站
2026-07-08 14:00:00,花蓮測站,花蓮縣,33.2,24.1,38.3,37.4,0.45,1.84,14.2,Sample Data,花蓮縣,花蓮測站
2026-07-08 15:00:00,花蓮測站,花蓮縣,38.6,36.3,69.0,43.2,0.484,3.32,310.0,Sample Data,花蓮縣,花蓮測站
2026-07-08 16:00:00,花蓮測站,花蓮縣,42.4,25.1,33.7,44.4,0.421,1.26,278.7,Sample Data,花蓮縣,花蓮測站
2026-07-08 17:00:00,花蓮測站,花蓮縣,48.2,25.6,50.7,44.7,0.508,3.05,71.7,Sample Data,花蓮縣,花蓮測站
2026-07-08 18:00:00,花蓮測站,花蓮縣,53.4,26.5,41.5,47.3,0.434,3.95,15.4,Sample Data,花蓮縣,花蓮測站
2026-07-08 19:00:00,花蓮測站,花蓮縣,50.1,15.6,34.6,45.3,0.503,2.72,311.5,Sample Data,花蓮縣,花蓮測站
2026-07-08 20:00:00,花蓮測站,花蓮縣,47.0,26.4,42.0,46.3,0.498,2.4,11.4,Sample Data,花蓮縣,花蓮測站
2026-07-08 21:00:00,花蓮測站,花蓮縣,40.2,16.2,29.2,49.9,0.493,2.46,353.6,Sample Data,花蓮縣,花蓮測站
2026-07-08 22:00:00,花蓮測站,花蓮縣,34.2,24.8,39.6,44.8,0.339,2.92,37.9,Sample Data,花蓮縣,花蓮測站
2026-07-08 23:00:00,花蓮測站,花蓮縣,35.2,17.6,33.4,35.5,0.508,2.07,320.5,Sample Data,花蓮縣,花蓮測站
2026-07-09 00:00:00,花蓮測站,花蓮縣,43.9,25.7,38.0,39.7,0.467,3.47,107.2,Sample Data,花蓮縣,花蓮測站
2026-07-09 01:00:00,花蓮測站,花蓮縣,37.7,23.0,34.2,33.4,0.475,3.33,10.9,Sample Data,花蓮縣,花蓮測站
2026-07-09 02:00:00,花蓮測站,花蓮縣,42.6,21.1,32.6,43.3,0.507,2.59,46.2,Sample Data,花蓮縣,花蓮測站
2026-07-09 03:00:00,花蓮測站,花蓮縣,30.6,12.7,24.5,35.3,0.418,2.46,242.9,Sample Data,花蓮縣,花蓮測站
2026-07-09 04:00:00,花蓮測站,花蓮縣,39.7,22.2,39.2,38.1,0.442,2.64,61.2,Sample Data,花蓮縣,花蓮測站
2026-07-09 05:00:00,花蓮測站,花蓮縣,42.1,23.3,38.6,32.0,0.525,1.47,16.4,Sample Data,花蓮縣,花蓮測站
2026-07-09 06:00:00,花蓮測站,花蓮縣,50.0,22.0,39.0,33.3,0.477,3.37,38.1,Sample Data,花蓮縣,花蓮測站
2026-07-09 07:00:00,花蓮測站,花蓮縣,44.7,16.8,22.3,34.9,0.471,1.71,30.6,Sample Data,花蓮縣,花蓮測站
2026-07-09 08:00:00,花蓮測站,花蓮縣,44.3,21.9,42.3,33.6,0.404,2.66,57.8,Sample Data,花蓮縣,花蓮測站
2026-07-09 09:00:00,花蓮測站,花蓮縣,51.4,23.9,52.7,30.8,0.565,2.56,35.5,Sample Data,花蓮縣,花蓮測站
2026-07-09 10:00:00,花蓮測站,花蓮縣,38.2,25.2,44.6,35.6,0.506,2.93,7.6,Sample Data,花蓮縣,花蓮測站
2026-07-09 11:00:00,花蓮測站,花蓮縣,30.0,23.8,45.1,40.2,0.37,1.03,329.4,Sample Data,花蓮縣,花蓮測站
2026-07-09 12:00:00,花蓮測站,花蓮縣,33.3,20.4,35.4,25.8,0.579,2.47,139.5,Sample Data,花蓮縣,花蓮測站
2026-07-09 13:00:00,花蓮測站,花蓮縣,38.4,21.2,28.1,34.4,0.454,1.72,165.6,Sample Data,花蓮縣,花蓮測站
2026-07-09 14:00:00,花蓮測站,花蓮縣,36.9,27.1,44.2,43.9,0.443,3.39,157.1,Sample Data,花蓮縣,花蓮測站
2026-07-09 15:00:00,花蓮測站,花蓮縣,43.8,26.6,45.1,50.0,0.524,2.18,54.0,Sample Data,花蓮縣,花蓮測站
2026-07-09 16:00:00,花蓮測站,花蓮縣,40.6,25.1,38.3,45.9,0.456,1.84,127.7,Sample Data,花蓮縣,花蓮測站
2026-07-09 17:00:00,花蓮測站,花蓮縣,38.5,21.4,37.4,46.0,0.413,3.38,41.6,Sample Data,花蓮縣,花蓮測站
2026-07-09 18:00:00,花蓮測站,花蓮縣,45.4,26.7,52.6,48.3,0.503,2.55,140.6,Sample Data,花蓮縣,花蓮測站
2026-07-09 19:00:00,花蓮測站,花蓮縣,40.4,25.5,47.8,46.0,0.471,2.57,190.5,Sample Data,花蓮縣,花蓮測站
2026-07-09 20:00:00,花蓮測站,花蓮縣,40.5,25.9,38.0,47.4,0.46,3.28,55.8,Sample Data,花蓮縣,花蓮測站
2026-07-09 21:00:00,花蓮測站,花蓮縣,43.1,26.7,47.7,52.8,0.529,2.18,92.4,Sample Data,花蓮縣,花蓮測站
2026-07-09 22:00:00,花蓮測站,花蓮縣,35.8,26.9,49.3,40.7,0.402,2.24,121.9,Sample Data,花蓮縣,花蓮測站
2026-07-09 23:00:00,花蓮測站,花蓮縣,28.3,16.8,34.5,42.0,0.43,2.06,168.9,Sample Data,花蓮縣,花蓮測站
2026-07-10 00:00:00,花蓮測站,花蓮縣,42.4,22.4,41.4,45.9,0.525,3.1,161.0,Sample Data,花蓮縣,花蓮測站
2026-07-10 01:00:00,花蓮測站,花蓮縣,31.5,22.3,28.1,36.0,0.402,2.95,157.1,Sample Data,花蓮縣,花蓮測站
2026-07-10 02:00:00,花蓮測站,花蓮縣,36.1,26.7,39.0,37.8,0.425,1.96,97.6,Sample Data,花蓮縣,花蓮測站
2026-07-10 03:00:00,花蓮測站,花蓮縣,31.6,17.5,30.5,32.3,0.51,2.57,49.3,Sample Data,花蓮縣,花蓮測站
2026-07-10 04:00:00,花蓮測站,花蓮縣,29.7,18.9,26.1,29.5,0.478,3.71,156.3,Sample Data,花蓮縣,花蓮測站
2026-07-10 05:00:00,花蓮測站,花蓮縣,38.4,19.5,37.3,32.4,0.44,2.58,108.3,Sample Data,花蓮縣,花蓮測站
2026-07-10 06:00:00,花蓮測站,花蓮縣,44.8,20.5,32.2,33.9,0.439,2.5,97.0,Sample Data,花蓮縣,花蓮測站
2026-07-10 07:00:00,花蓮測站,花蓮縣,45.8,21.0,42.3,26.0,0.432,3.43,119.1,Sample Data,花蓮縣,花蓮測站
2026-07-10 08:00:00,花蓮測站,花蓮縣,46.2,26.5,35.8,28.3,0.531,4.0,178.2,Sample Data,花蓮縣,花蓮測站
2026-07-10 09:00:00,花蓮測站,花蓮縣,44.7,22.0,31.5,33.5,0.522,3.85,195.0,Sample Data,花蓮縣,花蓮測站
2026-07-10 10:00:00,花蓮測站,花蓮縣,52.6,29.7,57.2,38.2,0.447,2.59,169.1,Sample Data,花蓮縣,花蓮測站
2026-07-10 11:00:00,花蓮測站,花蓮縣,38.3,16.6,27.4,42.0,0.499,3.65,205.0,Sample Data,花蓮縣,花蓮測站
2026-07-10 12:00:00,花蓮測站,花蓮縣,34.8,18.8,30.6,43.4,0.448,3.06,70.8,Sample Data,花蓮縣,花蓮測站
2026-07-10 13:00:00,花蓮測站,花蓮縣,42.3,20.9,32.9,45.9,0.528,2.31,225.0,Sample Data,花蓮縣,花蓮測站
2026-07-10 14:00:00,花蓮測站,花蓮縣,45.1,24.3,41.4,43.9,0.497,2.65,148.3,Sample Data,花蓮縣,花蓮測站
2026-07-10 15:00:00,花蓮測站,花蓮縣,37.2,16.4,26.0,34.1,0.494,3.06,136.4,Sample Data,花蓮縣,花蓮測站
2026-07-10 16:00:00,花蓮測站,花蓮縣,49.7,23.1,36.0,39.8,0.505,2.83,208.3,Sample Data,花蓮縣,花蓮測站
2026-07-10 17:00:00,花蓮測站,花蓮縣,46.5,23.9,41.9,51.8,0.445,1.42,129.6,Sample Data,花蓮縣,花蓮測站
2026-07-10 18:00:00,花蓮測站,花蓮縣,52.6,22.5,39.2,49.5,0.543,2.03,134.6,Sample Data,花蓮縣,花蓮測站
2026-07-10 19:00:00,花蓮測站,花蓮縣,34.9,22.9,39.9,44.0,0.538,2.18,136.6,Sample Data,花蓮縣,花蓮測站
2026-07-10 20:00:00,花蓮測站,花蓮縣,40.9,25.1,50.0,54.2,0.445,3.82,157.2,Sample Data,花蓮縣,花蓮測站
2026-07-10 21:00:00,花蓮測站,花蓮縣,35.6,19.3,35.1,47.3,0.476,3.01,207.0,Sample Data,花蓮縣,花蓮測站
2026-07-10 22:00:00,花蓮測站,花蓮縣,40.8,19.6,30.8,40.7,0.47,2.28,167.5,Sample Data,花蓮縣,花蓮測站
2026-07-10 23:00:00,花蓮測站,花蓮縣,30.5,14.8,30.8,44.2,0.344,2.66,131.3,Sample Data,花蓮縣,花蓮測站
2026-07-11 00:00:00,花蓮測站,花蓮縣,29.1,19.2,34.1,35.2,0.374,3.6,167.6,Sample Data,花蓮縣,花蓮測站
2026-07-11 01:00:00,花蓮測站,花蓮縣,35.7,19.1,22.3,35.2,0.427,1.85,124.6,Sample Data,花蓮縣,花蓮測站
2026-07-11 02:00:00,花蓮測站,花蓮縣,32.9,19.6,26.5,39.4,0.411,2.36,173.6,Sample Data,花蓮縣,花蓮測站
2026-07-11 03:00:00,花蓮測站,花蓮縣,38.1,21.0,37.5,39.9,0.514,2.95,197.2,Sample Data,花蓮縣,花蓮測站
2026-07-11 04:00:00,花蓮測站,花蓮縣,47.3,24.8,43.9,36.9,0.353,3.29,122.1,Sample Data,花蓮縣,花蓮測站
2026-07-11 05:00:00,花蓮測站,花蓮縣,34.4,16.1,25.0,34.4,0.508,4.1,200.6,Sample Data,花蓮縣,花蓮測站
2026-07-11 06:00:00,花蓮測站,花蓮縣,40.7,24.1,40.9,30.0,0.472,1.21,256.7,Sample Data,花蓮縣,花蓮測站
2026-07-11 07:00:00,花蓮測站,花蓮縣,47.2,25.7,39.7,29.9,0.494,2.55,248.8,Sample Data,花蓮縣,花蓮測站
2026-07-11 08:00:00,花蓮測站,花蓮縣,48.5,21.4,35.8,29.8,0.417,2.62,242.0,Sample Data,花蓮縣,花蓮測站
2026-07-11 09:00:00,花蓮測站,花蓮縣,40.8,23.7,37.1,34.9,0.461,1.87,259.6,Sample Data,花蓮縣,花蓮測站
2026-07-11 10:00:00,花蓮測站,花蓮縣,47.6,20.0,32.9,35.3,0.481,2.46,261.6,Sample Data,花蓮縣,花蓮測站
2026-07-11 11:00:00,花蓮測站,花蓮縣,41.8,16.2,19.1,30.5,0.441,2.33,209.4,Sample Data,花蓮縣,花蓮測站
2026-07-11 12:00:00,花蓮測站,花蓮縣,38.1,21.0,33.8,38.5,0.478,1.81,245.4,Sample Data,花蓮縣,花蓮測站
2026-07-11 13:00:00,花蓮測站,花蓮縣,40.1,21.5,36.4,40.9,0.491,0.29,189.8,Sample Data,花蓮縣,花蓮測站
2026-07-11 14:00:00,花蓮測站,花蓮縣,32.2,23.6,42.8,44.2,0.444,3.57,170.1,Sample Data,花蓮縣,花蓮測站
2026-07-11 15:00:00,花蓮測站,花蓮縣,37.7,23.8,40.3,42.6,0.415,4.0,267.6,Sample Data,花蓮縣,花蓮測站
2026-07-11 16:00:00,花蓮測站,花蓮縣,41.6,19.0,34.2,47.9,0.43,1.64,207.2,Sample Data,花蓮縣,花蓮測站
2026-07-11 17:00:00,花蓮測站,花蓮縣,48.8,22.3,44.8,50.9,0.538,1.58,203.6,Sample Data,花蓮縣,花蓮測站
2026-07-11 18:00:00,花蓮測站,花蓮縣,43.2,23.5,42.1,48.8,0.516,1.79,258.8,Sample Data,花蓮縣,花蓮測站
2026-07-11 19:00:00,花蓮測站,花蓮縣,42.2,19.2,39.7,46.2,0.392,1.98,215.8,Sample Data,花蓮縣,花蓮測站
2026-07-11 20:00:00,花蓮測站,花蓮縣,54.5,26.3,49.3,58.6,0.528,2.31,217.7,Sample Data,花蓮縣,花蓮測站
2026-07-11 21:00:00,花蓮測站,花蓮縣,46.1,21.5,39.5,51.8,0.488,1.61,230.7,Sample Data,花蓮縣,花蓮測站
2026-07-11 22:00:00,花蓮測站,花蓮縣,37.4,18.6,34.4,43.2,0.389,2.03,339.0,Sample Data,花蓮縣,花蓮測站
2026-07-11 23:00:00,花蓮測站,花蓮縣,42.6,19.3,29.2,54.3,0.496,3.03,295.1,Sample Data,花蓮縣,花蓮測站
2026-07-12 00:00:00,花蓮測站,花蓮縣,46.7,21.9,35.1,42.6,0.503,3.22,233.8,Sample Data,花蓮縣,花蓮測站
2026-07-12 01:00:00,花蓮測站,花蓮縣,47.6,27.4,41.6,45.9,0.402,3.08,209.7,Sample Data,花蓮縣,花蓮測站
2026-07-12 02:00:00,花蓮測站,花蓮縣,45.8,18.8,37.2,41.5,0.467,2.36,310.4,Sample Data,花蓮縣,花蓮測站
2026-07-12 03:00:00,花蓮測站,花蓮縣,44.8,21.7,29.8,37.7,0.534,2.71,210.1,Sample Data,花蓮縣,花蓮測站
2026-07-12 04:00:00,花蓮測站,花蓮縣,49.4,17.6,31.0,37.9,0.476,2.43,280.1,Sample Data,花蓮縣,花蓮測站
2026-07-12 05:00:00,花蓮測站,花蓮縣,42.0,16.7,35.9,32.8,0.485,3.82,226.1,Sample Data,花蓮縣,花蓮測站
2026-07-12 06:00:00,花蓮測站,花蓮縣,41.1,24.4,33.8,35.9,0.49,2.02,297.0,Sample Data,花蓮縣,花蓮測站
2026-07-12 07:00:00,花蓮測站,花蓮縣,51.5,24.1,49.8,37.5,0.531,2.32,286.1,Sample Data,花蓮縣,花蓮測站
2026-07-12 08:00:00,花蓮測站,花蓮縣,57.5,27.7,50.4,42.3,0.591,2.54,338.7,Sample Data,花蓮縣,花蓮測站
2026-07-12 09:00:00,花蓮測站,花蓮縣,47.0,24.3,51.0,40.4,0.5,2.24,342.8,Sample Data,花蓮縣,花蓮測站
2026-07-12 10:00:00,花蓮測站,花蓮縣,36.7,21.3,40.3,24.4,0.387,2.63,308.1,Sample Data,花蓮縣,花蓮測站
2026-07-12 11:00:00,花蓮測站,花蓮縣,44.8,22.7,46.3,36.2,0.52,2.15,320.0,Sample Data,花蓮縣,花蓮測站
2026-07-12 12:00:00,花蓮測站,花蓮縣,36.2,22.1,33.2,39.3,0.529,2.0,340.5,Sample Data,花蓮縣,花蓮測站
2026-07-12 13:00:00,花蓮測站,花蓮縣,45.5,22.3,36.5,46.4,0.36,3.61,229.8,Sample Data,花蓮縣,花蓮測站
2026-07-12 14:00:00,花蓮測站,花蓮縣,41.3,19.5,37.9,40.5,0.532,3.16,275.7,Sample Data,花蓮縣,花蓮測站
2026-07-12 15:00:00,花蓮測站,花蓮縣,37.7,17.7,36.7,44.6,0.484,1.33,279.2,Sample Data,花蓮縣,花蓮測站
2026-07-12 16:00:00,花蓮測站,花蓮縣,43.7,25.4,42.4,54.5,0.402,2.63,327.5,Sample Data,花蓮縣,花蓮測站
2026-07-12 17:00:00,花蓮測站,花蓮縣,51.9,18.0,31.8,49.6,0.631,2.36,327.7,Sample Data,花蓮縣,花蓮測站
2026-07-12 18:00:00,花蓮測站,花蓮縣,47.8,24.2,51.7,47.5,0.515,2.69,215.4,Sample Data,花蓮縣,花蓮測站
2026-07-12 19:00:00,花蓮測站,花蓮縣,42.4,24.9,59.6,53.5,0.505,3.69,351.5,Sample Data,花蓮縣,花蓮測站
2026-07-12 20:00:00,花蓮測站,花蓮縣,45.4,18.7,38.3,47.7,0.405,1.85,48.7,Sample Data,花蓮縣,花蓮測站
2026-07-12 21:00:00,花蓮測站,花蓮縣,41.9,26.4,36.4,56.8,0.461,2.47,340.3,Sample Data,花蓮縣,花蓮測站
2026-07-12 22:00:00,花蓮測站,花蓮縣,37.8,23.4,39.9,43.4,0.377,2.11,277.1,Sample Data,花蓮縣,花蓮測站
2026-07-12 23:00:00,花蓮測站,花蓮縣,39.5,19.0,29.2,45.9,0.502,2.32,299.0,Sample Data,花蓮縣,花蓮測站
2026-07-13 00:00:00,花蓮測站,花蓮縣,47.2,23.8,41.9,40.8,0.559,2.35,280.6,Sample Data,花蓮縣,花蓮測站
2026-07-13 01:00:00,花蓮測站,花蓮縣,48.3,27.9,42.7,48.2,0.529,2.71,304.8,Sample Data,花蓮縣,花蓮測站
2026-07-13 02:00:00,花蓮測站,花蓮縣,49.3,20.5,38.1,36.5,0.563,3.51,341.6,Sample Data,花蓮縣,花蓮測站
2026-07-13 03:00:00,花蓮測站,花蓮縣,39.1,23.3,39.1,32.3,0.482,3.51,279.4,Sample Data,花蓮縣,花蓮測站
2026-07-13 04:00:00,花蓮測站,花蓮縣,42.7,22.4,36.0,36.4,0.472,1.12,341.7,Sample Data,花蓮縣,花蓮測站
2026-07-13 05:00:00,花蓮測站,花蓮縣,54.7,26.5,40.7,38.2,0.551,2.97,278.7,Sample Data,花蓮縣,花蓮測站
2026-07-13 06:00:00,花蓮測站,花蓮縣,49.4,22.5,32.2,32.1,0.542,3.03,340.3,Sample Data,花蓮縣,花蓮測站
2026-07-13 07:00:00,花蓮測站,花蓮縣,41.6,23.9,39.4,29.7,0.518,3.23,45.3,Sample Data,花蓮縣,花蓮測站
2026-07-13 08:00:00,花蓮測站,花蓮縣,58.9,21.5,38.5,35.7,0.579,2.32,324.0,Sample Data,花蓮縣,花蓮測站
2026-07-13 09:00:00,花蓮測站,花蓮縣,50.6,20.8,37.7,34.6,0.549,2.33,83.2,Sample Data,花蓮縣,花蓮測站
2026-07-13 10:00:00,花蓮測站,花蓮縣,53.7,23.4,42.3,34.5,0.498,3.39,32.0,Sample Data,花蓮縣,花蓮測站
2026-07-13 11:00:00,花蓮測站,花蓮縣,49.2,24.7,33.1,38.3,0.576,3.42,55.9,Sample Data,花蓮縣,花蓮測站
2026-07-13 12:00:00,花蓮測站,花蓮縣,45.6,29.6,59.5,35.3,0.575,2.2,55.5,Sample Data,花蓮縣,花蓮測站
2026-07-13 13:00:00,花蓮測站,花蓮縣,38.9,22.6,40.7,41.1,0.511,2.61,52.0,Sample Data,花蓮縣,花蓮測站
2026-07-13 14:00:00,花蓮測站,花蓮縣,46.9,22.0,37.5,42.3,0.534,3.3,38.4,Sample Data,花蓮縣,花蓮測站
2026-07-13 15:00:00,花蓮測站,花蓮縣,44.3,12.3,23.5,41.6,0.517,3.23,2.8,Sample Data,花蓮縣,花蓮測站
2026-07-13 16:00:00,花蓮測站,花蓮縣,36.9,18.7,39.0,37.3,0.46,1.68,17.0,Sample Data,花蓮縣,花蓮測站
2026-07-13 17:00:00,花蓮測站,花蓮縣,47.2,30.4,55.2,53.6,0.495,2.65,15.0,Sample Data,花蓮縣,花蓮測站
2026-07-13 18:00:00,花蓮測站,花蓮縣,45.0,20.3,31.6,47.9,0.485,2.71,42.4,Sample Data,花蓮縣,花蓮測站
2026-07-13 19:00:00,花蓮測站,花蓮縣,46.4,20.8,35.2,48.7,0.452,2.27,11.0,Sample Data,花蓮縣,花蓮測站
2026-07-13 20:00:00,花蓮測站,花蓮縣,50.3,26.2,54.5,51.1,0.59,3.38,87.3,Sample Data,花蓮縣,花蓮測站
2026-07-13 21:00:00,花蓮測站,花蓮縣,43.2,22.7,41.0,45.4,0.472,3.79,61.3,Sample Data,花蓮縣,花蓮測站
2026-07-13 22:00:00,花蓮測站,花蓮縣,44.1,18.9,35.6,47.2,0.429,3.14,89.3,Sample Data,花蓮縣,花蓮測站
2026-07-13 23:00:00,花蓮測站,花蓮縣,36.5,23.2,42.5,42.7,0.399,2.87,162.1,Sample Data,花蓮縣,花蓮測站
2026-07-14 00:00:00,花蓮測站,花蓮縣,43.8,22.5,46.5,35.7,0.541,2.7,348.3,Sample Data,花蓮縣,花蓮測站
2026-07-14 01:00:00,花蓮測站,花蓮縣,37.3,22.2,43.1,38.0,0.497,2.49,305.5,Sample Data,花蓮縣,花蓮測站
2026-07-14 02:00:00,花蓮測站,花蓮縣,34.4,17.4,30.9,39.5,0.395,1.85,36.4,Sample Data,花蓮縣,花蓮測站
2026-07-14 03:00:00,花蓮測站,花蓮縣,30.0,18.5,34.4,34.3,0.384,2.85,115.4,Sample Data,花蓮縣,花蓮測站
2026-07-14 04:00:00,花蓮測站,花蓮縣,26.6,19.4,39.8,33.5,0.446,2.25,62.5,Sample Data,花蓮縣,花蓮測站
2026-07-14 05:00:00,花蓮測站,花蓮縣,40.7,14.6,26.9,26.7,0.504,2.73,127.0,Sample Data,花蓮縣,花蓮測站
2026-07-14 06:00:00,花蓮測站,花蓮縣,40.0,22.1,30.3,29.9,0.475,1.02,91.1,Sample Data,花蓮縣,花蓮測站
2026-07-14 07:00:00,花蓮測站,花蓮縣,46.2,23.3,33.2,32.7,0.543,2.62,315.6,Sample Data,花蓮縣,花蓮測站
2026-07-14 08:00:00,花蓮測站,花蓮縣,47.7,23.6,45.8,29.3,0.458,3.57,75.9,Sample Data,花蓮縣,花蓮測站
2026-07-14 09:00:00,花蓮測站,花蓮縣,52.4,29.2,54.3,34.8,0.56,1.52,88.0,Sample Data,花蓮縣,花蓮測站
2026-07-14 10:00:00,花蓮測站,花蓮縣,43.5,19.1,30.0,42.8,0.472,2.85,32.7,Sample Data,花蓮縣,花蓮測站
2026-07-14 11:00:00,花蓮測站,花蓮縣,39.1,19.5,43.6,35.7,0.388,3.13,131.1,Sample Data,花蓮縣,花蓮測站
2026-07-14 12:00:00,花蓮測站,花蓮縣,39.4,20.9,31.8,36.8,0.449,2.28,138.8,Sample Data,花蓮縣,花蓮測站
2026-07-14 13:00:00,花蓮測站,花蓮縣,40.2,25.5,35.6,40.4,0.492,2.71,94.1,Sample Data,花蓮縣,花蓮測站
2026-07-14 14:00:00,花蓮測站,花蓮縣,44.4,22.0,43.6,43.8,0.529,2.07,24.7,Sample Data,花蓮縣,花蓮測站
2026-07-14 15:00:00,花蓮測站,花蓮縣,40.5,16.8,24.0,50.7,0.453,3.68,69.4,Sample Data,花蓮縣,花蓮測站
2026-07-14 16:00:00,花蓮測站,花蓮縣,39.8,24.1,44.8,44.7,0.45,4.32,351.9,Sample Data,花蓮縣,花蓮測站
2026-07-14 17:00:00,花蓮測站,花蓮縣,37.5,24.5,41.8,40.2,0.522,1.97,60.0,Sample Data,花蓮縣,花蓮測站
2026-07-14 18:00:00,花蓮測站,花蓮縣,45.1,19.6,30.7,46.4,0.455,3.51,74.7,Sample Data,花蓮縣,花蓮測站
2026-07-14 19:00:00,花蓮測站,花蓮縣,46.6,23.2,41.0,55.0,0.594,1.25,279.3,Sample Data,花蓮縣,花蓮測站
2026-07-14 20:00:00,花蓮測站,花蓮縣,44.2,20.8,35.8,48.0,0.427,2.55,127.2,Sample Data,花蓮縣,花蓮測站
2026-07-14 21:00:00,花蓮測站,花蓮縣,39.2,22.0,34.4,47.4,0.479,2.41,53.4,Sample Data,花蓮縣,花蓮測站
2026-07-14 22:00:00,花蓮測站,花蓮縣,32.7,19.0,43.2,49.8,0.358,2.11,138.2,Sample Data,花蓮縣,花蓮測站
2026-07-14 23:00:00,花蓮測站,花蓮縣,41.9,19.2,28.7,46.1,0.447,2.77,38.4,Sample Data,花蓮縣,花蓮測站
2026-07-15 00:00:00,花蓮測站,花蓮縣,26.7,27.7,62.2,45.0,0.325,3.1,36.8,Sample Data,花蓮縣,花蓮測站
2026-07-15 01:00:00,花蓮測站,花蓮縣,33.5,14.4,20.2,36.2,0.442,2.03,119.2,Sample Data,花蓮縣,花蓮測站
2026-07-15 02:00:00,花蓮測站,花蓮縣,40.8,22.6,34.2,32.1,0.522,1.82,199.4,Sample Data,花蓮縣,花蓮測站
2026-07-15 03:00:00,花蓮測站,花蓮縣,39.3,23.1,43.5,32.2,0.42,3.9,122.7,Sample Data,花蓮縣,花蓮測站
2026-07-15 04:00:00,花蓮測站,花蓮縣,30.8,20.9,32.8,27.7,0.463,3.45,137.7,Sample Data,花蓮縣,花蓮測站
2026-07-15 05:00:00,花蓮測站,花蓮縣,38.8,19.0,28.7,26.8,0.521,1.96,18.7,Sample Data,花蓮縣,花蓮測站
2026-07-15 06:00:00,花蓮測站,花蓮縣,48.6,18.4,31.4,30.6,0.623,2.48,145.8,Sample Data,花蓮縣,花蓮測站
2026-07-15 07:00:00,花蓮測站,花蓮縣,50.1,22.1,36.1,36.5,0.482,2.84,128.5,Sample Data,花蓮縣,花蓮測站
2026-07-15 08:00:00,花蓮測站,花蓮縣,53.8,23.3,47.8,34.3,0.524,2.48,97.4,Sample Data,花蓮縣,花蓮測站
2026-07-15 09:00:00,花蓮測站,花蓮縣,49.9,23.9,43.7,34.2,0.496,3.84,55.5,Sample Data,花蓮縣,花蓮測站
2026-07-15 10:00:00,花蓮測站,花蓮縣,43.4,23.4,48.7,30.8,0.488,3.8,117.4,Sample Data,花蓮縣,花蓮測站
2026-07-15 11:00:00,花蓮測站,花蓮縣,40.4,20.7,41.4,33.9,0.34,2.64,144.5,Sample Data,花蓮縣,花蓮測站
2026-07-15 12:00:00,花蓮測站,花蓮縣,39.2,20.8,32.4,44.5,0.464,3.13,87.1,Sample Data,花蓮縣,花蓮測站
2026-07-15 13:00:00,花蓮測站,花蓮縣,36.7,17.8,22.6,40.7,0.472,2.9,18.0,Sample Data,花蓮縣,花蓮測站
2026-07-15 14:00:00,花蓮測站,花蓮縣,29.2,19.4,26.5,37.9,0.366,1.95,150.0,Sample Data,花蓮縣,花蓮測站
2026-07-15 15:00:00,花蓮測站,花蓮縣,32.0,18.2,33.1,52.1,0.383,3.06,165.1,Sample Data,花蓮縣,花蓮測站
2026-07-15 16:00:00,花蓮測站,花蓮縣,47.4,22.7,43.0,51.0,0.435,2.64,128.0,Sample Data,花蓮縣,花蓮測站
2026-07-15 17:00:00,花蓮測站,花蓮縣,43.1,20.5,40.0,52.5,0.532,2.83,162.1,Sample Data,花蓮縣,花蓮測站
2026-07-15 18:00:00,花蓮測站,花蓮縣,47.1,22.6,38.6,47.4,0.483,2.82,246.7,Sample Data,花蓮縣,花蓮測站
2026-07-15 19:00:00,花蓮測站,花蓮縣,47.2,20.9,32.3,55.0,0.433,3.03,138.8,Sample Data,花蓮縣,花蓮測站
2026-07-15 20:00:00,花蓮測站,花蓮縣,47.4,29.6,50.6,50.8,0.582,2.69,170.5,Sample Data,花蓮縣,花蓮測站
2026-07-15 21:00:00,花蓮測站,花蓮縣,44.2,19.6,35.1,54.1,0.53,1.68,155.4,Sample Data,花蓮縣,花蓮測站
2026-07-15 22:00:00,花蓮測站,花蓮縣,44.3,19.7,36.8,48.8,0.543,2.77,309.4,Sample Data,花蓮縣,花蓮測站
2026-07-15 23:00:00,花蓮測站,花蓮縣,37.5,23.2,50.5,49.3,0.494,1.48,215.6,Sample Data,花蓮縣,花蓮測站
2026-07-16 00:00:00,花蓮測站,花蓮縣,36.5,22.1,40.4,40.0,0.415,3.13,177.2,Sample Data,花蓮縣,花蓮測站
2026-07-16 01:00:00,花蓮測站,花蓮縣,39.9,23.8,38.7,32.7,0.392,2.72,239.5,Sample Data,花蓮縣,花蓮測站
2026-07-16 02:00:00,花蓮測站,花蓮縣,41.9,23.6,49.5,40.6,0.429,2.95,101.2,Sample Data,花蓮縣,花蓮測站
2026-07-16 03:00:00,花蓮測站,花蓮縣,44.0,21.7,43.4,37.6,0.56,2.64,199.4,Sample Data,花蓮縣,花蓮測站
2026-07-16 04:00:00,花蓮測站,花蓮縣,49.4,29.6,55.1,34.1,0.538,2.4,95.8,Sample Data,花蓮縣,花蓮測站
2026-07-16 05:00:00,花蓮測站,花蓮縣,50.6,26.6,48.9,35.6,0.534,3.23,128.2,Sample Data,花蓮縣,花蓮測站
2026-07-16 06:00:00,花蓮測站,花蓮縣,47.0,23.1,43.3,30.2,0.482,2.9,194.2,Sample Data,花蓮縣,花蓮測站
2026-07-16 07:00:00,花蓮測站,花蓮縣,45.7,19.2,36.6,32.5,0.474,3.14,221.3,Sample Data,花蓮縣,花蓮測站
2026-07-16 08:00:00,花蓮測站,花蓮縣,56.7,26.7,39.9,33.8,0.533,3.32,183.4,Sample Data,花蓮縣,花蓮測站
2026-07-16 09:00:00,花蓮測站,花蓮縣,49.6,23.6,49.0,33.1,0.482,1.9,188.1,Sample Data,花蓮縣,花蓮測站
2026-07-16 10:00:00,花蓮測站,花蓮縣,62.7,28.2,51.4,39.9,0.618,2.76,229.2,Sample Data,花蓮縣,花蓮測站
2026-07-16 11:00:00,花蓮測站,花蓮縣,46.8,22.2,41.2,45.7,0.556,2.1,148.7,Sample Data,花蓮縣,花蓮測站
2026-07-16 12:00:00,花蓮測站,花蓮縣,43.2,19.1,28.7,37.2,0.47,2.73,204.6,Sample Data,花蓮縣,花蓮測站
2026-07-16 13:00:00,花蓮測站,花蓮縣,40.7,25.4,42.0,36.6,0.4,1.58,276.6,Sample Data,花蓮縣,花蓮測站
2026-07-16 14:00:00,花蓮測站,花蓮縣,51.0,22.5,38.0,45.9,0.566,2.95,230.5,Sample Data,花蓮縣,花蓮測站
2026-07-16 15:00:00,花蓮測站,花蓮縣,47.3,23.0,42.7,53.5,0.464,1.27,274.7,Sample Data,花蓮縣,花蓮測站
2026-07-16 16:00:00,花蓮測站,花蓮縣,52.7,25.6,41.0,55.7,0.505,2.94,289.5,Sample Data,花蓮縣,花蓮測站
2026-07-16 17:00:00,花蓮測站,花蓮縣,51.3,28.8,49.8,57.0,0.465,2.03,268.6,Sample Data,花蓮縣,花蓮測站
2026-07-16 18:00:00,花蓮測站,花蓮縣,60.7,26.9,39.5,52.3,0.611,2.03,198.1,Sample Data,花蓮縣,花蓮測站
2026-07-16 19:00:00,花蓮測站,花蓮縣,47.2,21.5,26.8,43.8,0.554,1.87,165.0,Sample Data,花蓮縣,花蓮測站
2026-07-16 20:00:00,花蓮測站,花蓮縣,60.0,29.0,45.8,59.0,0.61,2.16,181.4,Sample Data,花蓮縣,花蓮測站
2026-07-16 21:00:00,花蓮測站,花蓮縣,43.2,21.9,37.5,48.0,0.556,1.57,244.6,Sample Data,花蓮縣,花蓮測站
2026-07-16 22:00:00,花蓮測站,花蓮縣,41.5,20.3,32.7,45.7,0.485,3.14,215.9,Sample Data,花蓮縣,花蓮測站
2026-07-16 23:00:00,花蓮測站,花蓮縣,53.1,23.4,38.7,50.7,0.634,2.3,248.1,Sample Data,花蓮縣,花蓮測站
2026-07-17 00:00:00,花蓮測站,花蓮縣,44.1,20.8,38.7,40.3,0.453,0.4,328.2,Sample Data,花蓮縣,花蓮測站
2026-07-17 01:00:00,花蓮測站,花蓮縣,54.6,27.1,40.6,37.4,0.572,3.36,264.1,Sample Data,花蓮縣,花蓮測站
2026-07-17 02:00:00,花蓮測站,花蓮縣,50.8,25.5,47.4,44.2,0.472,3.09,249.9,Sample Data,花蓮縣,花蓮測站
2026-07-17 03:00:00,花蓮測站,花蓮縣,45.4,24.1,50.7,33.5,0.525,1.78,251.2,Sample Data,花蓮縣,花蓮測站
2026-07-17 04:00:00,花蓮測站,花蓮縣,46.9,26.2,47.7,41.1,0.482,2.24,160.8,Sample Data,花蓮縣,花蓮測站
2026-07-17 05:00:00,花蓮測站,花蓮縣,48.3,20.8,33.0,30.0,0.469,1.44,239.0,Sample Data,花蓮縣,花蓮測站
2026-07-17 06:00:00,花蓮測站,花蓮縣,48.2,30.0,64.7,28.2,0.501,1.72,11.4,Sample Data,花蓮縣,花蓮測站
2026-07-17 07:00:00,花蓮測站,花蓮縣,61.0,23.5,38.7,35.7,0.562,2.9,327.3,Sample Data,花蓮縣,花蓮測站
2026-07-17 08:00:00,花蓮測站,花蓮縣,58.7,25.4,53.4,33.3,0.564,4.0,210.3,Sample Data,花蓮縣,花蓮測站
2026-07-17 09:00:00,花蓮測站,花蓮縣,56.9,27.1,52.0,41.1,0.53,2.82,301.8,Sample Data,花蓮縣,花蓮測站
2026-07-17 10:00:00,花蓮測站,花蓮縣,52.3,25.5,41.9,31.6,0.507,3.3,305.1,Sample Data,花蓮縣,花蓮測站
2026-07-17 11:00:00,花蓮測站,花蓮縣,50.8,19.4,28.2,40.4,0.591,2.24,267.6,Sample Data,花蓮縣,花蓮測站
2026-07-17 12:00:00,花蓮測站,花蓮縣,52.0,22.7,28.3,39.4,0.593,2.74,337.5,Sample Data,花蓮縣,花蓮測站
2026-07-17 13:00:00,花蓮測站,花蓮縣,51.8,28.5,45.3,51.9,0.525,1.59,258.3,Sample Data,花蓮縣,花蓮測站
2026-07-17 14:00:00,花蓮測站,花蓮縣,50.1,19.0,28.3,45.3,0.609,3.01,232.7,Sample Data,花蓮縣,花蓮測站
2026-07-17 15:00:00,花蓮測站,花蓮縣,69.0,28.5,42.7,47.6,0.541,2.64,150.3,Sample Data,花蓮縣,花蓮測站
2026-07-17 16:00:00,花蓮測站,花蓮縣,57.1,28.2,52.8,46.3,0.51,2.82,288.5,Sample Data,花蓮縣,花蓮測站
2026-07-17 17:00:00,花蓮測站,花蓮縣,51.4,24.0,46.0,52.4,0.507,2.88,255.6,Sample Data,花蓮縣,花蓮測站
2026-07-17 18:00:00,花蓮測站,花蓮縣,61.3,29.6,47.6,50.3,0.599,2.19,1.0,Sample Data,花蓮縣,花蓮測站
2026-07-17 19:00:00,花蓮測站,花蓮縣,60.8,31.7,56.1,52.1,0.58,2.35,303.1,Sample Data,花蓮縣,花蓮測站
2026-07-17 20:00:00,花蓮測站,花蓮縣,60.6,22.5,32.9,56.4,0.514,2.18,279.2,Sample Data,花蓮縣,花蓮測站
2026-07-17 21:00:00,花蓮測站,花蓮縣,37.3,24.4,40.2,50.9,0.441,2.49,299.5,Sample Data,花蓮縣,花蓮測站
2026-07-17 22:00:00,花蓮測站,花蓮縣,51.7,22.7,35.4,50.6,0.571,3.49,232.8,Sample Data,花蓮縣,花蓮測站
2026-07-17 23:00:00,花蓮測站,花蓮縣,43.5,27.2,40.4,45.4,0.502,2.36,351.1,Sample Data,花蓮縣,花蓮測站
2026-07-18 00:00:00,花蓮測站,花蓮縣,39.6,18.2,27.5,41.2,0.482,2.8,284.4,Sample Data,花蓮縣,花蓮測站
2026-07-18 01:00:00,花蓮測站,花蓮縣,43.6,22.5,48.9,36.7,0.463,2.33,344.2,Sample Data,花蓮縣,花蓮測站
2026-07-18 02:00:00,花蓮測站,花蓮縣,40.3,22.1,43.8,36.0,0.509,2.64,326.4,Sample Data,花蓮縣,花蓮測站
2026-07-18 03:00:00,花蓮測站,花蓮縣,39.9,26.2,43.6,41.4,0.495,2.79,29.5,Sample Data,花蓮縣,花蓮測站
2026-07-18 04:00:00,花蓮測站,花蓮縣,38.6,28.6,59.9,35.0,0.486,2.43,316.4,Sample Data,花蓮縣,花蓮測站
2026-07-18 05:00:00,花蓮測站,花蓮縣,41.1,19.3,35.1,37.4,0.48,2.7,280.8,Sample Data,花蓮縣,花蓮測站
2026-07-18 06:00:00,花蓮測站,花蓮縣,50.3,27.4,38.9,35.3,0.472,3.07,359.7,Sample Data,花蓮縣,花蓮測站
2026-07-18 07:00:00,花蓮測站,花蓮縣,48.0,21.4,35.3,34.2,0.496,2.74,288.7,Sample Data,花蓮縣,花蓮測站
2026-07-18 08:00:00,花蓮測站,花蓮縣,46.8,27.4,51.0,34.6,0.477,3.72,7.6,Sample Data,花蓮縣,花蓮測站
2026-07-18 09:00:00,花蓮測站,花蓮縣,45.6,25.0,37.7,33.8,0.609,3.75,345.1,Sample Data,花蓮縣,花蓮測站
2026-07-18 10:00:00,花蓮測站,花蓮縣,44.2,21.6,33.0,32.8,0.461,3.79,327.6,Sample Data,花蓮縣,花蓮測站
2026-07-18 11:00:00,花蓮測站,花蓮縣,42.5,20.9,43.1,30.9,0.516,2.54,326.7,Sample Data,花蓮縣,花蓮測站
2026-07-18 12:00:00,花蓮測站,花蓮縣,30.9,25.3,36.5,38.9,0.385,3.58,358.0,Sample Data,花蓮縣,花蓮測站
2026-07-18 13:00:00,花蓮測站,花蓮縣,27.2,16.9,30.7,33.6,0.364,3.04,5.4,Sample Data,花蓮縣,花蓮測站
2026-07-18 14:00:00,花蓮測站,花蓮縣,40.7,25.3,40.4,36.9,0.509,2.94,58.5,Sample Data,花蓮縣,花蓮測站
2026-07-18 15:00:00,花蓮測站,花蓮縣,34.8,19.5,34.1,44.3,0.371,3.19,343.5,Sample Data,花蓮縣,花蓮測站
2026-07-18 16:00:00,花蓮測站,花蓮縣,44.2,24.2,43.7,51.2,0.547,3.18,333.8,Sample Data,花蓮縣,花蓮測站
2026-07-18 17:00:00,花蓮測站,花蓮縣,35.3,18.0,17.6,46.6,0.435,3.59,8.6,Sample Data,花蓮縣,花蓮測站
2026-07-18 18:00:00,花蓮測站,花蓮縣,39.9,25.5,41.4,46.7,0.484,2.44,360.0,Sample Data,花蓮縣,花蓮測站
2026-07-18 19:00:00,花蓮測站,花蓮縣,47.6,23.6,33.1,51.7,0.479,2.31,334.2,Sample Data,花蓮縣,花蓮測站
2026-07-18 20:00:00,花蓮測站,花蓮縣,38.6,17.3,29.5,51.2,0.488,2.76,70.5,Sample Data,花蓮縣,花蓮測站
2026-07-18 21:00:00,花蓮測站,花蓮縣,42.3,26.0,39.7,46.4,0.514,2.27,356.1,Sample Data,花蓮縣,花蓮測站
2026-07-18 22:00:00,花蓮測站,花蓮縣,28.6,19.8,31.6,41.5,0.322,1.14,56.7,Sample Data,花蓮縣,花蓮測站
2026-07-18 23:00:00,花蓮測站,花蓮縣,32.5,20.3,26.9,34.3,0.379,1.28,359.3,Sample Data,花蓮縣,花蓮測站
2026-07-19 00:00:00,花蓮測站,花蓮縣,33.0,20.8,36.7,39.0,0.411,3.07,311.8,Sample Data,花蓮縣,花蓮測站
2026-07-19 01:00:00,花蓮測站,花蓮縣,13.9,16.5,30.4,36.3,0.362,2.8,354.4,Sample Data,花蓮縣,花蓮測站
2026-07-19 02:00:00,花蓮測站,花蓮縣,28.2,21.6,38.6,35.2,0.369,3.64,100.9,Sample Data,花蓮縣,花蓮測站
2026-07-19 03:00:00,花蓮測站,花蓮縣,30.5,21.0,33.6,32.1,0.38,2.61,101.7,Sample Data,花蓮縣,花蓮測站
2026-07-19 04:00:00,花蓮測站,花蓮縣,34.3,21.9,37.5,27.5,0.435,2.69,85.2,Sample Data,花蓮縣,花蓮測站
2026-07-19 05:00:00,花蓮測站,花蓮縣,34.3,23.3,41.3,30.4,0.467,4.21,357.2,Sample Data,花蓮縣,花蓮測站
2026-07-19 06:00:00,花蓮測站,花蓮縣,31.5,18.3,29.9,29.4,0.479,2.86,6.7,Sample Data,花蓮縣,花蓮測站
2026-07-19 07:00:00,花蓮測站,花蓮縣,37.8,18.0,40.3,24.1,0.471,2.15,60.5,Sample Data,花蓮縣,花蓮測站
2026-07-19 08:00:00,花蓮測站,花蓮縣,40.0,17.6,31.8,29.4,0.476,2.06,49.9,Sample Data,花蓮縣,花蓮測站
2026-07-19 09:00:00,花蓮測站,花蓮縣,29.3,12.0,17.2,22.5,0.395,2.44,59.6,Sample Data,花蓮縣,花蓮測站
2026-07-19 10:00:00,花蓮測站,花蓮縣,37.5,26.1,36.4,35.7,0.529,1.92,7.4,Sample Data,花蓮縣,花蓮測站
2026-07-19 11:00:00,花蓮測站,花蓮縣,23.8,16.0,37.1,35.0,0.412,2.92,90.5,Sample Data,花蓮縣,花蓮測站
2026-07-19 12:00:00,花蓮測站,花蓮縣,31.3,23.4,35.0,33.8,0.434,2.6,6.6,Sample Data,花蓮縣,花蓮測站
2026-07-19 13:00:00,花蓮測站,花蓮縣,33.0,24.4,46.8,41.7,0.43,2.89,63.1,Sample Data,花蓮縣,花蓮測站
2026-07-19 14:00:00,花蓮測站,花蓮縣,26.7,20.0,38.7,39.0,0.347,3.62,37.6,Sample Data,花蓮縣,花蓮測站
2026-07-19 15:00:00,花蓮測站,花蓮縣,27.6,17.0,28.4,43.9,0.39,3.77,151.2,Sample Data,花蓮縣,花蓮測站
2026-07-19 16:00:00,花蓮測站,花蓮縣,38.5,15.4,28.5,52.7,0.433,2.59,88.9,Sample Data,花蓮縣,花蓮測站
2026-07-19 17:00:00,花蓮測站,花蓮縣,31.9,14.8,27.8,57.6,0.348,1.62,118.5,Sample Data,花蓮縣,花蓮測站
2026-07-19 18:00:00,花蓮測站,花蓮縣,30.5,14.5,27.1,42.0,0.457,2.74,94.7,Sample Data,花蓮縣,花蓮測站
2026-07-19 19:00:00,花蓮測站,花蓮縣,34.3,19.4,31.5,43.2,0.519,2.47,328.4,Sample Data,花蓮縣,花蓮測站
2026-07-19 20:00:00,花蓮測站,花蓮縣,35.3,19.4,29.0,53.5,0.429,3.3,135.1,Sample Data,花蓮縣,花蓮測站
2026-07-19 21:00:00,花蓮測站,花蓮縣,24.5,18.4,25.0,39.1,0.438,4.72,54.7,Sample Data,花蓮縣,花蓮測站
2026-07-19 22:00:00,花蓮測站,花蓮縣,30.5,20.2,43.7,52.8,0.395,4.01,71.9,Sample Data,花蓮縣,花蓮測站
2026-07-19 23:00:00,花蓮測站,花蓮縣,23.6,17.2,32.6,43.3,0.404,3.83,134.2,Sample Data,花蓮縣,花蓮測站
2026-07-20 00:00:00,花蓮測站,花蓮縣,42.5,19.6,31.3,43.3,0.432,2.9,144.6,Sample Data,花蓮縣,花蓮測站
2026-07-20 01:00:00,花蓮測站,花蓮縣,35.6,23.7,40.4,34.2,0.456,3.07,184.8,Sample Data,花蓮縣,花蓮測站
2026-07-20 02:00:00,花蓮測站,花蓮縣,29.3,20.1,35.9,30.0,0.346,3.25,74.1,Sample Data,花蓮縣,花蓮測站
2026-07-20 03:00:00,花蓮測站,花蓮縣,37.9,20.4,37.8,31.7,0.445,3.25,58.2,Sample Data,花蓮縣,花蓮測站
2026-07-20 04:00:00,花蓮測站,花蓮縣,42.2,21.4,35.4,32.1,0.447,3.85,103.8,Sample Data,花蓮縣,花蓮測站
2026-07-20 05:00:00,花蓮測站,花蓮縣,53.8,25.4,40.5,40.6,0.527,3.06,250.7,Sample Data,花蓮縣,花蓮測站
2026-07-20 06:00:00,花蓮測站,花蓮縣,45.4,23.9,42.7,27.6,0.563,2.56,210.8,Sample Data,花蓮縣,花蓮測站
2026-07-20 07:00:00,花蓮測站,花蓮縣,48.7,27.3,52.4,32.3,0.436,2.95,182.7,Sample Data,花蓮縣,花蓮測站
2026-07-20 08:00:00,花蓮測站,花蓮縣,45.4,22.3,40.8,27.6,0.522,2.83,132.8,Sample Data,花蓮縣,花蓮測站
2026-07-20 09:00:00,花蓮測站,花蓮縣,53.2,25.5,47.4,33.2,0.583,1.85,158.3,Sample Data,花蓮縣,花蓮測站
2026-07-20 10:00:00,花蓮測站,花蓮縣,49.0,20.7,26.9,43.2,0.483,1.71,158.1,Sample Data,花蓮縣,花蓮測站
2026-07-20 11:00:00,花蓮測站,花蓮縣,26.1,15.4,25.6,31.0,0.419,3.06,111.7,Sample Data,花蓮縣,花蓮測站
2026-07-20 12:00:00,花蓮測站,花蓮縣,40.9,26.2,48.4,37.5,0.51,2.68,137.0,Sample Data,花蓮縣,花蓮測站
2026-07-20 13:00:00,花蓮測站,花蓮縣,30.4,15.9,22.2,36.2,0.422,4.43,119.6,Sample Data,花蓮縣,花蓮測站
2026-07-20 14:00:00,花蓮測站,花蓮縣,46.3,27.0,45.7,44.4,0.481,3.99,172.6,Sample Data,花蓮縣,花蓮測站
2026-07-20 15:00:00,花蓮測站,花蓮縣,40.5,27.1,49.9,47.4,0.49,2.59,199.1,Sample Data,花蓮縣,花蓮測站
2026-07-20 16:00:00,花蓮測站,花蓮縣,41.4,25.3,43.2,50.9,0.505,2.58,216.6,Sample Data,花蓮縣,花蓮測站
2026-07-20 17:00:00,花蓮測站,花蓮縣,50.2,14.4,28.1,51.5,0.555,3.61,191.3,Sample Data,花蓮縣,花蓮測站
2026-07-20 18:00:00,花蓮測站,花蓮縣,38.3,21.8,40.8,49.1,0.438,3.35,142.6,Sample Data,花蓮縣,花蓮測站
2026-07-20 19:00:00,花蓮測站,花蓮縣,51.0,25.5,44.3,52.5,0.587,2.99,222.2,Sample Data,花蓮縣,花蓮測站
2026-07-20 20:00:00,花蓮測站,花蓮縣,41.9,19.6,35.5,51.3,0.442,3.19,133.5,Sample Data,花蓮縣,花蓮測站
2026-07-20 21:00:00,花蓮測站,花蓮縣,46.7,24.1,47.7,47.3,0.509,2.64,113.4,Sample Data,花蓮縣,花蓮測站
2026-07-20 22:00:00,花蓮測站,花蓮縣,44.7,26.2,43.7,45.7,0.499,2.51,180.8,Sample Data,花蓮縣,花蓮測站
2026-07-20 23:00:00,花蓮測站,花蓮縣,45.6,22.6,46.6,47.5,0.505,1.77,131.2,Sample Data,花蓮縣,花蓮測站
2026-07-21 00:00:00,花蓮測站,花蓮縣,37.0,19.1,25.9,50.2,0.531,2.9,178.1,Sample Data,花蓮縣,花蓮測站
2026-07-21 01:00:00,花蓮測站,花蓮縣,50.0,28.9,47.7,41.8,0.505,2.42,178.3,Sample Data,花蓮縣,花蓮測站
2026-07-21 02:00:00,花蓮測站,花蓮縣,42.3,22.8,37.4,42.1,0.428,2.8,243.4,Sample Data,花蓮縣,花蓮測站
2026-07-21 03:00:00,花蓮測站,花蓮縣,44.6,21.8,43.6,34.3,0.521,3.28,167.7,Sample Data,花蓮縣,花蓮測站
2026-07-21 04:00:00,花蓮測站,花蓮縣,51.4,30.6,55.9,29.6,0.459,2.45,155.8,Sample Data,花蓮縣,花蓮測站
2026-07-21 05:00:00,花蓮測站,花蓮縣,48.1,15.0,24.7,32.1,0.604,2.34,106.1,Sample Data,花蓮縣,花蓮測站
2026-07-21 06:00:00,花蓮測站,花蓮縣,51.1,25.4,46.4,34.9,0.574,2.75,267.9,Sample Data,花蓮縣,花蓮測站
2026-07-21 07:00:00,花蓮測站,花蓮縣,51.3,21.1,32.3,37.0,0.494,2.85,113.3,Sample Data,花蓮縣,花蓮測站
2026-07-21 08:00:00,花蓮測站,花蓮縣,52.6,22.5,37.3,29.0,0.502,2.92,211.2,Sample Data,花蓮縣,花蓮測站
2026-07-21 09:00:00,花蓮測站,花蓮縣,49.8,26.5,54.4,25.4,0.529,2.44,95.0,Sample Data,花蓮縣,花蓮測站
2026-07-21 10:00:00,花蓮測站,花蓮縣,43.5,24.8,40.1,31.9,0.541,1.76,161.2,Sample Data,花蓮縣,花蓮測站
2026-07-21 11:00:00,花蓮測站,花蓮縣,45.2,18.3,39.0,33.4,0.534,3.04,203.7,Sample Data,花蓮縣,花蓮測站
2026-07-21 12:00:00,花蓮測站,花蓮縣,38.1,21.3,40.4,38.2,0.505,2.59,182.6,Sample Data,花蓮縣,花蓮測站
2026-07-21 13:00:00,花蓮測站,花蓮縣,41.8,20.6,39.1,40.4,0.51,2.64,145.6,Sample Data,花蓮縣,花蓮測站
2026-07-21 14:00:00,花蓮測站,花蓮縣,40.8,23.6,37.2,42.1,0.423,1.49,157.4,Sample Data,花蓮縣,花蓮測站
2026-07-21 15:00:00,花蓮測站,花蓮縣,39.5,23.3,32.7,38.9,0.526,2.98,190.8,Sample Data,花蓮縣,花蓮測站
2026-07-21 16:00:00,花蓮測站,花蓮縣,57.4,26.2,43.0,44.6,0.475,3.89,182.5,Sample Data,花蓮縣,花蓮測站
2026-07-21 17:00:00,花蓮測站,花蓮縣,54.5,26.5,39.6,50.7,0.564,1.75,206.8,Sample Data,花蓮縣,花蓮測站
2026-07-21 18:00:00,花蓮測站,花蓮縣,43.9,17.0,34.8,48.6,0.524,2.88,248.3,Sample Data,花蓮縣,花蓮測站
2026-07-21 19:00:00,花蓮測站,花蓮縣,49.9,24.2,45.8,50.1,0.554,2.45,198.4,Sample Data,花蓮縣,花蓮測站
2026-07-21 20:00:00,花蓮測站,花蓮縣,56.6,31.2,47.4,54.7,0.563,4.0,280.8,Sample Data,花蓮縣,花蓮測站
2026-07-21 21:00:00,花蓮測站,花蓮縣,45.0,26.6,52.5,50.8,0.544,2.91,229.0,Sample Data,花蓮縣,花蓮測站
2026-07-21 22:00:00,花蓮測站,花蓮縣,48.4,23.3,36.2,47.2,0.502,2.55,148.0,Sample Data,花蓮縣,花蓮測站
2026-07-21 23:00:00,花蓮測站,花蓮縣,51.9,25.5,52.3,45.5,0.502,2.77,327.7,Sample Data,花蓮縣,花蓮測站
2026-07-22 00:00:00,花蓮測站,花蓮縣,47.7,21.1,43.1,45.9,0.555,2.84,294.4,Sample Data,花蓮縣,花蓮測站
2026-07-22 01:00:00,花蓮測站,花蓮縣,56.5,21.5,46.5,54.6,0.5,2.71,263.8,Sample Data,花蓮縣,花蓮測站
2026-07-22 02:00:00,花蓮測站,花蓮縣,50.9,25.6,45.0,40.0,0.497,2.84,229.5,Sample Data,花蓮縣,花蓮測站
2026-07-22 03:00:00,花蓮測站,花蓮縣,46.1,18.7,26.1,36.9,0.445,2.57,310.5,Sample Data,花蓮縣,花蓮測站
2026-07-22 04:00:00,花蓮測站,花蓮縣,44.5,19.9,26.1,36.5,0.469,2.17,245.8,Sample Data,花蓮縣,花蓮測站
2026-07-22 05:00:00,花蓮測站,花蓮縣,49.1,18.6,39.0,35.3,0.575,3.26,249.8,Sample Data,花蓮縣,花蓮測站
2026-07-22 06:00:00,花蓮測站,花蓮縣,51.4,27.2,51.8,34.1,0.532,2.34,267.1,Sample Data,花蓮縣,花蓮測站
2026-07-22 07:00:00,花蓮測站,花蓮縣,53.4,24.6,40.8,37.5,0.464,2.72,222.3,Sample Data,花蓮縣,花蓮測站
2026-07-22 08:00:00,花蓮測站,花蓮縣,54.3,22.8,33.9,35.6,0.541,1.8,286.0,Sample Data,花蓮縣,花蓮測站
2026-07-22 09:00:00,花蓮測站,花蓮縣,50.7,24.0,52.6,38.3,0.534,1.86,263.8,Sample Data,花蓮縣,花蓮測站
2026-07-22 10:00:00,花蓮測站,花蓮縣,51.6,24.0,43.1,37.9,0.517,2.75,246.9,Sample Data,花蓮縣,花蓮測站
2026-07-22 11:00:00,花蓮測站,花蓮縣,44.0,28.1,54.9,35.4,0.61,2.67,348.0,Sample Data,花蓮縣,花蓮測站
2026-07-22 12:00:00,花蓮測站,花蓮縣,47.6,23.9,32.9,43.5,0.506,3.15,337.7,Sample Data,花蓮縣,花蓮測站
2026-07-22 13:00:00,花蓮測站,花蓮縣,54.1,26.2,42.0,43.4,0.538,3.4,353.5,Sample Data,花蓮縣,花蓮測站
2026-07-22 14:00:00,花蓮測站,花蓮縣,47.1,30.6,50.2,39.7,0.426,1.75,349.7,Sample Data,花蓮縣,花蓮測站
2026-07-22 15:00:00,花蓮測站,花蓮縣,53.3,22.1,38.8,39.7,0.623,3.23,341.6,Sample Data,花蓮縣,花蓮測站
2026-07-22 16:00:00,花蓮測站,花蓮縣,58.2,19.8,37.4,50.9,0.594,3.44,338.7,Sample Data,花蓮縣,花蓮測站
2026-07-22 17:00:00,花蓮測站,花蓮縣,53.3,26.5,43.9,54.1,0.541,3.3,318.3,Sample Data,花蓮縣,花蓮測站
2026-07-22 18:00:00,花蓮測站,花蓮縣,56.2,31.0,56.3,58.0,0.59,2.17,324.8,Sample Data,花蓮縣,花蓮測站
2026-07-22 19:00:00,花蓮測站,花蓮縣,50.2,22.4,31.0,58.0,0.464,2.99,38.9,Sample Data,花蓮縣,花蓮測站
2026-07-22 20:00:00,花蓮測站,花蓮縣,62.4,23.9,45.3,57.6,0.573,3.12,347.5,Sample Data,花蓮縣,花蓮測站
2026-07-22 21:00:00,花蓮測站,花蓮縣,40.2,22.2,42.4,46.7,0.514,2.72,295.6,Sample Data,花蓮縣,花蓮測站
2026-07-22 22:00:00,花蓮測站,花蓮縣,57.3,23.4,47.1,51.8,0.514,1.85,358.3,Sample Data,花蓮縣,花蓮測站
2026-07-22 23:00:00,花蓮測站,花蓮縣,50.8,24.4,45.1,53.7,0.477,2.38,330.3,Sample Data,花蓮縣,花蓮測站
2026-07-23 00:00:00,花蓮測站,花蓮縣,50.1,22.8,39.5,39.4,0.459,2.54,24.0,Sample Data,花蓮縣,花蓮測站
2026-07-23 01:00:00,花蓮測站,花蓮縣,46.1,26.6,43.2,30.6,0.571,3.5,315.0,Sample Data,花蓮縣,花蓮測站
2026-07-23 02:00:00,花蓮測站,花蓮縣,32.6,19.5,33.1,43.7,0.426,4.26,224.8,Sample Data,花蓮縣,花蓮測站
2026-07-23 03:00:00,花蓮測站,花蓮縣,40.3,18.1,29.8,40.0,0.512,2.87,332.8,Sample Data,花蓮縣,花蓮測站
2026-07-23 04:00:00,花蓮測站,花蓮縣,39.2,23.5,46.1,39.8,0.457,3.67,352.1,Sample Data,花蓮縣,花蓮測站
2026-07-23 05:00:00,花蓮測站,花蓮縣,49.1,20.1,37.0,40.3,0.501,3.06,340.4,Sample Data,花蓮縣,花蓮測站
2026-07-23 06:00:00,花蓮測站,花蓮縣,47.5,19.3,36.2,32.5,0.467,2.74,95.6,Sample Data,花蓮縣,花蓮測站
2026-07-23 07:00:00,花蓮測站,花蓮縣,60.3,26.7,45.5,37.3,0.603,2.63,353.5,Sample Data,花蓮縣,花蓮測站
2026-07-23 08:00:00,花蓮測站,花蓮縣,50.9,25.4,43.2,25.9,0.538,1.87,60.9,Sample Data,花蓮縣,花蓮測站
2026-07-23 09:00:00,花蓮測站,花蓮縣,52.4,24.7,35.2,40.0,0.567,2.15,295.4,Sample Data,花蓮縣,花蓮測站
2026-07-23 10:00:00,花蓮測站,花蓮縣,45.7,22.6,38.1,32.7,0.487,2.45,20.8,Sample Data,花蓮縣,花蓮測站
2026-07-23 11:00:00,花蓮測站,花蓮縣,44.0,23.8,37.5,39.2,0.352,2.36,325.6,Sample Data,花蓮縣,花蓮測站
2026-07-23 12:00:00,花蓮測站,花蓮縣,42.3,20.2,33.6,32.7,0.493,1.74,26.4,Sample Data,花蓮縣,花蓮測站
2026-07-23 13:00:00,花蓮測站,花蓮縣,38.8,18.9,28.2,35.1,0.391,2.81,56.3,Sample Data,花蓮縣,花蓮測站
2026-07-23 14:00:00,花蓮測站,花蓮縣,43.7,18.2,38.0,42.7,0.504,2.31,344.8,Sample Data,花蓮縣,花蓮測站
2026-07-23 15:00:00,花蓮測站,花蓮縣,40.0,23.4,37.2,47.5,0.399,2.55,294.5,Sample Data,花蓮縣,花蓮測站
2026-07-23 16:00:00,花蓮測站,花蓮縣,40.1,17.5,34.6,43.8,0.502,2.61,339.9,Sample Data,花蓮縣,花蓮測站
2026-07-23 17:00:00,花蓮測站,花蓮縣,47.1,17.1,25.1,46.7,0.5,2.88,28.1,Sample Data,花蓮縣,花蓮測站
2026-07-23 18:00:00,花蓮測站,花蓮縣,48.5,28.0,53.6,50.4,0.503,2.13,38.7,Sample Data,花蓮縣,花蓮測站
2026-07-23 19:00:00,花蓮測站,花蓮縣,53.8,17.4,35.0,54.0,0.557,1.36,59.6,Sample Data,花蓮縣,花蓮測站
2026-07-23 20:00:00,花蓮測站,花蓮縣,49.6,24.5,50.4,46.9,0.458,3.1,84.3,Sample Data,花蓮縣,花蓮測站
2026-07-23 21:00:00,花蓮測站,花蓮縣,37.8,17.6,34.0,42.6,0.524,2.37,47.1,Sample Data,花蓮縣,花蓮測站
2026-07-23 22:00:00,花蓮測站,花蓮縣,35.6,22.3,30.7,42.5,0.442,2.36,77.9,Sample Data,花蓮縣,花蓮測站
2026-07-23 23:00:00,花蓮測站,花蓮縣,35.0,22.5,42.8,46.3,0.37,2.69,350.4,Sample Data,花蓮縣,花蓮測站
2026-07-24 00:00:00,花蓮測站,花蓮縣,36.5,19.4,28.3,42.0,0.463,3.11,326.8,Sample Data,花蓮縣,花蓮測站
2026-07-24 01:00:00,花蓮測站,花蓮縣,39.4,16.9,38.1,36.1,0.445,1.37,14.0,Sample Data,花蓮縣,花蓮測站
2026-07-24 02:00:00,花蓮測站,花蓮縣,37.7,21.8,38.4,38.6,0.471,2.79,83.8,Sample Data,花蓮縣,花蓮測站
2026-07-24 03:00:00,花蓮測站,花蓮縣,36.0,24.8,52.1,37.4,0.37,3.03,9.8,Sample Data,花蓮縣,花蓮測站
2026-07-24 04:00:00,花蓮測站,花蓮縣,32.0,18.4,26.9,31.7,0.422,3.5,13.2,Sample Data,花蓮縣,花蓮測站
2026-07-24 05:00:00,花蓮測站,花蓮縣,44.7,23.9,49.7,41.1,0.482,2.09,74.6,Sample Data,花蓮縣,花蓮測站
2026-07-24 06:00:00,花蓮測站,花蓮縣,35.0,16.5,26.8,26.6,0.603,1.77,88.1,Sample Data,花蓮縣,花蓮測站
2026-07-24 07:00:00,花蓮測站,花蓮縣,41.8,27.4,49.3,24.2,0.583,2.21,83.4,Sample Data,花蓮縣,花蓮測站
2026-07-24 08:00:00,花蓮測站,花蓮縣,47.4,21.7,36.2,32.1,0.522,4.07,95.4,Sample Data,花蓮縣,花蓮測站
2026-07-24 09:00:00,花蓮測站,花蓮縣,49.8,23.0,33.3,31.7,0.515,2.19,330.7,Sample Data,花蓮縣,花蓮測站
2026-07-24 10:00:00,花蓮測站,花蓮縣,47.8,23.0,32.9,33.7,0.464,1.73,74.9,Sample Data,花蓮縣,花蓮測站
2026-07-24 11:00:00,花蓮測站,花蓮縣,35.5,22.8,44.9,34.7,0.468,2.14,118.5,Sample Data,花蓮縣,花蓮測站
2026-07-24 12:00:00,花蓮測站,花蓮縣,30.1,19.4,35.1,38.8,0.451,3.54,55.3,Sample Data,花蓮縣,花蓮測站
2026-07-24 13:00:00,花蓮測站,花蓮縣,40.2,19.6,34.9,43.4,0.444,3.15,87.7,Sample Data,花蓮縣,花蓮測站
2026-07-24 14:00:00,花蓮測站,花蓮縣,38.1,18.6,29.5,43.2,0.421,1.79,320.7,Sample Data,花蓮縣,花蓮測站
2026-07-24 15:00:00,花蓮測站,花蓮縣,42.1,24.9,49.8,43.5,0.541,2.49,111.0,Sample Data,花蓮縣,花蓮測站
2026-07-24 16:00:00,花蓮測站,花蓮縣,38.9,19.3,39.6,41.0,0.522,2.0,315.7,Sample Data,花蓮縣,花蓮測站
2026-07-24 17:00:00,花蓮測站,花蓮縣,43.6,24.0,34.6,46.7,0.456,3.58,87.7,Sample Data,花蓮縣,花蓮測站
2026-07-24 18:00:00,花蓮測站,花蓮縣,48.3,24.2,32.8,50.4,0.431,3.12,151.3,Sample Data,花蓮縣,花蓮測站
2026-07-24 19:00:00,花蓮測站,花蓮縣,47.9,23.1,37.4,48.3,0.554,2.26,68.4,Sample Data,花蓮縣,花蓮測站
2026-07-24 20:00:00,花蓮測站,花蓮縣,51.9,26.9,45.4,47.3,0.581,3.55,25.2,Sample Data,花蓮縣,花蓮測站
2026-07-24 21:00:00,花蓮測站,花蓮縣,35.8,17.8,35.0,45.3,0.432,1.35,46.5,Sample Data,花蓮縣,花蓮測站
2026-07-24 22:00:00,花蓮測站,花蓮縣,44.0,24.0,36.0,46.3,0.49,2.84,177.7,Sample Data,花蓮縣,花蓮測站
2026-07-24 23:00:00,花蓮測站,花蓮縣,32.1,19.3,27.1,46.2,0.52,3.31,117.7,Sample Data,花蓮縣,花蓮測站
2026-07-25 00:00:00,花蓮測站,花蓮縣,37.2,22.3,44.3,42.8,0.45,3.29,48.0,Sample Data,花蓮縣,花蓮測站
2026-07-25 01:00:00,花蓮測站,花蓮縣,30.1,16.7,38.1,40.3,0.482,3.43,343.1,Sample Data,花蓮縣,花蓮測站
2026-07-25 02:00:00,花蓮測站,花蓮縣,27.5,19.9,29.0,34.2,0.349,2.15,187.6,Sample Data,花蓮縣,花蓮測站
2026-07-25 03:00:00,花蓮測站,花蓮縣,12.0,15.3,29.1,33.8,0.309,2.43,116.5,Sample Data,花蓮縣,花蓮測站
2026-07-25 04:00:00,花蓮測站,花蓮縣,27.4,16.9,29.6,27.1,0.354,3.13,65.1,Sample Data,花蓮縣,花蓮測站
2026-07-25 05:00:00,花蓮測站,花蓮縣,25.2,14.8,24.3,31.5,0.411,3.24,120.0,Sample Data,花蓮縣,花蓮測站
2026-07-25 06:00:00,花蓮測站,花蓮縣,37.3,22.3,33.1,36.1,0.464,3.44,65.5,Sample Data,花蓮縣,花蓮測站
2026-07-25 07:00:00,花蓮測站,花蓮縣,37.1,16.8,27.1,28.1,0.555,3.17,165.0,Sample Data,花蓮縣,花蓮測站
2026-07-25 08:00:00,花蓮測站,花蓮縣,35.1,14.9,16.3,28.1,0.407,2.08,107.7,Sample Data,花蓮縣,花蓮測站
2026-07-25 09:00:00,花蓮測站,花蓮縣,34.3,16.6,29.6,23.8,0.453,3.12,159.6,Sample Data,花蓮縣,花蓮測站
2026-07-25 10:00:00,花蓮測站,花蓮縣,34.8,18.6,30.4,24.8,0.435,2.77,77.8,Sample Data,花蓮縣,花蓮測站
2026-07-25 11:00:00,花蓮測站,花蓮縣,31.5,21.0,33.7,29.4,0.368,3.21,205.6,Sample Data,花蓮縣,花蓮測站
2026-07-25 12:00:00,花蓮測站,花蓮縣,25.3,20.9,24.4,28.2,0.431,1.73,110.0,Sample Data,花蓮縣,花蓮測站
2026-07-25 13:00:00,花蓮測站,花蓮縣,30.8,20.7,36.5,34.4,0.431,3.11,186.2,Sample Data,花蓮縣,花蓮測站
2026-07-25 14:00:00,花蓮測站,花蓮縣,37.6,19.7,31.1,41.4,0.484,3.38,181.4,Sample Data,花蓮縣,花蓮測站
2026-07-25 15:00:00,花蓮測站,花蓮縣,35.0,20.2,39.8,46.7,0.466,1.77,106.6,Sample Data,花蓮縣,花蓮測站
2026-07-25 16:00:00,花蓮測站,花蓮縣,35.9,23.4,48.5,45.8,0.469,2.57,123.2,Sample Data,花蓮縣,花蓮測站
2026-07-25 17:00:00,花蓮測站,花蓮縣,35.5,22.4,35.8,47.6,0.62,2.59,250.0,Sample Data,花蓮縣,花蓮測站
2026-07-25 18:00:00,花蓮測站,花蓮縣,28.8,18.1,35.7,43.3,0.416,3.51,279.9,Sample Data,花蓮縣,花蓮測站
2026-07-25 19:00:00,花蓮測站,花蓮縣,46.3,21.6,33.6,47.1,0.493,2.39,99.0,Sample Data,花蓮縣,花蓮測站
2026-07-25 20:00:00,花蓮測站,花蓮縣,42.9,23.6,46.6,45.6,0.457,3.11,193.9,Sample Data,花蓮縣,花蓮測站
2026-07-25 21:00:00,花蓮測站,花蓮縣,33.8,21.0,36.7,45.6,0.462,2.96,77.9,Sample Data,花蓮縣,花蓮測站
2026-07-25 22:00:00,花蓮測站,花蓮縣,35.5,20.6,34.8,47.2,0.518,1.58,227.9,Sample Data,花蓮縣,花蓮測站
2026-07-25 23:00:00,花蓮測站,花蓮縣,24.5,22.1,40.0,42.0,0.349,3.23,170.2,Sample Data,花蓮縣,花蓮測站
2026-06-26 00:00:00,西屯測站,臺中市,66.4,38.2,66.4,48.0,0.729,1.31,210.1,Sample Data,臺中市,西屯測站
2026-06-26 01:00:00,西屯測站,臺中市,64.3,39.0,70.8,45.0,0.568,2.15,123.6,Sample Data,臺中市,西屯測站
2026-06-26 02:00:00,西屯測站,臺中市,73.0,42.4,63.9,47.7,0.624,2.09,250.7,Sample Data,臺中市,西屯測站
2026-06-26 03:00:00,西屯測站,臺中市,75.5,46.4,92.9,42.7,0.629,3.03,235.4,Sample Data,臺中市,西屯測站
2026-06-26 04:00:00,西屯測站,臺中市,69.9,37.6,60.2,48.0,0.651,1.73,134.5,Sample Data,臺中市,西屯測站
2026-06-26 05:00:00,西屯測站,臺中市,69.7,39.1,72.1,35.8,0.726,1.61,117.5,Sample Data,臺中市,西屯測站
2026-06-26 06:00:00,西屯測站,臺中市,85.8,48.6,73.0,44.4,0.695,1.15,61.5,Sample Data,臺中市,西屯測站
2026-06-26 07:00:00,西屯測站,臺中市,77.3,48.0,80.7,36.5,0.662,2.48,234.0,Sample Data,臺中市,西屯測站
2026-06-26 08:00:00,西屯測站,臺中市,71.0,50.5,85.4,36.2,0.667,2.6,209.1,Sample Data,臺中市,西屯測站
2026-06-26 09:00:00,西屯測站,臺中市,84.4,43.9,88.9,44.7,0.697,3.05,119.2,Sample Data,臺中市,西屯測站
2026-06-26 10:00:00,西屯測站,臺中市,74.5,42.0,68.7,47.4,0.627,0.93,186.7,Sample Data,臺中市,西屯測站
2026-06-26 11:00:00,西屯測站,臺中市,75.6,42.3,84.9,43.9,0.581,1.88,178.7,Sample Data,臺中市,西屯測站
2026-06-26 12:00:00,西屯測站,臺中市,72.4,43.5,88.0,44.2,0.7,2.71,222.2,Sample Data,臺中市,西屯測站
2026-06-26 13:00:00,西屯測站,臺中市,76.8,40.4,57.7,52.2,0.65,2.08,172.4,Sample Data,臺中市,西屯測站
2026-06-26 14:00:00,西屯測站,臺中市,65.2,43.9,71.4,45.9,0.653,2.95,168.8,Sample Data,臺中市,西屯測站
2026-06-26 15:00:00,西屯測站,臺中市,82.9,43.5,78.2,52.1,0.609,2.64,212.9,Sample Data,臺中市,西屯測站
2026-06-26 16:00:00,西屯測站,臺中市,83.1,44.8,67.3,53.7,0.704,1.2,248.5,Sample Data,臺中市,西屯測站
2026-06-26 17:00:00,西屯測站,臺中市,75.8,42.3,75.4,49.4,0.684,3.46,24.8,Sample Data,臺中市,西屯測站
2026-06-26 18:00:00,西屯測站,臺中市,86.4,40.6,80.2,59.6,0.744,1.46,254.5,Sample Data,臺中市,西屯測站
2026-06-26 19:00:00,西屯測站,臺中市,70.7,38.1,64.3,51.5,0.592,2.49,232.3,Sample Data,臺中市,西屯測站
2026-06-26 20:00:00,西屯測站,臺中市,81.1,45.7,72.1,55.0,0.763,2.9,220.4,Sample Data,臺中市,西屯測站
2026-06-26 21:00:00,西屯測站,臺中市,76.8,43.0,77.0,59.4,0.7,1.24,267.1,Sample Data,臺中市,西屯測站
2026-06-26 22:00:00,西屯測站,臺中市,65.8,39.3,56.2,46.4,0.604,3.29,263.9,Sample Data,臺中市,西屯測站
2026-06-26 23:00:00,西屯測站,臺中市,65.9,34.8,62.5,51.5,0.604,1.98,348.8,Sample Data,臺中市,西屯測站
2026-06-27 00:00:00,西屯測站,臺中市,70.8,44.6,80.9,49.3,0.602,2.73,216.2,Sample Data,臺中市,西屯測站
2026-06-27 01:00:00,西屯測站,臺中市,76.6,40.2,58.9,47.4,0.753,1.87,238.2,Sample Data,臺中市,西屯測站
2026-06-27 02:00:00,西屯測站,臺中市,64.8,39.7,61.3,42.2,0.619,3.06,259.3,Sample Data,臺中市,西屯測站
2026-06-27 03:00:00,西屯測站,臺中市,68.6,39.4,74.3,36.4,0.572,2.92,237.7,Sample Data,臺中市,西屯測站
2026-06-27 04:00:00,西屯測站,臺中市,67.4,39.1,63.5,41.6,0.597,2.35,277.4,Sample Data,臺中市,西屯測站
2026-06-27 05:00:00,西屯測站,臺中市,71.3,43.5,88.1,40.2,0.534,2.7,288.6,Sample Data,臺中市,西屯測站
2026-06-27 06:00:00,西屯測站,臺中市,74.7,41.1,65.3,46.6,0.606,2.88,181.8,Sample Data,臺中市,西屯測站
2026-06-27 07:00:00,西屯測站,臺中市,73.2,43.6,74.7,39.2,0.606,1.75,207.3,Sample Data,臺中市,西屯測站
2026-06-27 08:00:00,西屯測站,臺中市,87.2,49.6,81.0,41.7,0.712,1.91,303.5,Sample Data,臺中市,西屯測站
2026-06-27 09:00:00,西屯測站,臺中市,78.1,42.4,64.3,48.3,0.724,2.51,173.1,Sample Data,臺中市,西屯測站
2026-06-27 10:00:00,西屯測站,臺中市,74.6,40.3,71.0,45.3,0.684,3.03,261.0,Sample Data,臺中市,西屯測站
2026-06-27 11:00:00,西屯測站,臺中市,65.6,40.8,73.1,43.7,0.581,1.97,321.2,Sample Data,臺中市,西屯測站
2026-06-27 12:00:00,西屯測站,臺中市,68.5,41.6,74.4,47.0,0.563,1.65,285.7,Sample Data,臺中市,西屯測站
2026-06-27 13:00:00,西屯測站,臺中市,68.5,38.9,79.0,51.9,0.677,1.37,227.0,Sample Data,臺中市,西屯測站
2026-06-27 14:00:00,西屯測站,臺中市,68.0,40.5,71.0,48.1,0.628,1.36,62.9,Sample Data,臺中市,西屯測站
2026-06-27 15:00:00,西屯測站,臺中市,71.3,44.3,82.9,52.7,0.662,2.11,22.3,Sample Data,臺中市,西屯測站
2026-06-27 16:00:00,西屯測站,臺中市,66.3,42.8,61.2,60.8,0.688,0.86,309.7,Sample Data,臺中市,西屯測站
2026-06-27 17:00:00,西屯測站,臺中市,79.7,44.5,72.2,58.8,0.773,2.79,283.7,Sample Data,臺中市,西屯測站
2026-06-27 18:00:00,西屯測站,臺中市,74.3,45.6,87.4,56.3,0.652,2.07,233.6,Sample Data,臺中市,西屯測站
2026-06-27 19:00:00,西屯測站,臺中市,81.6,42.4,82.4,64.5,0.7,3.03,340.4,Sample Data,臺中市,西屯測站
2026-06-27 20:00:00,西屯測站,臺中市,74.2,45.1,70.0,60.4,0.633,2.56,314.3,Sample Data,臺中市,西屯測站
2026-06-27 21:00:00,西屯測站,臺中市,59.3,37.6,53.5,56.3,0.572,2.27,4.8,Sample Data,臺中市,西屯測站
2026-06-27 22:00:00,西屯測站,臺中市,71.3,42.4,74.7,58.3,0.63,1.1,297.2,Sample Data,臺中市,西屯測站
2026-06-27 23:00:00,西屯測站,臺中市,57.6,39.8,63.2,50.8,0.603,1.33,315.1,Sample Data,臺中市,西屯測站
2026-06-28 00:00:00,西屯測站,臺中市,58.6,37.0,72.9,49.6,0.55,1.72,334.3,Sample Data,臺中市,西屯測站
2026-06-28 01:00:00,西屯測站,臺中市,71.0,42.3,70.1,40.1,0.658,1.77,259.7,Sample Data,臺中市,西屯測站
2026-06-28 02:00:00,西屯測站,臺中市,69.3,42.3,90.9,47.5,0.578,2.64,314.3,Sample Data,臺中市,西屯測站
2026-06-28 03:00:00,西屯測站,臺中市,71.5,42.0,64.8,43.6,0.618,1.53,320.8,Sample Data,臺中市,西屯測站
2026-06-28 04:00:00,西屯測站,臺中市,67.7,40.2,62.3,38.7,0.612,2.36,313.4,Sample Data,臺中市,西屯測站
2026-06-28 05:00:00,西屯測站,臺中市,64.9,39.8,63.4,44.1,0.646,3.38,54.3,Sample Data,臺中市,西屯測站
2026-06-28 06:00:00,西屯測站,臺中市,78.2,39.3,76.6,46.4,0.614,2.62,346.1,Sample Data,臺中市,西屯測站
2026-06-28 07:00:00,西屯測站,臺中市,83.2,39.8,65.6,42.4,0.789,2.06,350.6,Sample Data,臺中市,西屯測站
2026-06-28 08:00:00,西屯測站,臺中市,78.2,42.4,85.9,37.5,0.648,2.68,39.1,Sample Data,臺中市,西屯測站
2026-06-28 09:00:00,西屯測站,臺中市,79.8,44.2,74.4,39.8,0.628,2.05,280.9,Sample Data,臺中市,西屯測站
2026-06-28 10:00:00,西屯測站,臺中市,71.2,44.2,85.1,38.9,0.568,3.69,298.9,Sample Data,臺中市,西屯測站
2026-06-28 11:00:00,西屯測站,臺中市,59.0,38.8,60.0,48.3,0.522,2.01,85.5,Sample Data,臺中市,西屯測站
2026-06-28 12:00:00,西屯測站,臺中市,68.0,42.7,84.9,47.9,0.613,1.88,5.9,Sample Data,臺中市,西屯測站
2026-06-28 13:00:00,西屯測站,臺中市,71.0,37.7,69.1,46.1,0.617,2.92,28.4,Sample Data,臺中市,西屯測站
2026-06-28 14:00:00,西屯測站,臺中市,63.6,40.1,52.3,52.5,0.542,2.04,24.7,Sample Data,臺中市,西屯測站
2026-06-28 15:00:00,西屯測站,臺中市,64.6,41.0,72.6,56.8,0.623,2.55,47.1,Sample Data,臺中市,西屯測站
2026-06-28 16:00:00,西屯測站,臺中市,63.8,45.8,72.6,51.2,0.568,2.03,329.6,Sample Data,臺中市,西屯測站
2026-06-28 17:00:00,西屯測站,臺中市,75.5,38.5,75.9,55.2,0.666,2.08,314.4,Sample Data,臺中市,西屯測站
2026-06-28 18:00:00,西屯測站,臺中市,64.9,41.5,62.6,53.3,0.579,2.11,281.9,Sample Data,臺中市,西屯測站
2026-06-28 19:00:00,西屯測站,臺中市,69.3,42.2,77.1,52.3,0.577,2.11,34.4,Sample Data,臺中市,西屯測站
2026-06-28 20:00:00,西屯測站,臺中市,56.7,39.4,49.8,52.4,0.509,2.13,310.4,Sample Data,臺中市,西屯測站
2026-06-28 21:00:00,西屯測站,臺中市,65.2,44.9,72.4,55.2,0.581,1.56,46.4,Sample Data,臺中市,西屯測站
2026-06-28 22:00:00,西屯測站,臺中市,65.3,37.7,56.3,50.0,0.583,1.97,352.4,Sample Data,臺中市,西屯測站
2026-06-28 23:00:00,西屯測站,臺中市,62.4,40.4,67.6,47.5,0.522,2.0,0.5,Sample Data,臺中市,西屯測站
2026-06-29 00:00:00,西屯測站,臺中市,55.4,35.7,60.9,48.3,0.55,3.48,337.7,Sample Data,臺中市,西屯測站
2026-06-29 01:00:00,西屯測站,臺中市,60.6,41.9,66.8,47.4,0.547,1.81,351.4,Sample Data,臺中市,西屯測站
2026-06-29 02:00:00,西屯測站,臺中市,66.8,40.7,63.1,43.1,0.67,3.0,50.0,Sample Data,臺中市,西屯測站
2026-06-29 03:00:00,西屯測站,臺中市,57.4,35.3,69.7,37.8,0.633,1.34,341.1,Sample Data,臺中市,西屯測站
2026-06-29 04:00:00,西屯測站,臺中市,66.9,41.6,64.5,39.3,0.666,3.63,25.2,Sample Data,臺中市,西屯測站
2026-06-29 05:00:00,西屯測站,臺中市,66.5,37.5,77.2,43.9,0.595,1.73,51.5,Sample Data,臺中市,西屯測站
2026-06-29 06:00:00,西屯測站,臺中市,77.6,41.4,72.5,39.6,0.558,2.33,81.8,Sample Data,臺中市,西屯測站
2026-06-29 07:00:00,西屯測站,臺中市,83.7,40.1,62.9,44.0,0.628,1.34,62.3,Sample Data,臺中市,西屯測站
2026-06-29 08:00:00,西屯測站,臺中市,76.4,40.7,75.6,32.8,0.633,2.52,78.8,Sample Data,臺中市,西屯測站
2026-06-29 09:00:00,西屯測站,臺中市,75.7,46.7,68.1,47.3,0.542,2.15,130.6,Sample Data,臺中市,西屯測站
2026-06-29 10:00:00,西屯測站,臺中市,76.1,44.2,79.7,48.2,0.582,1.39,87.3,Sample Data,臺中市,西屯測站
2026-06-29 11:00:00,西屯測站,臺中市,64.0,40.0,79.5,43.2,0.554,2.82,23.3,Sample Data,臺中市,西屯測站
2026-06-29 12:00:00,西屯測站,臺中市,69.2,40.8,52.5,36.0,0.534,3.5,8.9,Sample Data,臺中市,西屯測站
2026-06-29 13:00:00,西屯測站,臺中市,67.9,38.4,58.5,53.5,0.633,2.56,146.3,Sample Data,臺中市,西屯測站
2026-06-29 14:00:00,西屯測站,臺中市,61.9,42.1,86.9,47.2,0.553,1.77,33.6,Sample Data,臺中市,西屯測站
2026-06-29 15:00:00,西屯測站,臺中市,62.4,40.1,62.9,52.0,0.524,1.61,68.4,Sample Data,臺中市,西屯測站
2026-06-29 16:00:00,西屯測站,臺中市,65.8,37.1,64.1,60.9,0.608,3.01,131.8,Sample Data,臺中市,西屯測站
2026-06-29 17:00:00,西屯測站,臺中市,75.2,47.0,79.4,53.2,0.553,1.73,190.0,Sample Data,臺中市,西屯測站
2026-06-29 18:00:00,西屯測站,臺中市,72.3,47.3,99.4,64.4,0.742,2.46,102.6,Sample Data,臺中市,西屯測站
2026-06-29 19:00:00,西屯測站,臺中市,73.6,41.7,69.5,55.5,0.562,2.47,54.9,Sample Data,臺中市,西屯測站
2026-06-29 20:00:00,西屯測站,臺中市,66.7,39.6,76.4,54.7,0.656,2.46,91.1,Sample Data,臺中市,西屯測站
2026-06-29 21:00:00,西屯測站,臺中市,67.7,36.4,67.0,58.7,0.535,1.23,69.5,Sample Data,臺中市,西屯測站
2026-06-29 22:00:00,西屯測站,臺中市,71.9,41.9,78.0,51.6,0.585,2.9,157.7,Sample Data,臺中市,西屯測站
2026-06-29 23:00:00,西屯測站,臺中市,58.8,40.4,63.3,48.9,0.577,2.53,10.9,Sample Data,臺中市,西屯測站
2026-06-30 00:00:00,西屯測站,臺中市,64.1,41.3,74.2,46.2,0.575,2.55,113.3,Sample Data,臺中市,西屯測站
2026-06-30 01:00:00,西屯測站,臺中市,66.6,36.6,65.9,46.1,0.683,1.33,95.6,Sample Data,臺中市,西屯測站
2026-06-30 02:00:00,西屯測站,臺中市,57.4,38.2,74.0,41.5,0.62,2.67,159.1,Sample Data,臺中市,西屯測站
2026-06-30 03:00:00,西屯測站,臺中市,67.6,31.6,52.6,39.1,0.676,2.04,221.1,Sample Data,臺中市,西屯測站
2026-06-30 04:00:00,西屯測站,臺中市,57.9,34.6,59.6,39.3,0.55,2.33,103.3,Sample Data,臺中市,西屯測站
2026-06-30 05:00:00,西屯測站,臺中市,67.9,42.2,62.5,37.6,0.577,3.32,161.0,Sample Data,臺中市,西屯測站
2026-06-30 06:00:00,西屯測站,臺中市,61.2,32.9,60.6,36.5,0.597,2.26,202.9,Sample Data,臺中市,西屯測站
2026-06-30 07:00:00,西屯測站,臺中市,78.6,43.1,79.3,40.3,0.661,2.57,34.7,Sample Data,臺中市,西屯測站
2026-06-30 08:00:00,西屯測站,臺中市,75.4,43.3,77.0,43.2,0.636,2.67,120.9,Sample Data,臺中市,西屯測站
2026-06-30 09:00:00,西屯測站,臺中市,75.9,44.6,81.7,45.0,0.677,3.05,263.1,Sample Data,臺中市,西屯測站
2026-06-30 10:00:00,西屯測站,臺中市,75.0,40.6,67.6,44.8,0.712,1.02,221.3,Sample Data,臺中市,西屯測站
2026-06-30 11:00:00,西屯測站,臺中市,77.6,44.3,83.3,44.9,0.684,2.61,180.6,Sample Data,臺中市,西屯測站
2026-06-30 12:00:00,西屯測站,臺中市,69.9,43.5,62.8,48.5,0.706,2.25,226.5,Sample Data,臺中市,西屯測站
2026-06-30 13:00:00,西屯測站,臺中市,62.2,38.8,62.8,52.1,0.571,3.19,237.8,Sample Data,臺中市,西屯測站
2026-06-30 14:00:00,西屯測站,臺中市,67.8,40.7,73.7,49.7,0.71,1.95,197.0,Sample Data,臺中市,西屯測站
2026-06-30 15:00:00,西屯測站,臺中市,72.8,41.0,81.0,54.9,0.662,3.35,137.1,Sample Data,臺中市,西屯測站
2026-06-30 16:00:00,西屯測站,臺中市,67.9,45.6,80.3,50.3,0.623,1.53,159.5,Sample Data,臺中市,西屯測站
2026-06-30 17:00:00,西屯測站,臺中市,72.7,38.8,56.3,51.3,0.666,2.47,99.9,Sample Data,臺中市,西屯測站
2026-06-30 18:00:00,西屯測站,臺中市,80.1,40.6,79.0,57.4,0.657,3.92,120.3,Sample Data,臺中市,西屯測站
2026-06-30 19:00:00,西屯測站,臺中市,77.7,45.0,83.1,56.0,0.688,1.92,152.3,Sample Data,臺中市,西屯測站
2026-06-30 20:00:00,西屯測站,臺中市,78.9,40.5,52.9,59.7,0.667,2.7,105.0,Sample Data,臺中市,西屯測站
2026-06-30 21:00:00,西屯測站,臺中市,71.0,37.2,68.0,54.3,0.55,1.78,82.4,Sample Data,臺中市,西屯測站
2026-06-30 22:00:00,西屯測站,臺中市,63.8,41.3,77.3,52.4,0.557,2.51,122.4,Sample Data,臺中市,西屯測站
2026-06-30 23:00:00,西屯測站,臺中市,73.7,39.6,77.3,55.7,0.658,0.38,191.0,Sample Data,臺中市,西屯測站
2026-07-01 00:00:00,西屯測站,臺中市,60.5,37.5,55.9,49.4,0.604,1.85,135.5,Sample Data,臺中市,西屯測站
2026-07-01 01:00:00,西屯測站,臺中市,69.3,36.0,73.9,41.3,0.593,1.86,293.3,Sample Data,臺中市,西屯測站
2026-07-01 02:00:00,西屯測站,臺中市,67.2,38.7,63.8,45.5,0.556,3.0,200.9,Sample Data,臺中市,西屯測站
2026-07-01 03:00:00,西屯測站,臺中市,74.6,40.9,64.8,50.0,0.641,2.21,163.8,Sample Data,臺中市,西屯測站
2026-07-01 04:00:00,西屯測站,臺中市,68.8,41.2,78.3,41.3,0.617,2.53,98.1,Sample Data,臺中市,西屯測站
2026-07-01 05:00:00,西屯測站,臺中市,69.0,36.5,59.3,37.5,0.549,2.0,133.2,Sample Data,臺中市,西屯測站
2026-07-01 06:00:00,西屯測站,臺中市,81.2,44.9,70.8,33.4,0.644,1.58,211.6,Sample Data,臺中市,西屯測站
2026-07-01 07:00:00,西屯測站,臺中市,84.7,45.3,66.0,39.7,0.735,2.19,187.4,Sample Data,臺中市,西屯測站
2026-07-01 08:00:00,西屯測站,臺中市,92.9,48.0,68.0,49.8,0.733,1.98,241.2,Sample Data,臺中市,西屯測站
2026-07-01 09:00:00,西屯測站,臺中市,86.5,46.4,93.1,46.1,0.656,3.31,139.1,Sample Data,臺中市,西屯測站
2026-07-01 10:00:00,西屯測站,臺中市,80.1,39.2,65.4,43.3,0.633,2.23,228.8,Sample Data,臺中市,西屯測站
2026-07-01 11:00:00,西屯測站,臺中市,70.6,40.8,58.9,39.7,0.659,2.31,221.3,Sample Data,臺中市,西屯測站
2026-07-01 12:00:00,西屯測站,臺中市,78.9,40.6,66.1,46.0,0.723,0.96,150.3,Sample Data,臺中市,西屯測站
2026-07-01 13:00:00,西屯測站,臺中市,67.0,44.3,85.3,40.3,0.586,2.91,232.9,Sample Data,臺中市,西屯測站
2026-07-01 14:00:00,西屯測站,臺中市,74.4,37.2,65.2,47.0,0.667,2.83,192.9,Sample Data,臺中市,西屯測站
2026-07-01 15:00:00,西屯測站,臺中市,80.7,43.0,86.7,50.3,0.703,3.04,171.6,Sample Data,臺中市,西屯測站
2026-07-01 16:00:00,西屯測站,臺中市,77.2,40.8,60.9,54.9,0.689,0.84,174.4,Sample Data,臺中市,西屯測站
2026-07-01 17:00:00,西屯測站,臺中市,86.2,46.3,77.0,64.6,0.688,1.35,279.1,Sample Data,臺中市,西屯測站
2026-07-01 18:00:00,西屯測站,臺中市,92.7,43.6,82.6,62.3,0.634,2.27,180.2,Sample Data,臺中市,西屯測站
2026-07-01 19:00:00,西屯測站,臺中市,76.8,37.3,55.0,59.5,0.675,2.29,253.3,Sample Data,臺中市,西屯測站
2026-07-01 20:00:00,西屯測站,臺中市,82.7,44.3,81.3,58.9,0.668,2.4,300.6,Sample Data,臺中市,西屯測站
2026-07-01 21:00:00,西屯測站,臺中市,79.9,40.8,72.1,52.4,0.624,2.3,247.6,Sample Data,臺中市,西屯測站
2026-07-01 22:00:00,西屯測站,臺中市,85.7,46.0,74.5,62.1,0.67,1.31,221.3,Sample Data,臺中市,西屯測站
2026-07-01 23:00:00,西屯測站,臺中市,75.4,40.2,77.8,49.3,0.562,1.41,236.1,Sample Data,臺中市,西屯測站
2026-07-02 00:00:00,西屯測站,臺中市,69.9,40.1,75.6,47.2,0.548,1.86,288.1,Sample Data,臺中市,西屯測站
2026-07-02 01:00:00,西屯測站,臺中市,79.4,44.1,94.0,47.9,0.733,1.96,311.1,Sample Data,臺中市,西屯測站
2026-07-02 02:00:00,西屯測站,臺中市,78.6,36.9,60.0,40.2,0.698,3.6,243.8,Sample Data,臺中市,西屯測站
2026-07-02 03:00:00,西屯測站,臺中市,79.6,47.6,89.3,44.4,0.686,2.75,286.4,Sample Data,臺中市,西屯測站
2026-07-02 04:00:00,西屯測站,臺中市,78.2,42.6,82.3,38.1,0.683,2.75,201.3,Sample Data,臺中市,西屯測站
2026-07-02 05:00:00,西屯測站,臺中市,75.0,48.4,75.5,44.2,0.598,0.86,295.6,Sample Data,臺中市,西屯測站
2026-07-02 06:00:00,西屯測站,臺中市,76.9,43.4,67.4,41.3,0.517,2.44,254.1,Sample Data,臺中市,西屯測站
2026-07-02 07:00:00,西屯測站,臺中市,92.5,47.4,91.7,41.0,0.719,1.71,346.6,Sample Data,臺中市,西屯測站
2026-07-02 08:00:00,西屯測站,臺中市,86.4,41.1,64.5,42.2,0.68,2.79,225.7,Sample Data,臺中市,西屯測站
2026-07-02 09:00:00,西屯測站,臺中市,74.2,39.2,72.3,34.5,0.684,2.33,300.4,Sample Data,臺中市,西屯測站
2026-07-02 10:00:00,西屯測站,臺中市,83.5,40.1,81.8,49.1,0.714,2.45,186.4,Sample Data,臺中市,西屯測站
2026-07-02 11:00:00,西屯測站,臺中市,77.8,39.8,81.4,41.1,0.648,2.34,334.5,Sample Data,臺中市,西屯測站
2026-07-02 12:00:00,西屯測站,臺中市,67.6,33.6,43.4,45.2,0.632,3.16,253.8,Sample Data,臺中市,西屯測站
2026-07-02 13:00:00,西屯測站,臺中市,76.4,44.3,84.5,50.2,0.614,2.28,283.3,Sample Data,臺中市,西屯測站
2026-07-02 14:00:00,西屯測站,臺中市,80.3,42.2,74.4,48.7,0.671,1.5,338.0,Sample Data,臺中市,西屯測站
2026-07-02 15:00:00,西屯測站,臺中市,81.2,41.2,74.1,48.4,0.637,2.08,325.7,Sample Data,臺中市,西屯測站
2026-07-02 16:00:00,西屯測站,臺中市,81.5,46.3,77.0,63.3,0.572,1.8,241.1,Sample Data,臺中市,西屯測站
2026-07-02 17:00:00,西屯測站,臺中市,82.2,42.4,60.8,59.4,0.606,1.69,303.0,Sample Data,臺中市,西屯測站
2026-07-02 18:00:00,西屯測站,臺中市,87.7,52.4,73.9,60.3,0.707,1.67,331.9,Sample Data,臺中市,西屯測站
2026-07-02 19:00:00,西屯測站,臺中市,71.4,42.8,71.3,62.7,0.557,2.44,352.7,Sample Data,臺中市,西屯測站
2026-07-02 20:00:00,西屯測站,臺中市,80.9,38.6,75.1,56.8,0.65,1.85,246.5,Sample Data,臺中市,西屯測站
2026-07-02 21:00:00,西屯測站,臺中市,77.9,40.9,63.5,63.8,0.641,1.6,234.2,Sample Data,臺中市,西屯測站
2026-07-02 22:00:00,西屯測站,臺中市,85.9,46.6,79.0,63.3,0.621,1.53,310.7,Sample Data,臺中市,西屯測站
2026-07-02 23:00:00,西屯測站,臺中市,68.2,40.1,54.7,52.7,0.663,2.57,316.8,Sample Data,臺中市,西屯測站
2026-07-03 00:00:00,西屯測站,臺中市,69.4,43.1,86.9,49.8,0.667,1.87,296.6,Sample Data,臺中市,西屯測站
2026-07-03 01:00:00,西屯測站,臺中市,66.3,41.2,86.9,43.5,0.622,1.54,271.2,Sample Data,臺中市,西屯測站
2026-07-03 02:00:00,西屯測站,臺中市,76.7,41.9,73.4,46.8,0.653,3.15,41.8,Sample Data,臺中市,西屯測站
2026-07-03 03:00:00,西屯測站,臺中市,77.9,40.8,72.2,50.5,0.709,2.17,13.0,Sample Data,臺中市,西屯測站
2026-07-03 04:00:00,西屯測站,臺中市,76.3,42.8,83.3,39.6,0.609,1.69,248.0,Sample Data,臺中市,西屯測站
2026-07-03 05:00:00,西屯測站,臺中市,74.9,41.9,75.8,46.2,0.708,1.67,260.2,Sample Data,臺中市,西屯測站
2026-07-03 06:00:00,西屯測站,臺中市,82.0,47.8,93.4,33.8,0.689,2.5,50.9,Sample Data,臺中市,西屯測站
2026-07-03 07:00:00,西屯測站,臺中市,88.1,47.9,66.8,45.2,0.66,3.06,251.2,Sample Data,臺中市,西屯測站
2026-07-03 08:00:00,西屯測站,臺中市,85.3,45.4,63.4,34.4,0.659,1.7,49.1,Sample Data,臺中市,西屯測站
2026-07-03 09:00:00,西屯測站,臺中市,76.4,43.7,85.3,32.4,0.749,2.08,197.3,Sample Data,臺中市,西屯測站
2026-07-03 10:00:00,西屯測站,臺中市,72.6,38.8,69.2,39.1,0.585,1.42,39.2,Sample Data,臺中市,西屯測站
2026-07-03 11:00:00,西屯測站,臺中市,78.4,42.1,59.4,45.4,0.665,2.0,18.8,Sample Data,臺中市,西屯測站
2026-07-03 12:00:00,西屯測站,臺中市,71.8,38.1,70.0,52.3,0.643,3.62,64.6,Sample Data,臺中市,西屯測站
2026-07-03 13:00:00,西屯測站,臺中市,70.9,38.8,73.5,48.3,0.588,2.84,5.1,Sample Data,臺中市,西屯測站
2026-07-03 14:00:00,西屯測站,臺中市,74.5,39.0,66.2,55.7,0.684,2.15,356.9,Sample Data,臺中市,西屯測站
2026-07-03 15:00:00,西屯測站,臺中市,80.9,42.5,75.8,47.3,0.604,2.41,47.6,Sample Data,臺中市,西屯測站
2026-07-03 16:00:00,西屯測站,臺中市,76.4,45.8,84.5,57.8,0.652,1.78,38.0,Sample Data,臺中市,西屯測站
2026-07-03 17:00:00,西屯測站,臺中市,77.0,40.7,84.7,62.6,0.656,2.21,296.2,Sample Data,臺中市,西屯測站
2026-07-03 18:00:00,西屯測站,臺中市,85.9,47.7,65.5,60.3,0.683,2.53,353.2,Sample Data,臺中市,西屯測站
2026-07-03 19:00:00,西屯測站,臺中市,74.8,43.8,83.8,58.5,0.703,2.77,80.1,Sample Data,臺中市,西屯測站
2026-07-03 20:00:00,西屯測站,臺中市,73.5,46.1,93.8,65.7,0.653,2.8,21.9,Sample Data,臺中市,西屯測站
2026-07-03 21:00:00,西屯測站,臺中市,69.1,38.8,58.5,56.7,0.708,2.35,305.1,Sample Data,臺中市,西屯測站
2026-07-03 22:00:00,西屯測站,臺中市,76.1,38.6,76.4,57.1,0.57,1.66,308.6,Sample Data,臺中市,西屯測站
2026-07-03 23:00:00,西屯測站,臺中市,69.7,44.3,82.8,55.6,0.579,0.88,334.1,Sample Data,臺中市,西屯測站
2026-07-04 00:00:00,西屯測站,臺中市,55.7,42.0,74.5,46.8,0.48,2.82,342.2,Sample Data,臺中市,西屯測站
2026-07-04 01:00:00,西屯測站,臺中市,54.3,38.1,77.2,39.4,0.509,2.84,103.3,Sample Data,臺中市,西屯測站
2026-07-04 02:00:00,西屯測站,臺中市,47.4,35.6,54.4,34.2,0.477,2.61,97.4,Sample Data,臺中市,西屯測站
2026-07-04 03:00:00,西屯測站,臺中市,59.9,41.2,57.1,39.7,0.6,3.12,36.9,Sample Data,臺中市,西屯測站
2026-07-04 04:00:00,西屯測站,臺中市,54.0,38.0,66.8,34.4,0.504,3.01,25.6,Sample Data,臺中市,西屯測站
2026-07-04 05:00:00,西屯測站,臺中市,58.1,41.7,70.5,34.3,0.6,2.35,65.9,Sample Data,臺中市,西屯測站
2026-07-04 06:00:00,西屯測站,臺中市,62.4,41.5,71.2,44.1,0.578,1.9,332.0,Sample Data,臺中市,西屯測站
2026-07-04 07:00:00,西屯測站,臺中市,76.7,40.8,71.4,40.7,0.654,3.73,296.4,Sample Data,臺中市,西屯測站
2026-07-04 08:00:00,西屯測站,臺中市,70.1,40.0,64.8,37.8,0.623,2.25,347.8,Sample Data,臺中市,西屯測站
2026-07-04 09:00:00,西屯測站,臺中市,69.0,42.7,91.0,44.8,0.651,2.86,64.7,Sample Data,臺中市,西屯測站
2026-07-04 10:00:00,西屯測站,臺中市,68.8,45.2,83.7,40.7,0.636,2.87,61.7,Sample Data,臺中市,西屯測站
2026-07-04 11:00:00,西屯測站,臺中市,56.6,42.3,64.9,34.4,0.503,3.32,139.4,Sample Data,臺中市,西屯測站
2026-07-04 12:00:00,西屯測站,臺中市,57.2,39.2,52.1,50.8,0.621,2.69,24.9,Sample Data,臺中市,西屯測站
2026-07-04 13:00:00,西屯測站,臺中市,56.1,35.4,55.6,42.7,0.474,3.94,88.1,Sample Data,臺中市,西屯測站
2026-07-04 14:00:00,西屯測站,臺中市,60.3,37.2,71.3,46.1,0.603,3.03,120.1,Sample Data,臺中市,西屯測站
2026-07-04 15:00:00,西屯測站,臺中市,64.9,45.0,70.6,52.7,0.494,2.23,33.3,Sample Data,臺中市,西屯測站
2026-07-04 16:00:00,西屯測站,臺中市,63.8,36.9,69.2,57.1,0.665,1.18,18.1,Sample Data,臺中市,西屯測站
2026-07-04 17:00:00,西屯測站,臺中市,79.8,46.2,89.8,57.5,0.563,1.6,80.8,Sample Data,臺中市,西屯測站
2026-07-04 18:00:00,西屯測站,臺中市,62.6,37.3,63.0,55.5,0.59,2.78,63.7,Sample Data,臺中市,西屯測站
2026-07-04 19:00:00,西屯測站,臺中市,71.4,42.5,78.4,56.2,0.609,2.6,127.9,Sample Data,臺中市,西屯測站
2026-07-04 20:00:00,西屯測站,臺中市,65.2,40.7,53.3,58.1,0.615,1.64,111.4,Sample Data,臺中市,西屯測站
2026-07-04 21:00:00,西屯測站,臺中市,63.2,42.7,73.1,57.4,0.566,2.65,64.8,Sample Data,臺中市,西屯測站
2026-07-04 22:00:00,西屯測站,臺中市,63.6,34.4,53.4,56.1,0.544,2.42,105.3,Sample Data,臺中市,西屯測站
2026-07-04 23:00:00,西屯測站,臺中市,59.2,35.1,49.2,46.6,0.484,2.99,127.0,Sample Data,臺中市,西屯測站
2026-07-05 00:00:00,西屯測站,臺中市,58.8,42.5,66.4,47.3,0.556,3.33,222.5,Sample Data,臺中市,西屯測站
2026-07-05 01:00:00,西屯測站,臺中市,54.4,39.6,59.5,44.6,0.523,0.2,195.4,Sample Data,臺中市,西屯測站
2026-07-05 02:00:00,西屯測站,臺中市,53.3,36.1,52.2,41.9,0.531,1.99,122.2,Sample Data,臺中市,西屯測站
2026-07-05 03:00:00,西屯測站,臺中市,56.9,40.4,77.5,42.6,0.519,1.81,84.5,Sample Data,臺中市,西屯測站
2026-07-05 04:00:00,西屯測站,臺中市,57.4,37.5,69.4,41.1,0.62,1.1,34.6,Sample Data,臺中市,西屯測站
2026-07-05 05:00:00,西屯測站,臺中市,65.0,44.3,91.1,45.0,0.546,3.44,113.2,Sample Data,臺中市,西屯測站
2026-07-05 06:00:00,西屯測站,臺中市,65.2,37.5,59.3,44.5,0.663,2.32,297.0,Sample Data,臺中市,西屯測站
2026-07-05 07:00:00,西屯測站,臺中市,74.5,43.5,58.9,33.8,0.588,3.17,155.8,Sample Data,臺中市,西屯測站
2026-07-05 08:00:00,西屯測站,臺中市,66.7,39.6,80.3,34.5,0.615,2.52,85.3,Sample Data,臺中市,西屯測站
2026-07-05 09:00:00,西屯測站,臺中市,76.1,41.4,82.4,41.5,0.663,1.36,179.7,Sample Data,臺中市,西屯測站
2026-07-05 10:00:00,西屯測站,臺中市,75.4,38.3,63.5,53.2,0.701,2.39,70.5,Sample Data,臺中市,西屯測站
2026-07-05 11:00:00,西屯測站,臺中市,56.4,39.8,71.0,39.6,0.555,2.71,116.8,Sample Data,臺中市,西屯測站
2026-07-05 12:00:00,西屯測站,臺中市,64.4,36.9,73.9,46.2,0.646,2.02,107.6,Sample Data,臺中市,西屯測站
2026-07-05 13:00:00,西屯測站,臺中市,51.3,30.3,54.7,38.5,0.481,3.58,195.2,Sample Data,臺中市,西屯測站
2026-07-05 14:00:00,西屯測站,臺中市,54.6,35.8,55.1,42.7,0.523,3.24,215.0,Sample Data,臺中市,西屯測站
2026-07-05 15:00:00,西屯測站,臺中市,59.5,39.7,72.6,48.2,0.5,3.22,238.4,Sample Data,臺中市,西屯測站
2026-07-05 16:00:00,西屯測站,臺中市,64.1,37.4,62.6,47.9,0.578,2.3,113.6,Sample Data,臺中市,西屯測站
2026-07-05 17:00:00,西屯測站,臺中市,70.9,38.9,72.8,49.6,0.515,2.9,118.3,Sample Data,臺中市,西屯測站
2026-07-05 18:00:00,西屯測站,臺中市,81.0,49.4,101.7,62.7,0.634,0.31,199.8,Sample Data,臺中市,西屯測站
2026-07-05 19:00:00,西屯測站,臺中市,69.7,42.0,63.1,54.7,0.647,2.02,145.2,Sample Data,臺中市,西屯測站
2026-07-05 20:00:00,西屯測站,臺中市,59.8,38.6,64.8,50.7,0.55,3.92,151.1,Sample Data,臺中市,西屯測站
2026-07-05 21:00:00,西屯測站,臺中市,62.7,40.8,83.3,57.5,0.605,0.2,156.7,Sample Data,臺中市,西屯測站
2026-07-05 22:00:00,西屯測站,臺中市,56.9,41.0,73.7,45.8,0.626,2.26,273.3,Sample Data,臺中市,西屯測站
2026-07-05 23:00:00,西屯測站,臺中市,63.8,40.8,83.3,52.9,0.656,2.47,174.4,Sample Data,臺中市,西屯測站
2026-07-06 00:00:00,西屯測站,臺中市,72.2,45.6,84.6,42.9,0.664,1.23,181.9,Sample Data,臺中市,西屯測站
2026-07-06 01:00:00,西屯測站,臺中市,68.9,36.3,79.9,46.0,0.647,3.93,230.4,Sample Data,臺中市,西屯測站
2026-07-06 02:00:00,西屯測站,臺中市,66.6,40.7,83.1,49.2,0.459,1.71,182.1,Sample Data,臺中市,西屯測站
2026-07-06 03:00:00,西屯測站,臺中市,65.3,28.6,52.0,39.7,0.541,2.36,207.9,Sample Data,臺中市,西屯測站
2026-07-06 04:00:00,西屯測站,臺中市,69.0,44.7,86.9,37.4,0.552,2.13,253.2,Sample Data,臺中市,西屯測站
2026-07-06 05:00:00,西屯測站,臺中市,69.5,42.5,90.3,41.1,0.576,2.79,237.4,Sample Data,臺中市,西屯測站
2026-07-06 06:00:00,西屯測站,臺中市,75.4,38.6,57.1,34.1,0.652,1.75,114.6,Sample Data,臺中市,西屯測站
2026-07-06 07:00:00,西屯測站,臺中市,79.8,47.0,87.1,42.0,0.69,2.2,140.2,Sample Data,臺中市,西屯測站
2026-07-06 08:00:00,西屯測站,臺中市,79.1,41.2,65.5,36.8,0.659,1.86,195.5,Sample Data,臺中市,西屯測站
2026-07-06 09:00:00,西屯測站,臺中市,79.5,47.3,82.5,43.0,0.607,2.22,265.4,Sample Data,臺中市,西屯測站
2026-07-06 10:00:00,西屯測站,臺中市,85.9,41.2,75.5,49.5,0.707,2.53,135.2,Sample Data,臺中市,西屯測站
2026-07-06 11:00:00,西屯測站,臺中市,72.5,34.8,41.9,49.0,0.703,2.33,129.8,Sample Data,臺中市,西屯測站
2026-07-06 12:00:00,西屯測站,臺中市,75.7,47.7,81.9,44.7,0.597,2.14,110.0,Sample Data,臺中市,西屯測站
2026-07-06 13:00:00,西屯測站,臺中市,85.1,44.8,71.0,45.1,0.757,1.28,238.2,Sample Data,臺中市,西屯測站
2026-07-06 14:00:00,西屯測站,臺中市,77.1,42.7,75.4,47.8,0.688,2.57,220.8,Sample Data,臺中市,西屯測站
2026-07-06 15:00:00,西屯測站,臺中市,74.3,48.1,69.1,52.7,0.621,2.98,260.5,Sample Data,臺中市,西屯測站
2026-07-06 16:00:00,西屯測站,臺中市,80.2,44.8,91.5,57.4,0.628,2.27,84.0,Sample Data,臺中市,西屯測站
2026-07-06 17:00:00,西屯測站,臺中市,82.6,47.1,83.8,61.1,0.729,3.1,255.6,Sample Data,臺中市,西屯測站
2026-07-06 18:00:00,西屯測站,臺中市,82.5,36.9,62.2,59.9,0.638,2.78,219.9,Sample Data,臺中市,西屯測站
2026-07-06 19:00:00,西屯測站,臺中市,83.0,43.8,62.7,62.0,0.639,1.61,285.7,Sample Data,臺中市,西屯測站
2026-07-06 20:00:00,西屯測站,臺中市,75.8,44.8,64.9,63.1,0.657,2.46,295.4,Sample Data,臺中市,西屯測站
2026-07-06 21:00:00,西屯測站,臺中市,85.7,45.2,83.3,57.9,0.609,2.21,318.8,Sample Data,臺中市,西屯測站
2026-07-06 22:00:00,西屯測站,臺中市,79.3,39.8,61.7,47.8,0.708,1.48,343.9,Sample Data,臺中市,西屯測站
2026-07-06 23:00:00,西屯測站,臺中市,81.2,42.8,87.7,58.8,0.678,4.14,255.5,Sample Data,臺中市,西屯測站
2026-07-07 00:00:00,西屯測站,臺中市,77.8,39.9,60.9,51.9,0.667,1.17,288.3,Sample Data,臺中市,西屯測站
2026-07-07 01:00:00,西屯測站,臺中市,70.8,42.8,80.0,43.9,0.695,2.87,263.4,Sample Data,臺中市,西屯測站
2026-07-07 02:00:00,西屯測站,臺中市,82.4,44.0,67.2,47.8,0.711,3.07,259.3,Sample Data,臺中市,西屯測站
2026-07-07 03:00:00,西屯測站,臺中市,81.4,42.9,80.5,43.8,0.604,3.52,285.2,Sample Data,臺中市,西屯測站
2026-07-07 04:00:00,西屯測站,臺中市,75.6,47.3,86.7,50.5,0.633,3.9,307.2,Sample Data,臺中市,西屯測站
2026-07-07 05:00:00,西屯測站,臺中市,84.6,48.3,88.0,42.9,0.633,2.03,266.8,Sample Data,臺中市,西屯測站
2026-07-07 06:00:00,西屯測站,臺中市,90.0,47.4,72.8,38.9,0.691,3.05,264.0,Sample Data,臺中市,西屯測站
2026-07-07 07:00:00,西屯測站,臺中市,78.1,42.0,60.9,48.5,0.634,2.28,267.9,Sample Data,臺中市,西屯測站
2026-07-07 08:00:00,西屯測站,臺中市,85.9,42.1,69.4,48.5,0.736,1.2,330.4,Sample Data,臺中市,西屯測站
2026-07-07 09:00:00,西屯測站,臺中市,87.7,43.2,68.3,44.3,0.722,1.43,28.6,Sample Data,臺中市,西屯測站
2026-07-07 10:00:00,西屯測站,臺中市,71.7,43.0,77.3,38.7,0.68,2.17,216.8,Sample Data,臺中市,西屯測站
2026-07-07 11:00:00,西屯測站,臺中市,72.4,41.7,90.5,47.8,0.716,3.44,265.6,Sample Data,臺中市,西屯測站
2026-07-07 12:00:00,西屯測站,臺中市,71.7,33.2,70.1,42.3,0.611,1.86,308.6,Sample Data,臺中市,西屯測站
2026-07-07 13:00:00,西屯測站,臺中市,82.1,39.1,81.4,53.4,0.658,3.3,215.9,Sample Data,臺中市,西屯測站
2026-07-07 14:00:00,西屯測站,臺中市,81.1,43.2,76.2,51.6,0.703,2.07,3.0,Sample Data,臺中市,西屯測站
2026-07-07 15:00:00,西屯測站,臺中市,84.3,41.4,58.2,55.8,0.714,1.49,340.3,Sample Data,臺中市,西屯測站
2026-07-07 16:00:00,西屯測站,臺中市,78.3,41.0,70.9,52.4,0.705,2.23,220.0,Sample Data,臺中市,西屯測站
2026-07-07 17:00:00,西屯測站,臺中市,87.4,43.8,77.3,63.3,0.653,1.16,338.2,Sample Data,臺中市,西屯測站
2026-07-07 18:00:00,西屯測站,臺中市,88.1,42.8,74.4,66.1,0.759,2.25,281.6,Sample Data,臺中市,西屯測站
2026-07-07 19:00:00,西屯測站,臺中市,82.5,45.1,67.9,53.9,0.685,2.16,273.1,Sample Data,臺中市,西屯測站
2026-07-07 20:00:00,西屯測站,臺中市,84.2,41.1,70.0,63.4,0.641,2.24,269.2,Sample Data,臺中市,西屯測站
2026-07-07 21:00:00,西屯測站,臺中市,76.1,42.7,73.5,57.9,0.589,2.46,345.3,Sample Data,臺中市,西屯測站
2026-07-07 22:00:00,西屯測站,臺中市,78.3,40.6,58.2,54.2,0.639,1.27,302.0,Sample Data,臺中市,西屯測站
2026-07-07 23:00:00,西屯測站,臺中市,74.7,36.4,74.7,46.2,0.738,2.35,327.9,Sample Data,臺中市,西屯測站
2026-07-08 00:00:00,西屯測站,臺中市,73.9,43.5,58.6,56.0,0.694,2.17,317.5,Sample Data,臺中市,西屯測站
2026-07-08 01:00:00,西屯測站,臺中市,56.9,33.9,61.5,47.2,0.547,3.79,22.3,Sample Data,臺中市,西屯測站
2026-07-08 02:00:00,西屯測站,臺中市,70.3,47.4,71.4,43.6,0.577,2.01,13.9,Sample Data,臺中市,西屯測站
2026-07-08 03:00:00,西屯測站,臺中市,72.0,41.2,56.7,37.4,0.603,1.65,320.3,Sample Data,臺中市,西屯測站
2026-07-08 04:00:00,西屯測站,臺中市,79.6,42.9,61.4,50.4,0.736,2.56,250.1,Sample Data,臺中市,西屯測站
2026-07-08 05:00:00,西屯測站,臺中市,75.7,43.3,75.5,39.7,0.609,1.39,54.1,Sample Data,臺中市,西屯測站
2026-07-08 06:00:00,西屯測站,臺中市,81.8,43.3,86.5,51.1,0.713,2.69,344.1,Sample Data,臺中市,西屯測站
2026-07-08 07:00:00,西屯測站,臺中市,78.8,47.1,79.0,37.4,0.678,2.74,229.7,Sample Data,臺中市,西屯測站
2026-07-08 08:00:00,西屯測站,臺中市,77.8,43.8,80.2,39.7,0.675,2.54,75.0,Sample Data,臺中市,西屯測站
2026-07-08 09:00:00,西屯測站,臺中市,80.8,42.3,65.1,45.2,0.702,2.31,21.1,Sample Data,臺中市,西屯測站
2026-07-08 10:00:00,西屯測站,臺中市,82.5,44.0,79.0,44.0,0.649,2.65,298.2,Sample Data,臺中市,西屯測站
2026-07-08 11:00:00,西屯測站,臺中市,70.8,35.4,63.2,46.8,0.658,2.84,35.5,Sample Data,臺中市,西屯測站
2026-07-08 12:00:00,西屯測站,臺中市,73.4,43.6,79.0,46.3,0.613,1.13,292.1,Sample Data,臺中市,西屯測站
2026-07-08 13:00:00,西屯測站,臺中市,70.9,43.6,83.5,44.0,0.64,3.16,61.6,Sample Data,臺中市,西屯測站
2026-07-08 14:00:00,西屯測站,臺中市,73.6,44.9,90.4,55.9,0.588,2.44,280.9,Sample Data,臺中市,西屯測站
2026-07-08 15:00:00,西屯測站,臺中市,79.5,43.8,83.0,47.0,0.791,2.23,314.0,Sample Data,臺中市,西屯測站
2026-07-08 16:00:00,西屯測站,臺中市,80.1,49.3,78.5,57.3,0.606,1.65,110.0,Sample Data,臺中市,西屯測站
2026-07-08 17:00:00,西屯測站,臺中市,75.9,39.7,62.9,48.9,0.654,3.91,126.7,Sample Data,臺中市,西屯測站
2026-07-08 18:00:00,西屯測站,臺中市,80.2,47.2,71.2,62.4,0.751,1.25,49.7,Sample Data,臺中市,西屯測站
2026-07-08 19:00:00,西屯測站,臺中市,77.8,43.0,75.1,59.7,0.706,2.5,11.2,Sample Data,臺中市,西屯測站
2026-07-08 20:00:00,西屯測站,臺中市,69.0,39.1,68.1,59.7,0.63,3.08,348.9,Sample Data,臺中市,西屯測站
2026-07-08 21:00:00,西屯測站,臺中市,66.0,43.2,65.2,57.1,0.627,1.44,103.2,Sample Data,臺中市,西屯測站
2026-07-08 22:00:00,西屯測站,臺中市,65.8,44.9,74.8,52.1,0.495,2.78,284.2,Sample Data,臺中市,西屯測站
2026-07-08 23:00:00,西屯測站,臺中市,65.1,42.9,71.3,54.0,0.577,2.05,103.1,Sample Data,臺中市,西屯測站
2026-07-09 00:00:00,西屯測站,臺中市,59.8,37.0,68.4,54.4,0.554,3.01,84.0,Sample Data,臺中市,西屯測站
2026-07-09 01:00:00,西屯測站,臺中市,64.7,38.1,73.9,42.2,0.528,3.38,358.6,Sample Data,臺中市,西屯測站
2026-07-09 02:00:00,西屯測站,臺中市,67.0,39.5,71.3,44.1,0.581,2.12,14.3,Sample Data,臺中市,西屯測站
2026-07-09 03:00:00,西屯測站,臺中市,61.8,37.3,59.3,39.6,0.623,1.26,120.7,Sample Data,臺中市,西屯測站
2026-07-09 04:00:00,西屯測站,臺中市,72.1,48.0,94.2,46.8,0.592,1.96,44.5,Sample Data,臺中市,西屯測站
2026-07-09 05:00:00,西屯測站,臺中市,74.2,39.2,62.2,43.6,0.598,2.68,126.3,Sample Data,臺中市,西屯測站
2026-07-09 06:00:00,西屯測站,臺中市,76.7,43.5,70.1,40.5,0.692,3.55,99.9,Sample Data,臺中市,西屯測站
2026-07-09 07:00:00,西屯測站,臺中市,69.4,36.9,61.9,40.1,0.721,2.58,39.0,Sample Data,臺中市,西屯測站
2026-07-09 08:00:00,西屯測站,臺中市,70.3,44.4,76.7,39.0,0.565,1.96,60.3,Sample Data,臺中市,西屯測站
2026-07-09 09:00:00,西屯測站,臺中市,69.5,39.2,56.4,35.6,0.587,1.65,95.3,Sample Data,臺中市,西屯測站
2026-07-09 10:00:00,西屯測站,臺中市,71.0,44.6,87.9,43.2,0.655,2.58,68.8,Sample Data,臺中市,西屯測站
2026-07-09 11:00:00,西屯測站,臺中市,66.3,36.9,54.7,47.9,0.642,1.88,137.6,Sample Data,臺中市,西屯測站
2026-07-09 12:00:00,西屯測站,臺中市,51.8,42.2,79.8,42.3,0.583,2.28,314.0,Sample Data,臺中市,西屯測站
2026-07-09 13:00:00,西屯測站,臺中市,62.6,38.4,66.0,41.3,0.611,2.19,182.9,Sample Data,臺中市,西屯測站
2026-07-09 14:00:00,西屯測站,臺中市,63.8,40.6,58.4,47.5,0.621,2.77,61.9,Sample Data,臺中市,西屯測站
2026-07-09 15:00:00,西屯測站,臺中市,59.7,40.3,79.4,48.3,0.48,2.78,80.5,Sample Data,臺中市,西屯測站
2026-07-09 16:00:00,西屯測站,臺中市,76.6,42.5,75.1,53.1,0.612,2.11,33.4,Sample Data,臺中市,西屯測站
2026-07-09 17:00:00,西屯測站,臺中市,71.0,46.9,91.3,61.8,0.577,4.0,61.7,Sample Data,臺中市,西屯測站
2026-07-09 18:00:00,西屯測站,臺中市,83.2,50.0,87.8,58.4,0.648,2.46,34.6,Sample Data,臺中市,西屯測站
2026-07-09 19:00:00,西屯測站,臺中市,74.7,39.1,62.4,59.2,0.618,2.58,15.6,Sample Data,臺中市,西屯測站
2026-07-09 20:00:00,西屯測站,臺中市,65.4,38.4,77.7,57.2,0.59,1.78,177.8,Sample Data,臺中市,西屯測站
2026-07-09 21:00:00,西屯測站,臺中市,63.5,40.5,80.7,51.2,0.635,3.32,153.5,Sample Data,臺中市,西屯測站
2026-07-09 22:00:00,西屯測站,臺中市,65.8,38.5,62.2,56.3,0.61,2.28,112.2,Sample Data,臺中市,西屯測站
2026-07-09 23:00:00,西屯測站,臺中市,61.5,40.0,71.9,54.1,0.598,2.78,206.2,Sample Data,臺中市,西屯測站
2026-07-10 00:00:00,西屯測站,臺中市,58.6,37.5,61.6,50.4,0.509,3.42,68.5,Sample Data,臺中市,西屯測站
2026-07-10 01:00:00,西屯測站,臺中市,61.9,39.2,55.7,46.6,0.613,2.77,144.3,Sample Data,臺中市,西屯測站
2026-07-10 02:00:00,西屯測站,臺中市,67.6,38.5,68.3,43.6,0.669,1.86,131.6,Sample Data,臺中市,西屯測站
2026-07-10 03:00:00,西屯測站,臺中市,60.5,46.1,82.0,42.7,0.568,2.15,123.6,Sample Data,臺中市,西屯測站
2026-07-10 04:00:00,西屯測站,臺中市,64.7,35.0,65.2,41.1,0.584,2.08,168.1,Sample Data,臺中市,西屯測站
2026-07-10 05:00:00,西屯測站,臺中市,69.7,44.9,74.5,42.1,0.513,3.74,138.1,Sample Data,臺中市,西屯測站
2026-07-10 06:00:00,西屯測站,臺中市,81.6,41.0,69.0,43.2,0.685,2.24,91.5,Sample Data,臺中市,西屯測站
2026-07-10 07:00:00,西屯測站,臺中市,67.3,41.0,66.8,36.3,0.622,3.69,182.9,Sample Data,臺中市,西屯測站
2026-07-10 08:00:00,西屯測站,臺中市,83.9,46.1,78.2,37.0,0.659,1.85,181.1,Sample Data,臺中市,西屯測站
2026-07-10 09:00:00,西屯測站,臺中市,70.3,43.2,81.4,43.0,0.692,2.23,164.2,Sample Data,臺中市,西屯測站
2026-07-10 10:00:00,西屯測站,臺中市,67.8,37.4,55.2,43.2,0.63,3.12,46.8,Sample Data,臺中市,西屯測站
2026-07-10 11:00:00,西屯測站,臺中市,72.8,41.3,77.8,47.8,0.663,2.14,78.3,Sample Data,臺中市,西屯測站
2026-07-10 12:00:00,西屯測站,臺中市,61.4,41.0,81.0,53.8,0.596,2.9,85.6,Sample Data,臺中市,西屯測站
2026-07-10 13:00:00,西屯測站,臺中市,60.6,40.9,64.3,45.7,0.747,2.06,168.4,Sample Data,臺中市,西屯測站
2026-07-10 14:00:00,西屯測站,臺中市,63.9,42.7,74.6,47.4,0.658,3.29,77.7,Sample Data,臺中市,西屯測站
2026-07-10 15:00:00,西屯測站,臺中市,68.3,46.2,68.2,56.1,0.544,1.7,140.7,Sample Data,臺中市,西屯測站
2026-07-10 16:00:00,西屯測站,臺中市,79.7,46.5,78.6,61.2,0.657,2.61,211.7,Sample Data,臺中市,西屯測站
2026-07-10 17:00:00,西屯測站,臺中市,85.0,44.5,89.5,64.9,0.662,1.36,231.5,Sample Data,臺中市,西屯測站
2026-07-10 18:00:00,西屯測站,臺中市,69.6,35.9,62.7,51.9,0.623,2.46,135.6,Sample Data,臺中市,西屯測站
2026-07-10 19:00:00,西屯測站,臺中市,86.8,46.1,69.4,54.8,0.716,3.34,109.5,Sample Data,臺中市,西屯測站
2026-07-10 20:00:00,西屯測站,臺中市,75.1,38.3,68.6,55.5,0.572,1.27,64.3,Sample Data,臺中市,西屯測站
2026-07-10 21:00:00,西屯測站,臺中市,74.3,43.6,60.3,60.4,0.669,2.21,162.4,Sample Data,臺中市,西屯測站
2026-07-10 22:00:00,西屯測站,臺中市,67.0,40.7,65.9,52.1,0.626,1.54,214.2,Sample Data,臺中市,西屯測站
2026-07-10 23:00:00,西屯測站,臺中市,65.3,41.8,66.6,62.5,0.616,1.8,133.2,Sample Data,臺中市,西屯測站
2026-07-11 00:00:00,西屯測站,臺中市,74.0,43.2,74.9,52.6,0.632,2.46,277.5,Sample Data,臺中市,西屯測站
2026-07-11 01:00:00,西屯測站,臺中市,56.9,39.6,61.1,48.5,0.478,0.79,195.3,Sample Data,臺中市,西屯測站
2026-07-11 02:00:00,西屯測站,臺中市,62.2,34.9,61.1,45.1,0.577,3.91,242.2,Sample Data,臺中市,西屯測站
2026-07-11 03:00:00,西屯測站,臺中市,72.2,37.8,71.5,45.2,0.686,1.1,227.7,Sample Data,臺中市,西屯測站
2026-07-11 04:00:00,西屯測站,臺中市,69.3,43.4,77.8,37.9,0.595,1.55,150.3,Sample Data,臺中市,西屯測站
2026-07-11 05:00:00,西屯測站,臺中市,65.4,38.2,68.0,46.4,0.566,2.56,98.3,Sample Data,臺中市,西屯測站
2026-07-11 06:00:00,西屯測站,臺中市,77.2,43.0,73.2,44.1,0.5,1.59,191.5,Sample Data,臺中市,西屯測站
2026-07-11 07:00:00,西屯測站,臺中市,73.9,49.3,96.5,46.7,0.666,1.74,130.4,Sample Data,臺中市,西屯測站
2026-07-11 08:00:00,西屯測站,臺中市,80.4,48.2,99.3,51.8,0.705,1.36,206.8,Sample Data,臺中市,西屯測站
2026-07-11 09:00:00,西屯測站,臺中市,82.0,42.9,85.5,44.0,0.705,2.22,218.7,Sample Data,臺中市,西屯測站
2026-07-11 10:00:00,西屯測站,臺中市,63.5,37.9,65.7,36.3,0.633,3.07,240.8,Sample Data,臺中市,西屯測站
2026-07-11 11:00:00,西屯測站,臺中市,62.0,38.6,75.2,43.6,0.625,2.7,282.2,Sample Data,臺中市,西屯測站
2026-07-11 12:00:00,西屯測站,臺中市,68.1,39.6,81.5,42.6,0.623,2.09,105.5,Sample Data,臺中市,西屯測站
2026-07-11 13:00:00,西屯測站,臺中市,69.0,36.7,60.3,44.4,0.587,3.12,189.7,Sample Data,臺中市,西屯測站
2026-07-11 14:00:00,西屯測站,臺中市,62.6,40.1,78.4,43.9,0.588,4.09,208.8,Sample Data,臺中市,西屯測站
2026-07-11 15:00:00,西屯測站,臺中市,71.1,40.1,58.6,50.9,0.649,2.55,152.5,Sample Data,臺中市,西屯測站
2026-07-11 16:00:00,西屯測站,臺中市,78.1,40.1,74.6,62.2,0.602,2.26,236.6,Sample Data,臺中市,西屯測站
2026-07-11 17:00:00,西屯測站,臺中市,79.1,46.5,91.3,62.9,0.746,2.5,239.7,Sample Data,臺中市,西屯測站
2026-07-11 18:00:00,西屯測站,臺中市,74.7,37.5,58.2,56.9,0.665,1.19,224.0,Sample Data,臺中市,西屯測站
2026-07-11 19:00:00,西屯測站,臺中市,86.1,47.7,79.1,59.1,0.603,2.37,102.3,Sample Data,臺中市,西屯測站
2026-07-11 20:00:00,西屯測站,臺中市,72.2,41.3,89.2,64.0,0.675,1.59,345.7,Sample Data,臺中市,西屯測站
2026-07-11 21:00:00,西屯測站,臺中市,74.3,39.0,66.0,54.0,0.641,2.43,182.5,Sample Data,臺中市,西屯測站
2026-07-11 22:00:00,西屯測站,臺中市,68.0,37.2,66.5,54.5,0.534,1.5,181.0,Sample Data,臺中市,西屯測站
2026-07-11 23:00:00,西屯測站,臺中市,67.0,40.6,59.2,50.6,0.561,2.68,234.3,Sample Data,臺中市,西屯測站
2026-07-12 00:00:00,西屯測站,臺中市,67.5,38.0,57.3,47.6,0.607,2.12,210.0,Sample Data,臺中市,西屯測站
2026-07-12 01:00:00,西屯測站,臺中市,58.9,36.1,73.8,53.8,0.558,1.43,295.6,Sample Data,臺中市,西屯測站
2026-07-12 02:00:00,西屯測站,臺中市,63.2,37.5,71.1,42.0,0.515,1.87,314.1,Sample Data,臺中市,西屯測站
2026-07-12 03:00:00,西屯測站,臺中市,68.2,40.7,65.6,39.8,0.661,2.4,230.1,Sample Data,臺中市,西屯測站
2026-07-12 04:00:00,西屯測站,臺中市,60.7,45.1,91.8,46.1,0.58,3.34,237.7,Sample Data,臺中市,西屯測站
2026-07-12 05:00:00,西屯測站,臺中市,74.7,40.0,70.5,35.8,0.652,1.99,157.7,Sample Data,臺中市,西屯測站
2026-07-12 06:00:00,西屯測站,臺中市,72.2,40.3,74.8,45.2,0.65,1.85,266.8,Sample Data,臺中市,西屯測站
2026-07-12 07:00:00,西屯測站,臺中市,76.7,43.9,76.6,40.2,0.668,1.47,290.4,Sample Data,臺中市,西屯測站
2026-07-12 08:00:00,西屯測站,臺中市,72.3,44.7,90.6,34.9,0.681,2.89,266.0,Sample Data,臺中市,西屯測站
2026-07-12 09:00:00,西屯測站,臺中市,76.5,39.1,60.9,36.3,0.724,1.13,287.2,Sample Data,臺中市,西屯測站
2026-07-12 10:00:00,西屯測站,臺中市,76.6,43.5,83.8,41.0,0.649,1.97,353.6,Sample Data,臺中市,西屯測站
2026-07-12 11:00:00,西屯測站,臺中市,81.4,39.9,68.2,50.1,0.765,2.63,1.8,Sample Data,臺中市,西屯測站
2026-07-12 12:00:00,西屯測站,臺中市,77.3,46.9,68.2,47.0,0.765,2.1,285.9,Sample Data,臺中市,西屯測站
2026-07-12 13:00:00,西屯測站,臺中市,76.5,40.1,64.6,45.7,0.59,0.99,317.7,Sample Data,臺中市,西屯測站
2026-07-12 14:00:00,西屯測站,臺中市,69.1,38.1,66.7,48.9,0.573,1.6,280.9,Sample Data,臺中市,西屯測站
2026-07-12 15:00:00,西屯測站,臺中市,73.6,40.7,72.1,57.1,0.632,2.27,279.1,Sample Data,臺中市,西屯測站
2026-07-12 16:00:00,西屯測站,臺中市,69.4,37.9,69.3,55.6,0.614,2.48,318.7,Sample Data,臺中市,西屯測站
2026-07-12 17:00:00,西屯測站,臺中市,72.5,40.4,72.4,60.0,0.634,3.19,11.2,Sample Data,臺中市,西屯測站
2026-07-12 18:00:00,西屯測站,臺中市,70.1,40.2,80.1,55.3,0.609,1.94,3.7,Sample Data,臺中市,西屯測站
2026-07-12 19:00:00,西屯測站,臺中市,68.6,39.2,73.3,57.4,0.623,2.07,10.8,Sample Data,臺中市,西屯測站
2026-07-12 20:00:00,西屯測站,臺中市,79.8,43.0,72.7,61.2,0.6,3.39,14.7,Sample Data,臺中市,西屯測站
2026-07-12 21:00:00,西屯測站,臺中市,64.1,37.0,58.3,56.0,0.567,3.41,315.5,Sample Data,臺中市,西屯測站
2026-07-12 22:00:00,西屯測站,臺中市,80.0,45.0,76.0,60.8,0.68,2.59,252.6,Sample Data,臺中市,西屯測站
2026-07-12 23:00:00,西屯測站,臺中市,57.6,37.7,64.0,55.7,0.62,2.45,26.1,Sample Data,臺中市,西屯測站
2026-07-13 00:00:00,西屯測站,臺中市,80.3,43.0,66.4,42.8,0.677,2.63,331.9,Sample Data,臺中市,西屯測站
2026-07-13 01:00:00,西屯測站,臺中市,74.2,41.7,75.4,47.1,0.602,3.16,20.8,Sample Data,臺中市,西屯測站
2026-07-13 02:00:00,西屯測站,臺中市,73.6,44.0,76.8,51.2,0.597,1.52,334.3,Sample Data,臺中市,西屯測站
2026-07-13 03:00:00,西屯測站,臺中市,72.6,43.4,63.2,47.3,0.572,1.8,212.9,Sample Data,臺中市,西屯測站
2026-07-13 04:00:00,西屯測站,臺中市,77.7,43.7,74.4,34.8,0.601,1.85,294.8,Sample Data,臺中市,西屯測站
2026-07-13 05:00:00,西屯測站,臺中市,72.8,42.2,57.4,40.4,0.662,1.58,328.4,Sample Data,臺中市,西屯測站
2026-07-13 06:00:00,西屯測站,臺中市,79.7,43.2,67.0,40.0,0.601,2.31,347.5,Sample Data,臺中市,西屯測站
2026-07-13 07:00:00,西屯測站,臺中市,76.0,44.0,66.6,37.1,0.604,1.01,95.2,Sample Data,臺中市,西屯測站
2026-07-13 08:00:00,西屯測站,臺中市,80.2,40.7,59.5,38.6,0.734,1.26,263.4,Sample Data,臺中市,西屯測站
2026-07-13 09:00:00,西屯測站,臺中市,83.1,43.6,69.4,43.5,0.673,1.11,259.3,Sample Data,臺中市,西屯測站
2026-07-13 10:00:00,西屯測站,臺中市,72.7,38.2,51.2,40.0,0.617,2.2,15.9,Sample Data,臺中市,西屯測站
2026-07-13 11:00:00,西屯測站,臺中市,70.8,39.0,73.9,48.9,0.601,2.25,349.4,Sample Data,臺中市,西屯測站
2026-07-13 12:00:00,西屯測站,臺中市,71.5,39.9,75.7,49.7,0.673,1.31,295.1,Sample Data,臺中市,西屯測站
2026-07-13 13:00:00,西屯測站,臺中市,70.8,43.3,62.5,53.3,0.651,3.0,338.7,Sample Data,臺中市,西屯測站
2026-07-13 14:00:00,西屯測站,臺中市,67.7,43.1,71.1,46.8,0.557,1.94,54.1,Sample Data,臺中市,西屯測站
2026-07-13 15:00:00,西屯測站,臺中市,64.4,41.3,64.6,50.0,0.576,2.14,344.6,Sample Data,臺中市,西屯測站
2026-07-13 16:00:00,西屯測站,臺中市,71.5,45.1,83.6,51.7,0.6,1.8,54.1,Sample Data,臺中市,西屯測站
2026-07-13 17:00:00,西屯測站,臺中市,72.8,34.7,63.7,53.7,0.672,0.32,101.7,Sample Data,臺中市,西屯測站
2026-07-13 18:00:00,西屯測站,臺中市,82.6,41.9,83.9,61.5,0.642,0.97,134.3,Sample Data,臺中市,西屯測站
2026-07-13 19:00:00,西屯測站,臺中市,80.8,43.9,78.5,62.2,0.56,1.88,356.0,Sample Data,臺中市,西屯測站
2026-07-13 20:00:00,西屯測站,臺中市,72.4,43.7,81.9,54.1,0.632,2.82,113.7,Sample Data,臺中市,西屯測站
2026-07-13 21:00:00,西屯測站,臺中市,68.7,43.0,70.1,54.9,0.587,1.54,324.8,Sample Data,臺中市,西屯測站
2026-07-13 22:00:00,西屯測站,臺中市,69.6,40.5,62.5,53.0,0.566,2.09,75.1,Sample Data,臺中市,西屯測站
2026-07-13 23:00:00,西屯測站,臺中市,61.4,39.4,70.8,48.7,0.494,2.46,317.9,Sample Data,臺中市,西屯測站
2026-07-14 00:00:00,西屯測站,臺中市,71.0,40.8,84.3,46.0,0.581,0.97,108.0,Sample Data,臺中市,西屯測站
2026-07-14 01:00:00,西屯測站,臺中市,74.8,36.9,66.2,46.6,0.635,2.12,61.4,Sample Data,臺中市,西屯測站
2026-07-14 02:00:00,西屯測站,臺中市,60.4,39.1,59.6,35.8,0.547,1.99,93.9,Sample Data,臺中市,西屯測站
2026-07-14 03:00:00,西屯測站,臺中市,64.9,39.9,63.2,33.7,0.573,2.53,32.1,Sample Data,臺中市,西屯測站
2026-07-14 04:00:00,西屯測站,臺中市,61.3,38.0,61.7,41.9,0.544,2.35,63.2,Sample Data,臺中市,西屯測站
2026-07-14 05:00:00,西屯測站,臺中市,69.5,45.6,74.1,34.9,0.579,0.78,59.3,Sample Data,臺中市,西屯測站
2026-07-14 06:00:00,西屯測站,臺中市,73.9,34.1,59.6,42.0,0.572,2.76,54.5,Sample Data,臺中市,西屯測站
2026-07-14 07:00:00,西屯測站,臺中市,77.3,42.2,88.3,39.5,0.662,3.04,49.7,Sample Data,臺中市,西屯測站
2026-07-14 08:00:00,西屯測站,臺中市,70.4,42.9,80.5,41.8,0.498,1.82,27.8,Sample Data,臺中市,西屯測站
2026-07-14 09:00:00,西屯測站,臺中市,74.3,46.9,82.0,39.3,0.595,2.8,113.8,Sample Data,臺中市,西屯測站
2026-07-14 10:00:00,西屯測站,臺中市,73.3,39.3,73.3,38.8,0.624,1.65,123.9,Sample Data,臺中市,西屯測站
2026-07-14 11:00:00,西屯測站,臺中市,63.6,38.6,77.7,38.7,0.64,3.1,44.5,Sample Data,臺中市,西屯測站
2026-07-14 12:00:00,西屯測站,臺中市,64.7,38.1,65.9,42.2,0.591,1.23,67.8,Sample Data,臺中市,西屯測站
2026-07-14 13:00:00,西屯測站,臺中市,67.5,40.6,72.5,45.0,0.545,2.02,183.1,Sample Data,臺中市,西屯測站
2026-07-14 14:00:00,西屯測站,臺中市,66.4,38.2,69.3,45.6,0.634,2.02,25.3,Sample Data,臺中市,西屯測站
2026-07-14 15:00:00,西屯測站,臺中市,62.7,41.0,76.8,48.9,0.689,3.22,161.8,Sample Data,臺中市,西屯測站
2026-07-14 16:00:00,西屯測站,臺中市,60.9,38.2,77.3,55.8,0.586,1.78,47.6,Sample Data,臺中市,西屯測站
2026-07-14 17:00:00,西屯測站,臺中市,75.3,44.2,83.7,56.8,0.652,2.7,121.7,Sample Data,臺中市,西屯測站
2026-07-14 18:00:00,西屯測站,臺中市,73.3,41.4,68.6,53.8,0.656,1.72,134.8,Sample Data,臺中市,西屯測站
2026-07-14 19:00:00,西屯測站,臺中市,71.9,43.7,87.0,55.1,0.643,2.76,7.7,Sample Data,臺中市,西屯測站
2026-07-14 20:00:00,西屯測站,臺中市,78.1,49.6,91.7,60.6,0.636,2.08,149.0,Sample Data,臺中市,西屯測站
2026-07-14 21:00:00,西屯測站,臺中市,62.1,35.7,57.6,49.8,0.564,2.3,43.3,Sample Data,臺中市,西屯測站
2026-07-14 22:00:00,西屯測站,臺中市,52.8,33.6,58.5,51.5,0.562,2.06,55.8,Sample Data,臺中市,西屯測站
2026-07-14 23:00:00,西屯測站,臺中市,65.9,39.2,79.6,56.1,0.57,3.07,216.9,Sample Data,臺中市,西屯測站
2026-07-15 00:00:00,西屯測站,臺中市,63.8,40.8,67.4,51.8,0.64,2.0,140.2,Sample Data,臺中市,西屯測站
2026-07-15 01:00:00,西屯測站,臺中市,65.0,40.8,64.9,45.7,0.631,3.11,80.5,Sample Data,臺中市,西屯測站
2026-07-15 02:00:00,西屯測站,臺中市,63.7,34.0,64.8,45.7,0.59,2.2,92.9,Sample Data,臺中市,西屯測站
2026-07-15 03:00:00,西屯測站,臺中市,65.2,37.3,58.8,44.2,0.603,2.03,119.0,Sample Data,臺中市,西屯測站
2026-07-15 04:00:00,西屯測站,臺中市,63.8,42.7,80.0,36.8,0.625,3.08,179.6,Sample Data,臺中市,西屯測站
2026-07-15 05:00:00,西屯測站,臺中市,74.4,42.7,76.0,36.3,0.604,1.16,181.4,Sample Data,臺中市,西屯測站
2026-07-15 06:00:00,西屯測站,臺中市,63.1,33.8,44.1,38.2,0.526,1.18,123.7,Sample Data,臺中市,西屯測站
2026-07-15 07:00:00,西屯測站,臺中市,74.8,36.4,53.2,38.3,0.62,3.03,247.1,Sample Data,臺中市,西屯測站
2026-07-15 08:00:00,西屯測站,臺中市,75.2,38.1,72.3,39.9,0.668,3.75,37.8,Sample Data,臺中市,西屯測站
2026-07-15 09:00:00,西屯測站,臺中市,72.6,46.1,88.3,42.9,0.688,3.57,153.3,Sample Data,臺中市,西屯測站
2026-07-15 10:00:00,西屯測站,臺中市,62.8,37.0,50.3,41.3,0.453,1.42,186.8,Sample Data,臺中市,西屯測站
2026-07-15 11:00:00,西屯測站,臺中市,68.5,39.3,68.9,45.4,0.592,1.22,142.7,Sample Data,臺中市,西屯測站
2026-07-15 12:00:00,西屯測站,臺中市,69.7,40.1,64.0,42.3,0.615,2.79,200.9,Sample Data,臺中市,西屯測站
2026-07-15 13:00:00,西屯測站,臺中市,70.7,38.9,61.9,44.8,0.594,2.73,222.7,Sample Data,臺中市,西屯測站
2026-07-15 14:00:00,西屯測站,臺中市,58.9,43.0,80.5,46.1,0.58,1.97,140.2,Sample Data,臺中市,西屯測站
2026-07-15 15:00:00,西屯測站,臺中市,62.8,33.8,55.9,51.0,0.577,1.78,136.1,Sample Data,臺中市,西屯測站
2026-07-15 16:00:00,西屯測站,臺中市,73.6,41.1,74.1,55.5,0.65,2.71,146.6,Sample Data,臺中市,西屯測站
2026-07-15 17:00:00,西屯測站,臺中市,75.1,46.5,71.6,58.8,0.606,1.44,207.7,Sample Data,臺中市,西屯測站
2026-07-15 18:00:00,西屯測站,臺中市,76.6,38.6,70.7,57.5,0.55,2.37,126.7,Sample Data,臺中市,西屯測站
2026-07-15 19:00:00,西屯測站,臺中市,80.7,43.3,62.4,52.8,0.676,1.95,64.9,Sample Data,臺中市,西屯測站
2026-07-15 20:00:00,西屯測站,臺中市,69.1,38.4,78.4,54.6,0.632,0.85,136.9,Sample Data,臺中市,西屯測站
2026-07-15 21:00:00,西屯測站,臺中市,73.9,42.2,64.6,57.6,0.632,2.82,188.5,Sample Data,臺中市,西屯測站
2026-07-15 22:00:00,西屯測站,臺中市,72.8,46.6,83.1,51.9,0.547,2.13,161.6,Sample Data,臺中市,西屯測站
2026-07-15 23:00:00,西屯測站,臺中市,76.8,39.0,66.8,54.1,0.637,2.43,236.4,Sample Data,臺中市,西屯測站
2026-07-16 00:00:00,西屯測站,臺中市,76.9,42.5,69.8,47.2,0.736,3.12,261.9,Sample Data,臺中市,西屯測站
2026-07-16 01:00:00,西屯測站,臺中市,72.9,35.2,53.6,45.5,0.612,2.66,173.7,Sample Data,臺中市,西屯測站
2026-07-16 02:00:00,西屯測站,臺中市,63.8,42.0,75.0,46.5,0.588,3.28,194.3,Sample Data,臺中市,西屯測站
2026-07-16 03:00:00,西屯測站,臺中市,77.0,36.9,60.7,41.3,0.704,2.8,78.6,Sample Data,臺中市,西屯測站
2026-07-16 04:00:00,西屯測站,臺中市,74.9,43.8,73.1,36.0,0.62,2.08,235.8,Sample Data,臺中市,西屯測站
2026-07-16 05:00:00,西屯測站,臺中市,74.9,38.8,71.8,37.2,0.557,2.64,219.6,Sample Data,臺中市,西屯測站
2026-07-16 06:00:00,西屯測站,臺中市,80.2,41.1,66.0,37.4,0.663,2.31,108.4,Sample Data,臺中市,西屯測站
2026-07-16 07:00:00,西屯測站,臺中市,76.3,41.2,59.3,40.6,0.656,2.01,215.7,Sample Data,臺中市,西屯測站
2026-07-16 08:00:00,西屯測站,臺中市,76.9,40.5,66.7,43.9,0.701,0.9,151.8,Sample Data,臺中市,西屯測站
2026-07-16 09:00:00,西屯測站,臺中市,80.6,50.6,81.1,43.9,0.682,2.11,141.0,Sample Data,臺中市,西屯測站
2026-07-16 10:00:00,西屯測站,臺中市,65.0,43.5,69.8,41.6,0.611,2.87,271.4,Sample Data,臺中市,西屯測站
2026-07-16 11:00:00,西屯測站,臺中市,70.7,38.4,66.4,34.8,0.623,2.91,262.0,Sample Data,臺中市,西屯測站
2026-07-16 12:00:00,西屯測站,臺中市,77.4,45.8,75.0,48.3,0.715,1.35,119.5,Sample Data,臺中市,西屯測站
2026-07-16 13:00:00,西屯測站,臺中市,82.7,41.1,79.0,53.8,0.728,2.25,161.0,Sample Data,臺中市,西屯測站
2026-07-16 14:00:00,西屯測站,臺中市,78.5,45.0,83.0,42.0,0.705,1.71,260.8,Sample Data,臺中市,西屯測站
2026-07-16 15:00:00,西屯測站,臺中市,79.7,43.0,74.6,57.3,0.769,1.2,49.7,Sample Data,臺中市,西屯測站
2026-07-16 16:00:00,西屯測站,臺中市,78.0,41.3,74.0,59.3,0.582,2.48,263.1,Sample Data,臺中市,西屯測站
2026-07-16 17:00:00,西屯測站,臺中市,84.4,45.7,78.0,57.5,0.706,2.5,279.9,Sample Data,臺中市,西屯測站
2026-07-16 18:00:00,西屯測站,臺中市,75.5,41.6,81.9,60.5,0.626,1.68,266.8,Sample Data,臺中市,西屯測站
2026-07-16 19:00:00,西屯測站,臺中市,82.5,48.1,96.7,60.6,0.764,2.27,210.6,Sample Data,臺中市,西屯測站
2026-07-16 20:00:00,西屯測站,臺中市,77.4,40.5,60.6,52.4,0.626,2.32,275.4,Sample Data,臺中市,西屯測站
2026-07-16 21:00:00,西屯測站,臺中市,78.1,43.5,82.1,57.1,0.677,2.32,196.3,Sample Data,臺中市,西屯測站
2026-07-16 22:00:00,西屯測站,臺中市,75.2,46.6,79.0,51.1,0.602,2.2,261.2,Sample Data,臺中市,西屯測站
2026-07-16 23:00:00,西屯測站,臺中市,78.2,43.9,70.3,62.2,0.625,1.25,158.9,Sample Data,臺中市,西屯測站
2026-07-17 00:00:00,西屯測站,臺中市,73.1,44.4,80.8,50.6,0.684,1.69,211.2,Sample Data,臺中市,西屯測站
2026-07-17 01:00:00,西屯測站,臺中市,75.4,43.6,76.9,51.2,0.568,1.96,226.5,Sample Data,臺中市,西屯測站
2026-07-17 02:00:00,西屯測站,臺中市,72.7,42.7,66.6,44.9,0.573,2.58,302.3,Sample Data,臺中市,西屯測站
2026-07-17 03:00:00,西屯測站,臺中市,64.5,37.1,51.2,44.7,0.639,2.23,218.4,Sample Data,臺中市,西屯測站
2026-07-17 04:00:00,西屯測站,臺中市,64.5,41.9,70.7,39.0,0.533,2.93,257.0,Sample Data,臺中市,西屯測站
2026-07-17 05:00:00,西屯測站,臺中市,80.4,44.2,80.5,46.6,0.637,1.48,129.5,Sample Data,臺中市,西屯測站
2026-07-17 06:00:00,西屯測站,臺中市,79.8,39.9,60.2,40.3,0.701,2.41,263.6,Sample Data,臺中市,西屯測站
2026-07-17 07:00:00,西屯測站,臺中市,93.8,48.7,60.2,47.6,0.737,1.16,322.2,Sample Data,臺中市,西屯測站
2026-07-17 08:00:00,西屯測站,臺中市,93.4,50.0,96.9,51.6,0.742,1.81,175.4,Sample Data,臺中市,西屯測站
2026-07-17 09:00:00,西屯測站,臺中市,85.4,46.1,62.5,42.4,0.719,1.34,288.1,Sample Data,臺中市,西屯測站
2026-07-17 10:00:00,西屯測站,臺中市,83.6,47.4,88.9,45.3,0.689,2.54,311.6,Sample Data,臺中市,西屯測站
2026-07-17 11:00:00,西屯測站,臺中市,85.0,37.4,60.5,45.8,0.572,2.02,245.9,Sample Data,臺中市,西屯測站
2026-07-17 12:00:00,西屯測站,臺中市,84.4,45.4,80.9,51.1,0.717,1.92,321.2,Sample Data,臺中市,西屯測站
2026-07-17 13:00:00,西屯測站,臺中市,73.9,44.9,76.5,42.9,0.733,2.87,221.6,Sample Data,臺中市,西屯測站
2026-07-17 14:00:00,西屯測站,臺中市,68.5,41.1,72.3,49.3,0.602,3.07,34.9,Sample Data,臺中市,西屯測站
2026-07-17 15:00:00,西屯測站,臺中市,75.8,38.8,79.4,51.8,0.684,1.6,298.2,Sample Data,臺中市,西屯測站
2026-07-17 16:00:00,西屯測站,臺中市,75.0,42.0,84.5,62.2,0.618,0.8,288.9,Sample Data,臺中市,西屯測站
2026-07-17 17:00:00,西屯測站,臺中市,84.7,44.9,86.9,59.5,0.678,1.53,206.9,Sample Data,臺中市,西屯測站
2026-07-17 18:00:00,西屯測站,臺中市,85.7,45.3,89.5,59.5,0.657,1.5,328.3,Sample Data,臺中市,西屯測站
2026-07-17 19:00:00,西屯測站,臺中市,81.7,41.8,65.3,63.1,0.679,1.95,326.0,Sample Data,臺中市,西屯測站
2026-07-17 20:00:00,西屯測站,臺中市,86.9,46.3,90.2,59.8,0.703,1.7,226.7,Sample Data,臺中市,西屯測站
2026-07-17 21:00:00,西屯測站,臺中市,78.8,44.0,80.7,54.6,0.567,1.66,230.2,Sample Data,臺中市,西屯測站
2026-07-17 22:00:00,西屯測站,臺中市,76.6,40.1,69.1,51.8,0.604,2.55,11.9,Sample Data,臺中市,西屯測站
2026-07-17 23:00:00,西屯測站,臺中市,63.5,40.1,71.8,54.8,0.733,2.19,252.4,Sample Data,臺中市,西屯測站
2026-07-18 00:00:00,西屯測站,臺中市,63.2,39.4,58.3,46.4,0.6,2.24,275.5,Sample Data,臺中市,西屯測站
2026-07-18 01:00:00,西屯測站,臺中市,62.1,37.7,66.9,48.1,0.564,1.14,23.4,Sample Data,臺中市,西屯測站
2026-07-18 02:00:00,西屯測站,臺中市,67.3,36.0,64.7,47.2,0.582,2.25,319.6,Sample Data,臺中市,西屯測站
2026-07-18 03:00:00,西屯測站,臺中市,57.7,42.1,60.7,40.7,0.604,2.47,58.6,Sample Data,臺中市,西屯測站
2026-07-18 04:00:00,西屯測站,臺中市,80.1,42.9,68.1,34.8,0.724,1.88,24.1,Sample Data,臺中市,西屯測站
2026-07-18 05:00:00,西屯測站,臺中市,72.6,38.2,82.1,40.1,0.593,1.5,331.2,Sample Data,臺中市,西屯測站
2026-07-18 06:00:00,西屯測站,臺中市,77.9,44.8,83.8,46.4,0.668,4.1,328.4,Sample Data,臺中市,西屯測站
2026-07-18 07:00:00,西屯測站,臺中市,79.5,41.9,81.8,42.7,0.778,2.81,11.2,Sample Data,臺中市,西屯測站
2026-07-18 08:00:00,西屯測站,臺中市,71.6,41.7,72.3,42.6,0.612,3.41,71.8,Sample Data,臺中市,西屯測站
2026-07-18 09:00:00,西屯測站,臺中市,74.1,43.5,84.2,36.4,0.609,2.14,259.7,Sample Data,臺中市,西屯測站
2026-07-18 10:00:00,西屯測站,臺中市,72.0,44.4,59.6,40.6,0.553,1.81,73.9,Sample Data,臺中市,西屯測站
2026-07-18 11:00:00,西屯測站,臺中市,53.2,34.3,49.2,40.6,0.635,2.76,48.4,Sample Data,臺中市,西屯測站
2026-07-18 12:00:00,西屯測站,臺中市,65.8,40.3,70.0,37.4,0.591,2.29,336.4,Sample Data,臺中市,西屯測站
2026-07-18 13:00:00,西屯測站,臺中市,67.6,41.0,66.5,52.4,0.542,1.73,323.2,Sample Data,臺中市,西屯測站
2026-07-18 14:00:00,西屯測站,臺中市,69.9,37.9,67.4,60.8,0.606,2.64,303.3,Sample Data,臺中市,西屯測站
2026-07-18 15:00:00,西屯測站,臺中市,69.7,35.4,52.3,52.8,0.572,3.34,36.7,Sample Data,臺中市,西屯測站
2026-07-18 16:00:00,西屯測站,臺中市,63.9,42.3,65.7,55.9,0.462,2.86,332.8,Sample Data,臺中市,西屯測站
2026-07-18 17:00:00,西屯測站,臺中市,66.0,45.7,74.3,55.4,0.613,2.14,358.4,Sample Data,臺中市,西屯測站
2026-07-18 18:00:00,西屯測站,臺中市,78.0,45.5,62.8,55.8,0.7,2.99,48.5,Sample Data,臺中市,西屯測站
2026-07-18 19:00:00,西屯測站,臺中市,60.9,40.9,72.9,62.1,0.504,2.87,324.9,Sample Data,臺中市,西屯測站
2026-07-18 20:00:00,西屯測站,臺中市,71.5,43.0,78.8,54.9,0.596,2.07,355.9,Sample Data,臺中市,西屯測站
2026-07-18 21:00:00,西屯測站,臺中市,69.9,44.6,88.8,55.5,0.574,2.58,107.3,Sample Data,臺中市,西屯測站
2026-07-18 22:00:00,西屯測站,臺中市,65.3,43.7,85.5,49.6,0.603,2.56,82.8,Sample Data,臺中市,西屯測站
2026-07-18 23:00:00,西屯測站,臺中市,66.1,41.9,62.3,53.1,0.67,2.3,309.0,Sample Data,臺中市,西屯測站
2026-07-19 00:00:00,西屯測站,臺中市,69.1,42.0,59.6,49.7,0.643,2.63,358.6,Sample Data,臺中市,西屯測站
2026-07-19 01:00:00,西屯測站,臺中市,58.1,36.1,75.6,42.4,0.498,2.62,11.9,Sample Data,臺中市,西屯測站
2026-07-19 02:00:00,西屯測站,臺中市,56.1,34.1,65.1,40.6,0.672,2.87,338.7,Sample Data,臺中市,西屯測站
2026-07-19 03:00:00,西屯測站,臺中市,50.5,37.3,78.2,39.2,0.421,1.81,7.9,Sample Data,臺中市,西屯測站
2026-07-19 04:00:00,西屯測站,臺中市,60.9,35.5,46.2,38.9,0.588,3.41,61.5,Sample Data,臺中市,西屯測站
2026-07-19 05:00:00,西屯測站,臺中市,56.3,42.0,82.7,33.8,0.553,1.89,68.7,Sample Data,臺中市,西屯測站
2026-07-19 06:00:00,西屯測站,臺中市,67.7,38.8,82.7,34.9,0.526,2.54,48.1,Sample Data,臺中市,西屯測站
2026-07-19 07:00:00,西屯測站,臺中市,66.7,41.6,77.5,33.2,0.566,2.72,64.5,Sample Data,臺中市,西屯測站
2026-07-19 08:00:00,西屯測站,臺中市,66.2,37.5,59.5,40.9,0.639,2.1,112.2,Sample Data,臺中市,西屯測站
2026-07-19 09:00:00,西屯測站,臺中市,67.8,41.1,75.1,35.5,0.587,2.38,71.5,Sample Data,臺中市,西屯測站
2026-07-19 10:00:00,西屯測站,臺中市,64.5,37.4,70.7,38.3,0.587,1.86,70.7,Sample Data,臺中市,西屯測站
2026-07-19 11:00:00,西屯測站,臺中市,56.8,32.5,67.8,44.8,0.631,2.6,14.5,Sample Data,臺中市,西屯測站
2026-07-19 12:00:00,西屯測站,臺中市,55.4,32.8,59.9,43.7,0.642,2.4,357.3,Sample Data,臺中市,西屯測站
2026-07-19 13:00:00,西屯測站,臺中市,56.6,36.7,68.1,39.3,0.556,2.9,153.1,Sample Data,臺中市,西屯測站
2026-07-19 14:00:00,西屯測站,臺中市,59.6,41.4,63.8,52.6,0.495,2.12,140.1,Sample Data,臺中市,西屯測站
2026-07-19 15:00:00,西屯測站,臺中市,58.9,37.3,65.3,53.6,0.607,2.42,141.1,Sample Data,臺中市,西屯測站
2026-07-19 16:00:00,西屯測站,臺中市,64.3,42.0,72.5,53.3,0.449,3.5,84.3,Sample Data,臺中市,西屯測站
2026-07-19 17:00:00,西屯測站,臺中市,63.2,37.3,67.8,51.3,0.553,2.15,58.7,Sample Data,臺中市,西屯測站
2026-07-19 18:00:00,西屯測站,臺中市,70.5,41.7,78.6,55.9,0.564,3.52,141.0,Sample Data,臺中市,西屯測站
2026-07-19 19:00:00,西屯測站,臺中市,73.2,44.7,62.5,52.4,0.66,2.15,69.9,Sample Data,臺中市,西屯測站
2026-07-19 20:00:00,西屯測站,臺中市,50.2,36.0,62.8,54.6,0.467,1.88,106.2,Sample Data,臺中市,西屯測站
2026-07-19 21:00:00,西屯測站,臺中市,64.3,38.2,57.7,48.1,0.509,1.19,117.5,Sample Data,臺中市,西屯測站
2026-07-19 22:00:00,西屯測站,臺中市,53.1,32.5,42.5,52.9,0.586,3.1,51.5,Sample Data,臺中市,西屯測站
2026-07-19 23:00:00,西屯測站,臺中市,58.4,39.5,65.3,44.1,0.527,2.68,187.9,Sample Data,臺中市,西屯測站
2026-07-20 00:00:00,西屯測站,臺中市,69.2,42.6,73.4,43.8,0.568,1.71,139.6,Sample Data,臺中市,西屯測站
2026-07-20 01:00:00,西屯測站,臺中市,68.3,42.6,76.1,43.1,0.603,1.78,147.2,Sample Data,臺中市,西屯測站
2026-07-20 02:00:00,西屯測站,臺中市,62.0,38.6,61.7,47.0,0.508,2.59,109.0,Sample Data,臺中市,西屯測站
2026-07-20 03:00:00,西屯測站,臺中市,68.2,36.2,74.5,41.0,0.6,1.83,167.2,Sample Data,臺中市,西屯測站
2026-07-20 04:00:00,西屯測站,臺中市,66.4,40.7,77.5,36.3,0.563,1.36,111.4,Sample Data,臺中市,西屯測站
2026-07-20 05:00:00,西屯測站,臺中市,72.3,42.0,76.8,40.7,0.628,2.36,65.8,Sample Data,臺中市,西屯測站
2026-07-20 06:00:00,西屯測站,臺中市,71.2,35.8,56.1,43.8,0.497,2.36,35.8,Sample Data,臺中市,西屯測站
2026-07-20 07:00:00,西屯測站,臺中市,68.8,41.4,59.8,41.8,0.568,2.0,112.4,Sample Data,臺中市,西屯測站
2026-07-20 08:00:00,西屯測站,臺中市,74.0,36.0,66.6,44.1,0.568,1.77,198.2,Sample Data,臺中市,西屯測站
2026-07-20 09:00:00,西屯測站,臺中市,76.6,44.0,76.1,48.7,0.65,1.47,170.1,Sample Data,臺中市,西屯測站
2026-07-20 10:00:00,西屯測站,臺中市,68.7,40.2,69.3,38.8,0.631,1.9,191.5,Sample Data,臺中市,西屯測站
2026-07-20 11:00:00,西屯測站,臺中市,63.4,36.2,50.9,41.2,0.674,2.34,215.1,Sample Data,臺中市,西屯測站
2026-07-20 12:00:00,西屯測站,臺中市,70.0,40.8,51.0,43.9,0.625,2.43,279.6,Sample Data,臺中市,西屯測站
2026-07-20 13:00:00,西屯測站,臺中市,68.2,42.3,82.2,46.7,0.601,2.05,171.4,Sample Data,臺中市,西屯測站
2026-07-20 14:00:00,西屯測站,臺中市,67.1,42.0,72.9,55.3,0.588,3.6,159.0,Sample Data,臺中市,西屯測站
2026-07-20 15:00:00,西屯測站,臺中市,69.9,41.1,70.6,55.5,0.722,2.6,182.8,Sample Data,臺中市,西屯測站
2026-07-20 16:00:00,西屯測站,臺中市,72.2,44.8,66.1,48.2,0.598,2.49,205.9,Sample Data,臺中市,西屯測站
2026-07-20 17:00:00,西屯測站,臺中市,80.7,38.6,65.5,55.0,0.709,0.98,153.6,Sample Data,臺中市,西屯測站
2026-07-20 18:00:00,西屯測站,臺中市,77.2,44.0,75.5,58.7,0.674,2.88,142.3,Sample Data,臺中市,西屯測站
2026-07-20 19:00:00,西屯測站,臺中市,80.5,44.8,70.5,52.2,0.66,2.19,193.5,Sample Data,臺中市,西屯測站
2026-07-20 20:00:00,西屯測站,臺中市,66.7,39.1,60.0,54.1,0.693,1.56,235.8,Sample Data,臺中市,西屯測站
2026-07-20 21:00:00,西屯測站,臺中市,77.0,41.8,77.8,57.8,0.617,1.87,151.5,Sample Data,臺中市,西屯測站
2026-07-20 22:00:00,西屯測站,臺中市,68.6,39.5,79.1,51.4,0.514,2.04,153.0,Sample Data,臺中市,西屯測站
2026-07-20 23:00:00,西屯測站,臺中市,75.9,40.6,65.5,51.0,0.639,3.4,189.6,Sample Data,臺中市,西屯測站
2026-07-21 00:00:00,西屯測站,臺中市,71.1,39.8,64.4,42.8,0.601,1.42,186.2,Sample Data,臺中市,西屯測站
2026-07-21 01:00:00,西屯測站,臺中市,64.9,41.0,57.4,44.3,0.62,3.14,133.4,Sample Data,臺中市,西屯測站
2026-07-21 02:00:00,西屯測站,臺中市,64.4,45.3,75.4,40.8,0.597,3.54,200.0,Sample Data,臺中市,西屯測站
2026-07-21 03:00:00,西屯測站,臺中市,75.7,42.2,77.7,39.9,0.651,3.05,197.9,Sample Data,臺中市,西屯測站
2026-07-21 04:00:00,西屯測站,臺中市,69.8,38.4,62.2,36.6,0.658,2.07,175.6,Sample Data,臺中市,西屯測站
2026-07-21 05:00:00,西屯測站,臺中市,72.7,43.6,60.7,37.6,0.617,2.44,193.0,Sample Data,臺中市,西屯測站
2026-07-21 06:00:00,西屯測站,臺中市,76.7,42.6,64.5,44.9,0.621,2.27,84.7,Sample Data,臺中市,西屯測站
2026-07-21 07:00:00,西屯測站,臺中市,80.5,40.0,77.3,42.1,0.725,2.73,255.1,Sample Data,臺中市,西屯測站
2026-07-21 08:00:00,西屯測站,臺中市,82.6,48.7,86.2,43.0,0.667,2.13,201.6,Sample Data,臺中市,西屯測站
2026-07-21 09:00:00,西屯測站,臺中市,84.0,49.4,88.1,41.7,0.744,1.85,229.7,Sample Data,臺中市,西屯測站
2026-07-21 10:00:00,西屯測站,臺中市,77.7,37.5,57.5,43.4,0.598,1.85,198.7,Sample Data,臺中市,西屯測站
2026-07-21 11:00:00,西屯測站,臺中市,72.4,37.9,59.5,44.1,0.618,0.5,184.2,Sample Data,臺中市,西屯測站
2026-07-21 12:00:00,西屯測站,臺中市,76.2,39.1,72.9,42.6,0.642,2.76,167.8,Sample Data,臺中市,西屯測站
2026-07-21 13:00:00,西屯測站,臺中市,72.8,44.9,84.6,43.9,0.619,2.54,86.8,Sample Data,臺中市,西屯測站
2026-07-21 14:00:00,西屯測站,臺中市,72.3,42.6,68.9,46.0,0.656,2.01,252.0,Sample Data,臺中市,西屯測站
2026-07-21 15:00:00,西屯測站,臺中市,79.0,41.6,66.1,59.0,0.722,2.88,215.1,Sample Data,臺中市,西屯測站
2026-07-21 16:00:00,西屯測站,臺中市,92.8,46.7,81.1,55.0,0.787,1.56,278.6,Sample Data,臺中市,西屯測站
2026-07-21 17:00:00,西屯測站,臺中市,88.6,47.1,84.1,49.2,0.696,2.58,217.9,Sample Data,臺中市,西屯測站
2026-07-21 18:00:00,西屯測站,臺中市,81.1,42.6,65.9,66.4,0.638,2.27,210.2,Sample Data,臺中市,西屯測站
2026-07-21 19:00:00,西屯測站,臺中市,93.5,47.0,82.4,68.5,0.731,2.54,169.9,Sample Data,臺中市,西屯測站
2026-07-21 20:00:00,西屯測站,臺中市,82.5,40.6,58.8,59.0,0.728,2.48,172.1,Sample Data,臺中市,西屯測站
2026-07-21 21:00:00,西屯測站,臺中市,68.7,42.0,62.5,63.4,0.607,0.91,157.2,Sample Data,臺中市,西屯測站
2026-07-21 22:00:00,西屯測站,臺中市,80.2,43.6,81.7,56.9,0.662,2.03,225.0,Sample Data,臺中市,西屯測站
2026-07-21 23:00:00,西屯測站,臺中市,73.6,42.2,83.6,57.7,0.57,0.95,304.9,Sample Data,臺中市,西屯測站
2026-07-22 00:00:00,西屯測站,臺中市,70.2,39.7,62.1,44.0,0.586,2.72,251.8,Sample Data,臺中市,西屯測站
2026-07-22 01:00:00,西屯測站,臺中市,77.5,41.1,74.5,53.0,0.624,0.69,272.4,Sample Data,臺中市,西屯測站
2026-07-22 02:00:00,西屯測站,臺中市,78.9,41.3,66.8,50.1,0.743,2.17,245.5,Sample Data,臺中市,西屯測站
2026-07-22 03:00:00,西屯測站,臺中市,74.8,46.8,94.0,45.3,0.604,1.79,264.4,Sample Data,臺中市,西屯測站
2026-07-22 04:00:00,西屯測站,臺中市,65.9,38.4,63.8,47.9,0.596,0.98,213.7,Sample Data,臺中市,西屯測站
2026-07-22 05:00:00,西屯測站,臺中市,79.3,43.3,69.2,45.8,0.647,2.91,217.7,Sample Data,臺中市,西屯測站
2026-07-22 06:00:00,西屯測站,臺中市,86.4,43.9,71.5,48.5,0.671,3.14,178.9,Sample Data,臺中市,西屯測站
2026-07-22 07:00:00,西屯測站,臺中市,79.4,42.6,66.0,41.4,0.632,1.89,288.3,Sample Data,臺中市,西屯測站
2026-07-22 08:00:00,西屯測站,臺中市,83.8,43.8,63.1,45.3,0.765,2.83,294.2,Sample Data,臺中市,西屯測站
2026-07-22 09:00:00,西屯測站,臺中市,82.1,42.9,61.3,41.3,0.765,1.31,302.3,Sample Data,臺中市,西屯測站
2026-07-22 10:00:00,西屯測站,臺中市,83.3,39.6,60.2,47.1,0.697,2.14,297.9,Sample Data,臺中市,西屯測站
2026-07-22 11:00:00,西屯測站,臺中市,72.0,41.2,79.1,46.2,0.657,3.44,266.9,Sample Data,臺中市,西屯測站
2026-07-22 12:00:00,西屯測站,臺中市,73.3,40.5,60.5,48.5,0.559,1.47,282.4,Sample Data,臺中市,西屯測站
2026-07-22 13:00:00,西屯測站,臺中市,73.6,44.3,79.5,52.3,0.667,1.23,304.9,Sample Data,臺中市,西屯測站
2026-07-22 14:00:00,西屯測站,臺中市,72.8,39.3,72.9,49.7,0.631,2.84,255.4,Sample Data,臺中市,西屯測站
2026-07-22 15:00:00,西屯測站,臺中市,75.6,44.1,76.1,47.0,0.628,1.07,238.9,Sample Data,臺中市,西屯測站
2026-07-22 16:00:00,西屯測站,臺中市,87.3,48.1,73.5,54.0,0.713,2.54,256.0,Sample Data,臺中市,西屯測站
2026-07-22 17:00:00,西屯測站,臺中市,80.3,39.9,68.6,58.0,0.666,2.9,250.6,Sample Data,臺中市,西屯測站
2026-07-22 18:00:00,西屯測站,臺中市,89.9,41.7,56.3,60.7,0.789,2.49,329.2,Sample Data,臺中市,西屯測站
2026-07-22 19:00:00,西屯測站,臺中市,77.6,40.4,73.4,62.0,0.653,1.97,351.2,Sample Data,臺中市,西屯測站
2026-07-22 20:00:00,西屯測站,臺中市,81.4,43.0,83.5,60.8,0.637,2.94,325.4,Sample Data,臺中市,西屯測站
2026-07-22 21:00:00,西屯測站,臺中市,78.4,45.5,86.8,56.6,0.753,1.64,356.0,Sample Data,臺中市,西屯測站
2026-07-22 22:00:00,西屯測站,臺中市,74.5,43.2,62.7,57.4,0.648,1.76,27.2,Sample Data,臺中市,西屯測站
2026-07-22 23:00:00,西屯測站,臺中市,77.1,41.2,72.0,53.7,0.626,2.7,294.6,Sample Data,臺中市,西屯測站
2026-07-23 00:00:00,西屯測站,臺中市,76.5,44.1,81.3,48.5,0.574,2.78,205.8,Sample Data,臺中市,西屯測站
2026-07-23 01:00:00,西屯測站,臺中市,79.9,43.5,72.5,43.4,0.68,1.21,354.6,Sample Data,臺中市,西屯測站
2026-07-23 02:00:00,西屯測站,臺中市,70.7,39.5,68.7,49.9,0.585,2.24,295.1,Sample Data,臺中市,西屯測站
2026-07-23 03:00:00,西屯測站,臺中市,72.9,39.2,55.7,44.9,0.628,2.58,327.1,Sample Data,臺中市,西屯測站
2026-07-23 04:00:00,西屯測站,臺中市,69.7,41.3,64.4,39.9,0.622,2.43,64.1,Sample Data,臺中市,西屯測站
2026-07-23 05:00:00,西屯測站,臺中市,76.1,42.5,66.2,40.1,0.566,2.05,349.5,Sample Data,臺中市,西屯測站
2026-07-23 06:00:00,西屯測站,臺中市,73.3,41.2,76.9,39.4,0.691,1.3,93.9,Sample Data,臺中市,西屯測站
2026-07-23 07:00:00,西屯測站,臺中市,80.8,45.1,65.0,37.0,0.639,2.82,268.9,Sample Data,臺中市,西屯測站
2026-07-23 08:00:00,西屯測站,臺中市,78.2,43.3,69.7,36.9,0.572,2.54,66.8,Sample Data,臺中市,西屯測站
2026-07-23 09:00:00,西屯測站,臺中市,78.6,39.4,72.8,40.9,0.725,2.8,1.1,Sample Data,臺中市,西屯測站
2026-07-23 10:00:00,西屯測站,臺中市,66.4,37.9,56.2,41.0,0.607,1.14,38.3,Sample Data,臺中市,西屯測站
2026-07-23 11:00:00,西屯測站,臺中市,72.5,42.5,71.2,48.7,0.618,3.29,307.8,Sample Data,臺中市,西屯測站
2026-07-23 12:00:00,西屯測站,臺中市,77.5,39.9,59.4,51.3,0.631,2.67,357.8,Sample Data,臺中市,西屯測站
2026-07-23 13:00:00,西屯測站,臺中市,64.3,31.0,62.1,34.3,0.601,2.83,323.7,Sample Data,臺中市,西屯測站
2026-07-23 14:00:00,西屯測站,臺中市,66.7,40.0,76.9,54.9,0.654,2.15,279.6,Sample Data,臺中市,西屯測站
2026-07-23 15:00:00,西屯測站,臺中市,70.8,42.6,79.0,55.7,0.644,2.06,37.6,Sample Data,臺中市,西屯測站
2026-07-23 16:00:00,西屯測站,臺中市,85.5,40.1,86.5,53.0,0.737,2.85,290.8,Sample Data,臺中市,西屯測站
2026-07-23 17:00:00,西屯測站,臺中市,80.1,42.4,69.0,63.1,0.656,1.81,350.4,Sample Data,臺中市,西屯測站
2026-07-23 18:00:00,西屯測站,臺中市,75.6,38.9,65.3,59.2,0.7,2.36,351.9,Sample Data,臺中市,西屯測站
2026-07-23 19:00:00,西屯測站,臺中市,70.9,41.9,75.4,57.8,0.644,2.44,11.6,Sample Data,臺中市,西屯測站
2026-07-23 20:00:00,西屯測站,臺中市,69.2,38.8,55.7,50.6,0.667,1.62,25.9,Sample Data,臺中市,西屯測站
2026-07-23 21:00:00,西屯測站,臺中市,72.6,41.4,67.4,57.5,0.692,2.78,270.2,Sample Data,臺中市,西屯測站
2026-07-23 22:00:00,西屯測站,臺中市,78.5,38.9,64.6,57.8,0.658,1.75,103.2,Sample Data,臺中市,西屯測站
2026-07-23 23:00:00,西屯測站,臺中市,66.3,35.2,65.3,55.5,0.625,3.99,16.0,Sample Data,臺中市,西屯測站
2026-07-24 00:00:00,西屯測站,臺中市,65.7,41.9,75.0,37.0,0.589,2.25,28.3,Sample Data,臺中市,西屯測站
2026-07-24 01:00:00,西屯測站,臺中市,61.0,41.4,82.3,45.1,0.596,3.39,49.7,Sample Data,臺中市,西屯測站
2026-07-24 02:00:00,西屯測站,臺中市,69.4,41.1,65.2,43.9,0.639,2.35,358.3,Sample Data,臺中市,西屯測站
2026-07-24 03:00:00,西屯測站,臺中市,64.1,34.8,63.6,48.7,0.652,1.62,56.1,Sample Data,臺中市,西屯測站
2026-07-24 04:00:00,西屯測站,臺中市,66.8,39.3,75.5,47.8,0.577,2.55,268.9,Sample Data,臺中市,西屯測站
2026-07-24 05:00:00,西屯測站,臺中市,71.5,44.7,83.9,41.9,0.621,2.57,35.2,Sample Data,臺中市,西屯測站
2026-07-24 06:00:00,西屯測站,臺中市,80.0,41.2,75.6,44.6,0.609,2.77,87.2,Sample Data,臺中市,西屯測站
2026-07-24 07:00:00,西屯測站,臺中市,63.8,35.1,63.3,34.9,0.638,1.73,32.0,Sample Data,臺中市,西屯測站
2026-07-24 08:00:00,西屯測站,臺中市,72.8,43.0,79.8,32.6,0.611,2.74,100.7,Sample Data,臺中市,西屯測站
2026-07-24 09:00:00,西屯測站,臺中市,70.4,42.5,87.9,39.3,0.467,2.89,37.7,Sample Data,臺中市,西屯測站
2026-07-24 10:00:00,西屯測站,臺中市,68.7,42.5,65.8,42.9,0.625,1.87,120.6,Sample Data,臺中市,西屯測站
2026-07-24 11:00:00,西屯測站,臺中市,61.5,36.9,62.6,39.6,0.634,2.59,73.2,Sample Data,臺中市,西屯測站
2026-07-24 12:00:00,西屯測站,臺中市,65.9,42.0,62.7,48.5,0.6,2.8,49.7,Sample Data,臺中市,西屯測站
2026-07-24 13:00:00,西屯測站,臺中市,55.1,30.4,60.2,49.0,0.557,1.73,31.9,Sample Data,臺中市,西屯測站
2026-07-24 14:00:00,西屯測站,臺中市,71.9,37.3,79.5,58.8,0.641,2.0,97.6,Sample Data,臺中市,西屯測站
2026-07-24 15:00:00,西屯測站,臺中市,71.5,39.2,57.1,49.3,0.682,1.82,86.3,Sample Data,臺中市,西屯測站
2026-07-24 16:00:00,西屯測站,臺中市,74.6,45.7,86.9,50.9,0.686,3.09,341.1,Sample Data,臺中市,西屯測站
2026-07-24 17:00:00,西屯測站,臺中市,81.0,41.3,69.7,57.8,0.655,1.43,115.8,Sample Data,臺中市,西屯測站
2026-07-24 18:00:00,西屯測站,臺中市,71.8,37.3,50.4,54.5,0.646,1.75,143.6,Sample Data,臺中市,西屯測站
2026-07-24 19:00:00,西屯測站,臺中市,71.6,40.3,69.6,51.4,0.704,2.92,91.8,Sample Data,臺中市,西屯測站
2026-07-24 20:00:00,西屯測站,臺中市,75.6,41.2,75.0,61.4,0.604,2.16,133.4,Sample Data,臺中市,西屯測站
2026-07-24 21:00:00,西屯測站,臺中市,72.2,38.9,64.8,47.2,0.586,2.82,98.3,Sample Data,臺中市,西屯測站
2026-07-24 22:00:00,西屯測站,臺中市,62.3,39.1,64.7,45.5,0.572,2.46,26.9,Sample Data,臺中市,西屯測站
2026-07-24 23:00:00,西屯測站,臺中市,57.1,36.6,70.8,46.6,0.522,2.16,121.4,Sample Data,臺中市,西屯測站
2026-07-25 00:00:00,西屯測站,臺中市,62.7,32.4,47.5,50.1,0.638,1.84,159.9,Sample Data,臺中市,西屯測站
2026-07-25 01:00:00,西屯測站,臺中市,50.3,36.5,70.9,38.6,0.541,3.64,57.5,Sample Data,臺中市,西屯測站
2026-07-25 02:00:00,西屯測站,臺中市,57.7,40.4,64.3,40.4,0.549,1.74,121.0,Sample Data,臺中市,西屯測站
2026-07-25 03:00:00,西屯測站,臺中市,57.1,39.6,75.5,41.6,0.622,2.88,218.6,Sample Data,臺中市,西屯測站
2026-07-25 04:00:00,西屯測站,臺中市,60.7,40.1,65.1,43.8,0.515,2.95,134.6,Sample Data,臺中市,西屯測站
2026-07-25 05:00:00,西屯測站,臺中市,59.0,32.8,52.4,31.1,0.544,2.91,91.0,Sample Data,臺中市,西屯測站
2026-07-25 06:00:00,西屯測站,臺中市,64.1,36.2,55.4,31.6,0.548,1.46,154.0,Sample Data,臺中市,西屯測站
2026-07-25 07:00:00,西屯測站,臺中市,68.6,40.3,60.2,39.5,0.582,1.84,125.8,Sample Data,臺中市,西屯測站
2026-07-25 08:00:00,西屯測站,臺中市,68.8,46.7,91.6,40.4,0.678,1.72,205.7,Sample Data,臺中市,西屯測站
2026-07-25 09:00:00,西屯測站,臺中市,67.4,47.7,87.9,38.3,0.668,2.36,131.7,Sample Data,臺中市,西屯測站
2026-07-25 10:00:00,西屯測站,臺中市,68.1,39.3,64.9,47.6,0.543,2.41,164.4,Sample Data,臺中市,西屯測站
2026-07-25 11:00:00,西屯測站,臺中市,61.2,34.9,57.5,37.7,0.468,2.65,93.0,Sample Data,臺中市,西屯測站
2026-07-25 12:00:00,西屯測站,臺中市,62.9,38.5,70.8,38.8,0.538,2.18,81.1,Sample Data,臺中市,西屯測站
2026-07-25 13:00:00,西屯測站,臺中市,63.3,38.3,73.9,46.2,0.559,2.64,178.6,Sample Data,臺中市,西屯測站
2026-07-25 14:00:00,西屯測站,臺中市,72.9,45.0,81.0,49.5,0.656,1.57,120.8,Sample Data,臺中市,西屯測站
2026-07-25 15:00:00,西屯測站,臺中市,56.9,35.9,54.0,44.0,0.6,2.77,73.3,Sample Data,臺中市,西屯測站
2026-07-25 16:00:00,西屯測站,臺中市,66.3,35.2,66.5,52.7,0.553,1.85,131.0,Sample Data,臺中市,西屯測站
2026-07-25 17:00:00,西屯測站,臺中市,68.5,44.5,71.1,55.6,0.548,1.75,162.3,Sample Data,臺中市,西屯測站
2026-07-25 18:00:00,西屯測站,臺中市,64.3,40.4,70.8,56.8,0.493,3.28,75.8,Sample Data,臺中市,西屯測站
2026-07-25 19:00:00,西屯測站,臺中市,68.8,42.4,60.0,51.8,0.622,2.64,104.1,Sample Data,臺中市,西屯測站
2026-07-25 20:00:00,西屯測站,臺中市,69.3,36.1,60.0,56.3,0.606,3.09,181.3,Sample Data,臺中市,西屯測站
2026-07-25 21:00:00,西屯測站,臺中市,61.9,39.9,71.6,53.0,0.533,1.94,208.4,Sample Data,臺中市,西屯測站
2026-07-25 22:00:00,西屯測站,臺中市,58.8,38.1,63.4,46.8,0.669,3.65,201.6,Sample Data,臺中市,西屯測站
2026-07-25 23:00:00,西屯測站,臺中市,68.9,39.7,77.3,46.3,0.738,1.3,193.4,Sample Data,臺中市,西屯測站
