datetime,site_name,county,county_display,site_name_display,aqi,pm25,pseudo_anomaly,zscore_anomaly,isolation_forest_anomaly,anomaly_score,is_anomaly
2026-06-26 03:00:00,前金測站,高雄市,高雄市,前金測站,85.3,51.2,1,0,0,0.3333333333333333,0
2026-06-26 04:00:00,前金測站,高雄市,高雄市,前金測站,85.6,48.2,1,0,0,0.3333333333333333,0
2026-06-26 05:00:00,前金測站,高雄市,高雄市,前金測站,83.5,51.0,1,0,0,0.3333333333333333,0
2026-06-26 06:00:00,前金測站,高雄市,高雄市,前金測站,84.7,51.2,1,0,0,0.3333333333333333,0
2026-06-26 07:00:00,前金測站,高雄市,高雄市,前金測站,96.4,55.1,1,1,1,1.0,1
2026-06-26 08:00:00,前金測站,高雄市,高雄市,前金測站,98.3,58.6,1,0,1,0.6666666666666666,1
2026-06-26 09:00:00,前金測站,高雄市,高雄市,前金測站,88.3,54.2,1,0,0,0.3333333333333333,0
2026-06-26 10:00:00,前金測站,高雄市,高雄市,前金測站,87.1,46.6,1,1,1,1.0,1
2026-06-26 11:00:00,前金測站,高雄市,高雄市,前金測站,94.0,56.5,1,0,1,0.6666666666666666,1
2026-06-26 12:00:00,前金測站,高雄市,高雄市,前金測站,83.7,50.3,1,0,0,0.3333333333333333,0
2026-06-26 13:00:00,前金測站,高雄市,高雄市,前金測站,76.1,46.2,1,0,0,0.3333333333333333,0
2026-06-26 14:00:00,前金測站,高雄市,高雄市,前金測站,88.3,55.6,1,0,0,0.3333333333333333,0
2026-06-26 15:00:00,前金測站,高雄市,高雄市,前金測站,91.4,52.1,1,0,0,0.3333333333333333,0
2026-06-26 16:00:00,前金測站,高雄市,高雄市,前金測站,95.0,54.0,1,0,0,0.3333333333333333,0
2026-06-26 17:00:00,前金測站,高雄市,高雄市,前金測站,95.0,48.8,1,0,0,0.3333333333333333,0
2026-06-26 18:00:00,前金測站,高雄市,高雄市,前金測站,101.2,57.6,1,0,1,0.6666666666666666,1
2026-06-26 19:00:00,前金測站,高雄市,高雄市,前金測站,97.4,50.6,1,0,1,0.6666666666666666,1
2026-06-26 20:00:00,前金測站,高雄市,高雄市,前金測站,95.2,57.2,1,0,0,0.3333333333333333,0
2026-06-26 21:00:00,前金測站,高雄市,高雄市,前金測站,96.5,53.0,1,0,1,0.6666666666666666,1
2026-06-26 22:00:00,前金測站,高雄市,高雄市,前金測站,81.2,47.1,1,0,1,0.6666666666666666,1
2026-06-26 23:00:00,前金測站,高雄市,高雄市,前金測站,82.0,47.7,1,0,0,0.3333333333333333,0
2026-06-27 00:00:00,前金測站,高雄市,高雄市,前金測站,84.9,49.4,1,0,0,0.3333333333333333,0
2026-06-27 01:00:00,前金測站,高雄市,高雄市,前金測站,83.0,52.6,1,0,0,0.3333333333333333,0
2026-06-27 02:00:00,前金測站,高雄市,高雄市,前金測站,74.8,48.4,1,0,0,0.3333333333333333,0
2026-06-27 03:00:00,前金測站,高雄市,高雄市,前金測站,85.6,49.7,1,0,0,0.3333333333333333,0
2026-06-27 04:00:00,前金測站,高雄市,高雄市,前金測站,79.3,54.1,1,0,0,0.3333333333333333,0
2026-06-27 05:00:00,前金測站,高雄市,高雄市,前金測站,82.1,56.9,1,0,0,0.3333333333333333,0
2026-06-27 06:00:00,前金測站,高雄市,高雄市,前金測站,95.6,54.2,1,0,0,0.3333333333333333,0
2026-06-27 07:00:00,前金測站,高雄市,高雄市,前金測站,87.6,52.2,1,0,0,0.3333333333333333,0
2026-06-27 08:00:00,前金測站,高雄市,高雄市,前金測站,100.7,52.8,1,1,1,1.0,1
2026-06-27 09:00:00,前金測站,高雄市,高雄市,前金測站,90.9,52.4,1,0,0,0.3333333333333333,0
2026-06-27 10:00:00,前金測站,高雄市,高雄市,前金測站,85.0,51.5,1,0,0,0.3333333333333333,0
2026-06-27 11:00:00,前金測站,高雄市,高雄市,前金測站,82.7,49.3,1,0,0,0.3333333333333333,0
2026-06-27 12:00:00,前金測站,高雄市,高雄市,前金測站,76.6,50.2,1,0,0,0.3333333333333333,0
2026-06-27 13:00:00,前金測站,高雄市,高雄市,前金測站,85.5,53.8,1,0,0,0.3333333333333333,0
2026-06-27 14:00:00,前金測站,高雄市,高雄市,前金測站,81.0,49.4,1,0,0,0.3333333333333333,0
2026-06-27 15:00:00,前金測站,高雄市,高雄市,前金測站,80.7,47.3,1,0,0,0.3333333333333333,0
2026-06-27 16:00:00,前金測站,高雄市,高雄市,前金測站,89.1,54.1,1,0,0,0.3333333333333333,0
2026-06-27 17:00:00,前金測站,高雄市,高雄市,前金測站,91.9,52.1,1,0,0,0.3333333333333333,0
2026-06-27 18:00:00,前金測站,高雄市,高雄市,前金測站,96.5,48.2,1,0,1,0.6666666666666666,1
2026-06-27 19:00:00,前金測站,高雄市,高雄市,前金測站,91.1,52.2,1,0,0,0.3333333333333333,0
2026-06-27 20:00:00,前金測站,高雄市,高雄市,前金測站,87.0,55.8,1,0,0,0.3333333333333333,0
2026-06-27 21:00:00,前金測站,高雄市,高雄市,前金測站,79.9,48.1,1,0,0,0.3333333333333333,0
2026-06-27 22:00:00,前金測站,高雄市,高雄市,前金測站,92.1,58.2,1,0,1,0.6666666666666666,1
2026-06-27 23:00:00,前金測站,高雄市,高雄市,前金測站,84.3,51.1,1,0,0,0.3333333333333333,0
2026-06-28 00:00:00,前金測站,高雄市,高雄市,前金測站,86.4,56.0,1,0,0,0.3333333333333333,0
2026-06-28 01:00:00,前金測站,高雄市,高雄市,前金測站,75.4,47.7,1,0,0,0.3333333333333333,0
2026-06-28 02:00:00,前金測站,高雄市,高雄市,前金測站,79.9,52.6,1,0,0,0.3333333333333333,0
2026-06-28 03:00:00,前金測站,高雄市,高雄市,前金測站,81.5,54.0,1,0,0,0.3333333333333333,0
2026-06-28 04:00:00,前金測站,高雄市,高雄市,前金測站,68.7,51.1,1,0,0,0.3333333333333333,0
2026-06-28 05:00:00,前金測站,高雄市,高雄市,前金測站,80.4,51.4,1,0,0,0.3333333333333333,0
2026-06-28 06:00:00,前金測站,高雄市,高雄市,前金測站,89.3,52.3,1,0,0,0.3333333333333333,0
2026-06-28 07:00:00,前金測站,高雄市,高雄市,前金測站,86.5,48.9,1,0,0,0.3333333333333333,0
2026-06-28 08:00:00,前金測站,高雄市,高雄市,前金測站,87.2,51.0,1,0,0,0.3333333333333333,0
2026-06-28 09:00:00,前金測站,高雄市,高雄市,前金測站,92.6,52.9,1,0,0,0.3333333333333333,0
2026-06-28 10:00:00,前金測站,高雄市,高雄市,前金測站,87.5,55.8,1,0,0,0.3333333333333333,0
2026-06-28 11:00:00,前金測站,高雄市,高雄市,前金測站,74.7,47.5,1,0,0,0.3333333333333333,0
2026-06-28 12:00:00,前金測站,高雄市,高雄市,前金測站,76.9,49.2,1,0,0,0.3333333333333333,0
2026-06-28 13:00:00,前金測站,高雄市,高雄市,前金測站,86.0,53.5,1,0,0,0.3333333333333333,0
2026-06-28 14:00:00,前金測站,高雄市,高雄市,前金測站,66.2,42.1,1,0,0,0.3333333333333333,0
2026-06-28 15:00:00,前金測站,高雄市,高雄市,前金測站,81.7,51.6,1,0,0,0.3333333333333333,0
2026-06-28 16:00:00,前金測站,高雄市,高雄市,前金測站,83.8,43.3,1,0,0,0.3333333333333333,0
2026-06-28 17:00:00,前金測站,高雄市,高雄市,前金測站,78.7,49.3,1,0,0,0.3333333333333333,0
2026-06-28 18:00:00,前金測站,高雄市,高雄市,前金測站,86.9,48.7,1,0,0,0.3333333333333333,0
2026-06-28 19:00:00,前金測站,高雄市,高雄市,前金測站,78.3,49.7,1,0,0,0.3333333333333333,0
2026-06-28 20:00:00,前金測站,高雄市,高雄市,前金測站,79.6,48.9,1,0,0,0.3333333333333333,0
2026-06-28 21:00:00,前金測站,高雄市,高雄市,前金測站,77.8,50.0,1,0,0,0.3333333333333333,0
2026-06-28 22:00:00,前金測站,高雄市,高雄市,前金測站,74.0,52.8,1,0,0,0.3333333333333333,0
2026-06-28 23:00:00,前金測站,高雄市,高雄市,前金測站,78.0,49.9,1,0,0,0.3333333333333333,0
2026-06-29 00:00:00,前金測站,高雄市,高雄市,前金測站,84.2,49.6,1,0,0,0.3333333333333333,0
2026-06-29 01:00:00,前金測站,高雄市,高雄市,前金測站,71.1,49.1,1,0,0,0.3333333333333333,0
2026-06-29 02:00:00,前金測站,高雄市,高雄市,前金測站,86.6,54.1,1,0,0,0.3333333333333333,0
2026-06-29 03:00:00,前金測站,高雄市,高雄市,前金測站,73.9,47.4,1,0,0,0.3333333333333333,0
2026-06-29 04:00:00,前金測站,高雄市,高雄市,前金測站,74.8,46.6,1,0,0,0.3333333333333333,0
2026-06-29 05:00:00,前金測站,高雄市,高雄市,前金測站,73.0,51.8,1,0,0,0.3333333333333333,0
2026-06-29 06:00:00,前金測站,高雄市,高雄市,前金測站,77.3,47.6,1,1,1,1.0,1
2026-06-29 07:00:00,前金測站,高雄市,高雄市,前金測站,80.9,46.3,1,0,0,0.3333333333333333,0
2026-06-29 08:00:00,前金測站,高雄市,高雄市,前金測站,92.8,58.0,1,1,1,1.0,1
2026-06-29 09:00:00,前金測站,高雄市,高雄市,前金測站,80.8,47.4,1,0,0,0.3333333333333333,0
2026-06-29 10:00:00,前金測站,高雄市,高雄市,前金測站,85.7,49.9,1,0,0,0.3333333333333333,0
2026-06-29 11:00:00,前金測站,高雄市,高雄市,前金測站,78.5,48.3,1,0,0,0.3333333333333333,0
2026-06-29 12:00:00,前金測站,高雄市,高雄市,前金測站,80.5,51.1,1,0,0,0.3333333333333333,0
2026-06-29 13:00:00,前金測站,高雄市,高雄市,前金測站,83.0,52.0,1,0,0,0.3333333333333333,0
2026-06-29 14:00:00,前金測站,高雄市,高雄市,前金測站,79.5,52.5,1,0,0,0.3333333333333333,0
2026-06-29 15:00:00,前金測站,高雄市,高雄市,前金測站,78.8,47.9,1,0,0,0.3333333333333333,0
2026-06-29 16:00:00,前金測站,高雄市,高雄市,前金測站,83.8,51.3,1,0,0,0.3333333333333333,0
2026-06-29 17:00:00,前金測站,高雄市,高雄市,前金測站,92.5,47.2,1,0,0,0.3333333333333333,0
2026-06-29 18:00:00,前金測站,高雄市,高雄市,前金測站,92.2,52.3,1,0,0,0.3333333333333333,0
2026-06-29 19:00:00,前金測站,高雄市,高雄市,前金測站,92.6,49.3,1,0,0,0.3333333333333333,0
2026-06-29 20:00:00,前金測站,高雄市,高雄市,前金測站,94.7,59.7,1,0,1,0.6666666666666666,1
2026-06-29 21:00:00,前金測站,高雄市,高雄市,前金測站,87.6,55.2,1,0,0,0.3333333333333333,0
2026-06-29 22:00:00,前金測站,高雄市,高雄市,前金測站,84.0,52.2,1,0,0,0.3333333333333333,0
2026-06-29 23:00:00,前金測站,高雄市,高雄市,前金測站,77.8,52.2,1,0,0,0.3333333333333333,0
2026-06-30 00:00:00,前金測站,高雄市,高雄市,前金測站,70.4,47.1,1,0,0,0.3333333333333333,0
2026-06-30 01:00:00,前金測站,高雄市,高雄市,前金測站,78.2,53.1,1,0,0,0.3333333333333333,0
2026-06-30 02:00:00,前金測站,高雄市,高雄市,前金測站,76.1,53.4,1,0,0,0.3333333333333333,0
2026-06-30 03:00:00,前金測站,高雄市,高雄市,前金測站,75.1,52.1,1,0,0,0.3333333333333333,0
2026-06-30 04:00:00,前金測站,高雄市,高雄市,前金測站,72.4,48.0,1,0,0,0.3333333333333333,0
2026-06-30 05:00:00,前金測站,高雄市,高雄市,前金測站,85.9,49.0,1,0,0,0.3333333333333333,0
2026-06-30 06:00:00,前金測站,高雄市,高雄市,前金測站,86.6,55.2,1,0,0,0.3333333333333333,0
2026-06-30 07:00:00,前金測站,高雄市,高雄市,前金測站,87.3,48.9,1,0,0,0.3333333333333333,0
2026-06-30 08:00:00,前金測站,高雄市,高雄市,前金測站,82.1,54.6,1,0,0,0.3333333333333333,0
2026-06-30 09:00:00,前金測站,高雄市,高雄市,前金測站,91.0,53.7,1,0,0,0.3333333333333333,0
2026-06-30 10:00:00,前金測站,高雄市,高雄市,前金測站,85.2,52.8,1,0,0,0.3333333333333333,0
2026-06-30 11:00:00,前金測站,高雄市,高雄市,前金測站,77.0,53.6,1,0,0,0.3333333333333333,0
2026-06-30 12:00:00,前金測站,高雄市,高雄市,前金測站,86.2,56.8,1,1,0,0.6666666666666666,1
2026-06-30 13:00:00,前金測站,高雄市,高雄市,前金測站,78.0,54.3,1,0,0,0.3333333333333333,0
2026-06-30 14:00:00,前金測站,高雄市,高雄市,前金測站,83.4,49.3,1,0,0,0.3333333333333333,0
2026-06-30 15:00:00,前金測站,高雄市,高雄市,前金測站,88.4,50.3,1,0,0,0.3333333333333333,0
2026-06-30 16:00:00,前金測站,高雄市,高雄市,前金測站,83.3,46.8,1,0,0,0.3333333333333333,0
2026-06-30 17:00:00,前金測站,高雄市,高雄市,前金測站,90.5,48.2,1,0,0,0.3333333333333333,0
2026-06-30 18:00:00,前金測站,高雄市,高雄市,前金測站,89.2,49.3,1,0,0,0.3333333333333333,0
2026-06-30 19:00:00,前金測站,高雄市,高雄市,前金測站,92.0,52.7,1,0,0,0.3333333333333333,0
2026-06-30 20:00:00,前金測站,高雄市,高雄市,前金測站,87.7,52.6,1,0,0,0.3333333333333333,0
2026-06-30 21:00:00,前金測站,高雄市,高雄市,前金測站,84.9,47.6,1,0,0,0.3333333333333333,0
2026-06-30 22:00:00,前金測站,高雄市,高雄市,前金測站,80.9,51.7,1,0,0,0.3333333333333333,0
2026-06-30 23:00:00,前金測站,高雄市,高雄市,前金測站,81.6,49.7,1,0,0,0.3333333333333333,0
2026-07-01 00:00:00,前金測站,高雄市,高雄市,前金測站,83.2,49.8,1,0,0,0.3333333333333333,0
2026-07-01 01:00:00,前金測站,高雄市,高雄市,前金測站,84.7,52.3,1,0,0,0.3333333333333333,0
2026-07-01 02:00:00,前金測站,高雄市,高雄市,前金測站,89.8,57.1,1,1,0,0.6666666666666666,1
2026-07-01 03:00:00,前金測站,高雄市,高雄市,前金測站,94.6,50.1,1,0,0,0.3333333333333333,0
2026-07-01 04:00:00,前金測站,高雄市,高雄市,前金測站,91.3,50.2,1,0,0,0.3333333333333333,0
2026-07-01 05:00:00,前金測站,高雄市,高雄市,前金測站,98.0,54.1,1,0,0,0.3333333333333333,0
2026-07-01 06:00:00,前金測站,高雄市,高雄市,前金測站,86.6,48.1,1,0,0,0.3333333333333333,0
2026-07-01 07:00:00,前金測站,高雄市,高雄市,前金測站,99.4,52.9,1,0,0,0.3333333333333333,0
2026-07-01 08:00:00,前金測站,高雄市,高雄市,前金測站,101.0,57.5,1,1,1,1.0,1
2026-07-01 09:00:00,前金測站,高雄市,高雄市,前金測站,91.6,53.8,1,0,1,0.6666666666666666,1
2026-07-01 10:00:00,前金測站,高雄市,高雄市,前金測站,91.3,58.4,1,0,0,0.3333333333333333,0
2026-07-01 11:00:00,前金測站,高雄市,高雄市,前金測站,91.2,52.5,1,0,0,0.3333333333333333,0
2026-07-01 12:00:00,前金測站,高雄市,高雄市,前金測站,86.2,53.0,1,0,0,0.3333333333333333,0
2026-07-01 13:00:00,前金測站,高雄市,高雄市,前金測站,80.7,48.3,1,0,0,0.3333333333333333,0
2026-07-01 14:00:00,前金測站,高雄市,高雄市,前金測站,87.4,53.5,1,0,0,0.3333333333333333,0
2026-07-01 15:00:00,前金測站,高雄市,高雄市,前金測站,91.4,47.3,1,0,0,0.3333333333333333,0
2026-07-01 16:00:00,前金測站,高雄市,高雄市,前金測站,102.1,59.6,1,1,1,1.0,1
2026-07-01 17:00:00,前金測站,高雄市,高雄市,前金測站,100.2,55.2,1,1,1,1.0,1
2026-07-01 18:00:00,前金測站,高雄市,高雄市,前金測站,95.0,53.2,1,0,1,0.6666666666666666,1
2026-07-01 19:00:00,前金測站,高雄市,高雄市,前金測站,100.9,55.2,1,0,1,0.6666666666666666,1
2026-07-01 20:00:00,前金測站,高雄市,高雄市,前金測站,88.8,44.3,1,0,0,0.3333333333333333,0
2026-07-01 21:00:00,前金測站,高雄市,高雄市,前金測站,97.2,54.2,1,0,1,0.6666666666666666,1
2026-07-01 22:00:00,前金測站,高雄市,高雄市,前金測站,86.6,53.6,1,0,1,0.6666666666666666,1
2026-07-01 23:00:00,前金測站,高雄市,高雄市,前金測站,93.0,54.1,1,0,0,0.3333333333333333,0
2026-07-02 00:00:00,前金測站,高雄市,高雄市,前金測站,85.1,43.9,1,0,0,0.3333333333333333,0
2026-07-02 01:00:00,前金測站,高雄市,高雄市,前金測站,94.1,52.7,1,1,1,1.0,1
2026-07-02 02:00:00,前金測站,高雄市,高雄市,前金測站,88.1,48.7,1,1,0,0.6666666666666666,1
2026-07-02 03:00:00,前金測站,高雄市,高雄市,前金測站,95.1,53.3,1,0,0,0.3333333333333333,0
2026-07-02 04:00:00,前金測站,高雄市,高雄市,前金測站,85.9,57.5,1,0,0,0.3333333333333333,0
2026-07-02 05:00:00,前金測站,高雄市,高雄市,前金測站,94.0,51.2,1,0,0,0.3333333333333333,0
2026-07-02 06:00:00,前金測站,高雄市,高雄市,前金測站,96.4,55.7,1,0,0,0.3333333333333333,0
2026-07-02 07:00:00,前金測站,高雄市,高雄市,前金測站,111.1,59.5,1,1,1,1.0,1
2026-07-02 08:00:00,前金測站,高雄市,高雄市,前金測站,104.6,48.4,1,0,1,0.6666666666666666,1
2026-07-02 09:00:00,前金測站,高雄市,高雄市,前金測站,95.5,56.1,1,0,0,0.3333333333333333,0
2026-07-02 10:00:00,前金測站,高雄市,高雄市,前金測站,99.5,59.0,1,0,1,0.6666666666666666,1
2026-07-02 11:00:00,前金測站,高雄市,高雄市,前金測站,101.9,52.6,1,0,1,0.6666666666666666,1
2026-07-02 12:00:00,前金測站,高雄市,高雄市,前金測站,90.0,57.0,1,0,0,0.3333333333333333,0
2026-07-02 13:00:00,前金測站,高雄市,高雄市,前金測站,94.7,57.7,1,0,0,0.3333333333333333,0
2026-07-02 14:00:00,前金測站,高雄市,高雄市,前金測站,99.9,56.1,1,0,0,0.3333333333333333,0
2026-07-02 15:00:00,前金測站,高雄市,高雄市,前金測站,90.3,54.8,1,0,0,0.3333333333333333,0
2026-07-02 16:00:00,前金測站,高雄市,高雄市,前金測站,104.7,58.6,1,0,1,0.6666666666666666,1
2026-07-02 17:00:00,前金測站,高雄市,高雄市,前金測站,87.4,52.7,1,0,1,0.6666666666666666,1
2026-07-02 18:00:00,前金測站,高雄市,高雄市,前金測站,96.5,52.3,1,1,1,1.0,1
2026-07-02 19:00:00,前金測站,高雄市,高雄市,前金測站,87.6,55.2,1,0,1,0.6666666666666666,1
2026-07-02 20:00:00,前金測站,高雄市,高雄市,前金測站,84.9,52.4,1,0,0,0.3333333333333333,0
2026-07-02 21:00:00,前金測站,高雄市,高雄市,前金測站,87.9,49.8,1,0,0,0.3333333333333333,0
2026-07-02 22:00:00,前金測站,高雄市,高雄市,前金測站,78.4,52.4,1,0,0,0.3333333333333333,0
2026-07-02 23:00:00,前金測站,高雄市,高雄市,前金測站,90.7,57.7,1,0,0,0.3333333333333333,0
2026-07-03 00:00:00,前金測站,高雄市,高雄市,前金測站,91.7,58.3,1,1,1,1.0,1
2026-07-03 01:00:00,前金測站,高雄市,高雄市,前金測站,96.2,52.3,1,0,1,0.6666666666666666,1
2026-07-03 02:00:00,前金測站,高雄市,高雄市,前金測站,86.3,50.8,1,0,0,0.3333333333333333,0
2026-07-03 03:00:00,前金測站,高雄市,高雄市,前金測站,94.7,52.5,1,0,0,0.3333333333333333,0
2026-07-03 04:00:00,前金測站,高雄市,高雄市,前金測站,86.8,55.8,1,0,0,0.3333333333333333,0
2026-07-03 05:00:00,前金測站,高雄市,高雄市,前金測站,92.2,51.0,1,0,0,0.3333333333333333,0
2026-07-03 06:00:00,前金測站,高雄市,高雄市,前金測站,93.0,51.8,1,0,0,0.3333333333333333,0
2026-07-03 07:00:00,前金測站,高雄市,高雄市,前金測站,107.4,51.6,1,0,0,0.3333333333333333,0
2026-07-03 08:00:00,前金測站,高雄市,高雄市,前金測站,100.7,60.4,1,1,1,1.0,1
2026-07-03 09:00:00,前金測站,高雄市,高雄市,前金測站,96.5,49.4,1,0,0,0.3333333333333333,0
2026-07-03 10:00:00,前金測站,高雄市,高雄市,前金測站,94.6,56.4,1,0,0,0.3333333333333333,0
2026-07-03 11:00:00,前金測站,高雄市,高雄市,前金測站,92.1,48.5,1,0,0,0.3333333333333333,0
2026-07-03 12:00:00,前金測站,高雄市,高雄市,前金測站,80.9,50.0,1,0,0,0.3333333333333333,0
2026-07-03 13:00:00,前金測站,高雄市,高雄市,前金測站,78.6,48.8,1,0,0,0.3333333333333333,0
2026-07-03 14:00:00,前金測站,高雄市,高雄市,前金測站,89.0,57.5,1,0,1,0.6666666666666666,1
2026-07-03 15:00:00,前金測站,高雄市,高雄市,前金測站,87.3,47.3,1,0,0,0.3333333333333333,0
2026-07-03 16:00:00,前金測站,高雄市,高雄市,前金測站,84.7,52.5,1,0,0,0.3333333333333333,0
2026-07-03 17:00:00,前金測站,高雄市,高雄市,前金測站,91.8,52.4,1,0,0,0.3333333333333333,0
2026-07-03 18:00:00,前金測站,高雄市,高雄市,前金測站,100.4,54.1,1,0,1,0.6666666666666666,1
2026-07-03 19:00:00,前金測站,高雄市,高雄市,前金測站,99.9,54.4,1,0,1,0.6666666666666666,1
2026-07-03 20:00:00,前金測站,高雄市,高雄市,前金測站,164.6,67.7,1,1,1,1.0,1
2026-07-03 21:00:00,前金測站,高雄市,高雄市,前金測站,88.8,54.2,1,1,1,1.0,1
2026-07-03 22:00:00,前金測站,高雄市,高雄市,前金測站,89.9,49.9,1,0,0,0.3333333333333333,0
2026-07-03 23:00:00,前金測站,高雄市,高雄市,前金測站,87.2,49.8,1,0,0,0.3333333333333333,0
2026-07-04 00:00:00,前金測站,高雄市,高雄市,前金測站,73.6,53.5,1,0,0,0.3333333333333333,0
2026-07-04 01:00:00,前金測站,高雄市,高雄市,前金測站,77.8,55.8,1,0,0,0.3333333333333333,0
2026-07-04 02:00:00,前金測站,高雄市,高雄市,前金測站,76.9,49.2,1,0,0,0.3333333333333333,0
2026-07-04 03:00:00,前金測站,高雄市,高雄市,前金測站,72.5,52.8,1,0,0,0.3333333333333333,0
2026-07-04 04:00:00,前金測站,高雄市,高雄市,前金測站,77.6,46.8,1,0,0,0.3333333333333333,0
2026-07-04 05:00:00,前金測站,高雄市,高雄市,前金測站,71.2,43.6,1,0,0,0.3333333333333333,0
2026-07-04 06:00:00,前金測站,高雄市,高雄市,前金測站,70.6,49.6,1,0,0,0.3333333333333333,0
2026-07-04 07:00:00,前金測站,高雄市,高雄市,前金測站,83.5,52.9,1,0,0,0.3333333333333333,0
2026-07-04 08:00:00,前金測站,高雄市,高雄市,前金測站,81.7,58.0,1,0,0,0.3333333333333333,0
2026-07-04 09:00:00,前金測站,高雄市,高雄市,前金測站,81.2,53.2,1,1,0,0.6666666666666666,1
2026-07-04 10:00:00,前金測站,高雄市,高雄市,前金測站,84.5,46.5,1,0,0,0.3333333333333333,0
2026-07-04 11:00:00,前金測站,高雄市,高雄市,前金測站,75.6,48.9,1,1,0,0.6666666666666666,1
2026-07-04 12:00:00,前金測站,高雄市,高雄市,前金測站,84.0,49.9,1,0,0,0.3333333333333333,0
2026-07-04 13:00:00,前金測站,高雄市,高雄市,前金測站,70.2,43.5,1,0,0,0.3333333333333333,0
2026-07-04 14:00:00,前金測站,高雄市,高雄市,前金測站,69.7,46.9,1,0,0,0.3333333333333333,0
2026-07-04 15:00:00,前金測站,高雄市,高雄市,前金測站,74.4,47.8,1,0,0,0.3333333333333333,0
2026-07-04 16:00:00,前金測站,高雄市,高雄市,前金測站,74.2,49.7,1,0,0,0.3333333333333333,0
2026-07-04 17:00:00,前金測站,高雄市,高雄市,前金測站,77.0,53.7,1,0,0,0.3333333333333333,0
2026-07-04 18:00:00,前金測站,高雄市,高雄市,前金測站,73.8,50.0,1,0,0,0.3333333333333333,0
2026-07-04 19:00:00,前金測站,高雄市,高雄市,前金測站,77.1,50.1,1,0,0,0.3333333333333333,0
2026-07-04 20:00:00,前金測站,高雄市,高雄市,前金測站,78.9,50.7,1,0,0,0.3333333333333333,0
2026-07-04 21:00:00,前金測站,高雄市,高雄市,前金測站,74.2,49.5,1,0,0,0.3333333333333333,0
2026-07-04 22:00:00,前金測站,高雄市,高雄市,前金測站,80.4,45.0,1,0,0,0.3333333333333333,0
2026-07-04 23:00:00,前金測站,高雄市,高雄市,前金測站,67.6,45.5,1,0,0,0.3333333333333333,0
2026-07-05 00:00:00,前金測站,高雄市,高雄市,前金測站,66.7,43.3,1,0,0,0.3333333333333333,0
2026-07-05 01:00:00,前金測站,高雄市,高雄市,前金測站,71.8,45.3,1,0,0,0.3333333333333333,0
2026-07-05 02:00:00,前金測站,高雄市,高雄市,前金測站,66.7,44.5,1,0,0,0.3333333333333333,0
2026-07-05 03:00:00,前金測站,高雄市,高雄市,前金測站,71.7,48.0,1,0,0,0.3333333333333333,0
2026-07-05 04:00:00,前金測站,高雄市,高雄市,前金測站,72.0,47.1,1,0,0,0.3333333333333333,0
2026-07-05 05:00:00,前金測站,高雄市,高雄市,前金測站,70.9,53.9,1,0,0,0.3333333333333333,0
2026-07-05 06:00:00,前金測站,高雄市,高雄市,前金測站,79.9,47.4,1,0,0,0.3333333333333333,0
2026-07-05 07:00:00,前金測站,高雄市,高雄市,前金測站,82.4,46.6,1,0,0,0.3333333333333333,0
2026-07-05 08:00:00,前金測站,高雄市,高雄市,前金測站,86.2,47.3,1,0,0,0.3333333333333333,0
2026-07-05 09:00:00,前金測站,高雄市,高雄市,前金測站,77.3,54.2,1,0,0,0.3333333333333333,0
2026-07-05 10:00:00,前金測站,高雄市,高雄市,前金測站,81.2,48.7,1,0,0,0.3333333333333333,0
2026-07-05 11:00:00,前金測站,高雄市,高雄市,前金測站,81.2,53.4,1,0,0,0.3333333333333333,0
2026-07-05 12:00:00,前金測站,高雄市,高雄市,前金測站,67.6,49.3,1,0,0,0.3333333333333333,0
2026-07-05 13:00:00,前金測站,高雄市,高雄市,前金測站,73.5,50.9,1,0,0,0.3333333333333333,0
2026-07-05 14:00:00,前金測站,高雄市,高雄市,前金測站,77.2,44.1,1,0,0,0.3333333333333333,0
2026-07-05 15:00:00,前金測站,高雄市,高雄市,前金測站,81.0,52.9,1,0,0,0.3333333333333333,0
2026-07-05 16:00:00,前金測站,高雄市,高雄市,前金測站,71.3,50.9,1,0,0,0.3333333333333333,0
2026-07-05 17:00:00,前金測站,高雄市,高雄市,前金測站,81.2,49.8,1,0,0,0.3333333333333333,0
2026-07-05 18:00:00,前金測站,高雄市,高雄市,前金測站,84.7,51.0,1,0,0,0.3333333333333333,0
2026-07-05 19:00:00,前金測站,高雄市,高雄市,前金測站,136.6,55.5,1,1,1,1.0,1
2026-07-05 20:00:00,前金測站,高雄市,高雄市,前金測站,87.5,52.5,1,1,1,1.0,1
2026-07-05 21:00:00,前金測站,高雄市,高雄市,前金測站,83.7,53.9,1,0,0,0.3333333333333333,0
2026-07-05 22:00:00,前金測站,高雄市,高雄市,前金測站,91.7,48.5,1,0,0,0.3333333333333333,0
2026-07-05 23:00:00,前金測站,高雄市,高雄市,前金測站,69.5,50.5,1,1,0,0.6666666666666666,1
2026-07-06 00:00:00,前金測站,高雄市,高雄市,前金測站,87.3,51.0,1,0,0,0.3333333333333333,0
2026-07-06 01:00:00,前金測站,高雄市,高雄市,前金測站,87.1,48.7,1,0,0,0.3333333333333333,0
2026-07-06 02:00:00,前金測站,高雄市,高雄市,前金測站,85.5,55.0,1,0,0,0.3333333333333333,0
2026-07-06 03:00:00,前金測站,高雄市,高雄市,前金測站,80.0,51.0,1,0,0,0.3333333333333333,0
2026-07-06 04:00:00,前金測站,高雄市,高雄市,前金測站,82.9,49.4,1,0,0,0.3333333333333333,0
2026-07-06 05:00:00,前金測站,高雄市,高雄市,前金測站,88.0,58.9,1,0,0,0.3333333333333333,0
2026-07-06 06:00:00,前金測站,高雄市,高雄市,前金測站,89.2,53.7,1,0,0,0.3333333333333333,0
2026-07-06 07:00:00,前金測站,高雄市,高雄市,前金測站,97.9,46.8,1,0,0,0.3333333333333333,0
2026-07-06 08:00:00,前金測站,高雄市,高雄市,前金測站,100.4,58.1,1,0,1,0.6666666666666666,1
2026-07-06 09:00:00,前金測站,高雄市,高雄市,前金測站,93.0,53.4,1,0,0,0.3333333333333333,0
2026-07-06 10:00:00,前金測站,高雄市,高雄市,前金測站,98.7,59.6,1,1,1,1.0,1
2026-07-06 11:00:00,前金測站,高雄市,高雄市,前金測站,99.0,59.7,1,0,0,0.3333333333333333,0
2026-07-06 12:00:00,前金測站,高雄市,高雄市,前金測站,91.6,50.8,1,0,0,0.3333333333333333,0
2026-07-06 13:00:00,前金測站,高雄市,高雄市,前金測站,87.5,48.5,1,0,0,0.3333333333333333,0
2026-07-06 14:00:00,前金測站,高雄市,高雄市,前金測站,87.5,51.7,1,0,0,0.3333333333333333,0
2026-07-06 15:00:00,前金測站,高雄市,高雄市,前金測站,86.3,52.7,1,0,0,0.3333333333333333,0
2026-07-06 16:00:00,前金測站,高雄市,高雄市,前金測站,95.9,56.7,1,0,1,0.6666666666666666,1
2026-07-06 17:00:00,前金測站,高雄市,高雄市,前金測站,93.4,55.7,1,1,1,1.0,1
2026-07-06 18:00:00,前金測站,高雄市,高雄市,前金測站,96.1,58.7,1,1,1,1.0,1
2026-07-06 19:00:00,前金測站,高雄市,高雄市,前金測站,106.6,55.8,1,0,1,0.6666666666666666,1
2026-07-06 20:00:00,前金測站,高雄市,高雄市,前金測站,91.6,54.9,1,0,0,0.3333333333333333,0
2026-07-06 21:00:00,前金測站,高雄市,高雄市,前金測站,99.3,53.0,1,0,0,0.3333333333333333,0
2026-07-06 22:00:00,前金測站,高雄市,高雄市,前金測站,89.2,50.5,1,0,0,0.3333333333333333,0
2026-07-06 23:00:00,前金測站,高雄市,高雄市,前金測站,93.0,51.8,1,0,0,0.3333333333333333,0
2026-07-07 00:00:00,前金測站,高雄市,高雄市,前金測站,100.4,51.7,1,0,0,0.3333333333333333,0
2026-07-07 01:00:00,前金測站,高雄市,高雄市,前金測站,91.2,47.2,1,0,0,0.3333333333333333,0
2026-07-07 02:00:00,前金測站,高雄市,高雄市,前金測站,94.3,57.8,1,0,1,0.6666666666666666,1
2026-07-07 03:00:00,前金測站,高雄市,高雄市,前金測站,89.2,51.5,1,0,0,0.3333333333333333,0
2026-07-07 04:00:00,前金測站,高雄市,高雄市,前金測站,90.5,51.3,1,0,0,0.3333333333333333,0
2026-07-07 05:00:00,前金測站,高雄市,高雄市,前金測站,96.4,54.1,1,0,0,0.3333333333333333,0
2026-07-07 06:00:00,前金測站,高雄市,高雄市,前金測站,91.6,53.8,1,0,0,0.3333333333333333,0
2026-07-07 07:00:00,前金測站,高雄市,高雄市,前金測站,108.2,59.6,1,1,1,1.0,1
2026-07-07 08:00:00,前金測站,高雄市,高雄市,前金測站,103.7,58.9,1,1,1,1.0,1
2026-07-07 09:00:00,前金測站,高雄市,高雄市,前金測站,101.8,58.3,1,0,1,0.6666666666666666,1
2026-07-07 10:00:00,前金測站,高雄市,高雄市,前金測站,93.4,54.5,1,0,0,0.3333333333333333,0
2026-07-07 11:00:00,前金測站,高雄市,高雄市,前金測站,84.5,48.4,1,0,0,0.3333333333333333,0
2026-07-07 12:00:00,前金測站,高雄市,高雄市,前金測站,82.0,47.6,1,0,0,0.3333333333333333,0
2026-07-07 13:00:00,前金測站,高雄市,高雄市,前金測站,91.1,54.7,1,0,0,0.3333333333333333,0
2026-07-07 14:00:00,前金測站,高雄市,高雄市,前金測站,94.7,47.7,1,0,0,0.3333333333333333,0
2026-07-07 15:00:00,前金測站,高雄市,高雄市,前金測站,85.9,51.3,1,0,0,0.3333333333333333,0
2026-07-07 16:00:00,前金測站,高雄市,高雄市,前金測站,95.6,53.6,1,0,0,0.3333333333333333,0
2026-07-07 17:00:00,前金測站,高雄市,高雄市,前金測站,98.6,53.1,1,0,0,0.3333333333333333,0
2026-07-07 18:00:00,前金測站,高雄市,高雄市,前金測站,102.7,50.7,1,1,1,1.0,1
2026-07-07 19:00:00,前金測站,高雄市,高雄市,前金測站,99.2,53.8,1,0,0,0.3333333333333333,0
2026-07-07 20:00:00,前金測站,高雄市,高雄市,前金測站,99.0,54.2,1,0,1,0.6666666666666666,1
2026-07-07 21:00:00,前金測站,高雄市,高雄市,前金測站,97.9,51.4,1,0,0,0.3333333333333333,0
2026-07-07 22:00:00,前金測站,高雄市,高雄市,前金測站,89.0,57.4,1,0,0,0.3333333333333333,0
2026-07-07 23:00:00,前金測站,高雄市,高雄市,前金測站,88.5,51.3,1,0,0,0.3333333333333333,0
2026-07-08 00:00:00,前金測站,高雄市,高雄市,前金測站,91.2,53.5,1,0,0,0.3333333333333333,0
2026-07-08 01:00:00,前金測站,高雄市,高雄市,前金測站,79.9,50.4,1,0,0,0.3333333333333333,0
2026-07-08 02:00:00,前金測站,高雄市,高雄市,前金測站,80.2,48.2,1,0,0,0.3333333333333333,0
2026-07-08 03:00:00,前金測站,高雄市,高雄市,前金測站,82.1,48.7,1,0,0,0.3333333333333333,0
2026-07-08 04:00:00,前金測站,高雄市,高雄市,前金測站,87.5,50.5,1,0,0,0.3333333333333333,0
2026-07-08 05:00:00,前金測站,高雄市,高雄市,前金測站,87.9,55.8,1,1,0,0.6666666666666666,1
2026-07-08 06:00:00,前金測站,高雄市,高雄市,前金測站,96.9,57.4,1,0,0,0.3333333333333333,0
2026-07-08 07:00:00,前金測站,高雄市,高雄市,前金測站,97.0,52.3,1,0,0,0.3333333333333333,0
2026-07-08 08:00:00,前金測站,高雄市,高雄市,前金測站,93.7,55.1,1,0,0,0.3333333333333333,0
2026-07-08 09:00:00,前金測站,高雄市,高雄市,前金測站,91.1,50.5,1,0,0,0.3333333333333333,0
2026-07-08 10:00:00,前金測站,高雄市,高雄市,前金測站,95.2,51.9,1,0,0,0.3333333333333333,0
2026-07-08 11:00:00,前金測站,高雄市,高雄市,前金測站,77.3,47.8,1,0,0,0.3333333333333333,0
2026-07-08 12:00:00,前金測站,高雄市,高雄市,前金測站,85.2,52.4,1,0,0,0.3333333333333333,0
2026-07-08 13:00:00,前金測站,高雄市,高雄市,前金測站,88.7,49.7,1,0,0,0.3333333333333333,0
2026-07-08 14:00:00,前金測站,高雄市,高雄市,前金測站,82.7,51.2,1,1,0,0.6666666666666666,1
2026-07-08 15:00:00,前金測站,高雄市,高雄市,前金測站,86.7,50.7,1,0,0,0.3333333333333333,0
2026-07-08 16:00:00,前金測站,高雄市,高雄市,前金測站,80.7,49.3,1,0,0,0.3333333333333333,0
2026-07-08 17:00:00,前金測站,高雄市,高雄市,前金測站,91.9,55.2,1,0,0,0.3333333333333333,0
2026-07-08 18:00:00,前金測站,高雄市,高雄市,前金測站,90.4,56.4,1,1,1,1.0,1
2026-07-08 19:00:00,前金測站,高雄市,高雄市,前金測站,87.0,51.4,1,0,0,0.3333333333333333,0
2026-07-08 20:00:00,前金測站,高雄市,高雄市,前金測站,85.5,52.7,1,0,0,0.3333333333333333,0
2026-07-08 21:00:00,前金測站,高雄市,高雄市,前金測站,81.2,54.2,1,0,0,0.3333333333333333,0
2026-07-08 22:00:00,前金測站,高雄市,高雄市,前金測站,85.1,50.8,1,0,0,0.3333333333333333,0
2026-07-08 23:00:00,前金測站,高雄市,高雄市,前金測站,78.5,45.9,1,0,0,0.3333333333333333,0
2026-07-09 00:00:00,前金測站,高雄市,高雄市,前金測站,75.6,47.7,1,0,0,0.3333333333333333,0
2026-07-09 01:00:00,前金測站,高雄市,高雄市,前金測站,88.0,48.8,1,0,0,0.3333333333333333,0
2026-07-09 02:00:00,前金測站,高雄市,高雄市,前金測站,76.5,48.7,1,0,0,0.3333333333333333,0
2026-07-09 03:00:00,前金測站,高雄市,高雄市,前金測站,82.1,47.5,1,0,0,0.3333333333333333,0
2026-07-09 04:00:00,前金測站,高雄市,高雄市,前金測站,81.2,51.8,1,0,0,0.3333333333333333,0
2026-07-09 05:00:00,前金測站,高雄市,高雄市,前金測站,76.2,52.9,1,0,0,0.3333333333333333,0
2026-07-09 06:00:00,前金測站,高雄市,高雄市,前金測站,98.1,53.6,1,1,1,1.0,1
2026-07-09 07:00:00,前金測站,高雄市,高雄市,前金測站,100.4,53.2,1,0,0,0.3333333333333333,0
2026-07-09 08:00:00,前金測站,高雄市,高雄市,前金測站,92.6,47.8,1,0,0,0.3333333333333333,0
2026-07-09 09:00:00,前金測站,高雄市,高雄市,前金測站,93.0,49.0,1,0,0,0.3333333333333333,0
2026-07-09 10:00:00,前金測站,高雄市,高雄市,前金測站,89.3,51.2,1,0,0,0.3333333333333333,0
2026-07-09 11:00:00,前金測站,高雄市,高雄市,前金測站,87.7,55.8,1,0,0,0.3333333333333333,0
2026-07-09 12:00:00,前金測站,高雄市,高雄市,前金測站,84.7,48.5,1,0,0,0.3333333333333333,0
2026-07-09 13:00:00,前金測站,高雄市,高雄市,前金測站,70.5,47.0,1,0,0,0.3333333333333333,0
2026-07-09 14:00:00,前金測站,高雄市,高雄市,前金測站,83.4,55.4,1,0,0,0.3333333333333333,0
2026-07-09 15:00:00,前金測站,高雄市,高雄市,前金測站,78.3,51.7,1,0,0,0.3333333333333333,0
2026-07-09 16:00:00,前金測站,高雄市,高雄市,前金測站,72.2,50.3,1,0,0,0.3333333333333333,0
2026-07-09 17:00:00,前金測站,高雄市,高雄市,前金測站,87.8,52.0,1,0,0,0.3333333333333333,0
2026-07-09 18:00:00,前金測站,高雄市,高雄市,前金測站,87.1,44.5,1,0,0,0.3333333333333333,0
2026-07-09 19:00:00,前金測站,高雄市,高雄市,前金測站,83.9,51.6,1,0,0,0.3333333333333333,0
2026-07-09 20:00:00,前金測站,高雄市,高雄市,前金測站,89.4,50.8,1,0,0,0.3333333333333333,0
2026-07-09 21:00:00,前金測站,高雄市,高雄市,前金測站,80.6,51.9,1,0,0,0.3333333333333333,0
2026-07-09 22:00:00,前金測站,高雄市,高雄市,前金測站,79.8,49.1,1,0,0,0.3333333333333333,0
2026-07-09 23:00:00,前金測站,高雄市,高雄市,前金測站,74.6,50.4,1,0,0,0.3333333333333333,0
2026-07-10 00:00:00,前金測站,高雄市,高雄市,前金測站,72.8,48.9,1,0,0,0.3333333333333333,0
2026-07-10 01:00:00,前金測站,高雄市,高雄市,前金測站,83.5,49.5,1,0,0,0.3333333333333333,0
2026-07-10 02:00:00,前金測站,高雄市,高雄市,前金測站,77.5,46.4,1,0,0,0.3333333333333333,0
2026-07-10 03:00:00,前金測站,高雄市,高雄市,前金測站,71.6,52.2,1,0,0,0.3333333333333333,0
2026-07-10 04:00:00,前金測站,高雄市,高雄市,前金測站,77.0,50.4,1,0,0,0.3333333333333333,0
2026-07-10 05:00:00,前金測站,高雄市,高雄市,前金測站,71.6,49.3,1,0,0,0.3333333333333333,0
2026-07-10 06:00:00,前金測站,高雄市,高雄市,前金測站,83.6,50.3,1,0,0,0.3333333333333333,0
2026-07-10 07:00:00,前金測站,高雄市,高雄市,前金測站,93.6,52.8,1,0,0,0.3333333333333333,0
2026-07-10 08:00:00,前金測站,高雄市,高雄市,前金測站,93.6,55.8,1,0,0,0.3333333333333333,0
2026-07-10 09:00:00,前金測站,高雄市,高雄市,前金測站,87.2,49.4,1,0,0,0.3333333333333333,0
2026-07-10 10:00:00,前金測站,高雄市,高雄市,前金測站,80.6,47.3,1,0,0,0.3333333333333333,0
2026-07-10 11:00:00,前金測站,高雄市,高雄市,前金測站,88.6,48.2,1,0,0,0.3333333333333333,0
2026-07-10 12:00:00,前金測站,高雄市,高雄市,前金測站,80.5,48.8,1,0,0,0.3333333333333333,0
2026-07-10 13:00:00,前金測站,高雄市,高雄市,前金測站,87.3,50.4,1,0,0,0.3333333333333333,0
2026-07-10 14:00:00,前金測站,高雄市,高雄市,前金測站,80.2,50.3,1,0,0,0.3333333333333333,0
2026-07-10 15:00:00,前金測站,高雄市,高雄市,前金測站,91.7,53.1,1,0,0,0.3333333333333333,0
2026-07-10 16:00:00,前金測站,高雄市,高雄市,前金測站,90.5,55.1,1,0,0,0.3333333333333333,0
2026-07-10 17:00:00,前金測站,高雄市,高雄市,前金測站,93.5,50.5,1,0,0,0.3333333333333333,0
2026-07-10 18:00:00,前金測站,高雄市,高雄市,前金測站,102.9,57.1,1,0,1,0.6666666666666666,1
2026-07-10 19:00:00,前金測站,高雄市,高雄市,前金測站,86.5,52.9,1,0,1,0.6666666666666666,1
2026-07-10 20:00:00,前金測站,高雄市,高雄市,前金測站,86.2,51.9,1,0,0,0.3333333333333333,0
2026-07-10 21:00:00,前金測站,高雄市,高雄市,前金測站,79.5,46.3,1,0,0,0.3333333333333333,0
2026-07-10 22:00:00,前金測站,高雄市,高雄市,前金測站,90.3,53.9,1,0,0,0.3333333333333333,0
2026-07-10 23:00:00,前金測站,高雄市,高雄市,前金測站,74.4,48.5,1,0,0,0.3333333333333333,0
2026-07-11 00:00:00,前金測站,高雄市,高雄市,前金測站,79.2,47.6,1,0,0,0.3333333333333333,0
2026-07-11 01:00:00,前金測站,高雄市,高雄市,前金測站,70.4,48.5,1,0,0,0.3333333333333333,0
2026-07-11 02:00:00,前金測站,高雄市,高雄市,前金測站,78.9,48.5,1,0,0,0.3333333333333333,0
2026-07-11 03:00:00,前金測站,高雄市,高雄市,前金測站,78.1,51.7,1,0,0,0.3333333333333333,0
2026-07-11 04:00:00,前金測站,高雄市,高雄市,前金測站,69.1,53.6,1,0,0,0.3333333333333333,0
2026-07-11 05:00:00,前金測站,高雄市,高雄市,前金測站,91.3,53.5,1,1,0,0.6666666666666666,1
2026-07-11 06:00:00,前金測站,高雄市,高雄市,前金測站,87.3,50.7,1,0,0,0.3333333333333333,0
2026-07-11 07:00:00,前金測站,高雄市,高雄市,前金測站,93.3,51.3,1,1,0,0.6666666666666666,1
2026-07-11 08:00:00,前金測站,高雄市,高雄市,前金測站,93.5,52.8,1,1,0,0.6666666666666666,1
2026-07-11 09:00:00,前金測站,高雄市,高雄市,前金測站,82.6,52.5,1,0,0,0.3333333333333333,0
2026-07-11 10:00:00,前金測站,高雄市,高雄市,前金測站,90.6,46.2,1,0,0,0.3333333333333333,0
2026-07-11 11:00:00,前金測站,高雄市,高雄市,前金測站,77.4,46.2,1,0,0,0.3333333333333333,0
2026-07-11 12:00:00,前金測站,高雄市,高雄市,前金測站,77.8,48.9,1,0,0,0.3333333333333333,0
2026-07-11 13:00:00,前金測站,高雄市,高雄市,前金測站,85.2,50.1,1,0,0,0.3333333333333333,0
2026-07-11 14:00:00,前金測站,高雄市,高雄市,前金測站,82.7,51.3,1,0,0,0.3333333333333333,0
2026-07-11 15:00:00,前金測站,高雄市,高雄市,前金測站,84.8,51.1,1,0,0,0.3333333333333333,0
2026-07-11 16:00:00,前金測站,高雄市,高雄市,前金測站,84.3,48.3,1,0,0,0.3333333333333333,0
2026-07-11 17:00:00,前金測站,高雄市,高雄市,前金測站,87.0,53.6,1,0,0,0.3333333333333333,0
2026-07-11 18:00:00,前金測站,高雄市,高雄市,前金測站,89.3,57.5,1,0,0,0.3333333333333333,0
2026-07-11 19:00:00,前金測站,高雄市,高雄市,前金測站,94.1,49.1,1,0,0,0.3333333333333333,0
2026-07-11 20:00:00,前金測站,高雄市,高雄市,前金測站,88.7,50.9,1,0,0,0.3333333333333333,0
2026-07-11 21:00:00,前金測站,高雄市,高雄市,前金測站,92.5,56.5,1,0,0,0.3333333333333333,0
2026-07-11 22:00:00,前金測站,高雄市,高雄市,前金測站,90.4,51.2,1,0,0,0.3333333333333333,0
2026-07-11 23:00:00,前金測站,高雄市,高雄市,前金測站,78.8,46.3,1,0,0,0.3333333333333333,0
2026-07-12 00:00:00,前金測站,高雄市,高雄市,前金測站,85.2,54.0,1,0,0,0.3333333333333333,0
2026-07-12 01:00:00,前金測站,高雄市,高雄市,前金測站,70.3,50.1,1,0,0,0.3333333333333333,0
2026-07-12 02:00:00,前金測站,高雄市,高雄市,前金測站,80.1,47.1,1,0,0,0.3333333333333333,0
2026-07-12 03:00:00,前金測站,高雄市,高雄市,前金測站,81.3,49.8,1,0,0,0.3333333333333333,0
2026-07-12 04:00:00,前金測站,高雄市,高雄市,前金測站,89.2,48.5,1,0,0,0.3333333333333333,0
2026-07-12 05:00:00,前金測站,高雄市,高雄市,前金測站,88.5,51.4,1,0,0,0.3333333333333333,0
2026-07-12 06:00:00,前金測站,高雄市,高雄市,前金測站,96.0,54.5,1,0,0,0.3333333333333333,0
2026-07-12 07:00:00,前金測站,高雄市,高雄市,前金測站,93.0,49.7,1,0,0,0.3333333333333333,0
2026-07-12 08:00:00,前金測站,高雄市,高雄市,前金測站,92.8,54.7,1,0,0,0.3333333333333333,0
2026-07-12 09:00:00,前金測站,高雄市,高雄市,前金測站,93.8,55.0,1,0,0,0.3333333333333333,0
2026-07-12 10:00:00,前金測站,高雄市,高雄市,前金測站,84.1,48.4,1,0,0,0.3333333333333333,0
2026-07-12 11:00:00,前金測站,高雄市,高雄市,前金測站,78.1,50.0,1,0,0,0.3333333333333333,0
2026-07-12 12:00:00,前金測站,高雄市,高雄市,前金測站,86.1,55.6,1,0,0,0.3333333333333333,0
2026-07-12 13:00:00,前金測站,高雄市,高雄市,前金測站,72.3,49.0,1,0,0,0.3333333333333333,0
2026-07-12 14:00:00,前金測站,高雄市,高雄市,前金測站,85.2,50.9,1,0,0,0.3333333333333333,0
2026-07-12 15:00:00,前金測站,高雄市,高雄市,前金測站,81.7,49.5,1,0,0,0.3333333333333333,0
2026-07-12 16:00:00,前金測站,高雄市,高雄市,前金測站,90.5,48.1,1,0,0,0.3333333333333333,0
2026-07-12 17:00:00,前金測站,高雄市,高雄市,前金測站,88.0,53.1,1,0,0,0.3333333333333333,0
2026-07-12 18:00:00,前金測站,高雄市,高雄市,前金測站,85.7,44.9,1,0,0,0.3333333333333333,0
2026-07-12 19:00:00,前金測站,高雄市,高雄市,前金測站,82.7,53.4,1,0,0,0.3333333333333333,0
2026-07-12 20:00:00,前金測站,高雄市,高雄市,前金測站,91.7,48.5,1,0,0,0.3333333333333333,0
2026-07-12 21:00:00,前金測站,高雄市,高雄市,前金測站,84.0,54.4,1,0,0,0.3333333333333333,0
2026-07-12 22:00:00,前金測站,高雄市,高雄市,前金測站,74.8,46.2,1,0,0,0.3333333333333333,0
2026-07-12 23:00:00,前金測站,高雄市,高雄市,前金測站,85.4,55.1,1,0,0,0.3333333333333333,0
2026-07-13 00:00:00,前金測站,高雄市,高雄市,前金測站,80.8,53.5,1,0,0,0.3333333333333333,0
2026-07-13 01:00:00,前金測站,高雄市,高雄市,前金測站,78.5,47.7,1,0,0,0.3333333333333333,0
2026-07-13 02:00:00,前金測站,高雄市,高雄市,前金測站,77.1,47.7,1,0,0,0.3333333333333333,0
2026-07-13 03:00:00,前金測站,高雄市,高雄市,前金測站,80.8,50.2,1,0,0,0.3333333333333333,0
2026-07-13 04:00:00,前金測站,高雄市,高雄市,前金測站,91.7,51.2,1,1,0,0.6666666666666666,1
2026-07-13 05:00:00,前金測站,高雄市,高雄市,前金測站,84.2,47.9,1,0,0,0.3333333333333333,0
2026-07-13 06:00:00,前金測站,高雄市,高雄市,前金測站,95.3,49.9,1,1,0,0.6666666666666666,1
2026-07-13 07:00:00,前金測站,高雄市,高雄市,前金測站,92.5,54.4,1,0,0,0.3333333333333333,0
2026-07-13 08:00:00,前金測站,高雄市,高雄市,前金測站,94.9,55.6,1,0,0,0.3333333333333333,0
2026-07-13 09:00:00,前金測站,高雄市,高雄市,前金測站,96.3,60.6,1,0,0,0.3333333333333333,0
2026-07-13 10:00:00,前金測站,高雄市,高雄市,前金測站,89.1,50.2,1,0,0,0.3333333333333333,0
2026-07-13 11:00:00,前金測站,高雄市,高雄市,前金測站,77.5,52.4,1,0,0,0.3333333333333333,0
2026-07-13 12:00:00,前金測站,高雄市,高雄市,前金測站,89.9,56.0,1,0,0,0.3333333333333333,0
2026-07-13 13:00:00,前金測站,高雄市,高雄市,前金測站,83.4,45.0,1,0,0,0.3333333333333333,0
2026-07-13 14:00:00,前金測站,高雄市,高雄市,前金測站,81.4,49.2,1,0,0,0.3333333333333333,0
2026-07-13 15:00:00,前金測站,高雄市,高雄市,前金測站,96.0,58.4,1,0,1,0.6666666666666666,1
2026-07-13 16:00:00,前金測站,高雄市,高雄市,前金測站,88.2,48.8,1,0,0,0.3333333333333333,0
2026-07-13 17:00:00,前金測站,高雄市,高雄市,前金測站,91.6,56.7,1,0,0,0.3333333333333333,0
2026-07-13 18:00:00,前金測站,高雄市,高雄市,前金測站,89.1,48.9,1,0,0,0.3333333333333333,0
2026-07-13 19:00:00,前金測站,高雄市,高雄市,前金測站,98.5,60.0,1,0,1,0.6666666666666666,1
2026-07-13 20:00:00,前金測站,高雄市,高雄市,前金測站,92.2,50.4,1,0,0,0.3333333333333333,0
2026-07-13 21:00:00,前金測站,高雄市,高雄市,前金測站,81.9,44.1,1,0,0,0.3333333333333333,0
2026-07-13 22:00:00,前金測站,高雄市,高雄市,前金測站,92.4,50.4,1,1,0,0.6666666666666666,1
2026-07-13 23:00:00,前金測站,高雄市,高雄市,前金測站,75.3,49.5,1,0,0,0.3333333333333333,0
2026-07-14 00:00:00,前金測站,高雄市,高雄市,前金測站,84.8,59.6,1,1,1,1.0,1
2026-07-14 01:00:00,前金測站,高雄市,高雄市,前金測站,86.0,48.4,1,0,0,0.3333333333333333,0
2026-07-14 02:00:00,前金測站,高雄市,高雄市,前金測站,80.1,47.5,1,0,0,0.3333333333333333,0
2026-07-14 03:00:00,前金測站,高雄市,高雄市,前金測站,77.1,55.7,1,1,1,1.0,1
2026-07-14 04:00:00,前金測站,高雄市,高雄市,前金測站,86.2,52.0,1,0,0,0.3333333333333333,0
2026-07-14 05:00:00,前金測站,高雄市,高雄市,前金測站,82.2,47.3,1,0,0,0.3333333333333333,0
2026-07-14 06:00:00,前金測站,高雄市,高雄市,前金測站,82.4,52.7,1,0,0,0.3333333333333333,0
2026-07-14 07:00:00,前金測站,高雄市,高雄市,前金測站,89.0,53.7,1,0,0,0.3333333333333333,0
2026-07-14 08:00:00,前金測站,高雄市,高雄市,前金測站,90.8,54.4,1,0,0,0.3333333333333333,0
2026-07-14 09:00:00,前金測站,高雄市,高雄市,前金測站,89.8,53.7,1,0,0,0.3333333333333333,0
2026-07-14 10:00:00,前金測站,高雄市,高雄市,前金測站,84.6,47.5,1,0,0,0.3333333333333333,0
2026-07-14 11:00:00,前金測站,高雄市,高雄市,前金測站,83.2,43.9,1,1,0,0.6666666666666666,1
2026-07-14 12:00:00,前金測站,高雄市,高雄市,前金測站,81.2,43.8,1,0,0,0.3333333333333333,0
2026-07-14 13:00:00,前金測站,高雄市,高雄市,前金測站,80.2,52.6,1,0,0,0.3333333333333333,0
2026-07-14 14:00:00,前金測站,高雄市,高雄市,前金測站,85.9,50.5,1,0,0,0.3333333333333333,0
2026-07-14 15:00:00,前金測站,高雄市,高雄市,前金測站,75.5,43.3,1,0,0,0.3333333333333333,0
2026-07-14 16:00:00,前金測站,高雄市,高雄市,前金測站,80.5,48.1,1,0,0,0.3333333333333333,0
2026-07-14 17:00:00,前金測站,高雄市,高雄市,前金測站,85.6,47.7,1,0,0,0.3333333333333333,0
2026-07-14 18:00:00,前金測站,高雄市,高雄市,前金測站,91.3,52.9,1,0,0,0.3333333333333333,0
2026-07-14 19:00:00,前金測站,高雄市,高雄市,前金測站,81.9,47.6,1,0,0,0.3333333333333333,0
2026-07-14 20:00:00,前金測站,高雄市,高雄市,前金測站,78.2,47.3,1,0,0,0.3333333333333333,0
2026-07-14 21:00:00,前金測站,高雄市,高雄市,前金測站,80.6,52.0,1,0,0,0.3333333333333333,0
2026-07-14 22:00:00,前金測站,高雄市,高雄市,前金測站,70.7,46.5,1,0,0,0.3333333333333333,0
2026-07-14 23:00:00,前金測站,高雄市,高雄市,前金測站,82.6,54.5,1,0,0,0.3333333333333333,0
2026-07-15 00:00:00,前金測站,高雄市,高雄市,前金測站,77.3,48.5,1,0,0,0.3333333333333333,0
2026-07-15 01:00:00,前金測站,高雄市,高雄市,前金測站,82.9,52.5,1,0,0,0.3333333333333333,0
2026-07-15 02:00:00,前金測站,高雄市,高雄市,前金測站,77.8,50.5,1,0,0,0.3333333333333333,0
2026-07-15 03:00:00,前金測站,高雄市,高雄市,前金測站,74.1,48.9,1,0,0,0.3333333333333333,0
2026-07-15 04:00:00,前金測站,高雄市,高雄市,前金測站,79.9,48.9,1,0,0,0.3333333333333333,0
2026-07-15 05:00:00,前金測站,高雄市,高雄市,前金測站,88.3,52.1,1,0,0,0.3333333333333333,0
2026-07-15 06:00:00,前金測站,高雄市,高雄市,前金測站,86.2,56.1,1,0,0,0.3333333333333333,0
2026-07-15 07:00:00,前金測站,高雄市,高雄市,前金測站,84.9,54.8,1,0,0,0.3333333333333333,0
2026-07-15 08:00:00,前金測站,高雄市,高雄市,前金測站,91.3,55.8,1,1,0,0.6666666666666666,1
2026-07-15 09:00:00,前金測站,高雄市,高雄市,前金測站,91.1,51.4,1,0,0,0.3333333333333333,0
2026-07-15 10:00:00,前金測站,高雄市,高雄市,前金測站,94.2,52.5,1,0,0,0.3333333333333333,0
2026-07-15 11:00:00,前金測站,高雄市,高雄市,前金測站,75.8,51.1,1,0,0,0.3333333333333333,0
2026-07-15 12:00:00,前金測站,高雄市,高雄市,前金測站,80.8,47.1,1,0,0,0.3333333333333333,0
2026-07-15 13:00:00,前金測站,高雄市,高雄市,前金測站,85.1,52.9,1,0,0,0.3333333333333333,0
2026-07-15 14:00:00,前金測站,高雄市,高雄市,前金測站,86.2,52.2,1,0,0,0.3333333333333333,0
2026-07-15 15:00:00,前金測站,高雄市,高雄市,前金測站,77.7,48.0,1,0,0,0.3333333333333333,0
2026-07-15 16:00:00,前金測站,高雄市,高雄市,前金測站,81.0,53.8,1,0,0,0.3333333333333333,0
2026-07-15 17:00:00,前金測站,高雄市,高雄市,前金測站,87.5,56.2,1,0,1,0.6666666666666666,1
2026-07-15 18:00:00,前金測站,高雄市,高雄市,前金測站,89.7,57.1,1,0,1,0.6666666666666666,1
2026-07-15 19:00:00,前金測站,高雄市,高雄市,前金測站,91.3,50.7,1,0,0,0.3333333333333333,0
2026-07-15 20:00:00,前金測站,高雄市,高雄市,前金測站,88.9,52.8,1,0,0,0.3333333333333333,0
2026-07-15 21:00:00,前金測站,高雄市,高雄市,前金測站,87.2,52.4,1,0,0,0.3333333333333333,0
2026-07-15 22:00:00,前金測站,高雄市,高雄市,前金測站,82.9,54.3,1,0,0,0.3333333333333333,0
2026-07-15 23:00:00,前金測站,高雄市,高雄市,前金測站,79.2,48.9,1,0,0,0.3333333333333333,0
2026-07-16 00:00:00,前金測站,高雄市,高雄市,前金測站,94.3,56.4,1,0,1,0.6666666666666666,1
2026-07-16 01:00:00,前金測站,高雄市,高雄市,前金測站,74.3,44.8,1,0,1,0.6666666666666666,1
2026-07-16 02:00:00,前金測站,高雄市,高雄市,前金測站,83.3,53.7,1,0,0,0.3333333333333333,0
2026-07-16 03:00:00,前金測站,高雄市,高雄市,前金測站,88.5,55.0,1,0,0,0.3333333333333333,0
2026-07-16 04:00:00,前金測站,高雄市,高雄市,前金測站,91.4,51.8,1,0,0,0.3333333333333333,0
2026-07-16 05:00:00,前金測站,高雄市,高雄市,前金測站,92.9,52.2,1,0,0,0.3333333333333333,0
2026-07-16 06:00:00,前金測站,高雄市,高雄市,前金測站,88.9,55.4,1,0,0,0.3333333333333333,0
2026-07-16 07:00:00,前金測站,高雄市,高雄市,前金測站,93.6,54.3,1,0,0,0.3333333333333333,0
2026-07-16 08:00:00,前金測站,高雄市,高雄市,前金測站,93.7,52.9,1,0,0,0.3333333333333333,0
2026-07-16 09:00:00,前金測站,高雄市,高雄市,前金測站,105.6,48.5,1,1,1,1.0,1
2026-07-16 10:00:00,前金測站,高雄市,高雄市,前金測站,87.6,48.5,1,0,0,0.3333333333333333,0
2026-07-16 11:00:00,前金測站,高雄市,高雄市,前金測站,86.0,49.9,1,0,0,0.3333333333333333,0
2026-07-16 12:00:00,前金測站,高雄市,高雄市,前金測站,88.9,56.9,1,0,0,0.3333333333333333,0
2026-07-16 13:00:00,前金測站,高雄市,高雄市,前金測站,90.3,50.7,1,0,0,0.3333333333333333,0
2026-07-16 14:00:00,前金測站,高雄市,高雄市,前金測站,90.4,51.4,1,0,0,0.3333333333333333,0
2026-07-16 15:00:00,前金測站,高雄市,高雄市,前金測站,87.1,53.3,1,1,0,0.6666666666666666,1
2026-07-16 16:00:00,前金測站,高雄市,高雄市,前金測站,90.2,53.7,1,0,0,0.3333333333333333,0
2026-07-16 17:00:00,前金測站,高雄市,高雄市,前金測站,93.9,51.0,1,0,0,0.3333333333333333,0
2026-07-16 18:00:00,前金測站,高雄市,高雄市,前金測站,106.2,57.2,1,0,1,0.6666666666666666,1
2026-07-16 19:00:00,前金測站,高雄市,高雄市,前金測站,99.1,55.0,1,0,1,0.6666666666666666,1
2026-07-16 20:00:00,前金測站,高雄市,高雄市,前金測站,91.3,56.0,1,0,0,0.3333333333333333,0
2026-07-16 21:00:00,前金測站,高雄市,高雄市,前金測站,102.2,56.2,1,0,1,0.6666666666666666,1
2026-07-16 22:00:00,前金測站,高雄市,高雄市,前金測站,95.6,50.4,1,0,1,0.6666666666666666,1
2026-07-16 23:00:00,前金測站,高雄市,高雄市,前金測站,95.3,53.1,1,0,0,0.3333333333333333,0
2026-07-17 00:00:00,前金測站,高雄市,高雄市,前金測站,87.8,48.1,1,0,0,0.3333333333333333,0
2026-07-17 01:00:00,前金測站,高雄市,高雄市,前金測站,82.6,46.9,1,0,0,0.3333333333333333,0
2026-07-17 02:00:00,前金測站,高雄市,高雄市,前金測站,85.7,50.1,1,0,0,0.3333333333333333,0
2026-07-17 03:00:00,前金測站,高雄市,高雄市,前金測站,92.2,49.6,1,0,0,0.3333333333333333,0
2026-07-17 04:00:00,前金測站,高雄市,高雄市,前金測站,99.7,59.6,1,0,1,0.6666666666666666,1
2026-07-17 05:00:00,前金測站,高雄市,高雄市,前金測站,101.1,56.9,1,1,1,1.0,1
2026-07-17 06:00:00,前金測站,高雄市,高雄市,前金測站,91.1,52.5,1,0,0,0.3333333333333333,0
2026-07-17 07:00:00,前金測站,高雄市,高雄市,前金測站,101.1,51.0,1,0,0,0.3333333333333333,0
2026-07-17 08:00:00,前金測站,高雄市,高雄市,前金測站,100.1,53.4,1,1,1,1.0,1
2026-07-17 09:00:00,前金測站,高雄市,高雄市,前金測站,91.6,50.1,1,0,0,0.3333333333333333,0
2026-07-17 10:00:00,前金測站,高雄市,高雄市,前金測站,96.2,53.8,1,0,0,0.3333333333333333,0
2026-07-17 11:00:00,前金測站,高雄市,高雄市,前金測站,96.2,52.4,1,0,0,0.3333333333333333,0
2026-07-17 12:00:00,前金測站,高雄市,高雄市,前金測站,95.5,53.4,1,0,0,0.3333333333333333,0
2026-07-17 13:00:00,前金測站,高雄市,高雄市,前金測站,93.2,49.5,1,0,0,0.3333333333333333,0
2026-07-17 14:00:00,前金測站,高雄市,高雄市,前金測站,82.0,49.9,1,0,0,0.3333333333333333,0
2026-07-17 15:00:00,前金測站,高雄市,高雄市,前金測站,82.9,49.3,1,0,0,0.3333333333333333,0
2026-07-17 16:00:00,前金測站,高雄市,高雄市,前金測站,98.5,54.6,1,0,0,0.3333333333333333,0
2026-07-17 17:00:00,前金測站,高雄市,高雄市,前金測站,105.1,59.2,1,0,1,0.6666666666666666,1
2026-07-17 18:00:00,前金測站,高雄市,高雄市,前金測站,88.8,52.7,1,0,1,0.6666666666666666,1
2026-07-17 19:00:00,前金測站,高雄市,高雄市,前金測站,93.3,57.9,1,0,1,0.6666666666666666,1
2026-07-17 20:00:00,前金測站,高雄市,高雄市,前金測站,90.1,54.4,1,0,0,0.3333333333333333,0
2026-07-17 21:00:00,前金測站,高雄市,高雄市,前金測站,83.7,47.9,1,0,0,0.3333333333333333,0
2026-07-17 22:00:00,前金測站,高雄市,高雄市,前金測站,84.3,50.7,1,0,0,0.3333333333333333,0
2026-07-17 23:00:00,前金測站,高雄市,高雄市,前金測站,85.4,53.5,1,0,0,0.3333333333333333,0
2026-07-18 00:00:00,前金測站,高雄市,高雄市,前金測站,75.8,45.8,1,0,0,0.3333333333333333,0
2026-07-18 01:00:00,前金測站,高雄市,高雄市,前金測站,82.5,47.2,1,0,0,0.3333333333333333,0
2026-07-18 02:00:00,前金測站,高雄市,高雄市,前金測站,78.7,49.4,1,0,0,0.3333333333333333,0
2026-07-18 03:00:00,前金測站,高雄市,高雄市,前金測站,86.8,55.5,1,0,0,0.3333333333333333,0
2026-07-18 04:00:00,前金測站,高雄市,高雄市,前金測站,77.4,50.3,1,0,0,0.3333333333333333,0
2026-07-18 05:00:00,前金測站,高雄市,高雄市,前金測站,74.5,47.6,1,0,0,0.3333333333333333,0
2026-07-18 06:00:00,前金測站,高雄市,高雄市,前金測站,72.1,54.2,1,0,0,0.3333333333333333,0
2026-07-18 07:00:00,前金測站,高雄市,高雄市,前金測站,81.5,58.3,1,1,0,0.6666666666666666,1
2026-07-18 08:00:00,前金測站,高雄市,高雄市,前金測站,91.6,54.3,1,0,0,0.3333333333333333,0
2026-07-18 09:00:00,前金測站,高雄市,高雄市,前金測站,86.4,50.8,1,0,0,0.3333333333333333,0
2026-07-18 10:00:00,前金測站,高雄市,高雄市,前金測站,89.3,52.7,1,0,0,0.3333333333333333,0
2026-07-18 11:00:00,前金測站,高雄市,高雄市,前金測站,84.6,49.9,1,0,0,0.3333333333333333,0
2026-07-18 12:00:00,前金測站,高雄市,高雄市,前金測站,70.1,48.0,1,0,0,0.3333333333333333,0
2026-07-18 13:00:00,前金測站,高雄市,高雄市,前金測站,80.5,48.3,1,0,0,0.3333333333333333,0
2026-07-18 14:00:00,前金測站,高雄市,高雄市,前金測站,81.5,53.6,1,0,0,0.3333333333333333,0
2026-07-18 15:00:00,前金測站,高雄市,高雄市,前金測站,77.6,49.0,1,0,0,0.3333333333333333,0
2026-07-18 16:00:00,前金測站,高雄市,高雄市,前金測站,76.2,52.0,1,0,0,0.3333333333333333,0
2026-07-18 17:00:00,前金測站,高雄市,高雄市,前金測站,83.5,48.4,1,0,0,0.3333333333333333,0
2026-07-18 18:00:00,前金測站,高雄市,高雄市,前金測站,89.6,50.8,1,1,0,0.6666666666666666,1
2026-07-18 19:00:00,前金測站,高雄市,高雄市,前金測站,76.1,42.7,1,0,0,0.3333333333333333,0
2026-07-18 20:00:00,前金測站,高雄市,高雄市,前金測站,77.5,48.5,1,0,0,0.3333333333333333,0
2026-07-18 21:00:00,前金測站,高雄市,高雄市,前金測站,78.9,47.6,1,0,0,0.3333333333333333,0
2026-07-18 22:00:00,前金測站,高雄市,高雄市,前金測站,81.7,54.6,1,0,0,0.3333333333333333,0
2026-07-18 23:00:00,前金測站,高雄市,高雄市,前金測站,79.5,50.3,1,0,0,0.3333333333333333,0
2026-07-19 00:00:00,前金測站,高雄市,高雄市,前金測站,70.4,45.5,1,0,0,0.3333333333333333,0
2026-07-19 01:00:00,前金測站,高雄市,高雄市,前金測站,69.0,51.7,1,0,0,0.3333333333333333,0
2026-07-19 02:00:00,前金測站,高雄市,高雄市,前金測站,71.5,47.5,1,0,0,0.3333333333333333,0
2026-07-19 03:00:00,前金測站,高雄市,高雄市,前金測站,74.4,50.1,1,0,0,0.3333333333333333,0
2026-07-19 04:00:00,前金測站,高雄市,高雄市,前金測站,61.7,44.3,1,0,0,0.3333333333333333,0
2026-07-19 05:00:00,前金測站,高雄市,高雄市,前金測站,74.0,46.1,1,0,0,0.3333333333333333,0
2026-07-19 06:00:00,前金測站,高雄市,高雄市,前金測站,84.5,52.3,1,0,0,0.3333333333333333,0
2026-07-19 07:00:00,前金測站,高雄市,高雄市,前金測站,78.2,49.5,1,0,0,0.3333333333333333,0
2026-07-19 08:00:00,前金測站,高雄市,高雄市,前金測站,78.6,46.6,1,0,0,0.3333333333333333,0
2026-07-19 09:00:00,前金測站,高雄市,高雄市,前金測站,88.0,51.6,1,0,0,0.3333333333333333,0
2026-07-19 10:00:00,前金測站,高雄市,高雄市,前金測站,69.7,47.6,1,0,0,0.3333333333333333,0
2026-07-19 11:00:00,前金測站,高雄市,高雄市,前金測站,67.9,45.4,1,0,0,0.3333333333333333,0
2026-07-19 12:00:00,前金測站,高雄市,高雄市,前金測站,62.9,43.7,1,0,0,0.3333333333333333,0
2026-07-19 13:00:00,前金測站,高雄市,高雄市,前金測站,63.3,43.9,1,0,0,0.3333333333333333,0
2026-07-19 14:00:00,前金測站,高雄市,高雄市,前金測站,75.3,47.0,1,0,0,0.3333333333333333,0
2026-07-19 15:00:00,前金測站,高雄市,高雄市,前金測站,66.5,47.2,1,0,0,0.3333333333333333,0
2026-07-19 16:00:00,前金測站,高雄市,高雄市,前金測站,73.9,49.2,1,0,0,0.3333333333333333,0
2026-07-19 17:00:00,前金測站,高雄市,高雄市,前金測站,80.0,53.6,1,0,0,0.3333333333333333,0
2026-07-19 18:00:00,前金測站,高雄市,高雄市,前金測站,79.2,49.1,1,0,0,0.3333333333333333,0
2026-07-19 19:00:00,前金測站,高雄市,高雄市,前金測站,77.7,49.3,1,0,0,0.3333333333333333,0
2026-07-19 20:00:00,前金測站,高雄市,高雄市,前金測站,71.5,47.7,1,0,0,0.3333333333333333,0
2026-07-19 21:00:00,前金測站,高雄市,高雄市,前金測站,71.1,46.5,1,0,0,0.3333333333333333,0
2026-07-19 22:00:00,前金測站,高雄市,高雄市,前金測站,64.8,45.7,1,0,0,0.3333333333333333,0
2026-07-19 23:00:00,前金測站,高雄市,高雄市,前金測站,65.1,48.4,1,0,0,0.3333333333333333,0
2026-07-20 00:00:00,前金測站,高雄市,高雄市,前金測站,72.5,53.5,1,0,0,0.3333333333333333,0
2026-07-20 01:00:00,前金測站,高雄市,高雄市,前金測站,77.7,48.0,1,0,0,0.3333333333333333,0
2026-07-20 02:00:00,前金測站,高雄市,高雄市,前金測站,64.5,43.8,1,0,0,0.3333333333333333,0
2026-07-20 03:00:00,前金測站,高雄市,高雄市,前金測站,76.9,48.7,1,0,0,0.3333333333333333,0
2026-07-20 04:00:00,前金測站,高雄市,高雄市,前金測站,83.7,54.2,1,0,0,0.3333333333333333,0
2026-07-20 05:00:00,前金測站,高雄市,高雄市,前金測站,81.3,50.4,1,0,0,0.3333333333333333,0
2026-07-20 06:00:00,前金測站,高雄市,高雄市,前金測站,82.2,60.2,1,0,1,0.6666666666666666,1
2026-07-20 07:00:00,前金測站,高雄市,高雄市,前金測站,87.3,48.1,1,1,0,0.6666666666666666,1
2026-07-20 08:00:00,前金測站,高雄市,高雄市,前金測站,94.1,51.9,1,0,0,0.3333333333333333,0
2026-07-20 09:00:00,前金測站,高雄市,高雄市,前金測站,96.7,53.6,1,0,0,0.3333333333333333,0
2026-07-20 10:00:00,前金測站,高雄市,高雄市,前金測站,80.6,47.1,1,0,0,0.3333333333333333,0
2026-07-20 11:00:00,前金測站,高雄市,高雄市,前金測站,87.5,49.0,1,0,0,0.3333333333333333,0
2026-07-20 12:00:00,前金測站,高雄市,高雄市,前金測站,81.0,47.8,1,0,0,0.3333333333333333,0
2026-07-20 13:00:00,前金測站,高雄市,高雄市,前金測站,76.3,45.7,1,0,0,0.3333333333333333,0
2026-07-20 14:00:00,前金測站,高雄市,高雄市,前金測站,89.4,50.6,1,0,0,0.3333333333333333,0
2026-07-20 15:00:00,前金測站,高雄市,高雄市,前金測站,85.9,55.7,1,1,1,1.0,1
2026-07-20 16:00:00,前金測站,高雄市,高雄市,前金測站,84.5,57.6,1,0,0,0.3333333333333333,0
2026-07-20 17:00:00,前金測站,高雄市,高雄市,前金測站,91.2,54.8,1,0,0,0.3333333333333333,0
2026-07-20 18:00:00,前金測站,高雄市,高雄市,前金測站,90.6,45.2,1,0,0,0.3333333333333333,0
2026-07-20 19:00:00,前金測站,高雄市,高雄市,前金測站,92.3,52.6,1,0,0,0.3333333333333333,0
2026-07-20 20:00:00,前金測站,高雄市,高雄市,前金測站,90.9,58.7,1,0,0,0.3333333333333333,0
2026-07-20 21:00:00,前金測站,高雄市,高雄市,前金測站,93.7,53.1,1,0,1,0.6666666666666666,1
2026-07-20 22:00:00,前金測站,高雄市,高雄市,前金測站,87.2,50.0,1,0,0,0.3333333333333333,0
2026-07-20 23:00:00,前金測站,高雄市,高雄市,前金測站,80.2,49.5,1,0,0,0.3333333333333333,0
2026-07-21 00:00:00,前金測站,高雄市,高雄市,前金測站,85.4,56.1,1,0,0,0.3333333333333333,0
2026-07-21 01:00:00,前金測站,高雄市,高雄市,前金測站,83.3,51.1,1,0,0,0.3333333333333333,0
2026-07-21 02:00:00,前金測站,高雄市,高雄市,前金測站,83.7,48.7,1,0,0,0.3333333333333333,0
2026-07-21 03:00:00,前金測站,高雄市,高雄市,前金測站,92.2,52.9,1,0,0,0.3333333333333333,0
2026-07-21 04:00:00,前金測站,高雄市,高雄市,前金測站,83.3,47.6,1,0,0,0.3333333333333333,0
2026-07-21 05:00:00,前金測站,高雄市,高雄市,前金測站,87.7,51.0,1,0,0,0.3333333333333333,0
2026-07-21 06:00:00,前金測站,高雄市,高雄市,前金測站,86.0,53.6,1,0,0,0.3333333333333333,0
2026-07-21 07:00:00,前金測站,高雄市,高雄市,前金測站,95.9,53.9,1,0,0,0.3333333333333333,0
2026-07-21 08:00:00,前金測站,高雄市,高雄市,前金測站,99.1,51.1,1,0,0,0.3333333333333333,0
2026-07-21 09:00:00,前金測站,高雄市,高雄市,前金測站,89.8,53.0,1,0,0,0.3333333333333333,0
2026-07-21 10:00:00,前金測站,高雄市,高雄市,前金測站,93.0,56.9,1,1,0,0.6666666666666666,1
2026-07-21 11:00:00,前金測站,高雄市,高雄市,前金測站,91.4,55.6,1,0,0,0.3333333333333333,0
2026-07-21 12:00:00,前金測站,高雄市,高雄市,前金測站,92.9,56.2,1,0,0,0.3333333333333333,0
2026-07-21 13:00:00,前金測站,高雄市,高雄市,前金測站,81.5,54.1,1,0,0,0.3333333333333333,0
2026-07-21 14:00:00,前金測站,高雄市,高雄市,前金測站,93.6,48.1,1,0,0,0.3333333333333333,0
2026-07-21 15:00:00,前金測站,高雄市,高雄市,前金測站,94.1,52.3,1,0,0,0.3333333333333333,0
2026-07-21 16:00:00,前金測站,高雄市,高雄市,前金測站,89.7,54.5,1,0,0,0.3333333333333333,0
2026-07-21 17:00:00,前金測站,高雄市,高雄市,前金測站,98.1,54.2,1,0,0,0.3333333333333333,0
2026-07-21 18:00:00,前金測站,高雄市,高雄市,前金測站,103.3,59.0,1,0,1,0.6666666666666666,1
2026-07-21 19:00:00,前金測站,高雄市,高雄市,前金測站,98.4,51.2,1,0,1,0.6666666666666666,1
2026-07-21 20:00:00,前金測站,高雄市,高雄市,前金測站,100.2,52.0,1,0,0,0.3333333333333333,0
2026-07-21 21:00:00,前金測站,高雄市,高雄市,前金測站,91.5,52.6,1,0,0,0.3333333333333333,0
2026-07-21 22:00:00,前金測站,高雄市,高雄市,前金測站,88.3,51.3,1,0,0,0.3333333333333333,0
2026-07-21 23:00:00,前金測站,高雄市,高雄市,前金測站,86.7,50.9,1,0,0,0.3333333333333333,0
2026-07-22 00:00:00,前金測站,高雄市,高雄市,前金測站,83.6,47.9,1,0,0,0.3333333333333333,0
2026-07-22 01:00:00,前金測站,高雄市,高雄市,前金測站,98.9,53.5,1,0,1,0.6666666666666666,1
2026-07-22 02:00:00,前金測站,高雄市,高雄市,前金測站,91.5,50.4,1,0,0,0.3333333333333333,0
2026-07-22 03:00:00,前金測站,高雄市,高雄市,前金測站,82.4,51.9,1,0,0,0.3333333333333333,0
2026-07-22 04:00:00,前金測站,高雄市,高雄市,前金測站,87.1,56.7,1,0,0,0.3333333333333333,0
2026-07-22 05:00:00,前金測站,高雄市,高雄市,前金測站,93.5,50.5,1,0,0,0.3333333333333333,0
2026-07-22 06:00:00,前金測站,高雄市,高雄市,前金測站,100.4,55.2,1,0,0,0.3333333333333333,0
2026-07-22 07:00:00,前金測站,高雄市,高雄市,前金測站,95.1,53.6,1,0,0,0.3333333333333333,0
2026-07-22 08:00:00,前金測站,高雄市,高雄市,前金測站,108.2,57.4,1,1,0,0.6666666666666666,1
2026-07-22 09:00:00,前金測站,高雄市,高雄市,前金測站,97.5,50.2,1,0,1,0.6666666666666666,1
2026-07-22 10:00:00,前金測站,高雄市,高雄市,前金測站,96.9,53.0,1,0,0,0.3333333333333333,0
2026-07-22 11:00:00,前金測站,高雄市,高雄市,前金測站,94.4,53.4,1,0,0,0.3333333333333333,0
2026-07-22 12:00:00,前金測站,高雄市,高雄市,前金測站,91.7,55.9,1,0,0,0.3333333333333333,0
2026-07-22 13:00:00,前金測站,高雄市,高雄市,前金測站,91.6,52.0,1,0,0,0.3333333333333333,0
2026-07-22 14:00:00,前金測站,高雄市,高雄市,前金測站,90.3,52.1,1,0,0,0.3333333333333333,0
2026-07-22 15:00:00,前金測站,高雄市,高雄市,前金測站,91.8,48.6,1,0,0,0.3333333333333333,0
2026-07-22 16:00:00,前金測站,高雄市,高雄市,前金測站,91.6,50.1,1,0,0,0.3333333333333333,0
2026-07-22 17:00:00,前金測站,高雄市,高雄市,前金測站,99.4,53.2,1,0,1,0.6666666666666666,1
2026-07-22 18:00:00,前金測站,高雄市,高雄市,前金測站,100.3,59.2,1,1,1,1.0,1
2026-07-22 19:00:00,前金測站,高雄市,高雄市,前金測站,104.0,58.8,1,0,1,0.6666666666666666,1
2026-07-22 20:00:00,前金測站,高雄市,高雄市,前金測站,95.6,52.7,1,1,1,1.0,1
2026-07-22 21:00:00,前金測站,高雄市,高雄市,前金測站,95.4,54.4,1,0,0,0.3333333333333333,0
2026-07-22 22:00:00,前金測站,高雄市,高雄市,前金測站,78.7,49.5,1,1,1,1.0,1
2026-07-22 23:00:00,前金測站,高雄市,高雄市,前金測站,88.3,58.5,1,1,1,1.0,1
2026-07-23 00:00:00,前金測站,高雄市,高雄市,前金測站,83.5,53.3,1,0,0,0.3333333333333333,0
2026-07-23 01:00:00,前金測站,高雄市,高雄市,前金測站,87.8,51.9,1,0,0,0.3333333333333333,0
2026-07-23 02:00:00,前金測站,高雄市,高雄市,前金測站,79.8,49.9,1,0,0,0.3333333333333333,0
2026-07-23 03:00:00,前金測站,高雄市,高雄市,前金測站,82.2,55.0,1,0,0,0.3333333333333333,0
2026-07-23 04:00:00,前金測站,高雄市,高雄市,前金測站,88.8,48.2,1,0,0,0.3333333333333333,0
2026-07-23 05:00:00,前金測站,高雄市,高雄市,前金測站,84.3,49.0,1,0,0,0.3333333333333333,0
2026-07-23 06:00:00,前金測站,高雄市,高雄市,前金測站,93.7,53.3,1,0,0,0.3333333333333333,0
2026-07-23 07:00:00,前金測站,高雄市,高雄市,前金測站,97.1,56.1,1,0,0,0.3333333333333333,0
2026-07-23 08:00:00,前金測站,高雄市,高雄市,前金測站,96.4,50.1,1,0,0,0.3333333333333333,0
2026-07-23 09:00:00,前金測站,高雄市,高雄市,前金測站,98.9,54.1,1,0,0,0.3333333333333333,0
2026-07-23 10:00:00,前金測站,高雄市,高雄市,前金測站,166.5,70.4,1,1,1,1.0,1
2026-07-23 11:00:00,前金測站,高雄市,高雄市,前金測站,70.4,47.7,1,1,1,1.0,1
2026-07-23 12:00:00,前金測站,高雄市,高雄市,前金測站,77.1,54.1,1,0,0,0.3333333333333333,0
2026-07-23 13:00:00,前金測站,高雄市,高雄市,前金測站,75.8,44.0,1,0,0,0.3333333333333333,0
2026-07-23 14:00:00,前金測站,高雄市,高雄市,前金測站,84.1,52.3,1,0,0,0.3333333333333333,0
2026-07-23 15:00:00,前金測站,高雄市,高雄市,前金測站,91.0,56.2,1,0,0,0.3333333333333333,0
2026-07-23 16:00:00,前金測站,高雄市,高雄市,前金測站,89.8,49.3,1,0,0,0.3333333333333333,0
2026-07-23 17:00:00,前金測站,高雄市,高雄市,前金測站,91.9,53.8,1,0,0,0.3333333333333333,0
2026-07-23 18:00:00,前金測站,高雄市,高雄市,前金測站,93.5,52.4,1,0,0,0.3333333333333333,0
2026-07-23 19:00:00,前金測站,高雄市,高雄市,前金測站,86.6,54.1,1,0,0,0.3333333333333333,0
2026-07-23 20:00:00,前金測站,高雄市,高雄市,前金測站,87.5,50.9,1,0,0,0.3333333333333333,0
2026-07-23 21:00:00,前金測站,高雄市,高雄市,前金測站,82.2,50.3,1,0,0,0.3333333333333333,0
2026-07-23 22:00:00,前金測站,高雄市,高雄市,前金測站,87.4,51.9,1,0,0,0.3333333333333333,0
2026-07-23 23:00:00,前金測站,高雄市,高雄市,前金測站,86.2,52.8,1,0,0,0.3333333333333333,0
2026-07-24 00:00:00,前金測站,高雄市,高雄市,前金測站,75.9,51.0,1,0,0,0.3333333333333333,0
2026-07-24 01:00:00,前金測站,高雄市,高雄市,前金測站,80.9,44.7,1,0,0,0.3333333333333333,0
2026-07-24 02:00:00,前金測站,高雄市,高雄市,前金測站,85.7,46.3,1,0,0,0.3333333333333333,0
2026-07-24 03:00:00,前金測站,高雄市,高雄市,前金測站,77.2,47.1,1,0,0,0.3333333333333333,0
2026-07-24 04:00:00,前金測站,高雄市,高雄市,前金測站,80.4,45.8,1,0,0,0.3333333333333333,0
2026-07-24 05:00:00,前金測站,高雄市,高雄市,前金測站,86.5,54.4,1,0,1,0.6666666666666666,1
2026-07-24 06:00:00,前金測站,高雄市,高雄市,前金測站,85.5,47.0,1,0,0,0.3333333333333333,0
2026-07-24 07:00:00,前金測站,高雄市,高雄市,前金測站,84.2,48.1,1,0,0,0.3333333333333333,0
2026-07-24 08:00:00,前金測站,高雄市,高雄市,前金測站,86.4,53.9,1,0,0,0.3333333333333333,0
2026-07-24 09:00:00,前金測站,高雄市,高雄市,前金測站,85.1,55.4,1,0,0,0.3333333333333333,0
2026-07-24 10:00:00,前金測站,高雄市,高雄市,前金測站,88.3,48.9,1,0,0,0.3333333333333333,0
2026-07-24 11:00:00,前金測站,高雄市,高雄市,前金測站,72.5,53.5,1,0,0,0.3333333333333333,0
2026-07-24 12:00:00,前金測站,高雄市,高雄市,前金測站,77.1,49.4,1,0,0,0.3333333333333333,0
2026-07-24 13:00:00,前金測站,高雄市,高雄市,前金測站,74.5,45.4,1,0,0,0.3333333333333333,0
2026-07-24 14:00:00,前金測站,高雄市,高雄市,前金測站,87.2,55.7,1,0,1,0.6666666666666666,1
2026-07-24 15:00:00,前金測站,高雄市,高雄市,前金測站,81.4,52.3,1,0,0,0.3333333333333333,0
2026-07-24 16:00:00,前金測站,高雄市,高雄市,前金測站,83.2,55.9,1,0,0,0.3333333333333333,0
2026-07-24 17:00:00,前金測站,高雄市,高雄市,前金測站,87.3,51.6,1,0,0,0.3333333333333333,0
2026-07-24 18:00:00,前金測站,高雄市,高雄市,前金測站,86.0,47.9,1,0,0,0.3333333333333333,0
2026-07-24 19:00:00,前金測站,高雄市,高雄市,前金測站,76.5,45.7,1,0,0,0.3333333333333333,0
2026-07-24 20:00:00,前金測站,高雄市,高雄市,前金測站,77.2,54.2,1,0,0,0.3333333333333333,0
2026-07-24 21:00:00,前金測站,高雄市,高雄市,前金測站,84.5,56.3,1,0,1,0.6666666666666666,1
2026-07-24 22:00:00,前金測站,高雄市,高雄市,前金測站,83.2,53.7,1,1,1,1.0,1
2026-07-24 23:00:00,前金測站,高雄市,高雄市,前金測站,80.9,53.7,1,0,0,0.3333333333333333,0
2026-07-25 00:00:00,前金測站,高雄市,高雄市,前金測站,70.4,45.5,1,0,0,0.3333333333333333,0
2026-07-25 01:00:00,前金測站,高雄市,高雄市,前金測站,75.4,46.4,1,0,0,0.3333333333333333,0
2026-07-25 02:00:00,前金測站,高雄市,高雄市,前金測站,78.2,55.4,1,0,0,0.3333333333333333,0
2026-07-25 03:00:00,前金測站,高雄市,高雄市,前金測站,80.2,52.2,1,0,0,0.3333333333333333,0
2026-07-25 04:00:00,前金測站,高雄市,高雄市,前金測站,76.1,51.6,1,0,0,0.3333333333333333,0
2026-07-25 05:00:00,前金測站,高雄市,高雄市,前金測站,76.3,46.7,1,0,0,0.3333333333333333,0
2026-07-25 06:00:00,前金測站,高雄市,高雄市,前金測站,71.4,46.8,1,0,0,0.3333333333333333,0
2026-07-25 07:00:00,前金測站,高雄市,高雄市,前金測站,92.3,50.9,1,1,0,0.6666666666666666,1
2026-07-25 08:00:00,前金測站,高雄市,高雄市,前金測站,74.2,48.8,1,0,0,0.3333333333333333,0
2026-07-25 09:00:00,前金測站,高雄市,高雄市,前金測站,130.4,66.4,1,1,1,1.0,1
2026-07-25 10:00:00,前金測站,高雄市,高雄市,前金測站,80.3,48.6,1,1,1,1.0,1
2026-07-25 11:00:00,前金測站,高雄市,高雄市,前金測站,67.1,47.8,1,0,0,0.3333333333333333,0
2026-07-25 12:00:00,前金測站,高雄市,高雄市,前金測站,72.3,45.2,1,0,0,0.3333333333333333,0
2026-07-25 13:00:00,前金測站,高雄市,高雄市,前金測站,77.7,50.0,1,0,0,0.3333333333333333,0
2026-07-25 14:00:00,前金測站,高雄市,高雄市,前金測站,77.6,51.1,1,0,0,0.3333333333333333,0
2026-07-25 15:00:00,前金測站,高雄市,高雄市,前金測站,87.5,54.1,1,0,0,0.3333333333333333,0
2026-07-25 16:00:00,前金測站,高雄市,高雄市,前金測站,77.2,50.0,1,0,0,0.3333333333333333,0
2026-07-25 17:00:00,前金測站,高雄市,高雄市,前金測站,90.8,58.7,1,1,1,1.0,1
2026-07-25 18:00:00,前金測站,高雄市,高雄市,前金測站,79.0,50.2,1,0,0,0.3333333333333333,0
2026-07-25 19:00:00,前金測站,高雄市,高雄市,前金測站,85.5,55.3,1,0,0,0.3333333333333333,0
2026-07-25 20:00:00,前金測站,高雄市,高雄市,前金測站,85.1,50.8,1,0,0,0.3333333333333333,0
2026-07-25 21:00:00,前金測站,高雄市,高雄市,前金測站,78.4,49.2,1,0,0,0.3333333333333333,0
2026-07-25 22:00:00,前金測站,高雄市,高雄市,前金測站,74.4,47.7,1,0,0,0.3333333333333333,0
2026-06-26 03:00:00,安南測站,臺南市,臺南市,安南測站,80.4,44.2,1,0,0,0.3333333333333333,0
2026-06-26 04:00:00,安南測站,臺南市,臺南市,安南測站,81.6,46.0,1,0,0,0.3333333333333333,0
2026-06-26 05:00:00,安南測站,臺南市,臺南市,安南測站,81.9,44.6,1,0,0,0.3333333333333333,0
2026-06-26 06:00:00,安南測站,臺南市,臺南市,安南測站,85.7,47.4,1,0,0,0.3333333333333333,0
2026-06-26 07:00:00,安南測站,臺南市,臺南市,安南測站,81.5,48.0,1,0,0,0.3333333333333333,0
2026-06-26 08:00:00,安南測站,臺南市,臺南市,安南測站,90.0,45.5,1,0,0,0.3333333333333333,0
2026-06-26 09:00:00,安南測站,臺南市,臺南市,安南測站,89.0,51.4,1,0,0,0.3333333333333333,0
2026-06-26 10:00:00,安南測站,臺南市,臺南市,安南測站,82.6,50.0,1,0,0,0.3333333333333333,0
2026-06-26 11:00:00,安南測站,臺南市,臺南市,安南測站,83.9,45.4,1,0,0,0.3333333333333333,0
2026-06-26 12:00:00,安南測站,臺南市,臺南市,安南測站,82.9,47.3,1,0,0,0.3333333333333333,0
2026-06-26 13:00:00,安南測站,臺南市,臺南市,安南測站,85.3,50.2,1,0,0,0.3333333333333333,0
2026-06-26 14:00:00,安南測站,臺南市,臺南市,安南測站,83.0,51.6,1,0,0,0.3333333333333333,0
2026-06-26 15:00:00,安南測站,臺南市,臺南市,安南測站,87.6,45.8,1,0,0,0.3333333333333333,0
2026-06-26 16:00:00,安南測站,臺南市,臺南市,安南測站,89.6,47.9,1,0,0,0.3333333333333333,0
2026-06-26 17:00:00,安南測站,臺南市,臺南市,安南測站,84.4,49.0,1,0,0,0.3333333333333333,0
2026-06-26 18:00:00,安南測站,臺南市,臺南市,安南測站,95.4,50.0,1,0,0,0.3333333333333333,0
2026-06-26 19:00:00,安南測站,臺南市,臺南市,安南測站,79.3,47.6,1,0,0,0.3333333333333333,0
2026-06-26 20:00:00,安南測站,臺南市,臺南市,安南測站,84.1,48.2,1,0,0,0.3333333333333333,0
2026-06-26 21:00:00,安南測站,臺南市,臺南市,安南測站,83.5,42.9,1,0,0,0.3333333333333333,0
2026-06-26 22:00:00,安南測站,臺南市,臺南市,安南測站,81.2,47.5,1,0,0,0.3333333333333333,0
2026-06-26 23:00:00,安南測站,臺南市,臺南市,安南測站,81.2,47.9,1,0,0,0.3333333333333333,0
2026-06-27 00:00:00,安南測站,臺南市,臺南市,安南測站,72.3,41.3,1,0,0,0.3333333333333333,0
2026-06-27 01:00:00,安南測站,臺南市,臺南市,安南測站,71.1,42.4,1,0,0,0.3333333333333333,0
2026-06-27 02:00:00,安南測站,臺南市,臺南市,安南測站,76.8,43.7,1,0,0,0.3333333333333333,0
2026-06-27 03:00:00,安南測站,臺南市,臺南市,安南測站,71.2,47.2,1,0,0,0.3333333333333333,0
2026-06-27 04:00:00,安南測站,臺南市,臺南市,安南測站,80.0,48.5,1,0,0,0.3333333333333333,0
2026-06-27 05:00:00,安南測站,臺南市,臺南市,安南測站,80.5,43.4,1,0,0,0.3333333333333333,0
2026-06-27 06:00:00,安南測站,臺南市,臺南市,安南測站,83.6,44.1,1,0,0,0.3333333333333333,0
2026-06-27 07:00:00,安南測站,臺南市,臺南市,安南測站,82.5,45.8,1,0,0,0.3333333333333333,0
2026-06-27 08:00:00,安南測站,臺南市,臺南市,安南測站,87.9,46.5,1,0,0,0.3333333333333333,0
2026-06-27 09:00:00,安南測站,臺南市,臺南市,安南測站,87.4,51.2,1,0,0,0.3333333333333333,0
2026-06-27 10:00:00,安南測站,臺南市,臺南市,安南測站,74.7,45.0,1,0,0,0.3333333333333333,0
2026-06-27 11:00:00,安南測站,臺南市,臺南市,安南測站,77.2,47.1,1,0,0,0.3333333333333333,0
2026-06-27 12:00:00,安南測站,臺南市,臺南市,安南測站,78.8,46.2,1,0,0,0.3333333333333333,0
2026-06-27 13:00:00,安南測站,臺南市,臺南市,安南測站,79.6,48.9,1,0,0,0.3333333333333333,0
2026-06-27 14:00:00,安南測站,臺南市,臺南市,安南測站,73.9,45.3,1,0,0,0.3333333333333333,0
2026-06-27 15:00:00,安南測站,臺南市,臺南市,安南測站,78.9,39.7,1,0,0,0.3333333333333333,0
2026-06-27 16:00:00,安南測站,臺南市,臺南市,安南測站,76.9,41.5,1,0,0,0.3333333333333333,0
2026-06-27 17:00:00,安南測站,臺南市,臺南市,安南測站,78.9,44.0,1,0,0,0.3333333333333333,0
2026-06-27 18:00:00,安南測站,臺南市,臺南市,安南測站,81.4,48.6,1,0,0,0.3333333333333333,0
2026-06-27 19:00:00,安南測站,臺南市,臺南市,安南測站,80.6,50.5,1,0,0,0.3333333333333333,0
2026-06-27 20:00:00,安南測站,臺南市,臺南市,安南測站,87.7,42.1,1,0,0,0.3333333333333333,0
2026-06-27 21:00:00,安南測站,臺南市,臺南市,安南測站,73.7,46.8,1,0,0,0.3333333333333333,0
2026-06-27 22:00:00,安南測站,臺南市,臺南市,安南測站,79.4,46.1,1,0,0,0.3333333333333333,0
2026-06-27 23:00:00,安南測站,臺南市,臺南市,安南測站,78.5,46.6,1,0,0,0.3333333333333333,0
2026-06-28 00:00:00,安南測站,臺南市,臺南市,安南測站,75.8,40.0,1,0,0,0.3333333333333333,0
2026-06-28 01:00:00,安南測站,臺南市,臺南市,安南測站,72.0,44.5,1,0,0,0.3333333333333333,0
2026-06-28 02:00:00,安南測站,臺南市,臺南市,安南測站,80.2,48.2,1,0,0,0.3333333333333333,0
2026-06-28 03:00:00,安南測站,臺南市,臺南市,安南測站,78.9,46.5,1,0,0,0.3333333333333333,0
2026-06-28 04:00:00,安南測站,臺南市,臺南市,安南測站,75.7,46.8,1,0,0,0.3333333333333333,0
2026-06-28 05:00:00,安南測站,臺南市,臺南市,安南測站,81.4,42.8,1,0,0,0.3333333333333333,0
2026-06-28 06:00:00,安南測站,臺南市,臺南市,安南測站,69.4,39.4,1,0,0,0.3333333333333333,0
2026-06-28 07:00:00,安南測站,臺南市,臺南市,安南測站,77.6,46.0,1,0,0,0.3333333333333333,0
2026-06-28 08:00:00,安南測站,臺南市,臺南市,安南測站,81.2,55.4,1,0,0,0.3333333333333333,0
2026-06-28 09:00:00,安南測站,臺南市,臺南市,安南測站,82.7,49.6,1,0,0,0.3333333333333333,0
2026-06-28 10:00:00,安南測站,臺南市,臺南市,安南測站,79.5,45.6,1,0,0,0.3333333333333333,0
2026-06-28 11:00:00,安南測站,臺南市,臺南市,安南測站,68.7,44.7,1,0,0,0.3333333333333333,0
2026-06-28 12:00:00,安南測站,臺南市,臺南市,安南測站,80.7,45.9,1,0,0,0.3333333333333333,0
2026-06-28 13:00:00,安南測站,臺南市,臺南市,安南測站,75.3,45.2,1,0,0,0.3333333333333333,0
2026-06-28 14:00:00,安南測站,臺南市,臺南市,安南測站,73.5,47.1,1,0,0,0.3333333333333333,0
2026-06-28 15:00:00,安南測站,臺南市,臺南市,安南測站,67.9,49.3,1,0,0,0.3333333333333333,0
2026-06-28 16:00:00,安南測站,臺南市,臺南市,安南測站,68.6,39.1,1,0,0,0.3333333333333333,0
2026-06-28 17:00:00,安南測站,臺南市,臺南市,安南測站,83.9,46.7,1,0,0,0.3333333333333333,0
2026-06-28 18:00:00,安南測站,臺南市,臺南市,安南測站,87.5,53.7,1,0,0,0.3333333333333333,0
2026-06-28 19:00:00,安南測站,臺南市,臺南市,安南測站,70.7,37.2,1,1,0,0.6666666666666666,1
2026-06-28 20:00:00,安南測站,臺南市,臺南市,安南測站,73.5,42.2,1,0,0,0.3333333333333333,0
2026-06-28 21:00:00,安南測站,臺南市,臺南市,安南測站,71.8,45.7,1,0,0,0.3333333333333333,0
2026-06-28 22:00:00,安南測站,臺南市,臺南市,安南測站,66.6,41.5,1,0,0,0.3333333333333333,0
2026-06-28 23:00:00,安南測站,臺南市,臺南市,安南測站,68.7,46.6,1,0,0,0.3333333333333333,0
2026-06-29 00:00:00,安南測站,臺南市,臺南市,安南測站,77.2,45.4,1,0,0,0.3333333333333333,0
2026-06-29 01:00:00,安南測站,臺南市,臺南市,安南測站,72.3,47.3,1,0,0,0.3333333333333333,0
2026-06-29 02:00:00,安南測站,臺南市,臺南市,安南測站,69.3,39.5,1,0,0,0.3333333333333333,0
2026-06-29 03:00:00,安南測站,臺南市,臺南市,安南測站,81.5,48.6,1,0,0,0.3333333333333333,0
2026-06-29 04:00:00,安南測站,臺南市,臺南市,安南測站,69.5,37.0,1,0,0,0.3333333333333333,0
2026-06-29 05:00:00,安南測站,臺南市,臺南市,安南測站,81.0,40.8,1,0,0,0.3333333333333333,0
2026-06-29 06:00:00,安南測站,臺南市,臺南市,安南測站,76.0,46.5,1,0,0,0.3333333333333333,0
2026-06-29 07:00:00,安南測站,臺南市,臺南市,安南測站,92.2,48.4,1,0,0,0.3333333333333333,0
2026-06-29 08:00:00,安南測站,臺南市,臺南市,安南測站,81.0,47.0,1,0,0,0.3333333333333333,0
2026-06-29 09:00:00,安南測站,臺南市,臺南市,安南測站,82.3,45.9,1,0,0,0.3333333333333333,0
2026-06-29 10:00:00,安南測站,臺南市,臺南市,安南測站,65.7,43.0,1,0,0,0.3333333333333333,0
2026-06-29 11:00:00,安南測站,臺南市,臺南市,安南測站,79.9,47.0,1,0,0,0.3333333333333333,0
2026-06-29 12:00:00,安南測站,臺南市,臺南市,安南測站,69.0,44.6,1,0,0,0.3333333333333333,0
2026-06-29 13:00:00,安南測站,臺南市,臺南市,安南測站,76.3,42.0,1,0,0,0.3333333333333333,0
2026-06-29 14:00:00,安南測站,臺南市,臺南市,安南測站,73.4,46.7,1,0,0,0.3333333333333333,0
2026-06-29 15:00:00,安南測站,臺南市,臺南市,安南測站,78.6,45.8,1,0,0,0.3333333333333333,0
2026-06-29 16:00:00,安南測站,臺南市,臺南市,安南測站,75.0,46.9,1,0,0,0.3333333333333333,0
2026-06-29 17:00:00,安南測站,臺南市,臺南市,安南測站,83.1,50.0,1,0,0,0.3333333333333333,0
2026-06-29 18:00:00,安南測站,臺南市,臺南市,安南測站,79.5,45.0,1,0,0,0.3333333333333333,0
2026-06-29 19:00:00,安南測站,臺南市,臺南市,安南測站,83.3,43.9,1,0,0,0.3333333333333333,0
2026-06-29 20:00:00,安南測站,臺南市,臺南市,安南測站,66.4,46.4,1,0,0,0.3333333333333333,0
2026-06-29 21:00:00,安南測站,臺南市,臺南市,安南測站,79.4,45.0,1,0,0,0.3333333333333333,0
2026-06-29 22:00:00,安南測站,臺南市,臺南市,安南測站,74.5,46.6,1,0,0,0.3333333333333333,0
2026-06-29 23:00:00,安南測站,臺南市,臺南市,安南測站,80.4,47.6,1,0,0,0.3333333333333333,0
2026-06-30 00:00:00,安南測站,臺南市,臺南市,安南測站,67.0,50.4,1,0,0,0.3333333333333333,0
2026-06-30 01:00:00,安南測站,臺南市,臺南市,安南測站,71.1,43.9,1,0,0,0.3333333333333333,0
2026-06-30 02:00:00,安南測站,臺南市,臺南市,安南測站,82.5,50.8,1,0,0,0.3333333333333333,0
2026-06-30 03:00:00,安南測站,臺南市,臺南市,安南測站,70.0,46.0,1,0,0,0.3333333333333333,0
2026-06-30 04:00:00,安南測站,臺南市,臺南市,安南測站,68.8,44.3,1,0,0,0.3333333333333333,0
2026-06-30 05:00:00,安南測站,臺南市,臺南市,安南測站,75.9,51.4,1,0,0,0.3333333333333333,0
2026-06-30 06:00:00,安南測站,臺南市,臺南市,安南測站,65.0,43.4,1,0,0,0.3333333333333333,0
2026-06-30 07:00:00,安南測站,臺南市,臺南市,安南測站,77.6,47.2,1,0,0,0.3333333333333333,0
2026-06-30 08:00:00,安南測站,臺南市,臺南市,安南測站,84.2,49.8,1,0,0,0.3333333333333333,0
2026-06-30 09:00:00,安南測站,臺南市,臺南市,安南測站,87.4,52.5,1,0,0,0.3333333333333333,0
2026-06-30 10:00:00,安南測站,臺南市,臺南市,安南測站,77.7,50.3,1,0,0,0.3333333333333333,0
2026-06-30 11:00:00,安南測站,臺南市,臺南市,安南測站,71.6,43.7,1,0,0,0.3333333333333333,0
2026-06-30 12:00:00,安南測站,臺南市,臺南市,安南測站,66.5,43.0,1,0,0,0.3333333333333333,0
2026-06-30 13:00:00,安南測站,臺南市,臺南市,安南測站,81.2,44.8,1,0,0,0.3333333333333333,0
2026-06-30 14:00:00,安南測站,臺南市,臺南市,安南測站,78.3,45.2,1,0,0,0.3333333333333333,0
2026-06-30 15:00:00,安南測站,臺南市,臺南市,安南測站,77.2,44.8,1,0,0,0.3333333333333333,0
2026-06-30 16:00:00,安南測站,臺南市,臺南市,安南測站,82.2,50.8,1,0,0,0.3333333333333333,0
2026-06-30 17:00:00,安南測站,臺南市,臺南市,安南測站,85.5,46.9,1,0,0,0.3333333333333333,0
2026-06-30 18:00:00,安南測站,臺南市,臺南市,安南測站,79.9,46.8,1,0,0,0.3333333333333333,0
2026-06-30 19:00:00,安南測站,臺南市,臺南市,安南測站,76.4,46.8,1,0,0,0.3333333333333333,0
2026-06-30 20:00:00,安南測站,臺南市,臺南市,安南測站,89.0,49.1,1,0,0,0.3333333333333333,0
2026-06-30 21:00:00,安南測站,臺南市,臺南市,安南測站,76.6,50.3,1,0,0,0.3333333333333333,0
2026-06-30 22:00:00,安南測站,臺南市,臺南市,安南測站,92.4,52.0,1,0,0,0.3333333333333333,0
2026-06-30 23:00:00,安南測站,臺南市,臺南市,安南測站,67.7,39.3,1,1,0,0.6666666666666666,1
2026-07-01 00:00:00,安南測站,臺南市,臺南市,安南測站,77.1,45.2,1,0,0,0.3333333333333333,0
2026-07-01 01:00:00,安南測站,臺南市,臺南市,安南測站,75.8,45.1,1,0,0,0.3333333333333333,0
2026-07-01 02:00:00,安南測站,臺南市,臺南市,安南測站,72.7,46.6,1,0,0,0.3333333333333333,0
2026-07-01 03:00:00,安南測站,臺南市,臺南市,安南測站,76.3,45.8,1,0,0,0.3333333333333333,0
2026-07-01 04:00:00,安南測站,臺南市,臺南市,安南測站,79.0,48.8,1,0,0,0.3333333333333333,0
2026-07-01 05:00:00,安南測站,臺南市,臺南市,安南測站,86.7,49.1,1,0,0,0.3333333333333333,0
2026-07-01 06:00:00,安南測站,臺南市,臺南市,安南測站,80.3,47.3,1,0,0,0.3333333333333333,0
2026-07-01 07:00:00,安南測站,臺南市,臺南市,安南測站,87.3,45.0,1,0,0,0.3333333333333333,0
2026-07-01 08:00:00,安南測站,臺南市,臺南市,安南測站,93.1,49.0,1,0,0,0.3333333333333333,0
2026-07-01 09:00:00,安南測站,臺南市,臺南市,安南測站,98.1,48.9,1,0,0,0.3333333333333333,0
2026-07-01 10:00:00,安南測站,臺南市,臺南市,安南測站,86.4,37.2,1,0,0,0.3333333333333333,0
2026-07-01 11:00:00,安南測站,臺南市,臺南市,安南測站,81.3,43.1,1,0,0,0.3333333333333333,0
2026-07-01 12:00:00,安南測站,臺南市,臺南市,安南測站,72.6,41.6,1,0,0,0.3333333333333333,0
2026-07-01 13:00:00,安南測站,臺南市,臺南市,安南測站,79.8,45.5,1,0,0,0.3333333333333333,0
2026-07-01 14:00:00,安南測站,臺南市,臺南市,安南測站,81.9,45.4,1,0,0,0.3333333333333333,0
2026-07-01 15:00:00,安南測站,臺南市,臺南市,安南測站,85.0,44.4,1,0,0,0.3333333333333333,0
2026-07-01 16:00:00,安南測站,臺南市,臺南市,安南測站,93.3,50.8,1,0,0,0.3333333333333333,0
2026-07-01 17:00:00,安南測站,臺南市,臺南市,安南測站,89.1,48.3,1,0,0,0.3333333333333333,0
2026-07-01 18:00:00,安南測站,臺南市,臺南市,安南測站,87.2,50.4,1,0,0,0.3333333333333333,0
2026-07-01 19:00:00,安南測站,臺南市,臺南市,安南測站,94.8,51.2,1,0,0,0.3333333333333333,0
2026-07-01 20:00:00,安南測站,臺南市,臺南市,安南測站,92.5,47.5,1,0,0,0.3333333333333333,0
2026-07-01 21:00:00,安南測站,臺南市,臺南市,安南測站,82.7,47.3,1,0,0,0.3333333333333333,0
2026-07-01 22:00:00,安南測站,臺南市,臺南市,安南測站,81.6,50.1,1,0,0,0.3333333333333333,0
2026-07-01 23:00:00,安南測站,臺南市,臺南市,安南測站,75.2,39.6,1,0,0,0.3333333333333333,0
2026-07-02 00:00:00,安南測站,臺南市,臺南市,安南測站,84.3,47.9,1,0,0,0.3333333333333333,0
2026-07-02 01:00:00,安南測站,臺南市,臺南市,安南測站,84.0,48.0,1,0,0,0.3333333333333333,0
2026-07-02 02:00:00,安南測站,臺南市,臺南市,安南測站,75.1,46.6,1,0,0,0.3333333333333333,0
2026-07-02 03:00:00,安南測站,臺南市,臺南市,安南測站,85.0,51.2,1,0,0,0.3333333333333333,0
2026-07-02 04:00:00,安南測站,臺南市,臺南市,安南測站,83.7,48.7,1,0,0,0.3333333333333333,0
2026-07-02 05:00:00,安南測站,臺南市,臺南市,安南測站,85.3,47.1,1,0,0,0.3333333333333333,0
2026-07-02 06:00:00,安南測站,臺南市,臺南市,安南測站,86.5,46.6,1,0,0,0.3333333333333333,0
2026-07-02 07:00:00,安南測站,臺南市,臺南市,安南測站,97.0,44.5,1,0,0,0.3333333333333333,0
2026-07-02 08:00:00,安南測站,臺南市,臺南市,安南測站,94.3,42.9,1,0,0,0.3333333333333333,0
2026-07-02 09:00:00,安南測站,臺南市,臺南市,安南測站,86.9,47.5,1,0,0,0.3333333333333333,0
2026-07-02 10:00:00,安南測站,臺南市,臺南市,安南測站,86.8,47.1,1,1,0,0.6666666666666666,1
2026-07-02 11:00:00,安南測站,臺南市,臺南市,安南測站,90.7,49.9,1,0,0,0.3333333333333333,0
2026-07-02 12:00:00,安南測站,臺南市,臺南市,安南測站,91.9,49.1,1,0,0,0.3333333333333333,0
2026-07-02 13:00:00,安南測站,臺南市,臺南市,安南測站,89.5,55.3,1,0,0,0.3333333333333333,0
2026-07-02 14:00:00,安南測站,臺南市,臺南市,安南測站,87.3,42.3,1,1,0,0.6666666666666666,1
2026-07-02 15:00:00,安南測站,臺南市,臺南市,安南測站,82.5,51.6,1,0,0,0.3333333333333333,0
2026-07-02 16:00:00,安南測站,臺南市,臺南市,安南測站,95.1,51.1,1,0,0,0.3333333333333333,0
2026-07-02 17:00:00,安南測站,臺南市,臺南市,安南測站,95.3,50.5,1,0,0,0.3333333333333333,0
2026-07-02 18:00:00,安南測站,臺南市,臺南市,安南測站,93.5,53.5,1,0,0,0.3333333333333333,0
2026-07-02 19:00:00,安南測站,臺南市,臺南市,安南測站,96.3,41.8,1,0,1,0.6666666666666666,1
2026-07-02 20:00:00,安南測站,臺南市,臺南市,安南測站,93.6,56.7,1,1,1,1.0,1
2026-07-02 21:00:00,安南測站,臺南市,臺南市,安南測站,93.4,48.6,1,1,0,0.6666666666666666,1
2026-07-02 22:00:00,安南測站,臺南市,臺南市,安南測站,76.9,45.8,1,0,0,0.3333333333333333,0
2026-07-02 23:00:00,安南測站,臺南市,臺南市,安南測站,79.9,43.7,1,0,0,0.3333333333333333,0
2026-07-03 00:00:00,安南測站,臺南市,臺南市,安南測站,87.1,52.6,1,0,0,0.3333333333333333,0
2026-07-03 01:00:00,安南測站,臺南市,臺南市,安南測站,82.6,42.1,1,0,0,0.3333333333333333,0
2026-07-03 02:00:00,安南測站,臺南市,臺南市,安南測站,78.3,46.1,1,0,0,0.3333333333333333,0
2026-07-03 03:00:00,安南測站,臺南市,臺南市,安南測站,75.2,42.8,1,0,0,0.3333333333333333,0
2026-07-03 04:00:00,安南測站,臺南市,臺南市,安南測站,85.7,45.2,1,0,0,0.3333333333333333,0
2026-07-03 05:00:00,安南測站,臺南市,臺南市,安南測站,72.1,43.0,1,0,0,0.3333333333333333,0
2026-07-03 06:00:00,安南測站,臺南市,臺南市,安南測站,74.3,49.2,1,0,0,0.3333333333333333,0
2026-07-03 07:00:00,安南測站,臺南市,臺南市,安南測站,83.6,49.5,1,0,0,0.3333333333333333,0
2026-07-03 08:00:00,安南測站,臺南市,臺南市,安南測站,91.5,45.8,1,0,0,0.3333333333333333,0
2026-07-03 09:00:00,安南測站,臺南市,臺南市,安南測站,91.6,48.5,1,0,0,0.3333333333333333,0
2026-07-03 10:00:00,安南測站,臺南市,臺南市,安南測站,75.5,42.7,1,0,0,0.3333333333333333,0
2026-07-03 11:00:00,安南測站,臺南市,臺南市,安南測站,80.0,44.2,1,0,0,0.3333333333333333,0
2026-07-03 12:00:00,安南測站,臺南市,臺南市,安南測站,77.5,48.1,1,0,0,0.3333333333333333,0
2026-07-03 13:00:00,安南測站,臺南市,臺南市,安南測站,73.3,45.0,1,0,0,0.3333333333333333,0
2026-07-03 14:00:00,安南測站,臺南市,臺南市,安南測站,80.6,46.3,1,0,0,0.3333333333333333,0
2026-07-03 15:00:00,安南測站,臺南市,臺南市,安南測站,72.9,46.6,1,0,0,0.3333333333333333,0
2026-07-03 16:00:00,安南測站,臺南市,臺南市,安南測站,78.6,48.1,1,0,0,0.3333333333333333,0
2026-07-03 17:00:00,安南測站,臺南市,臺南市,安南測站,81.5,47.2,1,0,0,0.3333333333333333,0
2026-07-03 18:00:00,安南測站,臺南市,臺南市,安南測站,95.5,55.8,1,0,0,0.3333333333333333,0
2026-07-03 19:00:00,安南測站,臺南市,臺南市,安南測站,91.3,52.4,1,0,0,0.3333333333333333,0
2026-07-03 20:00:00,安南測站,臺南市,臺南市,安南測站,126.1,57.5,1,1,1,1.0,1
2026-07-03 21:00:00,安南測站,臺南市,臺南市,安南測站,73.2,46.9,1,1,1,1.0,1
2026-07-03 22:00:00,安南測站,臺南市,臺南市,安南測站,71.2,43.3,1,0,0,0.3333333333333333,0
2026-07-03 23:00:00,安南測站,臺南市,臺南市,安南測站,61.7,45.4,1,0,0,0.3333333333333333,0
2026-07-04 00:00:00,安南測站,臺南市,臺南市,安南測站,67.6,44.2,1,0,0,0.3333333333333333,0
2026-07-04 01:00:00,安南測站,臺南市,臺南市,安南測站,63.4,46.8,1,0,0,0.3333333333333333,0
2026-07-04 02:00:00,安南測站,臺南市,臺南市,安南測站,72.6,40.9,1,0,0,0.3333333333333333,0
2026-07-04 03:00:00,安南測站,臺南市,臺南市,安南測站,58.4,41.9,1,0,0,0.3333333333333333,0
2026-07-04 04:00:00,安南測站,臺南市,臺南市,安南測站,56.5,41.7,1,0,0,0.3333333333333333,0
2026-07-04 05:00:00,安南測站,臺南市,臺南市,安南測站,67.2,39.1,1,0,0,0.3333333333333333,0
2026-07-04 06:00:00,安南測站,臺南市,臺南市,安南測站,76.3,51.4,1,1,0,0.6666666666666666,1
2026-07-04 07:00:00,安南測站,臺南市,臺南市,安南測站,73.3,45.7,1,0,0,0.3333333333333333,0
2026-07-04 08:00:00,安南測站,臺南市,臺南市,安南測站,75.3,45.6,1,0,0,0.3333333333333333,0
2026-07-04 09:00:00,安南測站,臺南市,臺南市,安南測站,72.8,48.6,1,0,0,0.3333333333333333,0
2026-07-04 10:00:00,安南測站,臺南市,臺南市,安南測站,71.8,49.4,1,0,0,0.3333333333333333,0
2026-07-04 11:00:00,安南測站,臺南市,臺南市,安南測站,71.4,48.4,1,0,0,0.3333333333333333,0
2026-07-04 12:00:00,安南測站,臺南市,臺南市,安南測站,68.2,44.9,1,0,0,0.3333333333333333,0
2026-07-04 13:00:00,安南測站,臺南市,臺南市,安南測站,65.2,42.1,1,0,0,0.3333333333333333,0
2026-07-04 14:00:00,安南測站,臺南市,臺南市,安南測站,67.6,43.5,1,0,0,0.3333333333333333,0
2026-07-04 15:00:00,安南測站,臺南市,臺南市,安南測站,64.6,44.0,1,0,0,0.3333333333333333,0
2026-07-04 16:00:00,安南測站,臺南市,臺南市,安南測站,69.4,42.0,1,0,0,0.3333333333333333,0
2026-07-04 17:00:00,安南測站,臺南市,臺南市,安南測站,82.1,54.8,1,1,1,1.0,1
2026-07-04 18:00:00,安南測站,臺南市,臺南市,安南測站,83.0,44.0,1,0,0,0.3333333333333333,0
2026-07-04 19:00:00,安南測站,臺南市,臺南市,安南測站,66.8,46.2,1,0,0,0.3333333333333333,0
2026-07-04 20:00:00,安南測站,臺南市,臺南市,安南測站,68.7,38.4,1,0,0,0.3333333333333333,0
2026-07-04 21:00:00,安南測站,臺南市,臺南市,安南測站,68.6,44.0,1,0,0,0.3333333333333333,0
2026-07-04 22:00:00,安南測站,臺南市,臺南市,安南測站,70.4,45.7,1,0,0,0.3333333333333333,0
2026-07-04 23:00:00,安南測站,臺南市,臺南市,安南測站,65.4,43.6,1,0,0,0.3333333333333333,0
2026-07-05 00:00:00,安南測站,臺南市,臺南市,安南測站,72.9,42.8,1,0,0,0.3333333333333333,0
2026-07-05 01:00:00,安南測站,臺南市,臺南市,安南測站,62.0,42.3,1,0,0,0.3333333333333333,0
2026-07-05 02:00:00,安南測站,臺南市,臺南市,安南測站,63.0,44.1,1,0,0,0.3333333333333333,0
2026-07-05 03:00:00,安南測站,臺南市,臺南市,安南測站,66.2,43.4,1,0,0,0.3333333333333333,0
2026-07-05 04:00:00,安南測站,臺南市,臺南市,安南測站,64.5,46.2,1,0,0,0.3333333333333333,0
2026-07-05 05:00:00,安南測站,臺南市,臺南市,安南測站,62.0,40.5,1,0,0,0.3333333333333333,0
2026-07-05 06:00:00,安南測站,臺南市,臺南市,安南測站,71.0,43.7,1,0,0,0.3333333333333333,0
2026-07-05 07:00:00,安南測站,臺南市,臺南市,安南測站,74.3,48.3,1,0,0,0.3333333333333333,0
2026-07-05 08:00:00,安南測站,臺南市,臺南市,安南測站,68.5,40.9,1,0,0,0.3333333333333333,0
2026-07-05 09:00:00,安南測站,臺南市,臺南市,安南測站,82.4,45.4,1,0,0,0.3333333333333333,0
2026-07-05 10:00:00,安南測站,臺南市,臺南市,安南測站,78.3,48.2,1,0,0,0.3333333333333333,0
2026-07-05 11:00:00,安南測站,臺南市,臺南市,安南測站,69.9,43.6,1,0,0,0.3333333333333333,0
2026-07-05 12:00:00,安南測站,臺南市,臺南市,安南測站,73.9,41.6,1,0,0,0.3333333333333333,0
2026-07-05 13:00:00,安南測站,臺南市,臺南市,安南測站,75.6,43.2,1,0,0,0.3333333333333333,0
2026-07-05 14:00:00,安南測站,臺南市,臺南市,安南測站,64.7,42.8,1,0,0,0.3333333333333333,0
2026-07-05 15:00:00,安南測站,臺南市,臺南市,安南測站,72.6,44.7,1,0,0,0.3333333333333333,0
2026-07-05 16:00:00,安南測站,臺南市,臺南市,安南測站,70.9,44.6,1,0,0,0.3333333333333333,0
2026-07-05 17:00:00,安南測站,臺南市,臺南市,安南測站,69.9,43.4,1,0,0,0.3333333333333333,0
2026-07-05 18:00:00,安南測站,臺南市,臺南市,安南測站,79.6,45.5,1,0,0,0.3333333333333333,0
2026-07-05 19:00:00,安南測站,臺南市,臺南市,安南測站,127.8,61.4,1,1,1,1.0,1
2026-07-05 20:00:00,安南測站,臺南市,臺南市,安南測站,73.8,47.2,1,1,1,1.0,1
2026-07-05 21:00:00,安南測站,臺南市,臺南市,安南測站,72.2,46.4,1,0,0,0.3333333333333333,0
2026-07-05 22:00:00,安南測站,臺南市,臺南市,安南測站,75.1,46.0,1,0,0,0.3333333333333333,0
2026-07-05 23:00:00,安南測站,臺南市,臺南市,安南測站,70.1,44.8,1,0,0,0.3333333333333333,0
2026-07-06 00:00:00,安南測站,臺南市,臺南市,安南測站,77.8,45.3,1,0,0,0.3333333333333333,0
2026-07-06 01:00:00,安南測站,臺南市,臺南市,安南測站,78.2,46.2,1,0,0,0.3333333333333333,0
2026-07-06 02:00:00,安南測站,臺南市,臺南市,安南測站,73.8,48.0,1,0,0,0.3333333333333333,0
2026-07-06 03:00:00,安南測站,臺南市,臺南市,安南測站,80.5,45.1,1,0,0,0.3333333333333333,0
2026-07-06 04:00:00,安南測站,臺南市,臺南市,安南測站,76.4,49.6,1,0,0,0.3333333333333333,0
2026-07-06 05:00:00,安南測站,臺南市,臺南市,安南測站,86.7,49.5,1,0,0,0.3333333333333333,0
2026-07-06 06:00:00,安南測站,臺南市,臺南市,安南測站,92.2,49.4,1,0,0,0.3333333333333333,0
2026-07-06 07:00:00,安南測站,臺南市,臺南市,安南測站,91.8,46.8,1,0,0,0.3333333333333333,0
2026-07-06 08:00:00,安南測站,臺南市,臺南市,安南測站,93.1,50.7,1,0,0,0.3333333333333333,0
2026-07-06 09:00:00,安南測站,臺南市,臺南市,安南測站,82.1,45.3,1,0,0,0.3333333333333333,0
2026-07-06 10:00:00,安南測站,臺南市,臺南市,安南測站,94.6,46.4,1,0,0,0.3333333333333333,0
2026-07-06 11:00:00,安南測站,臺南市,臺南市,安南測站,82.9,42.5,1,0,0,0.3333333333333333,0
2026-07-06 12:00:00,安南測站,臺南市,臺南市,安南測站,80.4,49.8,1,0,0,0.3333333333333333,0
2026-07-06 13:00:00,安南測站,臺南市,臺南市,安南測站,81.5,45.8,1,0,0,0.3333333333333333,0
2026-07-06 14:00:00,安南測站,臺南市,臺南市,安南測站,77.1,44.7,1,0,0,0.3333333333333333,0
2026-07-06 15:00:00,安南測站,臺南市,臺南市,安南測站,79.2,43.6,1,0,0,0.3333333333333333,0
2026-07-06 16:00:00,安南測站,臺南市,臺南市,安南測站,85.5,47.0,1,0,0,0.3333333333333333,0
2026-07-06 17:00:00,安南測站,臺南市,臺南市,安南測站,79.6,47.1,1,0,0,0.3333333333333333,0
2026-07-06 18:00:00,安南測站,臺南市,臺南市,安南測站,101.1,47.1,1,1,1,1.0,1
2026-07-06 19:00:00,安南測站,臺南市,臺南市,安南測站,92.6,49.9,1,0,0,0.3333333333333333,0
2026-07-06 20:00:00,安南測站,臺南市,臺南市,安南測站,84.5,49.3,1,0,0,0.3333333333333333,0
2026-07-06 21:00:00,安南測站,臺南市,臺南市,安南測站,80.0,46.0,1,0,0,0.3333333333333333,0
2026-07-06 22:00:00,安南測站,臺南市,臺南市,安南測站,84.9,47.0,1,0,0,0.3333333333333333,0
2026-07-06 23:00:00,安南測站,臺南市,臺南市,安南測站,77.1,45.0,1,0,0,0.3333333333333333,0
2026-07-07 00:00:00,安南測站,臺南市,臺南市,安南測站,78.9,42.5,1,0,0,0.3333333333333333,0
2026-07-07 01:00:00,安南測站,臺南市,臺南市,安南測站,86.6,48.0,1,0,0,0.3333333333333333,0
2026-07-07 02:00:00,安南測站,臺南市,臺南市,安南測站,82.2,42.4,1,0,0,0.3333333333333333,0
2026-07-07 03:00:00,安南測站,臺南市,臺南市,安南測站,76.6,41.9,1,0,0,0.3333333333333333,0
2026-07-07 04:00:00,安南測站,臺南市,臺南市,安南測站,84.2,54.8,1,1,1,1.0,1
2026-07-07 05:00:00,安南測站,臺南市,臺南市,安南測站,84.6,44.8,1,0,0,0.3333333333333333,0
2026-07-07 06:00:00,安南測站,臺南市,臺南市,安南測站,83.0,43.0,1,0,0,0.3333333333333333,0
2026-07-07 07:00:00,安南測站,臺南市,臺南市,安南測站,91.1,47.7,1,0,0,0.3333333333333333,0
2026-07-07 08:00:00,安南測站,臺南市,臺南市,安南測站,93.5,55.3,1,0,0,0.3333333333333333,0
2026-07-07 09:00:00,安南測站,臺南市,臺南市,安南測站,93.4,44.0,1,0,0,0.3333333333333333,0
2026-07-07 10:00:00,安南測站,臺南市,臺南市,安南測站,88.8,47.1,1,0,0,0.3333333333333333,0
2026-07-07 11:00:00,安南測站,臺南市,臺南市,安南測站,91.2,50.7,1,0,0,0.3333333333333333,0
2026-07-07 12:00:00,安南測站,臺南市,臺南市,安南測站,85.8,44.8,1,0,0,0.3333333333333333,0
2026-07-07 13:00:00,安南測站,臺南市,臺南市,安南測站,75.9,42.8,1,0,0,0.3333333333333333,0
2026-07-07 14:00:00,安南測站,臺南市,臺南市,安南測站,83.4,48.6,1,0,0,0.3333333333333333,0
2026-07-07 15:00:00,安南測站,臺南市,臺南市,安南測站,82.9,49.1,1,0,0,0.3333333333333333,0
2026-07-07 16:00:00,安南測站,臺南市,臺南市,安南測站,104.5,44.7,1,1,1,1.0,1
2026-07-07 17:00:00,安南測站,臺南市,臺南市,安南測站,91.0,50.5,1,1,0,0.6666666666666666,1
2026-07-07 18:00:00,安南測站,臺南市,臺南市,安南測站,89.2,49.0,1,0,0,0.3333333333333333,0
2026-07-07 19:00:00,安南測站,臺南市,臺南市,安南測站,90.7,53.0,1,0,0,0.3333333333333333,0
2026-07-07 20:00:00,安南測站,臺南市,臺南市,安南測站,94.5,48.0,1,0,0,0.3333333333333333,0
2026-07-07 21:00:00,安南測站,臺南市,臺南市,安南測站,76.7,45.6,1,0,0,0.3333333333333333,0
2026-07-07 22:00:00,安南測站,臺南市,臺南市,安南測站,86.1,52.6,1,0,0,0.3333333333333333,0
2026-07-07 23:00:00,安南測站,臺南市,臺南市,安南測站,82.6,46.9,1,0,0,0.3333333333333333,0
2026-07-08 00:00:00,安南測站,臺南市,臺南市,安南測站,77.4,41.4,1,0,0,0.3333333333333333,0
2026-07-08 01:00:00,安南測站,臺南市,臺南市,安南測站,86.2,47.2,1,0,0,0.3333333333333333,0
2026-07-08 02:00:00,安南測站,臺南市,臺南市,安南測站,78.7,46.5,1,1,0,0.6666666666666666,1
2026-07-08 03:00:00,安南測站,臺南市,臺南市,安南測站,81.0,43.0,1,0,0,0.3333333333333333,0
2026-07-08 04:00:00,安南測站,臺南市,臺南市,安南測站,85.5,50.7,1,0,0,0.3333333333333333,0
2026-07-08 05:00:00,安南測站,臺南市,臺南市,安南測站,77.4,41.2,1,0,0,0.3333333333333333,0
2026-07-08 06:00:00,安南測站,臺南市,臺南市,安南測站,86.0,48.3,1,0,0,0.3333333333333333,0
2026-07-08 07:00:00,安南測站,臺南市,臺南市,安南測站,95.6,47.9,1,0,0,0.3333333333333333,0
2026-07-08 08:00:00,安南測站,臺南市,臺南市,安南測站,94.2,50.4,1,0,0,0.3333333333333333,0
2026-07-08 09:00:00,安南測站,臺南市,臺南市,安南測站,89.1,45.8,1,0,0,0.3333333333333333,0
2026-07-08 10:00:00,安南測站,臺南市,臺南市,安南測站,86.2,48.1,1,0,0,0.3333333333333333,0
2026-07-08 11:00:00,安南測站,臺南市,臺南市,安南測站,81.1,48.7,1,0,0,0.3333333333333333,0
2026-07-08 12:00:00,安南測站,臺南市,臺南市,安南測站,82.1,48.8,1,0,0,0.3333333333333333,0
2026-07-08 13:00:00,安南測站,臺南市,臺南市,安南測站,77.9,51.4,1,0,0,0.3333333333333333,0
2026-07-08 14:00:00,安南測站,臺南市,臺南市,安南測站,72.1,44.6,1,0,0,0.3333333333333333,0
2026-07-08 15:00:00,安南測站,臺南市,臺南市,安南測站,84.3,48.8,1,0,0,0.3333333333333333,0
2026-07-08 16:00:00,安南測站,臺南市,臺南市,安南測站,84.8,47.5,1,0,0,0.3333333333333333,0
2026-07-08 17:00:00,安南測站,臺南市,臺南市,安南測站,81.9,40.9,1,0,0,0.3333333333333333,0
2026-07-08 18:00:00,安南測站,臺南市,臺南市,安南測站,86.9,50.0,1,0,0,0.3333333333333333,0
2026-07-08 19:00:00,安南測站,臺南市,臺南市,安南測站,94.8,45.9,1,0,0,0.3333333333333333,0
2026-07-08 20:00:00,安南測站,臺南市,臺南市,安南測站,77.8,48.1,1,0,0,0.3333333333333333,0
2026-07-08 21:00:00,安南測站,臺南市,臺南市,安南測站,82.2,46.9,1,0,0,0.3333333333333333,0
2026-07-08 22:00:00,安南測站,臺南市,臺南市,安南測站,73.5,45.5,1,0,0,0.3333333333333333,0
2026-07-08 23:00:00,安南測站,臺南市,臺南市,安南測站,63.7,47.9,1,0,0,0.3333333333333333,0
2026-07-09 00:00:00,安南測站,臺南市,臺南市,安南測站,71.8,46.0,1,0,0,0.3333333333333333,0
2026-07-09 01:00:00,安南測站,臺南市,臺南市,安南測站,80.4,41.4,1,0,0,0.3333333333333333,0
2026-07-09 02:00:00,安南測站,臺南市,臺南市,安南測站,74.8,43.7,1,0,0,0.3333333333333333,0
2026-07-09 03:00:00,安南測站,臺南市,臺南市,安南測站,65.4,43.4,1,0,0,0.3333333333333333,0
2026-07-09 04:00:00,安南測站,臺南市,臺南市,安南測站,67.8,41.9,1,0,0,0.3333333333333333,0
2026-07-09 05:00:00,安南測站,臺南市,臺南市,安南測站,82.7,48.3,1,0,0,0.3333333333333333,0
2026-07-09 06:00:00,安南測站,臺南市,臺南市,安南測站,78.3,46.2,1,0,0,0.3333333333333333,0
2026-07-09 07:00:00,安南測站,臺南市,臺南市,安南測站,81.9,41.6,1,0,0,0.3333333333333333,0
2026-07-09 08:00:00,安南測站,臺南市,臺南市,安南測站,78.0,41.8,1,0,0,0.3333333333333333,0
2026-07-09 09:00:00,安南測站,臺南市,臺南市,安南測站,78.2,48.7,1,0,0,0.3333333333333333,0
2026-07-09 10:00:00,安南測站,臺南市,臺南市,安南測站,82.9,48.7,1,0,0,0.3333333333333333,0
2026-07-09 11:00:00,安南測站,臺南市,臺南市,安南測站,72.2,50.5,1,0,0,0.3333333333333333,0
2026-07-09 12:00:00,安南測站,臺南市,臺南市,安南測站,71.9,46.1,1,0,0,0.3333333333333333,0
2026-07-09 13:00:00,安南測站,臺南市,臺南市,安南測站,74.3,45.1,1,0,0,0.3333333333333333,0
2026-07-09 14:00:00,安南測站,臺南市,臺南市,安南測站,59.1,42.6,1,0,0,0.3333333333333333,0
2026-07-09 15:00:00,安南測站,臺南市,臺南市,安南測站,84.4,43.5,1,1,0,0.6666666666666666,1
2026-07-09 16:00:00,安南測站,臺南市,臺南市,安南測站,68.7,47.8,1,0,0,0.3333333333333333,0
2026-07-09 17:00:00,安南測站,臺南市,臺南市,安南測站,80.8,47.3,1,0,0,0.3333333333333333,0
2026-07-09 18:00:00,安南測站,臺南市,臺南市,安南測站,81.6,50.8,1,0,0,0.3333333333333333,0
2026-07-09 19:00:00,安南測站,臺南市,臺南市,安南測站,75.5,44.9,1,0,0,0.3333333333333333,0
2026-07-09 20:00:00,安南測站,臺南市,臺南市,安南測站,80.2,44.3,1,0,0,0.3333333333333333,0
2026-07-09 21:00:00,安南測站,臺南市,臺南市,安南測站,80.8,49.6,1,0,0,0.3333333333333333,0
2026-07-09 22:00:00,安南測站,臺南市,臺南市,安南測站,71.9,42.7,1,0,0,0.3333333333333333,0
2026-07-09 23:00:00,安南測站,臺南市,臺南市,安南測站,74.8,41.9,1,0,0,0.3333333333333333,0
2026-07-10 00:00:00,安南測站,臺南市,臺南市,安南測站,78.7,45.7,1,0,0,0.3333333333333333,0
2026-07-10 01:00:00,安南測站,臺南市,臺南市,安南測站,64.6,43.0,1,0,0,0.3333333333333333,0
2026-07-10 02:00:00,安南測站,臺南市,臺南市,安南測站,80.9,46.6,1,0,0,0.3333333333333333,0
2026-07-10 03:00:00,安南測站,臺南市,臺南市,安南測站,64.4,40.9,1,0,0,0.3333333333333333,0
2026-07-10 04:00:00,安南測站,臺南市,臺南市,安南測站,68.2,47.1,1,0,0,0.3333333333333333,0
2026-07-10 05:00:00,安南測站,臺南市,臺南市,安南測站,77.1,46.3,1,0,0,0.3333333333333333,0
2026-07-10 06:00:00,安南測站,臺南市,臺南市,安南測站,89.7,47.3,1,0,0,0.3333333333333333,0
2026-07-10 07:00:00,安南測站,臺南市,臺南市,安南測站,75.0,48.3,1,0,0,0.3333333333333333,0
2026-07-10 08:00:00,安南測站,臺南市,臺南市,安南測站,98.1,56.5,1,1,1,1.0,1
2026-07-10 09:00:00,安南測站,臺南市,臺南市,安南測站,85.3,45.5,1,0,1,0.6666666666666666,1
2026-07-10 10:00:00,安南測站,臺南市,臺南市,安南測站,82.3,50.6,1,0,0,0.3333333333333333,0
2026-07-10 11:00:00,安南測站,臺南市,臺南市,安南測站,78.1,46.8,1,0,0,0.3333333333333333,0
2026-07-10 12:00:00,安南測站,臺南市,臺南市,安南測站,70.9,45.9,1,0,0,0.3333333333333333,0
2026-07-10 13:00:00,安南測站,臺南市,臺南市,安南測站,66.5,38.5,1,0,0,0.3333333333333333,0
2026-07-10 14:00:00,安南測站,臺南市,臺南市,安南測站,71.4,46.5,1,0,0,0.3333333333333333,0
2026-07-10 15:00:00,安南測站,臺南市,臺南市,安南測站,76.8,45.5,1,0,0,0.3333333333333333,0
2026-07-10 16:00:00,安南測站,臺南市,臺南市,安南測站,76.7,42.0,1,0,0,0.3333333333333333,0
2026-07-10 17:00:00,安南測站,臺南市,臺南市,安南測站,80.6,46.4,1,0,0,0.3333333333333333,0
2026-07-10 18:00:00,安南測站,臺南市,臺南市,安南測站,81.7,46.9,1,0,0,0.3333333333333333,0
2026-07-10 19:00:00,安南測站,臺南市,臺南市,安南測站,80.7,51.9,1,0,0,0.3333333333333333,0
2026-07-10 20:00:00,安南測站,臺南市,臺南市,安南測站,84.9,47.2,1,0,0,0.3333333333333333,0
2026-07-10 21:00:00,安南測站,臺南市,臺南市,安南測站,76.6,54.0,1,0,1,0.6666666666666666,1
2026-07-10 22:00:00,安南測站,臺南市,臺南市,安南測站,81.4,46.0,1,0,0,0.3333333333333333,0
2026-07-10 23:00:00,安南測站,臺南市,臺南市,安南測站,79.9,47.2,1,0,0,0.3333333333333333,0
2026-07-11 00:00:00,安南測站,臺南市,臺南市,安南測站,79.0,45.0,1,0,0,0.3333333333333333,0
2026-07-11 01:00:00,安南測站,臺南市,臺南市,安南測站,68.5,41.2,1,0,0,0.3333333333333333,0
2026-07-11 02:00:00,安南測站,臺南市,臺南市,安南測站,70.3,45.8,1,0,0,0.3333333333333333,0
2026-07-11 03:00:00,安南測站,臺南市,臺南市,安南測站,73.4,39.8,1,0,0,0.3333333333333333,0
2026-07-11 04:00:00,安南測站,臺南市,臺南市,安南測站,72.3,45.0,1,1,0,0.6666666666666666,1
2026-07-11 05:00:00,安南測站,臺南市,臺南市,安南測站,86.3,50.3,1,0,0,0.3333333333333333,0
2026-07-11 06:00:00,安南測站,臺南市,臺南市,安南測站,86.0,46.3,1,0,0,0.3333333333333333,0
2026-07-11 07:00:00,安南測站,臺南市,臺南市,安南測站,85.7,48.1,1,0,0,0.3333333333333333,0
2026-07-11 08:00:00,安南測站,臺南市,臺南市,安南測站,83.5,40.3,1,1,0,0.6666666666666666,1
2026-07-11 09:00:00,安南測站,臺南市,臺南市,安南測站,75.6,42.7,1,0,0,0.3333333333333333,0
2026-07-11 10:00:00,安南測站,臺南市,臺南市,安南測站,73.0,45.7,1,0,0,0.3333333333333333,0
2026-07-11 11:00:00,安南測站,臺南市,臺南市,安南測站,68.8,43.7,1,0,0,0.3333333333333333,0
2026-07-11 12:00:00,安南測站,臺南市,臺南市,安南測站,74.7,46.0,1,0,0,0.3333333333333333,0
2026-07-11 13:00:00,安南測站,臺南市,臺南市,安南測站,77.0,45.6,1,0,0,0.3333333333333333,0
2026-07-11 14:00:00,安南測站,臺南市,臺南市,安南測站,82.4,40.7,1,0,0,0.3333333333333333,0
2026-07-11 15:00:00,安南測站,臺南市,臺南市,安南測站,72.5,49.5,1,0,0,0.3333333333333333,0
2026-07-11 16:00:00,安南測站,臺南市,臺南市,安南測站,88.2,45.7,1,0,0,0.3333333333333333,0
2026-07-11 17:00:00,安南測站,臺南市,臺南市,安南測站,92.8,48.2,1,0,0,0.3333333333333333,0
2026-07-11 18:00:00,安南測站,臺南市,臺南市,安南測站,83.7,46.1,1,0,0,0.3333333333333333,0
2026-07-11 19:00:00,安南測站,臺南市,臺南市,安南測站,85.7,46.3,1,0,0,0.3333333333333333,0
2026-07-11 20:00:00,安南測站,臺南市,臺南市,安南測站,81.6,48.8,1,0,0,0.3333333333333333,0
2026-07-11 21:00:00,安南測站,臺南市,臺南市,安南測站,79.6,49.5,1,0,0,0.3333333333333333,0
2026-07-11 22:00:00,安南測站,臺南市,臺南市,安南測站,84.9,42.0,1,0,0,0.3333333333333333,0
2026-07-11 23:00:00,安南測站,臺南市,臺南市,安南測站,76.7,41.8,1,0,0,0.3333333333333333,0
2026-07-12 00:00:00,安南測站,臺南市,臺南市,安南測站,71.7,42.9,1,0,0,0.3333333333333333,0
2026-07-12 01:00:00,安南測站,臺南市,臺南市,安南測站,74.0,45.5,1,0,0,0.3333333333333333,0
2026-07-12 02:00:00,安南測站,臺南市,臺南市,安南測站,76.0,49.8,1,0,0,0.3333333333333333,0
2026-07-12 03:00:00,安南測站,臺南市,臺南市,安南測站,70.2,42.0,1,0,0,0.3333333333333333,0
2026-07-12 04:00:00,安南測站,臺南市,臺南市,安南測站,77.9,47.9,1,0,0,0.3333333333333333,0
2026-07-12 05:00:00,安南測站,臺南市,臺南市,安南測站,87.5,47.7,1,0,0,0.3333333333333333,0
2026-07-12 06:00:00,安南測站,臺南市,臺南市,安南測站,87.7,50.3,1,0,0,0.3333333333333333,0
2026-07-12 07:00:00,安南測站,臺南市,臺南市,安南測站,80.1,45.1,1,0,0,0.3333333333333333,0
2026-07-12 08:00:00,安南測站,臺南市,臺南市,安南測站,91.4,53.8,1,0,0,0.3333333333333333,0
2026-07-12 09:00:00,安南測站,臺南市,臺南市,安南測站,87.1,50.8,1,0,0,0.3333333333333333,0
2026-07-12 10:00:00,安南測站,臺南市,臺南市,安南測站,77.8,44.5,1,0,0,0.3333333333333333,0
2026-07-12 11:00:00,安南測站,臺南市,臺南市,安南測站,81.2,48.9,1,0,0,0.3333333333333333,0
2026-07-12 12:00:00,安南測站,臺南市,臺南市,安南測站,71.2,51.5,1,0,0,0.3333333333333333,0
2026-07-12 13:00:00,安南測站,臺南市,臺南市,安南測站,71.7,45.1,1,0,0,0.3333333333333333,0
2026-07-12 14:00:00,安南測站,臺南市,臺南市,安南測站,74.7,47.1,1,0,0,0.3333333333333333,0
2026-07-12 15:00:00,安南測站,臺南市,臺南市,安南測站,80.6,46.5,1,0,0,0.3333333333333333,0
2026-07-12 16:00:00,安南測站,臺南市,臺南市,安南測站,83.7,47.2,1,0,0,0.3333333333333333,0
2026-07-12 17:00:00,安南測站,臺南市,臺南市,安南測站,88.0,49.3,1,0,0,0.3333333333333333,0
2026-07-12 18:00:00,安南測站,臺南市,臺南市,安南測站,86.7,45.8,1,0,0,0.3333333333333333,0
2026-07-12 19:00:00,安南測站,臺南市,臺南市,安南測站,83.8,46.3,1,0,0,0.3333333333333333,0
2026-07-12 20:00:00,安南測站,臺南市,臺南市,安南測站,82.9,46.8,1,0,0,0.3333333333333333,0
2026-07-12 21:00:00,安南測站,臺南市,臺南市,安南測站,80.2,48.3,1,0,0,0.3333333333333333,0
2026-07-12 22:00:00,安南測站,臺南市,臺南市,安南測站,88.6,45.5,1,0,0,0.3333333333333333,0
2026-07-12 23:00:00,安南測站,臺南市,臺南市,安南測站,74.4,47.8,1,0,0,0.3333333333333333,0
2026-07-13 00:00:00,安南測站,臺南市,臺南市,安南測站,82.4,44.3,1,0,0,0.3333333333333333,0
2026-07-13 01:00:00,安南測站,臺南市,臺南市,安南測站,78.1,44.4,1,0,0,0.3333333333333333,0
2026-07-13 02:00:00,安南測站,臺南市,臺南市,安南測站,85.3,45.4,1,0,0,0.3333333333333333,0
2026-07-13 03:00:00,安南測站,臺南市,臺南市,安南測站,83.6,44.8,1,0,0,0.3333333333333333,0
2026-07-13 04:00:00,安南測站,臺南市,臺南市,安南測站,91.0,45.4,1,0,0,0.3333333333333333,0
2026-07-13 05:00:00,安南測站,臺南市,臺南市,安南測站,81.9,47.0,1,0,0,0.3333333333333333,0
2026-07-13 06:00:00,安南測站,臺南市,臺南市,安南測站,90.4,48.7,1,0,0,0.3333333333333333,0
2026-07-13 07:00:00,安南測站,臺南市,臺南市,安南測站,85.5,49.0,1,0,0,0.3333333333333333,0
2026-07-13 08:00:00,安南測站,臺南市,臺南市,安南測站,81.3,44.5,1,0,0,0.3333333333333333,0
2026-07-13 09:00:00,安南測站,臺南市,臺南市,安南測站,97.4,55.0,1,0,1,0.6666666666666666,1
2026-07-13 10:00:00,安南測站,臺南市,臺南市,安南測站,86.7,50.6,1,0,0,0.3333333333333333,0
2026-07-13 11:00:00,安南測站,臺南市,臺南市,安南測站,84.3,52.0,1,0,0,0.3333333333333333,0
2026-07-13 12:00:00,安南測站,臺南市,臺南市,安南測站,73.3,47.5,1,0,0,0.3333333333333333,0
2026-07-13 13:00:00,安南測站,臺南市,臺南市,安南測站,73.5,39.6,1,0,0,0.3333333333333333,0
2026-07-13 14:00:00,安南測站,臺南市,臺南市,安南測站,83.1,44.3,1,0,0,0.3333333333333333,0
2026-07-13 15:00:00,安南測站,臺南市,臺南市,安南測站,87.8,43.0,1,0,0,0.3333333333333333,0
2026-07-13 16:00:00,安南測站,臺南市,臺南市,安南測站,79.7,47.3,1,0,0,0.3333333333333333,0
2026-07-13 17:00:00,安南測站,臺南市,臺南市,安南測站,81.9,39.4,1,0,0,0.3333333333333333,0
2026-07-13 18:00:00,安南測站,臺南市,臺南市,安南測站,84.4,46.2,1,0,0,0.3333333333333333,0
2026-07-13 19:00:00,安南測站,臺南市,臺南市,安南測站,82.5,46.9,1,1,0,0.6666666666666666,1
2026-07-13 20:00:00,安南測站,臺南市,臺南市,安南測站,69.8,45.4,1,0,0,0.3333333333333333,0
2026-07-13 21:00:00,安南測站,臺南市,臺南市,安南測站,81.3,46.0,1,0,0,0.3333333333333333,0
2026-07-13 22:00:00,安南測站,臺南市,臺南市,安南測站,78.1,49.0,1,0,0,0.3333333333333333,0
2026-07-13 23:00:00,安南測站,臺南市,臺南市,安南測站,77.1,46.2,1,0,0,0.3333333333333333,0
2026-07-14 00:00:00,安南測站,臺南市,臺南市,安南測站,82.2,47.7,1,0,0,0.3333333333333333,0
2026-07-14 01:00:00,安南測站,臺南市,臺南市,安南測站,67.1,40.6,1,0,0,0.3333333333333333,0
2026-07-14 02:00:00,安南測站,臺南市,臺南市,安南測站,67.3,40.7,1,0,0,0.3333333333333333,0
2026-07-14 03:00:00,安南測站,臺南市,臺南市,安南測站,71.8,42.7,1,0,0,0.3333333333333333,0
2026-07-14 04:00:00,安南測站,臺南市,臺南市,安南測站,78.9,44.2,1,0,0,0.3333333333333333,0
2026-07-14 05:00:00,安南測站,臺南市,臺南市,安南測站,78.8,50.0,1,0,0,0.3333333333333333,0
2026-07-14 06:00:00,安南測站,臺南市,臺南市,安南測站,71.7,42.3,1,0,0,0.3333333333333333,0
2026-07-14 07:00:00,安南測站,臺南市,臺南市,安南測站,86.5,42.5,1,0,0,0.3333333333333333,0
2026-07-14 08:00:00,安南測站,臺南市,臺南市,安南測站,80.9,41.2,1,0,0,0.3333333333333333,0
2026-07-14 09:00:00,安南測站,臺南市,臺南市,安南測站,75.7,45.4,1,0,0,0.3333333333333333,0
2026-07-14 10:00:00,安南測站,臺南市,臺南市,安南測站,83.1,50.0,1,0,0,0.3333333333333333,0
2026-07-14 11:00:00,安南測站,臺南市,臺南市,安南測站,81.0,44.3,1,0,0,0.3333333333333333,0
2026-07-14 12:00:00,安南測站,臺南市,臺南市,安南測站,77.2,45.4,1,0,0,0.3333333333333333,0
2026-07-14 13:00:00,安南測站,臺南市,臺南市,安南測站,72.9,43.3,1,0,0,0.3333333333333333,0
2026-07-14 14:00:00,安南測站,臺南市,臺南市,安南測站,78.4,52.2,1,0,0,0.3333333333333333,0
2026-07-14 15:00:00,安南測站,臺南市,臺南市,安南測站,79.7,40.6,1,0,0,0.3333333333333333,0
2026-07-14 16:00:00,安南測站,臺南市,臺南市,安南測站,71.3,43.7,1,0,0,0.3333333333333333,0
2026-07-14 17:00:00,安南測站,臺南市,臺南市,安南測站,82.7,43.7,1,0,0,0.3333333333333333,0
2026-07-14 18:00:00,安南測站,臺南市,臺南市,安南測站,82.1,45.4,1,0,0,0.3333333333333333,0
2026-07-14 19:00:00,安南測站,臺南市,臺南市,安南測站,76.0,43.1,1,0,0,0.3333333333333333,0
2026-07-14 20:00:00,安南測站,臺南市,臺南市,安南測站,81.3,44.5,1,0,0,0.3333333333333333,0
2026-07-14 21:00:00,安南測站,臺南市,臺南市,安南測站,71.3,45.7,1,0,0,0.3333333333333333,0
2026-07-14 22:00:00,安南測站,臺南市,臺南市,安南測站,78.3,40.8,1,0,0,0.3333333333333333,0
2026-07-14 23:00:00,安南測站,臺南市,臺南市,安南測站,68.7,38.8,1,0,0,0.3333333333333333,0
2026-07-15 00:00:00,安南測站,臺南市,臺南市,安南測站,69.2,42.7,1,0,0,0.3333333333333333,0
2026-07-15 01:00:00,安南測站,臺南市,臺南市,安南測站,66.8,45.6,1,0,0,0.3333333333333333,0
2026-07-15 02:00:00,安南測站,臺南市,臺南市,安南測站,77.9,47.0,1,0,0,0.3333333333333333,0
2026-07-15 03:00:00,安南測站,臺南市,臺南市,安南測站,64.6,38.4,1,0,0,0.3333333333333333,0
2026-07-15 04:00:00,安南測站,臺南市,臺南市,安南測站,73.6,39.3,1,0,0,0.3333333333333333,0
2026-07-15 05:00:00,安南測站,臺南市,臺南市,安南測站,79.3,45.4,1,0,0,0.3333333333333333,0
2026-07-15 06:00:00,安南測站,臺南市,臺南市,安南測站,75.1,43.5,1,0,0,0.3333333333333333,0
2026-07-15 07:00:00,安南測站,臺南市,臺南市,安南測站,82.6,47.3,1,0,0,0.3333333333333333,0
2026-07-15 08:00:00,安南測站,臺南市,臺南市,安南測站,82.3,44.4,1,0,0,0.3333333333333333,0
2026-07-15 09:00:00,安南測站,臺南市,臺南市,安南測站,77.8,48.9,1,0,0,0.3333333333333333,0
2026-07-15 10:00:00,安南測站,臺南市,臺南市,安南測站,82.7,46.3,1,0,0,0.3333333333333333,0
2026-07-15 11:00:00,安南測站,臺南市,臺南市,安南測站,71.1,41.4,1,0,0,0.3333333333333333,0
2026-07-15 12:00:00,安南測站,臺南市,臺南市,安南測站,78.1,52.9,1,0,0,0.3333333333333333,0
2026-07-15 13:00:00,安南測站,臺南市,臺南市,安南測站,68.2,42.7,1,0,0,0.3333333333333333,0
2026-07-15 14:00:00,安南測站,臺南市,臺南市,安南測站,72.2,44.9,1,0,0,0.3333333333333333,0
2026-07-15 15:00:00,安南測站,臺南市,臺南市,安南測站,87.3,46.8,1,0,0,0.3333333333333333,0
2026-07-15 16:00:00,安南測站,臺南市,臺南市,安南測站,73.4,44.4,1,0,0,0.3333333333333333,0
2026-07-15 17:00:00,安南測站,臺南市,臺南市,安南測站,89.8,51.2,1,0,1,0.6666666666666666,1
2026-07-15 18:00:00,安南測站,臺南市,臺南市,安南測站,80.5,48.6,1,0,0,0.3333333333333333,0
2026-07-15 19:00:00,安南測站,臺南市,臺南市,安南測站,83.7,50.1,1,0,0,0.3333333333333333,0
2026-07-15 20:00:00,安南測站,臺南市,臺南市,安南測站,83.7,49.0,1,0,0,0.3333333333333333,0
2026-07-15 21:00:00,安南測站,臺南市,臺南市,安南測站,77.4,51.8,1,0,0,0.3333333333333333,0
2026-07-15 22:00:00,安南測站,臺南市,臺南市,安南測站,82.0,43.4,1,0,0,0.3333333333333333,0
2026-07-15 23:00:00,安南測站,臺南市,臺南市,安南測站,76.8,42.1,1,0,0,0.3333333333333333,0
2026-07-16 00:00:00,安南測站,臺南市,臺南市,安南測站,75.3,46.2,1,0,0,0.3333333333333333,0
2026-07-16 01:00:00,安南測站,臺南市,臺南市,安南測站,72.3,44.6,1,0,0,0.3333333333333333,0
2026-07-16 02:00:00,安南測站,臺南市,臺南市,安南測站,82.6,41.8,1,0,0,0.3333333333333333,0
2026-07-16 03:00:00,安南測站,臺南市,臺南市,安南測站,82.0,48.9,1,0,0,0.3333333333333333,0
2026-07-16 04:00:00,安南測站,臺南市,臺南市,安南測站,77.1,50.6,1,0,0,0.3333333333333333,0
2026-07-16 05:00:00,安南測站,臺南市,臺南市,安南測站,86.2,47.5,1,0,0,0.3333333333333333,0
2026-07-16 06:00:00,安南測站,臺南市,臺南市,安南測站,96.2,49.4,1,0,0,0.3333333333333333,0
2026-07-16 07:00:00,安南測站,臺南市,臺南市,安南測站,85.7,48.4,1,0,0,0.3333333333333333,0
2026-07-16 08:00:00,安南測站,臺南市,臺南市,安南測站,90.4,47.4,1,0,0,0.3333333333333333,0
2026-07-16 09:00:00,安南測站,臺南市,臺南市,安南測站,88.6,44.9,1,0,0,0.3333333333333333,0
2026-07-16 10:00:00,安南測站,臺南市,臺南市,安南測站,87.4,50.7,1,0,0,0.3333333333333333,0
2026-07-16 11:00:00,安南測站,臺南市,臺南市,安南測站,85.2,48.7,1,0,0,0.3333333333333333,0
2026-07-16 12:00:00,安南測站,臺南市,臺南市,安南測站,76.6,45.7,1,0,0,0.3333333333333333,0
2026-07-16 13:00:00,安南測站,臺南市,臺南市,安南測站,90.0,45.1,1,0,0,0.3333333333333333,0
2026-07-16 14:00:00,安南測站,臺南市,臺南市,安南測站,82.5,48.3,1,0,0,0.3333333333333333,0
2026-07-16 15:00:00,安南測站,臺南市,臺南市,安南測站,75.5,41.8,1,0,0,0.3333333333333333,0
2026-07-16 16:00:00,安南測站,臺南市,臺南市,安南測站,84.1,50.2,1,0,0,0.3333333333333333,0
2026-07-16 17:00:00,安南測站,臺南市,臺南市,安南測站,94.5,51.8,1,1,1,1.0,1
2026-07-16 18:00:00,安南測站,臺南市,臺南市,安南測站,92.7,52.5,1,0,0,0.3333333333333333,0
2026-07-16 19:00:00,安南測站,臺南市,臺南市,安南測站,83.1,51.1,1,0,0,0.3333333333333333,0
2026-07-16 20:00:00,安南測站,臺南市,臺南市,安南測站,92.6,51.3,1,1,1,1.0,1
2026-07-16 21:00:00,安南測站,臺南市,臺南市,安南測站,86.9,49.5,1,1,0,0.6666666666666666,1
2026-07-16 22:00:00,安南測站,臺南市,臺南市,安南測站,88.3,51.5,1,0,0,0.3333333333333333,0
2026-07-16 23:00:00,安南測站,臺南市,臺南市,安南測站,88.5,48.0,1,0,0,0.3333333333333333,0
2026-07-17 00:00:00,安南測站,臺南市,臺南市,安南測站,88.0,48.4,1,0,0,0.3333333333333333,0
2026-07-17 01:00:00,安南測站,臺南市,臺南市,安南測站,86.8,54.3,1,0,0,0.3333333333333333,0
2026-07-17 02:00:00,安南測站,臺南市,臺南市,安南測站,80.3,48.8,1,0,0,0.3333333333333333,0
2026-07-17 03:00:00,安南測站,臺南市,臺南市,安南測站,78.8,42.4,1,0,0,0.3333333333333333,0
2026-07-17 04:00:00,安南測站,臺南市,臺南市,安南測站,84.3,48.0,1,0,0,0.3333333333333333,0
2026-07-17 05:00:00,安南測站,臺南市,臺南市,安南測站,87.8,53.1,1,0,0,0.3333333333333333,0
2026-07-17 06:00:00,安南測站,臺南市,臺南市,安南測站,97.5,55.8,1,0,0,0.3333333333333333,0
2026-07-17 07:00:00,安南測站,臺南市,臺南市,安南測站,89.1,47.1,1,0,0,0.3333333333333333,0
2026-07-17 08:00:00,安南測站,臺南市,臺南市,安南測站,97.8,51.5,1,0,0,0.3333333333333333,0
2026-07-17 09:00:00,安南測站,臺南市,臺南市,安南測站,93.7,53.0,1,0,0,0.3333333333333333,0
2026-07-17 10:00:00,安南測站,臺南市,臺南市,安南測站,96.8,53.0,1,0,0,0.3333333333333333,0
2026-07-17 11:00:00,安南測站,臺南市,臺南市,安南測站,96.1,52.4,1,0,0,0.3333333333333333,0
2026-07-17 12:00:00,安南測站,臺南市,臺南市,安南測站,78.1,38.4,1,1,1,1.0,1
2026-07-17 13:00:00,安南測站,臺南市,臺南市,安南測站,80.4,43.4,1,0,0,0.3333333333333333,0
2026-07-17 14:00:00,安南測站,臺南市,臺南市,安南測站,76.8,48.5,1,0,0,0.3333333333333333,0
2026-07-17 15:00:00,安南測站,臺南市,臺南市,安南測站,87.3,59.0,1,0,1,0.6666666666666666,1
2026-07-17 16:00:00,安南測站,臺南市,臺南市,安南測站,88.7,49.7,1,0,0,0.3333333333333333,0
2026-07-17 17:00:00,安南測站,臺南市,臺南市,安南測站,84.3,50.8,1,0,0,0.3333333333333333,0
2026-07-17 18:00:00,安南測站,臺南市,臺南市,安南測站,93.1,42.9,1,0,1,0.6666666666666666,1
2026-07-17 19:00:00,安南測站,臺南市,臺南市,安南測站,83.4,51.4,1,0,1,0.6666666666666666,1
2026-07-17 20:00:00,安南測站,臺南市,臺南市,安南測站,91.9,48.3,1,0,0,0.3333333333333333,0
2026-07-17 21:00:00,安南測站,臺南市,臺南市,安南測站,90.8,49.6,1,0,0,0.3333333333333333,0
2026-07-17 22:00:00,安南測站,臺南市,臺南市,安南測站,84.4,47.3,1,0,0,0.3333333333333333,0
2026-07-17 23:00:00,安南測站,臺南市,臺南市,安南測站,85.4,50.1,1,0,0,0.3333333333333333,0
2026-07-18 00:00:00,安南測站,臺南市,臺南市,安南測站,70.9,43.8,1,0,0,0.3333333333333333,0
2026-07-18 01:00:00,安南測站,臺南市,臺南市,安南測站,66.6,45.7,1,0,0,0.3333333333333333,0
2026-07-18 02:00:00,安南測站,臺南市,臺南市,安南測站,66.4,42.4,1,0,0,0.3333333333333333,0
2026-07-18 03:00:00,安南測站,臺南市,臺南市,安南測站,72.6,42.6,1,1,0,0.6666666666666666,1
2026-07-18 04:00:00,安南測站,臺南市,臺南市,安南測站,81.1,45.5,1,0,0,0.3333333333333333,0
2026-07-18 05:00:00,安南測站,臺南市,臺南市,安南測站,77.5,45.8,1,0,0,0.3333333333333333,0
2026-07-18 06:00:00,安南測站,臺南市,臺南市,安南測站,78.4,48.9,1,0,0,0.3333333333333333,0
2026-07-18 07:00:00,安南測站,臺南市,臺南市,安南測站,82.9,45.6,1,0,0,0.3333333333333333,0
2026-07-18 08:00:00,安南測站,臺南市,臺南市,安南測站,81.5,42.5,1,0,0,0.3333333333333333,0
2026-07-18 09:00:00,安南測站,臺南市,臺南市,安南測站,81.2,46.6,1,0,0,0.3333333333333333,0
2026-07-18 10:00:00,安南測站,臺南市,臺南市,安南測站,79.5,43.0,1,0,0,0.3333333333333333,0
2026-07-18 11:00:00,安南測站,臺南市,臺南市,安南測站,70.0,43.3,1,0,0,0.3333333333333333,0
2026-07-18 12:00:00,安南測站,臺南市,臺南市,安南測站,72.1,42.7,1,0,0,0.3333333333333333,0
2026-07-18 13:00:00,安南測站,臺南市,臺南市,安南測站,70.7,48.0,1,0,0,0.3333333333333333,0
2026-07-18 14:00:00,安南測站,臺南市,臺南市,安南測站,74.4,42.1,1,0,0,0.3333333333333333,0
2026-07-18 15:00:00,安南測站,臺南市,臺南市,安南測站,80.0,49.0,1,0,0,0.3333333333333333,0
2026-07-18 16:00:00,安南測站,臺南市,臺南市,安南測站,66.6,40.0,1,0,0,0.3333333333333333,0
2026-07-18 17:00:00,安南測站,臺南市,臺南市,安南測站,86.3,43.0,1,0,0,0.3333333333333333,0
2026-07-18 18:00:00,安南測站,臺南市,臺南市,安南測站,71.8,40.5,1,0,0,0.3333333333333333,0
2026-07-18 19:00:00,安南測站,臺南市,臺南市,安南測站,81.1,47.2,1,0,0,0.3333333333333333,0
2026-07-18 20:00:00,安南測站,臺南市,臺南市,安南測站,77.3,48.3,1,0,0,0.3333333333333333,0
2026-07-18 21:00:00,安南測站,臺南市,臺南市,安南測站,67.9,47.6,1,0,0,0.3333333333333333,0
2026-07-18 22:00:00,安南測站,臺南市,臺南市,安南測站,65.8,41.1,1,0,0,0.3333333333333333,0
2026-07-18 23:00:00,安南測站,臺南市,臺南市,安南測站,74.2,43.9,1,0,0,0.3333333333333333,0
2026-07-19 00:00:00,安南測站,臺南市,臺南市,安南測站,74.0,43.3,1,0,0,0.3333333333333333,0
2026-07-19 01:00:00,安南測站,臺南市,臺南市,安南測站,66.1,42.3,1,0,0,0.3333333333333333,0
2026-07-19 02:00:00,安南測站,臺南市,臺南市,安南測站,78.7,44.2,1,0,0,0.3333333333333333,0
2026-07-19 03:00:00,安南測站,臺南市,臺南市,安南測站,70.2,45.0,1,0,0,0.3333333333333333,0
2026-07-19 04:00:00,安南測站,臺南市,臺南市,安南測站,68.3,41.8,1,0,0,0.3333333333333333,0
2026-07-19 05:00:00,安南測站,臺南市,臺南市,安南測站,72.4,45.9,1,0,0,0.3333333333333333,0
2026-07-19 06:00:00,安南測站,臺南市,臺南市,安南測站,74.8,43.7,1,0,0,0.3333333333333333,0
2026-07-19 07:00:00,安南測站,臺南市,臺南市,安南測站,69.8,40.7,1,0,0,0.3333333333333333,0
2026-07-19 08:00:00,安南測站,臺南市,臺南市,安南測站,85.5,44.1,1,0,0,0.3333333333333333,0
2026-07-19 09:00:00,安南測站,臺南市,臺南市,安南測站,74.2,43.6,1,0,0,0.3333333333333333,0
2026-07-19 10:00:00,安南測站,臺南市,臺南市,安南測站,68.6,39.4,1,0,0,0.3333333333333333,0
2026-07-19 11:00:00,安南測站,臺南市,臺南市,安南測站,66.2,44.5,1,0,0,0.3333333333333333,0
2026-07-19 12:00:00,安南測站,臺南市,臺南市,安南測站,69.9,40.2,1,0,0,0.3333333333333333,0
2026-07-19 13:00:00,安南測站,臺南市,臺南市,安南測站,63.7,37.2,1,0,0,0.3333333333333333,0
2026-07-19 14:00:00,安南測站,臺南市,臺南市,安南測站,64.1,42.8,1,0,0,0.3333333333333333,0
2026-07-19 15:00:00,安南測站,臺南市,臺南市,安南測站,63.8,43.1,1,0,0,0.3333333333333333,0
2026-07-19 16:00:00,安南測站,臺南市,臺南市,安南測站,74.0,42.7,1,0,0,0.3333333333333333,0
2026-07-19 17:00:00,安南測站,臺南市,臺南市,安南測站,68.6,40.6,1,0,0,0.3333333333333333,0
2026-07-19 18:00:00,安南測站,臺南市,臺南市,安南測站,77.2,40.5,1,0,0,0.3333333333333333,0
2026-07-19 19:00:00,安南測站,臺南市,臺南市,安南測站,78.5,48.5,1,0,0,0.3333333333333333,0
2026-07-19 20:00:00,安南測站,臺南市,臺南市,安南測站,67.5,39.7,1,0,0,0.3333333333333333,0
2026-07-19 21:00:00,安南測站,臺南市,臺南市,安南測站,64.3,43.7,1,0,0,0.3333333333333333,0
2026-07-19 22:00:00,安南測站,臺南市,臺南市,安南測站,58.9,41.8,1,0,0,0.3333333333333333,0
2026-07-19 23:00:00,安南測站,臺南市,臺南市,安南測站,64.2,46.3,1,0,0,0.3333333333333333,0
2026-07-20 00:00:00,安南測站,臺南市,臺南市,安南測站,76.4,52.1,1,0,0,0.3333333333333333,0
2026-07-20 01:00:00,安南測站,臺南市,臺南市,安南測站,81.9,47.5,1,0,0,0.3333333333333333,0
2026-07-20 02:00:00,安南測站,臺南市,臺南市,安南測站,68.0,33.5,0,1,0,0.3333333333333333,0
2026-07-20 03:00:00,安南測站,臺南市,臺南市,安南測站,76.4,48.2,1,1,0,0.6666666666666666,1
2026-07-20 04:00:00,安南測站,臺南市,臺南市,安南測站,76.2,43.9,1,0,0,0.3333333333333333,0
2026-07-20 05:00:00,安南測站,臺南市,臺南市,安南測站,72.6,43.9,1,0,0,0.3333333333333333,0
2026-07-20 06:00:00,安南測站,臺南市,臺南市,安南測站,75.8,41.0,1,0,0,0.3333333333333333,0
2026-07-20 07:00:00,安南測站,臺南市,臺南市,安南測站,89.1,48.9,1,0,0,0.3333333333333333,0
2026-07-20 08:00:00,安南測站,臺南市,臺南市,安南測站,87.0,47.3,1,0,0,0.3333333333333333,0
2026-07-20 09:00:00,安南測站,臺南市,臺南市,安南測站,89.2,51.3,1,0,0,0.3333333333333333,0
2026-07-20 10:00:00,安南測站,臺南市,臺南市,安南測站,78.3,44.6,1,0,0,0.3333333333333333,0
2026-07-20 11:00:00,安南測站,臺南市,臺南市,安南測站,67.7,42.1,1,0,0,0.3333333333333333,0
2026-07-20 12:00:00,安南測站,臺南市,臺南市,安南測站,77.1,42.3,1,0,0,0.3333333333333333,0
2026-07-20 13:00:00,安南測站,臺南市,臺南市,安南測站,70.1,43.2,1,0,0,0.3333333333333333,0
2026-07-20 14:00:00,安南測站,臺南市,臺南市,安南測站,69.6,45.5,1,0,0,0.3333333333333333,0
2026-07-20 15:00:00,安南測站,臺南市,臺南市,安南測站,79.2,45.1,1,0,0,0.3333333333333333,0
2026-07-20 16:00:00,安南測站,臺南市,臺南市,安南測站,79.3,46.1,1,0,0,0.3333333333333333,0
2026-07-20 17:00:00,安南測站,臺南市,臺南市,安南測站,90.3,44.3,1,0,0,0.3333333333333333,0
2026-07-20 18:00:00,安南測站,臺南市,臺南市,安南測站,83.3,48.6,1,0,0,0.3333333333333333,0
2026-07-20 19:00:00,安南測站,臺南市,臺南市,安南測站,84.2,45.1,1,0,0,0.3333333333333333,0
2026-07-20 20:00:00,安南測站,臺南市,臺南市,安南測站,81.4,44.6,1,0,0,0.3333333333333333,0
2026-07-20 21:00:00,安南測站,臺南市,臺南市,安南測站,74.2,43.3,1,0,0,0.3333333333333333,0
2026-07-20 22:00:00,安南測站,臺南市,臺南市,安南測站,76.6,44.4,1,0,0,0.3333333333333333,0
2026-07-20 23:00:00,安南測站,臺南市,臺南市,安南測站,74.6,46.3,1,0,0,0.3333333333333333,0
2026-07-21 00:00:00,安南測站,臺南市,臺南市,安南測站,73.2,46.1,1,0,0,0.3333333333333333,0
2026-07-21 01:00:00,安南測站,臺南市,臺南市,安南測站,79.3,40.3,1,0,0,0.3333333333333333,0
2026-07-21 02:00:00,安南測站,臺南市,臺南市,安南測站,79.8,42.6,1,0,0,0.3333333333333333,0
2026-07-21 03:00:00,安南測站,臺南市,臺南市,安南測站,79.4,48.9,1,0,0,0.3333333333333333,0
2026-07-21 04:00:00,安南測站,臺南市,臺南市,安南測站,80.7,43.6,1,0,0,0.3333333333333333,0
2026-07-21 05:00:00,安南測站,臺南市,臺南市,安南測站,78.9,54.6,1,0,1,0.6666666666666666,1
2026-07-21 06:00:00,安南測站,臺南市,臺南市,安南測站,86.9,50.8,1,0,0,0.3333333333333333,0
2026-07-21 07:00:00,安南測站,臺南市,臺南市,安南測站,88.2,43.4,1,0,0,0.3333333333333333,0
2026-07-21 08:00:00,安南測站,臺南市,臺南市,安南測站,91.3,45.6,1,0,0,0.3333333333333333,0
2026-07-21 09:00:00,安南測站,臺南市,臺南市,安南測站,92.4,44.3,1,0,0,0.3333333333333333,0
2026-07-21 10:00:00,安南測站,臺南市,臺南市,安南測站,93.2,51.2,1,0,0,0.3333333333333333,0
2026-07-21 11:00:00,安南測站,臺南市,臺南市,安南測站,89.2,51.2,1,0,0,0.3333333333333333,0
2026-07-21 12:00:00,安南測站,臺南市,臺南市,安南測站,77.5,42.7,1,0,0,0.3333333333333333,0
2026-07-21 13:00:00,安南測站,臺南市,臺南市,安南測站,77.6,39.0,1,0,0,0.3333333333333333,0
2026-07-21 14:00:00,安南測站,臺南市,臺南市,安南測站,84.3,50.1,1,0,0,0.3333333333333333,0
2026-07-21 15:00:00,安南測站,臺南市,臺南市,安南測站,81.1,47.6,1,0,0,0.3333333333333333,0
2026-07-21 16:00:00,安南測站,臺南市,臺南市,安南測站,89.7,48.6,1,0,0,0.3333333333333333,0
2026-07-21 17:00:00,安南測站,臺南市,臺南市,安南測站,96.4,46.5,1,0,0,0.3333333333333333,0
2026-07-21 18:00:00,安南測站,臺南市,臺南市,安南測站,98.3,47.6,1,0,0,0.3333333333333333,0
2026-07-21 19:00:00,安南測站,臺南市,臺南市,安南測站,84.0,48.2,1,0,0,0.3333333333333333,0
2026-07-21 20:00:00,安南測站,臺南市,臺南市,安南測站,85.8,48.1,1,0,0,0.3333333333333333,0
2026-07-21 21:00:00,安南測站,臺南市,臺南市,安南測站,91.2,45.1,1,0,0,0.3333333333333333,0
2026-07-21 22:00:00,安南測站,臺南市,臺南市,安南測站,77.8,44.1,1,0,0,0.3333333333333333,0
2026-07-21 23:00:00,安南測站,臺南市,臺南市,安南測站,77.5,47.8,1,0,0,0.3333333333333333,0
2026-07-22 00:00:00,安南測站,臺南市,臺南市,安南測站,95.2,48.4,1,0,0,0.3333333333333333,0
2026-07-22 01:00:00,安南測站,臺南市,臺南市,安南測站,77.3,49.2,1,0,0,0.3333333333333333,0
2026-07-22 02:00:00,安南測站,臺南市,臺南市,安南測站,87.7,46.4,1,0,0,0.3333333333333333,0
2026-07-22 03:00:00,安南測站,臺南市,臺南市,安南測站,77.8,39.2,1,0,0,0.3333333333333333,0
2026-07-22 04:00:00,安南測站,臺南市,臺南市,安南測站,77.3,43.9,1,0,0,0.3333333333333333,0
2026-07-22 05:00:00,安南測站,臺南市,臺南市,安南測站,93.2,50.1,1,0,0,0.3333333333333333,0
2026-07-22 06:00:00,安南測站,臺南市,臺南市,安南測站,85.6,49.4,1,0,0,0.3333333333333333,0
2026-07-22 07:00:00,安南測站,臺南市,臺南市,安南測站,88.9,48.0,1,0,0,0.3333333333333333,0
2026-07-22 08:00:00,安南測站,臺南市,臺南市,安南測站,93.6,51.8,1,0,0,0.3333333333333333,0
2026-07-22 09:00:00,安南測站,臺南市,臺南市,安南測站,87.3,44.3,1,0,0,0.3333333333333333,0
2026-07-22 10:00:00,安南測站,臺南市,臺南市,安南測站,93.1,48.1,1,0,0,0.3333333333333333,0
2026-07-22 11:00:00,安南測站,臺南市,臺南市,安南測站,98.6,48.1,1,0,0,0.3333333333333333,0
2026-07-22 12:00:00,安南測站,臺南市,臺南市,安南測站,87.7,46.3,1,0,0,0.3333333333333333,0
2026-07-22 13:00:00,安南測站,臺南市,臺南市,安南測站,77.0,45.4,1,0,0,0.3333333333333333,0
2026-07-22 14:00:00,安南測站,臺南市,臺南市,安南測站,74.7,44.8,1,0,0,0.3333333333333333,0
2026-07-22 15:00:00,安南測站,臺南市,臺南市,安南測站,96.5,50.9,1,1,0,0.6666666666666666,1
2026-07-22 16:00:00,安南測站,臺南市,臺南市,安南測站,83.9,44.4,1,0,0,0.3333333333333333,0
2026-07-22 17:00:00,安南測站,臺南市,臺南市,安南測站,95.0,53.4,1,0,1,0.6666666666666666,1
2026-07-22 18:00:00,安南測站,臺南市,臺南市,安南測站,96.0,49.7,1,1,0,0.6666666666666666,1
2026-07-22 19:00:00,安南測站,臺南市,臺南市,安南測站,88.9,44.9,1,0,0,0.3333333333333333,0
2026-07-22 20:00:00,安南測站,臺南市,臺南市,安南測站,80.2,43.9,1,0,0,0.3333333333333333,0
2026-07-22 21:00:00,安南測站,臺南市,臺南市,安南測站,82.5,49.7,1,0,0,0.3333333333333333,0
2026-07-22 22:00:00,安南測站,臺南市,臺南市,安南測站,84.6,49.8,1,0,0,0.3333333333333333,0
2026-07-22 23:00:00,安南測站,臺南市,臺南市,安南測站,75.5,50.7,1,0,0,0.3333333333333333,0
2026-07-23 00:00:00,安南測站,臺南市,臺南市,安南測站,80.4,43.8,1,0,0,0.3333333333333333,0
2026-07-23 01:00:00,安南測站,臺南市,臺南市,安南測站,81.4,44.3,1,0,0,0.3333333333333333,0
2026-07-23 02:00:00,安南測站,臺南市,臺南市,安南測站,79.1,45.0,1,0,0,0.3333333333333333,0
2026-07-23 03:00:00,安南測站,臺南市,臺南市,安南測站,76.4,43.5,1,0,0,0.3333333333333333,0
2026-07-23 04:00:00,安南測站,臺南市,臺南市,安南測站,85.0,50.9,1,0,0,0.3333333333333333,0
2026-07-23 05:00:00,安南測站,臺南市,臺南市,安南測站,84.3,55.4,1,0,0,0.3333333333333333,0
2026-07-23 06:00:00,安南測站,臺南市,臺南市,安南測站,81.1,46.5,1,0,0,0.3333333333333333,0
2026-07-23 07:00:00,安南測站,臺南市,臺南市,安南測站,96.4,46.8,1,0,0,0.3333333333333333,0
2026-07-23 08:00:00,安南測站,臺南市,臺南市,安南測站,93.0,45.5,1,0,0,0.3333333333333333,0
2026-07-23 09:00:00,安南測站,臺南市,臺南市,安南測站,87.2,52.8,1,0,0,0.3333333333333333,0
2026-07-23 10:00:00,安南測站,臺南市,臺南市,安南測站,138.3,60.4,1,1,1,1.0,1
2026-07-23 11:00:00,安南測站,臺南市,臺南市,安南測站,71.8,41.8,1,1,1,1.0,1
2026-07-23 12:00:00,安南測站,臺南市,臺南市,安南測站,78.7,45.8,1,0,0,0.3333333333333333,0
2026-07-23 13:00:00,安南測站,臺南市,臺南市,安南測站,77.5,43.8,1,0,0,0.3333333333333333,0
2026-07-23 14:00:00,安南測站,臺南市,臺南市,安南測站,79.7,40.8,1,0,0,0.3333333333333333,0
2026-07-23 15:00:00,安南測站,臺南市,臺南市,安南測站,79.5,43.7,1,0,0,0.3333333333333333,0
2026-07-23 16:00:00,安南測站,臺南市,臺南市,安南測站,80.5,41.5,1,0,0,0.3333333333333333,0
2026-07-23 17:00:00,安南測站,臺南市,臺南市,安南測站,84.7,44.6,1,0,0,0.3333333333333333,0
2026-07-23 18:00:00,安南測站,臺南市,臺南市,安南測站,88.9,49.6,1,0,0,0.3333333333333333,0
2026-07-23 19:00:00,安南測站,臺南市,臺南市,安南測站,83.7,50.4,1,0,0,0.3333333333333333,0
2026-07-23 20:00:00,安南測站,臺南市,臺南市,安南測站,81.8,40.3,1,0,0,0.3333333333333333,0
2026-07-23 21:00:00,安南測站,臺南市,臺南市,安南測站,68.5,40.1,1,0,0,0.3333333333333333,0
2026-07-23 22:00:00,安南測站,臺南市,臺南市,安南測站,78.3,46.0,1,0,0,0.3333333333333333,0
2026-07-23 23:00:00,安南測站,臺南市,臺南市,安南測站,73.6,44.6,1,0,0,0.3333333333333333,0
2026-07-24 00:00:00,安南測站,臺南市,臺南市,安南測站,68.7,49.9,1,0,0,0.3333333333333333,0
2026-07-24 01:00:00,安南測站,臺南市,臺南市,安南測站,78.3,50.3,1,0,0,0.3333333333333333,0
2026-07-24 02:00:00,安南測站,臺南市,臺南市,安南測站,63.6,41.1,1,0,0,0.3333333333333333,0
2026-07-24 03:00:00,安南測站,臺南市,臺南市,安南測站,71.9,42.8,1,0,0,0.3333333333333333,0
2026-07-24 04:00:00,安南測站,臺南市,臺南市,安南測站,87.5,52.7,1,0,1,0.6666666666666666,1
2026-07-24 05:00:00,安南測站,臺南市,臺南市,安南測站,74.4,45.9,1,0,0,0.3333333333333333,0
2026-07-24 06:00:00,安南測站,臺南市,臺南市,安南測站,76.8,43.0,1,0,0,0.3333333333333333,0
2026-07-24 07:00:00,安南測站,臺南市,臺南市,安南測站,89.2,46.6,1,0,0,0.3333333333333333,0
2026-07-24 08:00:00,安南測站,臺南市,臺南市,安南測站,81.7,45.9,1,0,0,0.3333333333333333,0
2026-07-24 09:00:00,安南測站,臺南市,臺南市,安南測站,87.4,47.1,1,0,0,0.3333333333333333,0
2026-07-24 10:00:00,安南測站,臺南市,臺南市,安南測站,72.7,44.0,1,0,0,0.3333333333333333,0
2026-07-24 11:00:00,安南測站,臺南市,臺南市,安南測站,78.3,45.8,1,0,0,0.3333333333333333,0
2026-07-24 12:00:00,安南測站,臺南市,臺南市,安南測站,70.4,42.8,1,0,0,0.3333333333333333,0
2026-07-24 13:00:00,安南測站,臺南市,臺南市,安南測站,76.5,41.6,1,0,0,0.3333333333333333,0
2026-07-24 14:00:00,安南測站,臺南市,臺南市,安南測站,79.1,44.8,1,0,0,0.3333333333333333,0
2026-07-24 15:00:00,安南測站,臺南市,臺南市,安南測站,80.2,52.3,1,1,0,0.6666666666666666,1
2026-07-24 16:00:00,安南測站,臺南市,臺南市,安南測站,78.4,45.4,1,0,0,0.3333333333333333,0
2026-07-24 17:00:00,安南測站,臺南市,臺南市,安南測站,78.8,48.6,1,0,0,0.3333333333333333,0
2026-07-24 18:00:00,安南測站,臺南市,臺南市,安南測站,80.5,42.3,1,0,0,0.3333333333333333,0
2026-07-24 19:00:00,安南測站,臺南市,臺南市,安南測站,81.1,47.9,1,0,0,0.3333333333333333,0
2026-07-24 20:00:00,安南測站,臺南市,臺南市,安南測站,79.9,46.8,1,0,0,0.3333333333333333,0
2026-07-24 21:00:00,安南測站,臺南市,臺南市,安南測站,70.1,38.7,1,0,0,0.3333333333333333,0
2026-07-24 22:00:00,安南測站,臺南市,臺南市,安南測站,80.4,49.5,1,0,0,0.3333333333333333,0
2026-07-24 23:00:00,安南測站,臺南市,臺南市,安南測站,71.3,42.6,1,0,0,0.3333333333333333,0
2026-07-25 00:00:00,安南測站,臺南市,臺南市,安南測站,65.1,42.6,1,0,0,0.3333333333333333,0
2026-07-25 01:00:00,安南測站,臺南市,臺南市,安南測站,64.3,45.7,1,0,0,0.3333333333333333,0
2026-07-25 02:00:00,安南測站,臺南市,臺南市,安南測站,62.1,44.1,1,0,0,0.3333333333333333,0
2026-07-25 03:00:00,安南測站,臺南市,臺南市,安南測站,69.6,45.8,1,0,0,0.3333333333333333,0
2026-07-25 04:00:00,安南測站,臺南市,臺南市,安南測站,63.0,46.7,1,0,0,0.3333333333333333,0
2026-07-25 05:00:00,安南測站,臺南市,臺南市,安南測站,78.4,41.8,1,0,0,0.3333333333333333,0
2026-07-25 06:00:00,安南測站,臺南市,臺南市,安南測站,67.2,45.1,1,0,0,0.3333333333333333,0
2026-07-25 07:00:00,安南測站,臺南市,臺南市,安南測站,67.4,41.1,1,0,0,0.3333333333333333,0
2026-07-25 08:00:00,安南測站,臺南市,臺南市,安南測站,72.1,51.1,1,0,0,0.3333333333333333,0
2026-07-25 09:00:00,安南測站,臺南市,臺南市,安南測站,150.0,61.6,1,1,1,1.0,1
2026-07-25 10:00:00,安南測站,臺南市,臺南市,安南測站,68.0,41.2,1,1,1,1.0,1
2026-07-25 11:00:00,安南測站,臺南市,臺南市,安南測站,71.5,44.5,1,0,0,0.3333333333333333,0
2026-07-25 12:00:00,安南測站,臺南市,臺南市,安南測站,64.4,44.6,1,0,0,0.3333333333333333,0
2026-07-25 13:00:00,安南測站,臺南市,臺南市,安南測站,70.1,45.4,1,0,0,0.3333333333333333,0
2026-07-25 14:00:00,安南測站,臺南市,臺南市,安南測站,65.9,42.6,1,0,0,0.3333333333333333,0
2026-07-25 15:00:00,安南測站,臺南市,臺南市,安南測站,68.3,44.0,1,0,0,0.3333333333333333,0
2026-07-25 16:00:00,安南測站,臺南市,臺南市,安南測站,69.1,41.0,1,0,0,0.3333333333333333,0
2026-07-25 17:00:00,安南測站,臺南市,臺南市,安南測站,75.2,42.8,1,0,0,0.3333333333333333,0
2026-07-25 18:00:00,安南測站,臺南市,臺南市,安南測站,84.2,43.4,1,0,0,0.3333333333333333,0
2026-07-25 19:00:00,安南測站,臺南市,臺南市,安南測站,79.8,44.3,1,0,0,0.3333333333333333,0
2026-07-25 20:00:00,安南測站,臺南市,臺南市,安南測站,73.3,43.6,1,0,0,0.3333333333333333,0
2026-07-25 21:00:00,安南測站,臺南市,臺南市,安南測站,69.3,46.9,1,0,0,0.3333333333333333,0
2026-07-25 22:00:00,安南測站,臺南市,臺南市,安南測站,69.1,47.1,1,0,0,0.3333333333333333,0
2026-06-26 04:00:00,宜蘭測站,宜蘭縣,宜蘭縣,宜蘭測站,46.9,22.4,0,0,0,0.0,0
2026-06-26 05:00:00,宜蘭測站,宜蘭縣,宜蘭縣,宜蘭測站,38.5,26.5,0,0,0,0.0,0
2026-06-26 06:00:00,宜蘭測站,宜蘭縣,宜蘭縣,宜蘭測站,43.7,23.2,0,0,0,0.0,0
2026-06-26 07:00:00,宜蘭測站,宜蘭縣,宜蘭縣,宜蘭測站,52.7,29.5,0,0,0,0.0,0
2026-06-26 08:00:00,宜蘭測站,宜蘭縣,宜蘭縣,宜蘭測站,55.1,28.4,0,0,0,0.0,0
2026-06-26 09:00:00,宜蘭測站,宜蘭縣,宜蘭縣,宜蘭測站,57.5,28.3,0,0,0,0.0,0
2026-06-26 10:00:00,宜蘭測站,宜蘭縣,宜蘭縣,宜蘭測站,40.1,17.9,0,0,1,0.3333333333333333,0
2026-06-26 11:00:00,宜蘭測站,宜蘭縣,宜蘭縣,宜蘭測站,47.2,24.1,0,0,0,0.0,0
2026-06-26 12:00:00,宜蘭測站,宜蘭縣,宜蘭縣,宜蘭測站,44.9,22.8,0,0,0,0.0,0
2026-06-26 13:00:00,宜蘭測站,宜蘭縣,宜蘭縣,宜蘭測站,52.7,27.2,0,0,0,0.0,0
2026-06-26 14:00:00,宜蘭測站,宜蘭縣,宜蘭縣,宜蘭測站,41.0,20.3,0,0,0,0.0,0
2026-06-26 15:00:00,宜蘭測站,宜蘭縣,宜蘭縣,宜蘭測站,50.6,23.4,0,0,0,0.0,0
2026-06-26 16:00:00,宜蘭測站,宜蘭縣,宜蘭縣,宜蘭測站,51.8,20.5,0,0,0,0.0,0
2026-06-26 17:00:00,宜蘭測站,宜蘭縣,宜蘭縣,宜蘭測站,60.3,28.1,0,0,0,0.0,0
2026-06-26 18:00:00,宜蘭測站,宜蘭縣,宜蘭縣,宜蘭測站,57.4,29.9,0,0,0,0.0,0
2026-06-26 19:00:00,宜蘭測站,宜蘭縣,宜蘭縣,宜蘭測站,56.7,26.2,0,0,0,0.0,0
2026-06-26 20:00:00,宜蘭測站,宜蘭縣,宜蘭縣,宜蘭測站,58.9,32.4,0,0,0,0.0,0
2026-06-26 21:00:00,宜蘭測站,宜蘭縣,宜蘭縣,宜蘭測站,46.1,22.0,0,0,0,0.0,0
2026-06-26 22:00:00,宜蘭測站,宜蘭縣,宜蘭縣,宜蘭測站,57.8,25.1,0,0,0,0.0,0
2026-06-26 23:00:00,宜蘭測站,宜蘭縣,宜蘭縣,宜蘭測站,47.4,25.0,0,0,0,0.0,0
2026-06-27 00:00:00,宜蘭測站,宜蘭縣,宜蘭縣,宜蘭測站,40.6,24.5,0,0,0,0.0,0
2026-06-27 01:00:00,宜蘭測站,宜蘭縣,宜蘭縣,宜蘭測站,33.1,20.6,0,0,1,0.3333333333333333,0
2026-06-27 02:00:00,宜蘭測站,宜蘭縣,宜蘭縣,宜蘭測站,36.7,24.1,0,0,0,0.0,0
2026-06-27 03:00:00,宜蘭測站,宜蘭縣,宜蘭縣,宜蘭測站,36.7,22.5,0,0,0,0.0,0
2026-06-27 04:00:00,宜蘭測站,宜蘭縣,宜蘭縣,宜蘭測站,43.3,22.7,0,0,0,0.0,0
2026-06-27 05:00:00,宜蘭測站,宜蘭縣,宜蘭縣,宜蘭測站,44.9,30.9,0,0,0,0.0,0
2026-06-27 06:00:00,宜蘭測站,宜蘭縣,宜蘭縣,宜蘭測站,60.2,29.7,0,0,0,0.0,0
2026-06-27 07:00:00,宜蘭測站,宜蘭縣,宜蘭縣,宜蘭測站,44.3,18.6,0,0,1,0.3333333333333333,0
2026-06-27 08:00:00,宜蘭測站,宜蘭縣,宜蘭縣,宜蘭測站,50.7,27.7,0,0,0,0.0,0
2026-06-27 09:00:00,宜蘭測站,宜蘭縣,宜蘭縣,宜蘭測站,42.1,24.2,0,0,0,0.0,0
2026-06-27 10:00:00,宜蘭測站,宜蘭縣,宜蘭縣,宜蘭測站,50.1,25.7,0,0,0,0.0,0
2026-06-27 11:00:00,宜蘭測站,宜蘭縣,宜蘭縣,宜蘭測站,36.8,25.8,0,0,0,0.0,0
2026-06-27 12:00:00,宜蘭測站,宜蘭縣,宜蘭縣,宜蘭測站,39.3,30.6,0,0,0,0.0,0
2026-06-27 13:00:00,宜蘭測站,宜蘭縣,宜蘭縣,宜蘭測站,43.4,23.8,0,0,0,0.0,0
2026-06-27 14:00:00,宜蘭測站,宜蘭縣,宜蘭縣,宜蘭測站,43.7,25.7,0,0,0,0.0,0
2026-06-27 15:00:00,宜蘭測站,宜蘭縣,宜蘭縣,宜蘭測站,41.5,18.3,0,0,0,0.0,0
2026-06-27 16:00:00,宜蘭測站,宜蘭縣,宜蘭縣,宜蘭測站,52.8,23.1,0,0,0,0.0,0
2026-06-27 17:00:00,宜蘭測站,宜蘭縣,宜蘭縣,宜蘭測站,53.4,23.5,0,0,0,0.0,0
2026-06-27 18:00:00,宜蘭測站,宜蘭縣,宜蘭縣,宜蘭測站,44.5,26.6,0,0,0,0.0,0
2026-06-27 19:00:00,宜蘭測站,宜蘭縣,宜蘭縣,宜蘭測站,53.0,27.3,0,0,0,0.0,0
2026-06-27 20:00:00,宜蘭測站,宜蘭縣,宜蘭縣,宜蘭測站,44.5,17.7,0,0,0,0.0,0
2026-06-27 21:00:00,宜蘭測站,宜蘭縣,宜蘭縣,宜蘭測站,34.6,20.5,0,0,0,0.0,0
2026-06-27 22:00:00,宜蘭測站,宜蘭縣,宜蘭縣,宜蘭測站,42.0,19.8,0,0,0,0.0,0
2026-06-27 23:00:00,宜蘭測站,宜蘭縣,宜蘭縣,宜蘭測站,45.0,23.8,0,0,0,0.0,0
2026-06-28 00:00:00,宜蘭測站,宜蘭縣,宜蘭縣,宜蘭測站,31.7,18.6,0,0,0,0.0,0
2026-06-28 01:00:00,宜蘭測站,宜蘭縣,宜蘭縣,宜蘭測站,36.9,20.8,0,0,0,0.0,0
2026-06-28 02:00:00,宜蘭測站,宜蘭縣,宜蘭縣,宜蘭測站,33.3,25.0,0,0,0,0.0,0
2026-06-28 03:00:00,宜蘭測站,宜蘭縣,宜蘭縣,宜蘭測站,44.9,23.2,0,0,0,0.0,0
2026-06-28 04:00:00,宜蘭測站,宜蘭縣,宜蘭縣,宜蘭測站,41.9,21.1,0,0,0,0.0,0
2026-06-28 05:00:00,宜蘭測站,宜蘭縣,宜蘭縣,宜蘭測站,40.4,21.0,0,0,0,0.0,0
2026-06-28 06:00:00,宜蘭測站,宜蘭縣,宜蘭縣,宜蘭測站,45.7,22.0,0,0,0,0.0,0
2026-06-28 07:00:00,宜蘭測站,宜蘭縣,宜蘭縣,宜蘭測站,48.1,22.6,0,0,0,0.0,0
2026-06-28 08:00:00,宜蘭測站,宜蘭縣,宜蘭縣,宜蘭測站,49.1,30.9,0,0,0,0.0,0
2026-06-28 09:00:00,宜蘭測站,宜蘭縣,宜蘭縣,宜蘭測站,48.6,26.6,0,0,0,0.0,0
2026-06-28 10:00:00,宜蘭測站,宜蘭縣,宜蘭縣,宜蘭測站,51.5,24.5,0,0,0,0.0,0
2026-06-28 11:00:00,宜蘭測站,宜蘭縣,宜蘭縣,宜蘭測站,41.3,23.9,0,0,0,0.0,0
2026-06-28 12:00:00,宜蘭測站,宜蘭縣,宜蘭縣,宜蘭測站,31.4,19.3,0,0,0,0.0,0
2026-06-28 13:00:00,宜蘭測站,宜蘭縣,宜蘭縣,宜蘭測站,40.4,21.9,0,0,0,0.0,0
2026-06-28 14:00:00,宜蘭測站,宜蘭縣,宜蘭縣,宜蘭測站,29.3,22.4,0,0,0,0.0,0
2026-06-28 15:00:00,宜蘭測站,宜蘭縣,宜蘭縣,宜蘭測站,45.5,26.6,0,0,0,0.0,0
2026-06-28 16:00:00,宜蘭測站,宜蘭縣,宜蘭縣,宜蘭測站,40.1,23.6,0,0,0,0.0,0
2026-06-28 17:00:00,宜蘭測站,宜蘭縣,宜蘭縣,宜蘭測站,52.0,22.5,0,0,0,0.0,0
2026-06-28 18:00:00,宜蘭測站,宜蘭縣,宜蘭縣,宜蘭測站,50.1,24.6,0,0,0,0.0,0
2026-06-28 19:00:00,宜蘭測站,宜蘭縣,宜蘭縣,宜蘭測站,36.0,23.9,0,0,0,0.0,0
2026-06-28 20:00:00,宜蘭測站,宜蘭縣,宜蘭縣,宜蘭測站,33.2,25.5,0,0,0,0.0,0
2026-06-28 21:00:00,宜蘭測站,宜蘭縣,宜蘭縣,宜蘭測站,31.8,17.3,0,0,1,0.3333333333333333,0
2026-06-28 22:00:00,宜蘭測站,宜蘭縣,宜蘭縣,宜蘭測站,31.2,16.8,0,0,0,0.0,0
2026-06-28 23:00:00,宜蘭測站,宜蘭縣,宜蘭縣,宜蘭測站,30.8,13.2,0,0,1,0.3333333333333333,0
2026-06-29 00:00:00,宜蘭測站,宜蘭縣,宜蘭縣,宜蘭測站,45.4,28.4,0,1,1,0.6666666666666666,1
2026-06-29 01:00:00,宜蘭測站,宜蘭縣,宜蘭縣,宜蘭測站,38.8,18.6,0,0,0,0.0,0
2026-06-29 02:00:00,宜蘭測站,宜蘭縣,宜蘭縣,宜蘭測站,43.0,26.7,0,0,0,0.0,0
2026-06-29 03:00:00,宜蘭測站,宜蘭縣,宜蘭縣,宜蘭測站,43.2,22.8,0,0,0,0.0,0
2026-06-29 04:00:00,宜蘭測站,宜蘭縣,宜蘭縣,宜蘭測站,37.2,24.3,0,0,0,0.0,0
2026-06-29 05:00:00,宜蘭測站,宜蘭縣,宜蘭縣,宜蘭測站,38.7,23.8,0,0,0,0.0,0
2026-06-29 06:00:00,宜蘭測站,宜蘭縣,宜蘭縣,宜蘭測站,45.9,22.0,0,0,0,0.0,0
2026-06-29 07:00:00,宜蘭測站,宜蘭縣,宜蘭縣,宜蘭測站,51.6,24.5,0,0,0,0.0,0
2026-06-29 08:00:00,宜蘭測站,宜蘭縣,宜蘭縣,宜蘭測站,42.3,22.1,0,0,0,0.0,0
2026-06-29 09:00:00,宜蘭測站,宜蘭縣,宜蘭縣,宜蘭測站,45.5,24.3,0,0,0,0.0,0
2026-06-29 10:00:00,宜蘭測站,宜蘭縣,宜蘭縣,宜蘭測站,50.4,25.5,0,0,0,0.0,0
2026-06-29 11:00:00,宜蘭測站,宜蘭縣,宜蘭縣,宜蘭測站,38.1,22.7,0,0,0,0.0,0
2026-06-29 12:00:00,宜蘭測站,宜蘭縣,宜蘭縣,宜蘭測站,36.7,21.3,0,0,0,0.0,0
2026-06-29 13:00:00,宜蘭測站,宜蘭縣,宜蘭縣,宜蘭測站,35.6,22.9,0,1,0,0.3333333333333333,0
2026-06-29 14:00:00,宜蘭測站,宜蘭縣,宜蘭縣,宜蘭測站,31.3,24.9,0,0,0,0.0,0
2026-06-29 15:00:00,宜蘭測站,宜蘭縣,宜蘭縣,宜蘭測站,36.2,24.6,0,0,0,0.0,0
2026-06-29 16:00:00,宜蘭測站,宜蘭縣,宜蘭縣,宜蘭測站,44.8,21.5,0,1,0,0.3333333333333333,0
2026-06-29 17:00:00,宜蘭測站,宜蘭縣,宜蘭縣,宜蘭測站,48.1,22.6,0,0,0,0.0,0
2026-06-29 18:00:00,宜蘭測站,宜蘭縣,宜蘭縣,宜蘭測站,38.2,18.1,0,0,0,0.0,0
2026-06-29 19:00:00,宜蘭測站,宜蘭縣,宜蘭縣,宜蘭測站,46.4,21.5,0,0,0,0.0,0
2026-06-29 20:00:00,宜蘭測站,宜蘭縣,宜蘭縣,宜蘭測站,45.0,20.2,0,0,0,0.0,0
2026-06-29 21:00:00,宜蘭測站,宜蘭縣,宜蘭縣,宜蘭測站,38.4,19.9,0,0,0,0.0,0
2026-06-29 22:00:00,宜蘭測站,宜蘭縣,宜蘭縣,宜蘭測站,36.7,20.4,0,0,0,0.0,0
2026-06-29 23:00:00,宜蘭測站,宜蘭縣,宜蘭縣,宜蘭測站,40.7,23.3,0,0,0,0.0,0
2026-06-30 00:00:00,宜蘭測站,宜蘭縣,宜蘭縣,宜蘭測站,28.8,20.4,0,0,0,0.0,0
2026-06-30 01:00:00,宜蘭測站,宜蘭縣,宜蘭縣,宜蘭測站,25.2,28.5,0,0,1,0.3333333333333333,0
2026-06-30 02:00:00,宜蘭測站,宜蘭縣,宜蘭縣,宜蘭測站,42.5,25.0,0,0,0,0.0,0
2026-06-30 03:00:00,宜蘭測站,宜蘭縣,宜蘭縣,宜蘭測站,33.4,25.6,0,0,0,0.0,0
2026-06-30 04:00:00,宜蘭測站,宜蘭縣,宜蘭縣,宜蘭測站,42.0,23.8,0,0,0,0.0,0
2026-06-30 05:00:00,宜蘭測站,宜蘭縣,宜蘭縣,宜蘭測站,34.2,20.5,0,0,0,0.0,0
2026-06-30 06:00:00,宜蘭測站,宜蘭縣,宜蘭縣,宜蘭測站,50.8,26.3,0,0,0,0.0,0
2026-06-30 07:00:00,宜蘭測站,宜蘭縣,宜蘭縣,宜蘭測站,47.0,24.8,0,0,0,0.0,0
2026-06-30 08:00:00,宜蘭測站,宜蘭縣,宜蘭縣,宜蘭測站,54.0,25.9,0,0,0,0.0,0
2026-06-30 09:00:00,宜蘭測站,宜蘭縣,宜蘭縣,宜蘭測站,46.6,25.0,0,0,0,0.0,0
2026-06-30 10:00:00,宜蘭測站,宜蘭縣,宜蘭縣,宜蘭測站,43.3,21.8,0,0,0,0.0,0
2026-06-30 11:00:00,宜蘭測站,宜蘭縣,宜蘭縣,宜蘭測站,37.7,24.4,0,0,0,0.0,0
2026-06-30 12:00:00,宜蘭測站,宜蘭縣,宜蘭縣,宜蘭測站,44.2,24.4,0,0,0,0.0,0
2026-06-30 13:00:00,宜蘭測站,宜蘭縣,宜蘭縣,宜蘭測站,30.8,19.7,0,0,0,0.0,0
2026-06-30 14:00:00,宜蘭測站,宜蘭縣,宜蘭縣,宜蘭測站,36.7,19.8,0,0,0,0.0,0
2026-06-30 15:00:00,宜蘭測站,宜蘭縣,宜蘭縣,宜蘭測站,45.5,24.0,0,0,0,0.0,0
2026-06-30 16:00:00,宜蘭測站,宜蘭縣,宜蘭縣,宜蘭測站,45.4,20.9,0,0,0,0.0,0
2026-06-30 17:00:00,宜蘭測站,宜蘭縣,宜蘭縣,宜蘭測站,46.4,22.0,0,0,0,0.0,0
2026-06-30 18:00:00,宜蘭測站,宜蘭縣,宜蘭縣,宜蘭測站,45.9,20.2,0,0,0,0.0,0
2026-06-30 19:00:00,宜蘭測站,宜蘭縣,宜蘭縣,宜蘭測站,46.3,20.7,0,0,0,0.0,0
2026-06-30 20:00:00,宜蘭測站,宜蘭縣,宜蘭縣,宜蘭測站,31.5,23.5,0,0,0,0.0,0
2026-06-30 21:00:00,宜蘭測站,宜蘭縣,宜蘭縣,宜蘭測站,43.9,30.7,0,0,0,0.0,0
2026-06-30 22:00:00,宜蘭測站,宜蘭縣,宜蘭縣,宜蘭測站,45.1,25.4,0,0,0,0.0,0
2026-06-30 23:00:00,宜蘭測站,宜蘭縣,宜蘭縣,宜蘭測站,31.2,20.7,0,1,1,0.6666666666666666,1
2026-07-01 00:00:00,宜蘭測站,宜蘭縣,宜蘭縣,宜蘭測站,48.1,20.2,0,0,1,0.3333333333333333,0
2026-07-01 01:00:00,宜蘭測站,宜蘭縣,宜蘭縣,宜蘭測站,45.4,25.2,0,0,0,0.0,0
2026-07-01 02:00:00,宜蘭測站,宜蘭縣,宜蘭縣,宜蘭測站,42.8,22.8,0,0,0,0.0,0
2026-07-01 03:00:00,宜蘭測站,宜蘭縣,宜蘭縣,宜蘭測站,43.8,24.2,0,0,0,0.0,0
2026-07-01 04:00:00,宜蘭測站,宜蘭縣,宜蘭縣,宜蘭測站,49.6,27.4,0,0,0,0.0,0
2026-07-01 05:00:00,宜蘭測站,宜蘭縣,宜蘭縣,宜蘭測站,47.7,26.9,0,0,0,0.0,0
2026-07-01 06:00:00,宜蘭測站,宜蘭縣,宜蘭縣,宜蘭測站,50.5,23.0,0,0,0,0.0,0
2026-07-01 07:00:00,宜蘭測站,宜蘭縣,宜蘭縣,宜蘭測站,56.2,23.8,0,0,0,0.0,0
2026-07-01 08:00:00,宜蘭測站,宜蘭縣,宜蘭縣,宜蘭測站,58.5,27.3,0,0,0,0.0,0
2026-07-01 09:00:00,宜蘭測站,宜蘭縣,宜蘭縣,宜蘭測站,50.4,23.0,0,0,0,0.0,0
2026-07-01 10:00:00,宜蘭測站,宜蘭縣,宜蘭縣,宜蘭測站,57.8,24.9,0,0,0,0.0,0
2026-07-01 11:00:00,宜蘭測站,宜蘭縣,宜蘭縣,宜蘭測站,54.5,26.0,0,0,0,0.0,0
2026-07-01 12:00:00,宜蘭測站,宜蘭縣,宜蘭縣,宜蘭測站,54.1,25.1,0,0,0,0.0,0
2026-07-01 13:00:00,宜蘭測站,宜蘭縣,宜蘭縣,宜蘭測站,44.1,23.7,0,0,0,0.0,0
2026-07-01 14:00:00,宜蘭測站,宜蘭縣,宜蘭縣,宜蘭測站,52.5,29.8,0,0,0,0.0,0
2026-07-01 15:00:00,宜蘭測站,宜蘭縣,宜蘭縣,宜蘭測站,43.4,21.3,0,0,0,0.0,0
2026-07-01 16:00:00,宜蘭測站,宜蘭縣,宜蘭縣,宜蘭測站,49.8,28.7,0,0,0,0.0,0
2026-07-01 17:00:00,宜蘭測站,宜蘭縣,宜蘭縣,宜蘭測站,54.2,29.7,0,0,0,0.0,0
2026-07-01 18:00:00,宜蘭測站,宜蘭縣,宜蘭縣,宜蘭測站,49.6,24.5,0,0,0,0.0,0
2026-07-01 19:00:00,宜蘭測站,宜蘭縣,宜蘭縣,宜蘭測站,46.3,25.6,0,0,0,0.0,0
2026-07-01 20:00:00,宜蘭測站,宜蘭縣,宜蘭縣,宜蘭測站,46.3,24.4,0,0,0,0.0,0
2026-07-01 21:00:00,宜蘭測站,宜蘭縣,宜蘭縣,宜蘭測站,53.7,27.4,0,0,0,0.0,0
2026-07-01 22:00:00,宜蘭測站,宜蘭縣,宜蘭縣,宜蘭測站,46.3,27.0,0,0,0,0.0,0
2026-07-01 23:00:00,宜蘭測站,宜蘭縣,宜蘭縣,宜蘭測站,49.8,23.7,0,0,0,0.0,0
2026-07-02 00:00:00,宜蘭測站,宜蘭縣,宜蘭縣,宜蘭測站,43.6,23.5,0,0,0,0.0,0
2026-07-02 01:00:00,宜蘭測站,宜蘭縣,宜蘭縣,宜蘭測站,46.3,23.6,0,0,0,0.0,0
2026-07-02 02:00:00,宜蘭測站,宜蘭縣,宜蘭縣,宜蘭測站,49.1,22.0,0,0,0,0.0,0
2026-07-02 03:00:00,宜蘭測站,宜蘭縣,宜蘭縣,宜蘭測站,53.2,21.2,0,0,0,0.0,0
2026-07-02 04:00:00,宜蘭測站,宜蘭縣,宜蘭縣,宜蘭測站,42.5,22.3,0,0,0,0.0,0
2026-07-02 05:00:00,宜蘭測站,宜蘭縣,宜蘭縣,宜蘭測站,45.0,26.6,0,0,0,0.0,0
2026-07-02 06:00:00,宜蘭測站,宜蘭縣,宜蘭縣,宜蘭測站,51.9,21.8,0,0,0,0.0,0
2026-07-02 07:00:00,宜蘭測站,宜蘭縣,宜蘭縣,宜蘭測站,49.9,24.5,0,0,0,0.0,0
2026-07-02 08:00:00,宜蘭測站,宜蘭縣,宜蘭縣,宜蘭測站,56.2,25.4,0,0,0,0.0,0
2026-07-02 09:00:00,宜蘭測站,宜蘭縣,宜蘭縣,宜蘭測站,60.8,24.6,1,0,0,0.3333333333333333,0
2026-07-02 10:00:00,宜蘭測站,宜蘭縣,宜蘭縣,宜蘭測站,52.8,28.7,0,0,0,0.0,0
2026-07-02 11:00:00,宜蘭測站,宜蘭縣,宜蘭縣,宜蘭測站,54.9,28.5,0,0,0,0.0,0
2026-07-02 12:00:00,宜蘭測站,宜蘭縣,宜蘭縣,宜蘭測站,49.9,22.2,0,0,0,0.0,0
2026-07-02 13:00:00,宜蘭測站,宜蘭縣,宜蘭縣,宜蘭測站,52.1,23.4,0,0,0,0.0,0
2026-07-02 14:00:00,宜蘭測站,宜蘭縣,宜蘭縣,宜蘭測站,51.7,25.8,0,0,0,0.0,0
2026-07-02 15:00:00,宜蘭測站,宜蘭縣,宜蘭縣,宜蘭測站,53.1,25.8,0,0,0,0.0,0
2026-07-02 16:00:00,宜蘭測站,宜蘭縣,宜蘭縣,宜蘭測站,56.8,25.3,0,0,0,0.0,0
2026-07-02 17:00:00,宜蘭測站,宜蘭縣,宜蘭縣,宜蘭測站,57.9,32.6,0,0,0,0.0,0
2026-07-02 18:00:00,宜蘭測站,宜蘭縣,宜蘭縣,宜蘭測站,56.7,24.9,0,0,0,0.0,0
2026-07-02 19:00:00,宜蘭測站,宜蘭縣,宜蘭縣,宜蘭測站,67.4,28.2,1,0,0,0.3333333333333333,0
2026-07-02 20:00:00,宜蘭測站,宜蘭縣,宜蘭縣,宜蘭測站,41.8,25.0,0,1,0,0.3333333333333333,0
2026-07-02 21:00:00,宜蘭測站,宜蘭縣,宜蘭縣,宜蘭測站,50.8,29.2,0,0,0,0.0,0
2026-07-02 22:00:00,宜蘭測站,宜蘭縣,宜蘭縣,宜蘭測站,49.2,25.5,0,0,0,0.0,0
2026-07-02 23:00:00,宜蘭測站,宜蘭縣,宜蘭縣,宜蘭測站,37.4,23.9,0,0,0,0.0,0
2026-07-03 00:00:00,宜蘭測站,宜蘭縣,宜蘭縣,宜蘭測站,48.1,22.1,0,0,0,0.0,0
2026-07-03 01:00:00,宜蘭測站,宜蘭縣,宜蘭縣,宜蘭測站,50.5,23.2,0,0,0,0.0,0
2026-07-03 02:00:00,宜蘭測站,宜蘭縣,宜蘭縣,宜蘭測站,43.4,23.9,0,0,0,0.0,0
2026-07-03 03:00:00,宜蘭測站,宜蘭縣,宜蘭縣,宜蘭測站,39.3,20.3,0,0,0,0.0,0
2026-07-03 04:00:00,宜蘭測站,宜蘭縣,宜蘭縣,宜蘭測站,51.4,27.2,0,0,0,0.0,0
2026-07-03 05:00:00,宜蘭測站,宜蘭縣,宜蘭縣,宜蘭測站,46.3,23.6,0,0,0,0.0,0
2026-07-03 06:00:00,宜蘭測站,宜蘭縣,宜蘭縣,宜蘭測站,44.6,23.6,0,0,0,0.0,0
2026-07-03 07:00:00,宜蘭測站,宜蘭縣,宜蘭縣,宜蘭測站,53.6,27.1,0,0,0,0.0,0
2026-07-03 08:00:00,宜蘭測站,宜蘭縣,宜蘭縣,宜蘭測站,52.9,28.0,0,0,0,0.0,0
2026-07-03 09:00:00,宜蘭測站,宜蘭縣,宜蘭縣,宜蘭測站,49.1,25.0,0,0,0,0.0,0
2026-07-03 10:00:00,宜蘭測站,宜蘭縣,宜蘭縣,宜蘭測站,46.3,19.0,0,0,0,0.0,0
2026-07-03 11:00:00,宜蘭測站,宜蘭縣,宜蘭縣,宜蘭測站,48.0,22.2,0,0,0,0.0,0
2026-07-03 12:00:00,宜蘭測站,宜蘭縣,宜蘭縣,宜蘭測站,41.0,21.9,0,0,0,0.0,0
2026-07-03 13:00:00,宜蘭測站,宜蘭縣,宜蘭縣,宜蘭測站,41.1,27.4,0,0,0,0.0,0
2026-07-03 14:00:00,宜蘭測站,宜蘭縣,宜蘭縣,宜蘭測站,41.4,27.4,0,0,0,0.0,0
2026-07-03 15:00:00,宜蘭測站,宜蘭縣,宜蘭縣,宜蘭測站,42.0,20.2,0,0,0,0.0,0
2026-07-03 16:00:00,宜蘭測站,宜蘭縣,宜蘭縣,宜蘭測站,45.7,18.2,0,0,0,0.0,0
2026-07-03 17:00:00,宜蘭測站,宜蘭縣,宜蘭縣,宜蘭測站,50.5,20.7,0,0,0,0.0,0
2026-07-03 18:00:00,宜蘭測站,宜蘭縣,宜蘭縣,宜蘭測站,41.6,20.6,0,0,0,0.0,0
2026-07-03 19:00:00,宜蘭測站,宜蘭縣,宜蘭縣,宜蘭測站,39.6,24.2,0,0,0,0.0,0
2026-07-03 20:00:00,宜蘭測站,宜蘭縣,宜蘭縣,宜蘭測站,50.0,23.7,0,0,0,0.0,0
2026-07-03 21:00:00,宜蘭測站,宜蘭縣,宜蘭縣,宜蘭測站,42.2,22.6,0,0,0,0.0,0
2026-07-03 22:00:00,宜蘭測站,宜蘭縣,宜蘭縣,宜蘭測站,38.9,20.6,0,0,0,0.0,0
2026-07-03 23:00:00,宜蘭測站,宜蘭縣,宜蘭縣,宜蘭測站,42.0,21.7,0,0,0,0.0,0
2026-07-04 00:00:00,宜蘭測站,宜蘭縣,宜蘭縣,宜蘭測站,31.8,21.4,0,0,0,0.0,0
2026-07-04 01:00:00,宜蘭測站,宜蘭縣,宜蘭縣,宜蘭測站,22.3,19.6,0,0,0,0.0,0
2026-07-04 02:00:00,宜蘭測站,宜蘭縣,宜蘭縣,宜蘭測站,30.3,20.7,0,0,0,0.0,0
2026-07-04 03:00:00,宜蘭測站,宜蘭縣,宜蘭縣,宜蘭測站,27.9,17.9,0,1,1,0.6666666666666666,1
2026-07-04 04:00:00,宜蘭測站,宜蘭縣,宜蘭縣,宜蘭測站,34.5,21.2,0,0,0,0.0,0
2026-07-04 05:00:00,宜蘭測站,宜蘭縣,宜蘭縣,宜蘭測站,37.3,22.4,0,0,0,0.0,0
2026-07-04 06:00:00,宜蘭測站,宜蘭縣,宜蘭縣,宜蘭測站,37.1,24.9,0,0,0,0.0,0
2026-07-04 07:00:00,宜蘭測站,宜蘭縣,宜蘭縣,宜蘭測站,37.6,21.2,0,0,0,0.0,0
2026-07-04 08:00:00,宜蘭測站,宜蘭縣,宜蘭縣,宜蘭測站,39.8,21.0,0,0,0,0.0,0
2026-07-04 09:00:00,宜蘭測站,宜蘭縣,宜蘭縣,宜蘭測站,39.8,19.4,0,0,0,0.0,0
2026-07-04 10:00:00,宜蘭測站,宜蘭縣,宜蘭縣,宜蘭測站,45.8,20.8,0,0,0,0.0,0
2026-07-04 11:00:00,宜蘭測站,宜蘭縣,宜蘭縣,宜蘭測站,25.1,17.8,0,1,1,0.6666666666666666,1
2026-07-04 12:00:00,宜蘭測站,宜蘭縣,宜蘭縣,宜蘭測站,36.4,18.7,0,0,0,0.0,0
2026-07-04 13:00:00,宜蘭測站,宜蘭縣,宜蘭縣,宜蘭測站,23.6,16.8,0,0,1,0.3333333333333333,0
2026-07-04 14:00:00,宜蘭測站,宜蘭縣,宜蘭縣,宜蘭測站,19.5,17.0,0,1,0,0.3333333333333333,0
2026-07-04 15:00:00,宜蘭測站,宜蘭縣,宜蘭縣,宜蘭測站,36.8,22.5,0,0,0,0.0,0
2026-07-04 16:00:00,宜蘭測站,宜蘭縣,宜蘭縣,宜蘭測站,34.1,20.5,0,0,0,0.0,0
2026-07-04 17:00:00,宜蘭測站,宜蘭縣,宜蘭縣,宜蘭測站,43.3,17.1,0,0,0,0.0,0
2026-07-04 18:00:00,宜蘭測站,宜蘭縣,宜蘭縣,宜蘭測站,42.9,29.9,0,1,1,0.6666666666666666,1
2026-07-04 19:00:00,宜蘭測站,宜蘭縣,宜蘭縣,宜蘭測站,42.1,24.6,0,0,0,0.0,0
2026-07-04 20:00:00,宜蘭測站,宜蘭縣,宜蘭縣,宜蘭測站,35.8,19.7,0,0,0,0.0,0
2026-07-04 21:00:00,宜蘭測站,宜蘭縣,宜蘭縣,宜蘭測站,34.9,25.4,0,0,0,0.0,0
2026-07-04 22:00:00,宜蘭測站,宜蘭縣,宜蘭縣,宜蘭測站,32.3,22.4,0,0,0,0.0,0
2026-07-04 23:00:00,宜蘭測站,宜蘭縣,宜蘭縣,宜蘭測站,24.3,23.4,0,0,0,0.0,0
2026-07-05 00:00:00,宜蘭測站,宜蘭縣,宜蘭縣,宜蘭測站,21.4,17.3,0,1,1,0.6666666666666666,1
2026-07-05 01:00:00,宜蘭測站,宜蘭縣,宜蘭縣,宜蘭測站,19.6,19.6,0,1,1,0.6666666666666666,1
2026-07-05 02:00:00,宜蘭測站,宜蘭縣,宜蘭縣,宜蘭測站,33.2,21.9,0,0,0,0.0,0
2026-07-05 03:00:00,宜蘭測站,宜蘭縣,宜蘭縣,宜蘭測站,35.2,23.9,0,0,0,0.0,0
2026-07-05 04:00:00,宜蘭測站,宜蘭縣,宜蘭縣,宜蘭測站,27.3,19.5,0,1,1,0.6666666666666666,1
2026-07-05 05:00:00,宜蘭測站,宜蘭縣,宜蘭縣,宜蘭測站,32.7,23.4,0,0,0,0.0,0
2026-07-05 06:00:00,宜蘭測站,宜蘭縣,宜蘭縣,宜蘭測站,43.5,24.2,0,0,0,0.0,0
2026-07-05 07:00:00,宜蘭測站,宜蘭縣,宜蘭縣,宜蘭測站,43.0,24.9,0,0,0,0.0,0
2026-07-05 08:00:00,宜蘭測站,宜蘭縣,宜蘭縣,宜蘭測站,50.2,23.8,0,0,0,0.0,0
2026-07-05 09:00:00,宜蘭測站,宜蘭縣,宜蘭縣,宜蘭測站,42.7,25.3,0,0,0,0.0,0
2026-07-05 10:00:00,宜蘭測站,宜蘭縣,宜蘭縣,宜蘭測站,41.0,20.4,0,0,0,0.0,0
2026-07-05 11:00:00,宜蘭測站,宜蘭縣,宜蘭縣,宜蘭測站,28.9,20.1,0,1,1,0.6666666666666666,1
2026-07-05 12:00:00,宜蘭測站,宜蘭縣,宜蘭縣,宜蘭測站,35.0,18.7,0,0,0,0.0,0
2026-07-05 13:00:00,宜蘭測站,宜蘭縣,宜蘭縣,宜蘭測站,34.6,22.1,0,0,0,0.0,0
2026-07-05 14:00:00,宜蘭測站,宜蘭縣,宜蘭縣,宜蘭測站,38.1,24.6,0,0,0,0.0,0
2026-07-05 15:00:00,宜蘭測站,宜蘭縣,宜蘭縣,宜蘭測站,26.0,16.5,0,0,1,0.3333333333333333,0
2026-07-05 16:00:00,宜蘭測站,宜蘭縣,宜蘭縣,宜蘭測站,44.4,23.8,0,0,1,0.3333333333333333,0
2026-07-05 17:00:00,宜蘭測站,宜蘭縣,宜蘭縣,宜蘭測站,39.6,23.6,0,0,0,0.0,0
2026-07-05 18:00:00,宜蘭測站,宜蘭縣,宜蘭縣,宜蘭測站,38.6,18.1,0,0,0,0.0,0
2026-07-05 19:00:00,宜蘭測站,宜蘭縣,宜蘭縣,宜蘭測站,32.2,19.5,0,0,0,0.0,0
2026-07-05 20:00:00,宜蘭測站,宜蘭縣,宜蘭縣,宜蘭測站,42.8,19.0,0,0,0,0.0,0
2026-07-05 21:00:00,宜蘭測站,宜蘭縣,宜蘭縣,宜蘭測站,34.2,20.4,0,0,0,0.0,0
2026-07-05 22:00:00,宜蘭測站,宜蘭縣,宜蘭縣,宜蘭測站,37.0,16.9,0,0,0,0.0,0
2026-07-05 23:00:00,宜蘭測站,宜蘭縣,宜蘭縣,宜蘭測站,33.7,24.5,0,0,0,0.0,0
2026-07-06 00:00:00,宜蘭測站,宜蘭縣,宜蘭縣,宜蘭測站,44.9,26.5,0,0,0,0.0,0
2026-07-06 01:00:00,宜蘭測站,宜蘭縣,宜蘭縣,宜蘭測站,51.3,23.9,1,0,0,0.3333333333333333,0
2026-07-06 02:00:00,宜蘭測站,宜蘭縣,宜蘭縣,宜蘭測站,51.0,24.2,0,0,0,0.0,0
2026-07-06 03:00:00,宜蘭測站,宜蘭縣,宜蘭縣,宜蘭測站,47.2,21.7,0,0,0,0.0,0
2026-07-06 04:00:00,宜蘭測站,宜蘭縣,宜蘭縣,宜蘭測站,38.5,19.1,0,0,0,0.0,0
2026-07-06 05:00:00,宜蘭測站,宜蘭縣,宜蘭縣,宜蘭測站,39.1,22.3,0,0,0,0.0,0
2026-07-06 06:00:00,宜蘭測站,宜蘭縣,宜蘭縣,宜蘭測站,47.9,32.7,0,0,0,0.0,0
2026-07-06 07:00:00,宜蘭測站,宜蘭縣,宜蘭縣,宜蘭測站,50.4,30.7,0,0,0,0.0,0
2026-07-06 08:00:00,宜蘭測站,宜蘭縣,宜蘭縣,宜蘭測站,51.2,27.6,0,0,0,0.0,0
2026-07-06 09:00:00,宜蘭測站,宜蘭縣,宜蘭縣,宜蘭測站,49.9,27.5,0,0,0,0.0,0
2026-07-06 10:00:00,宜蘭測站,宜蘭縣,宜蘭縣,宜蘭測站,47.7,24.2,0,0,0,0.0,0
2026-07-06 11:00:00,宜蘭測站,宜蘭縣,宜蘭縣,宜蘭測站,47.0,25.6,0,0,0,0.0,0
2026-07-06 12:00:00,宜蘭測站,宜蘭縣,宜蘭縣,宜蘭測站,44.7,24.0,0,0,0,0.0,0
2026-07-06 13:00:00,宜蘭測站,宜蘭縣,宜蘭縣,宜蘭測站,36.4,25.6,0,0,0,0.0,0
2026-07-06 14:00:00,宜蘭測站,宜蘭縣,宜蘭縣,宜蘭測站,54.4,26.8,0,0,0,0.0,0
2026-07-06 15:00:00,宜蘭測站,宜蘭縣,宜蘭縣,宜蘭測站,47.9,27.2,0,0,0,0.0,0
2026-07-06 16:00:00,宜蘭測站,宜蘭縣,宜蘭縣,宜蘭測站,53.2,28.3,0,0,0,0.0,0
2026-07-06 17:00:00,宜蘭測站,宜蘭縣,宜蘭縣,宜蘭測站,47.5,22.7,0,0,0,0.0,0
2026-07-06 18:00:00,宜蘭測站,宜蘭縣,宜蘭縣,宜蘭測站,50.1,23.1,0,0,0,0.0,0
2026-07-06 19:00:00,宜蘭測站,宜蘭縣,宜蘭縣,宜蘭測站,51.2,33.3,0,0,0,0.0,0
2026-07-06 20:00:00,宜蘭測站,宜蘭縣,宜蘭縣,宜蘭測站,55.3,26.7,0,0,0,0.0,0
2026-07-06 21:00:00,宜蘭測站,宜蘭縣,宜蘭縣,宜蘭測站,49.3,24.2,0,0,0,0.0,0
2026-07-06 22:00:00,宜蘭測站,宜蘭縣,宜蘭縣,宜蘭測站,45.5,28.9,0,0,0,0.0,0
2026-07-06 23:00:00,宜蘭測站,宜蘭縣,宜蘭縣,宜蘭測站,53.1,22.5,0,0,0,0.0,0
2026-07-07 00:00:00,宜蘭測站,宜蘭縣,宜蘭縣,宜蘭測站,44.4,19.9,0,0,0,0.0,0
2026-07-07 01:00:00,宜蘭測站,宜蘭縣,宜蘭縣,宜蘭測站,44.4,22.2,0,0,0,0.0,0
2026-07-07 02:00:00,宜蘭測站,宜蘭縣,宜蘭縣,宜蘭測站,45.0,24.5,0,0,0,0.0,0
2026-07-07 03:00:00,宜蘭測站,宜蘭縣,宜蘭縣,宜蘭測站,41.7,23.3,0,0,0,0.0,0
2026-07-07 04:00:00,宜蘭測站,宜蘭縣,宜蘭縣,宜蘭測站,50.8,30.9,0,0,0,0.0,0
2026-07-07 05:00:00,宜蘭測站,宜蘭縣,宜蘭縣,宜蘭測站,49.0,27.3,0,0,0,0.0,0
2026-07-07 06:00:00,宜蘭測站,宜蘭縣,宜蘭縣,宜蘭測站,54.0,24.7,0,0,0,0.0,0
2026-07-07 07:00:00,宜蘭測站,宜蘭縣,宜蘭縣,宜蘭測站,59.5,21.7,0,0,0,0.0,0
2026-07-07 08:00:00,宜蘭測站,宜蘭縣,宜蘭縣,宜蘭測站,57.1,22.3,0,0,0,0.0,0
2026-07-07 09:00:00,宜蘭測站,宜蘭縣,宜蘭縣,宜蘭測站,54.6,26.5,0,0,0,0.0,0
2026-07-07 10:00:00,宜蘭測站,宜蘭縣,宜蘭縣,宜蘭測站,46.4,23.7,0,0,0,0.0,0
2026-07-07 11:00:00,宜蘭測站,宜蘭縣,宜蘭縣,宜蘭測站,50.9,21.1,0,0,0,0.0,0
2026-07-07 12:00:00,宜蘭測站,宜蘭縣,宜蘭縣,宜蘭測站,41.9,18.8,0,0,0,0.0,0
2026-07-07 13:00:00,宜蘭測站,宜蘭縣,宜蘭縣,宜蘭測站,43.7,24.3,0,0,0,0.0,0
2026-07-07 14:00:00,宜蘭測站,宜蘭縣,宜蘭縣,宜蘭測站,44.4,21.2,0,0,0,0.0,0
2026-07-07 15:00:00,宜蘭測站,宜蘭縣,宜蘭縣,宜蘭測站,51.2,27.0,0,0,0,0.0,0
2026-07-07 16:00:00,宜蘭測站,宜蘭縣,宜蘭縣,宜蘭測站,43.7,29.0,0,0,0,0.0,0
2026-07-07 17:00:00,宜蘭測站,宜蘭縣,宜蘭縣,宜蘭測站,64.2,34.5,1,1,0,0.6666666666666666,1
2026-07-07 18:00:00,宜蘭測站,宜蘭縣,宜蘭縣,宜蘭測站,46.9,24.9,0,0,0,0.0,0
2026-07-07 19:00:00,宜蘭測站,宜蘭縣,宜蘭縣,宜蘭測站,55.8,28.5,0,0,0,0.0,0
2026-07-07 20:00:00,宜蘭測站,宜蘭縣,宜蘭縣,宜蘭測站,54.8,26.9,0,0,0,0.0,0
2026-07-07 21:00:00,宜蘭測站,宜蘭縣,宜蘭縣,宜蘭測站,52.0,23.3,0,0,0,0.0,0
2026-07-07 22:00:00,宜蘭測站,宜蘭縣,宜蘭縣,宜蘭測站,44.4,20.5,0,0,0,0.0,0
2026-07-07 23:00:00,宜蘭測站,宜蘭縣,宜蘭縣,宜蘭測站,44.2,27.2,0,0,0,0.0,0
2026-07-08 00:00:00,宜蘭測站,宜蘭縣,宜蘭縣,宜蘭測站,45.8,22.0,0,0,0,0.0,0
2026-07-08 01:00:00,宜蘭測站,宜蘭縣,宜蘭縣,宜蘭測站,43.1,23.1,0,0,0,0.0,0
2026-07-08 02:00:00,宜蘭測站,宜蘭縣,宜蘭縣,宜蘭測站,47.1,27.3,0,0,0,0.0,0
2026-07-08 03:00:00,宜蘭測站,宜蘭縣,宜蘭縣,宜蘭測站,50.2,26.4,0,0,0,0.0,0
2026-07-08 04:00:00,宜蘭測站,宜蘭縣,宜蘭縣,宜蘭測站,42.4,27.4,0,0,0,0.0,0
2026-07-08 05:00:00,宜蘭測站,宜蘭縣,宜蘭縣,宜蘭測站,51.3,27.4,0,0,0,0.0,0
2026-07-08 06:00:00,宜蘭測站,宜蘭縣,宜蘭縣,宜蘭測站,49.3,25.7,0,0,0,0.0,0
2026-07-08 07:00:00,宜蘭測站,宜蘭縣,宜蘭縣,宜蘭測站,49.4,23.3,0,0,0,0.0,0
2026-07-08 08:00:00,宜蘭測站,宜蘭縣,宜蘭縣,宜蘭測站,54.6,27.3,0,0,0,0.0,0
2026-07-08 09:00:00,宜蘭測站,宜蘭縣,宜蘭縣,宜蘭測站,44.9,26.9,0,0,0,0.0,0
2026-07-08 10:00:00,宜蘭測站,宜蘭縣,宜蘭縣,宜蘭測站,45.6,20.8,0,0,0,0.0,0
2026-07-08 11:00:00,宜蘭測站,宜蘭縣,宜蘭縣,宜蘭測站,27.5,19.4,0,0,1,0.3333333333333333,0
2026-07-08 12:00:00,宜蘭測站,宜蘭縣,宜蘭縣,宜蘭測站,43.0,22.3,0,0,0,0.0,0
2026-07-08 13:00:00,宜蘭測站,宜蘭縣,宜蘭縣,宜蘭測站,39.4,27.3,0,0,0,0.0,0
2026-07-08 14:00:00,宜蘭測站,宜蘭縣,宜蘭縣,宜蘭測站,49.5,22.1,0,0,0,0.0,0
2026-07-08 15:00:00,宜蘭測站,宜蘭縣,宜蘭縣,宜蘭測站,44.2,19.1,0,0,0,0.0,0
2026-07-08 16:00:00,宜蘭測站,宜蘭縣,宜蘭縣,宜蘭測站,43.9,19.6,0,0,0,0.0,0
2026-07-08 17:00:00,宜蘭測站,宜蘭縣,宜蘭縣,宜蘭測站,53.2,24.4,0,0,0,0.0,0
2026-07-08 18:00:00,宜蘭測站,宜蘭縣,宜蘭縣,宜蘭測站,45.7,17.0,0,0,0,0.0,0
2026-07-08 19:00:00,宜蘭測站,宜蘭縣,宜蘭縣,宜蘭測站,38.0,21.3,0,0,0,0.0,0
2026-07-08 20:00:00,宜蘭測站,宜蘭縣,宜蘭縣,宜蘭測站,44.4,29.4,0,0,0,0.0,0
2026-07-08 21:00:00,宜蘭測站,宜蘭縣,宜蘭縣,宜蘭測站,48.5,19.9,0,0,0,0.0,0
2026-07-08 22:00:00,宜蘭測站,宜蘭縣,宜蘭縣,宜蘭測站,45.7,22.3,0,0,0,0.0,0
2026-07-08 23:00:00,宜蘭測站,宜蘭縣,宜蘭縣,宜蘭測站,40.5,24.5,0,0,0,0.0,0
2026-07-09 00:00:00,宜蘭測站,宜蘭縣,宜蘭縣,宜蘭測站,45.8,26.7,0,0,0,0.0,0
2026-07-09 01:00:00,宜蘭測站,宜蘭縣,宜蘭縣,宜蘭測站,31.5,19.5,0,0,0,0.0,0
2026-07-09 02:00:00,宜蘭測站,宜蘭縣,宜蘭縣,宜蘭測站,38.3,22.4,0,0,0,0.0,0
2026-07-09 03:00:00,宜蘭測站,宜蘭縣,宜蘭縣,宜蘭測站,32.6,13.5,0,0,1,0.3333333333333333,0
2026-07-09 04:00:00,宜蘭測站,宜蘭縣,宜蘭縣,宜蘭測站,32.6,21.0,0,0,1,0.3333333333333333,0
2026-07-09 05:00:00,宜蘭測站,宜蘭縣,宜蘭縣,宜蘭測站,38.7,21.0,0,0,0,0.0,0
2026-07-09 06:00:00,宜蘭測站,宜蘭縣,宜蘭縣,宜蘭測站,40.9,22.2,0,0,0,0.0,0
2026-07-09 07:00:00,宜蘭測站,宜蘭縣,宜蘭縣,宜蘭測站,40.8,18.1,0,0,0,0.0,0
2026-07-09 08:00:00,宜蘭測站,宜蘭縣,宜蘭縣,宜蘭測站,54.4,28.6,1,0,1,0.6666666666666666,1
2026-07-09 09:00:00,宜蘭測站,宜蘭縣,宜蘭縣,宜蘭測站,51.2,23.3,0,0,0,0.0,0
2026-07-09 10:00:00,宜蘭測站,宜蘭縣,宜蘭縣,宜蘭測站,42.2,20.6,0,1,1,0.6666666666666666,1
2026-07-09 11:00:00,宜蘭測站,宜蘭縣,宜蘭縣,宜蘭測站,34.2,23.7,0,0,0,0.0,0
2026-07-09 12:00:00,宜蘭測站,宜蘭縣,宜蘭縣,宜蘭測站,43.8,22.2,0,0,0,0.0,0
2026-07-09 13:00:00,宜蘭測站,宜蘭縣,宜蘭縣,宜蘭測站,26.4,17.8,0,0,1,0.3333333333333333,0
2026-07-09 14:00:00,宜蘭測站,宜蘭縣,宜蘭縣,宜蘭測站,44.9,22.8,0,0,0,0.0,0
2026-07-09 15:00:00,宜蘭測站,宜蘭縣,宜蘭縣,宜蘭測站,34.5,22.3,0,0,0,0.0,0
2026-07-09 16:00:00,宜蘭測站,宜蘭縣,宜蘭縣,宜蘭測站,40.7,18.5,0,0,0,0.0,0
2026-07-09 17:00:00,宜蘭測站,宜蘭縣,宜蘭縣,宜蘭測站,43.3,17.4,0,0,0,0.0,0
2026-07-09 18:00:00,宜蘭測站,宜蘭縣,宜蘭縣,宜蘭測站,51.6,24.0,0,0,0,0.0,0
2026-07-09 19:00:00,宜蘭測站,宜蘭縣,宜蘭縣,宜蘭測站,34.2,19.4,0,0,0,0.0,0
2026-07-09 20:00:00,宜蘭測站,宜蘭縣,宜蘭縣,宜蘭測站,39.9,22.5,0,0,0,0.0,0
2026-07-09 21:00:00,宜蘭測站,宜蘭縣,宜蘭縣,宜蘭測站,28.2,24.2,0,0,0,0.0,0
2026-07-09 22:00:00,宜蘭測站,宜蘭縣,宜蘭縣,宜蘭測站,44.0,23.2,0,0,0,0.0,0
2026-07-09 23:00:00,宜蘭測站,宜蘭縣,宜蘭縣,宜蘭測站,36.2,22.1,0,0,0,0.0,0
2026-07-10 00:00:00,宜蘭測站,宜蘭縣,宜蘭縣,宜蘭測站,42.2,21.3,0,0,0,0.0,0
2026-07-10 01:00:00,宜蘭測站,宜蘭縣,宜蘭縣,宜蘭測站,37.5,22.0,0,0,0,0.0,0
2026-07-10 02:00:00,宜蘭測站,宜蘭縣,宜蘭縣,宜蘭測站,30.4,21.3,0,0,0,0.0,0
2026-07-10 03:00:00,宜蘭測站,宜蘭縣,宜蘭縣,宜蘭測站,32.8,18.8,0,0,0,0.0,0
2026-07-10 04:00:00,宜蘭測站,宜蘭縣,宜蘭縣,宜蘭測站,40.7,26.5,0,0,0,0.0,0
2026-07-10 05:00:00,宜蘭測站,宜蘭縣,宜蘭縣,宜蘭測站,37.8,15.7,0,1,1,0.6666666666666666,1
2026-07-10 06:00:00,宜蘭測站,宜蘭縣,宜蘭縣,宜蘭測站,43.0,19.3,0,0,0,0.0,0
2026-07-10 07:00:00,宜蘭測站,宜蘭縣,宜蘭縣,宜蘭測站,44.8,20.9,0,0,0,0.0,0
2026-07-10 08:00:00,宜蘭測站,宜蘭縣,宜蘭縣,宜蘭測站,41.7,25.8,0,0,0,0.0,0
2026-07-10 09:00:00,宜蘭測站,宜蘭縣,宜蘭縣,宜蘭測站,41.6,21.4,0,0,0,0.0,0
2026-07-10 10:00:00,宜蘭測站,宜蘭縣,宜蘭縣,宜蘭測站,41.4,18.7,0,0,0,0.0,0
2026-07-10 11:00:00,宜蘭測站,宜蘭縣,宜蘭縣,宜蘭測站,49.5,20.4,0,0,0,0.0,0
2026-07-10 12:00:00,宜蘭測站,宜蘭縣,宜蘭縣,宜蘭測站,42.1,23.3,0,0,0,0.0,0
2026-07-10 13:00:00,宜蘭測站,宜蘭縣,宜蘭縣,宜蘭測站,43.2,20.3,0,1,0,0.3333333333333333,0
2026-07-10 14:00:00,宜蘭測站,宜蘭縣,宜蘭縣,宜蘭測站,38.1,23.5,0,0,0,0.0,0
2026-07-10 15:00:00,宜蘭測站,宜蘭縣,宜蘭縣,宜蘭測站,42.4,22.5,0,0,0,0.0,0
2026-07-10 16:00:00,宜蘭測站,宜蘭縣,宜蘭縣,宜蘭測站,42.5,21.9,0,0,0,0.0,0
2026-07-10 17:00:00,宜蘭測站,宜蘭縣,宜蘭縣,宜蘭測站,42.7,23.6,0,0,0,0.0,0
2026-07-10 18:00:00,宜蘭測站,宜蘭縣,宜蘭縣,宜蘭測站,54.8,21.1,1,0,0,0.3333333333333333,0
2026-07-10 19:00:00,宜蘭測站,宜蘭縣,宜蘭縣,宜蘭測站,42.5,25.3,0,0,0,0.0,0
2026-07-10 20:00:00,宜蘭測站,宜蘭縣,宜蘭縣,宜蘭測站,41.6,21.7,0,0,0,0.0,0
2026-07-10 21:00:00,宜蘭測站,宜蘭縣,宜蘭縣,宜蘭測站,38.1,19.8,0,0,0,0.0,0
2026-07-10 22:00:00,宜蘭測站,宜蘭縣,宜蘭縣,宜蘭測站,38.0,21.1,0,0,0,0.0,0
2026-07-10 23:00:00,宜蘭測站,宜蘭縣,宜蘭縣,宜蘭測站,38.0,21.1,0,0,0,0.0,0
2026-07-11 00:00:00,宜蘭測站,宜蘭縣,宜蘭縣,宜蘭測站,36.6,21.1,0,0,0,0.0,0
2026-07-11 01:00:00,宜蘭測站,宜蘭縣,宜蘭縣,宜蘭測站,35.3,18.3,0,0,0,0.0,0
2026-07-11 02:00:00,宜蘭測站,宜蘭縣,宜蘭縣,宜蘭測站,37.9,20.9,0,0,0,0.0,0
2026-07-11 03:00:00,宜蘭測站,宜蘭縣,宜蘭縣,宜蘭測站,35.5,21.3,0,0,0,0.0,0
2026-07-11 04:00:00,宜蘭測站,宜蘭縣,宜蘭縣,宜蘭測站,32.2,28.1,0,0,0,0.0,0
2026-07-11 05:00:00,宜蘭測站,宜蘭縣,宜蘭縣,宜蘭測站,38.5,21.4,0,0,0,0.0,0
2026-07-11 06:00:00,宜蘭測站,宜蘭縣,宜蘭縣,宜蘭測站,33.8,23.0,0,0,0,0.0,0
2026-07-11 07:00:00,宜蘭測站,宜蘭縣,宜蘭縣,宜蘭測站,51.3,26.3,1,0,0,0.3333333333333333,0
2026-07-11 08:00:00,宜蘭測站,宜蘭縣,宜蘭縣,宜蘭測站,49.2,32.2,0,0,0,0.0,0
2026-07-11 09:00:00,宜蘭測站,宜蘭縣,宜蘭縣,宜蘭測站,42.1,21.9,0,0,0,0.0,0
2026-07-11 10:00:00,宜蘭測站,宜蘭縣,宜蘭縣,宜蘭測站,42.4,20.3,0,0,0,0.0,0
2026-07-11 11:00:00,宜蘭測站,宜蘭縣,宜蘭縣,宜蘭測站,38.6,21.5,0,0,0,0.0,0
2026-07-11 12:00:00,宜蘭測站,宜蘭縣,宜蘭縣,宜蘭測站,33.4,18.3,0,0,0,0.0,0
2026-07-11 13:00:00,宜蘭測站,宜蘭縣,宜蘭縣,宜蘭測站,36.4,16.6,0,0,1,0.3333333333333333,0
2026-07-11 14:00:00,宜蘭測站,宜蘭縣,宜蘭縣,宜蘭測站,33.6,20.0,0,0,0,0.0,0
2026-07-11 15:00:00,宜蘭測站,宜蘭縣,宜蘭縣,宜蘭測站,35.2,22.2,0,0,0,0.0,0
2026-07-11 16:00:00,宜蘭測站,宜蘭縣,宜蘭縣,宜蘭測站,37.9,24.3,0,0,0,0.0,0
2026-07-11 17:00:00,宜蘭測站,宜蘭縣,宜蘭縣,宜蘭測站,55.2,26.6,1,0,0,0.3333333333333333,0
2026-07-11 18:00:00,宜蘭測站,宜蘭縣,宜蘭縣,宜蘭測站,52.2,28.3,0,0,0,0.0,0
2026-07-11 19:00:00,宜蘭測站,宜蘭縣,宜蘭縣,宜蘭測站,58.8,28.0,0,0,0,0.0,0
2026-07-11 20:00:00,宜蘭測站,宜蘭縣,宜蘭縣,宜蘭測站,45.5,20.2,0,0,0,0.0,0
2026-07-11 21:00:00,宜蘭測站,宜蘭縣,宜蘭縣,宜蘭測站,40.8,26.8,0,0,0,0.0,0
2026-07-11 22:00:00,宜蘭測站,宜蘭縣,宜蘭縣,宜蘭測站,42.8,19.5,0,0,0,0.0,0
2026-07-11 23:00:00,宜蘭測站,宜蘭縣,宜蘭縣,宜蘭測站,33.9,14.3,0,0,1,0.3333333333333333,0
2026-07-12 00:00:00,宜蘭測站,宜蘭縣,宜蘭縣,宜蘭測站,34.0,17.3,0,0,0,0.0,0
2026-07-12 01:00:00,宜蘭測站,宜蘭縣,宜蘭縣,宜蘭測站,49.0,26.0,0,0,0,0.0,0
2026-07-12 02:00:00,宜蘭測站,宜蘭縣,宜蘭縣,宜蘭測站,41.6,23.4,0,0,0,0.0,0
2026-07-12 03:00:00,宜蘭測站,宜蘭縣,宜蘭縣,宜蘭測站,34.6,24.2,0,0,0,0.0,0
2026-07-12 04:00:00,宜蘭測站,宜蘭縣,宜蘭縣,宜蘭測站,36.1,22.4,0,0,0,0.0,0
2026-07-12 05:00:00,宜蘭測站,宜蘭縣,宜蘭縣,宜蘭測站,35.6,26.2,0,0,0,0.0,0
2026-07-12 06:00:00,宜蘭測站,宜蘭縣,宜蘭縣,宜蘭測站,45.0,21.8,0,0,0,0.0,0
2026-07-12 07:00:00,宜蘭測站,宜蘭縣,宜蘭縣,宜蘭測站,47.2,24.8,0,0,0,0.0,0
2026-07-12 08:00:00,宜蘭測站,宜蘭縣,宜蘭縣,宜蘭測站,41.2,24.0,0,0,0,0.0,0
2026-07-12 09:00:00,宜蘭測站,宜蘭縣,宜蘭縣,宜蘭測站,59.1,18.9,1,0,1,0.6666666666666666,1
2026-07-12 10:00:00,宜蘭測站,宜蘭縣,宜蘭縣,宜蘭測站,54.8,27.3,0,0,0,0.0,0
2026-07-12 11:00:00,宜蘭測站,宜蘭縣,宜蘭縣,宜蘭測站,42.9,27.3,0,0,0,0.0,0
2026-07-12 12:00:00,宜蘭測站,宜蘭縣,宜蘭縣,宜蘭測站,38.7,23.7,0,0,0,0.0,0
2026-07-12 13:00:00,宜蘭測站,宜蘭縣,宜蘭縣,宜蘭測站,50.1,23.2,0,0,0,0.0,0
2026-07-12 14:00:00,宜蘭測站,宜蘭縣,宜蘭縣,宜蘭測站,42.3,17.4,0,0,0,0.0,0
2026-07-12 15:00:00,宜蘭測站,宜蘭縣,宜蘭縣,宜蘭測站,38.9,21.8,0,0,0,0.0,0
2026-07-12 16:00:00,宜蘭測站,宜蘭縣,宜蘭縣,宜蘭測站,40.3,21.3,0,0,0,0.0,0
2026-07-12 17:00:00,宜蘭測站,宜蘭縣,宜蘭縣,宜蘭測站,49.6,28.4,0,0,0,0.0,0
2026-07-12 18:00:00,宜蘭測站,宜蘭縣,宜蘭縣,宜蘭測站,49.2,25.0,0,0,0,0.0,0
2026-07-12 19:00:00,宜蘭測站,宜蘭縣,宜蘭縣,宜蘭測站,55.0,26.1,0,0,0,0.0,0
2026-07-12 20:00:00,宜蘭測站,宜蘭縣,宜蘭縣,宜蘭測站,43.9,31.3,0,0,0,0.0,0
2026-07-12 21:00:00,宜蘭測站,宜蘭縣,宜蘭縣,宜蘭測站,44.1,24.2,0,0,0,0.0,0
2026-07-12 22:00:00,宜蘭測站,宜蘭縣,宜蘭縣,宜蘭測站,35.7,19.7,0,0,0,0.0,0
2026-07-12 23:00:00,宜蘭測站,宜蘭縣,宜蘭縣,宜蘭測站,28.8,18.9,0,0,0,0.0,0
2026-07-13 00:00:00,宜蘭測站,宜蘭縣,宜蘭縣,宜蘭測站,48.5,27.3,0,0,0,0.0,0
2026-07-13 01:00:00,宜蘭測站,宜蘭縣,宜蘭縣,宜蘭測站,43.8,23.6,0,0,0,0.0,0
2026-07-13 02:00:00,宜蘭測站,宜蘭縣,宜蘭縣,宜蘭測站,41.3,27.5,0,0,0,0.0,0
2026-07-13 03:00:00,宜蘭測站,宜蘭縣,宜蘭縣,宜蘭測站,33.9,18.3,0,0,0,0.0,0
2026-07-13 04:00:00,宜蘭測站,宜蘭縣,宜蘭縣,宜蘭測站,42.6,25.6,0,0,0,0.0,0
2026-07-13 05:00:00,宜蘭測站,宜蘭縣,宜蘭縣,宜蘭測站,42.8,23.4,0,0,0,0.0,0
2026-07-13 06:00:00,宜蘭測站,宜蘭縣,宜蘭縣,宜蘭測站,49.8,22.0,0,0,0,0.0,0
2026-07-13 07:00:00,宜蘭測站,宜蘭縣,宜蘭縣,宜蘭測站,47.0,25.3,0,0,0,0.0,0
2026-07-13 08:00:00,宜蘭測站,宜蘭縣,宜蘭縣,宜蘭測站,56.4,25.5,0,0,0,0.0,0
2026-07-13 09:00:00,宜蘭測站,宜蘭縣,宜蘭縣,宜蘭測站,53.2,21.4,0,0,0,0.0,0
2026-07-13 10:00:00,宜蘭測站,宜蘭縣,宜蘭縣,宜蘭測站,49.2,21.1,0,0,0,0.0,0
2026-07-13 11:00:00,宜蘭測站,宜蘭縣,宜蘭縣,宜蘭測站,38.8,16.7,0,1,1,0.6666666666666666,1
2026-07-13 12:00:00,宜蘭測站,宜蘭縣,宜蘭縣,宜蘭測站,44.6,21.5,0,0,0,0.0,0
2026-07-13 13:00:00,宜蘭測站,宜蘭縣,宜蘭縣,宜蘭測站,38.6,24.2,0,0,0,0.0,0
2026-07-13 14:00:00,宜蘭測站,宜蘭縣,宜蘭縣,宜蘭測站,38.2,17.5,0,0,0,0.0,0
2026-07-13 15:00:00,宜蘭測站,宜蘭縣,宜蘭縣,宜蘭測站,44.3,18.4,0,0,0,0.0,0
2026-07-13 16:00:00,宜蘭測站,宜蘭縣,宜蘭縣,宜蘭測站,45.2,23.8,0,0,0,0.0,0
2026-07-13 17:00:00,宜蘭測站,宜蘭縣,宜蘭縣,宜蘭測站,42.6,26.0,0,0,0,0.0,0
2026-07-13 18:00:00,宜蘭測站,宜蘭縣,宜蘭縣,宜蘭測站,50.1,26.1,0,0,0,0.0,0
2026-07-13 19:00:00,宜蘭測站,宜蘭縣,宜蘭縣,宜蘭測站,57.1,25.6,0,0,0,0.0,0
2026-07-13 20:00:00,宜蘭測站,宜蘭縣,宜蘭縣,宜蘭測站,45.5,23.6,0,0,0,0.0,0
2026-07-13 21:00:00,宜蘭測站,宜蘭縣,宜蘭縣,宜蘭測站,43.6,22.4,0,0,0,0.0,0
2026-07-13 22:00:00,宜蘭測站,宜蘭縣,宜蘭縣,宜蘭測站,43.0,22.5,0,0,0,0.0,0
2026-07-13 23:00:00,宜蘭測站,宜蘭縣,宜蘭縣,宜蘭測站,33.5,24.1,0,0,0,0.0,0
2026-07-14 00:00:00,宜蘭測站,宜蘭縣,宜蘭縣,宜蘭測站,38.2,20.8,0,0,0,0.0,0
2026-07-14 01:00:00,宜蘭測站,宜蘭縣,宜蘭縣,宜蘭測站,34.9,18.1,0,0,0,0.0,0
2026-07-14 02:00:00,宜蘭測站,宜蘭縣,宜蘭縣,宜蘭測站,31.3,23.4,0,1,0,0.3333333333333333,0
2026-07-14 03:00:00,宜蘭測站,宜蘭縣,宜蘭縣,宜蘭測站,23.1,11.3,0,1,1,0.6666666666666666,1
2026-07-14 04:00:00,宜蘭測站,宜蘭縣,宜蘭縣,宜蘭測站,33.1,20.9,0,0,1,0.3333333333333333,0
2026-07-14 05:00:00,宜蘭測站,宜蘭縣,宜蘭縣,宜蘭測站,37.6,25.8,0,0,0,0.0,0
2026-07-14 06:00:00,宜蘭測站,宜蘭縣,宜蘭縣,宜蘭測站,45.5,28.2,0,0,0,0.0,0
2026-07-14 07:00:00,宜蘭測站,宜蘭縣,宜蘭縣,宜蘭測站,56.5,28.0,0,0,0,0.0,0
2026-07-14 08:00:00,宜蘭測站,宜蘭縣,宜蘭縣,宜蘭測站,46.9,23.9,0,0,0,0.0,0
2026-07-14 09:00:00,宜蘭測站,宜蘭縣,宜蘭縣,宜蘭測站,38.6,21.4,0,0,0,0.0,0
2026-07-14 10:00:00,宜蘭測站,宜蘭縣,宜蘭縣,宜蘭測站,40.3,24.0,0,0,0,0.0,0
2026-07-14 11:00:00,宜蘭測站,宜蘭縣,宜蘭縣,宜蘭測站,46.6,18.2,0,0,0,0.0,0
2026-07-14 12:00:00,宜蘭測站,宜蘭縣,宜蘭縣,宜蘭測站,37.6,18.2,0,0,0,0.0,0
2026-07-14 13:00:00,宜蘭測站,宜蘭縣,宜蘭縣,宜蘭測站,34.7,25.5,0,0,0,0.0,0
2026-07-14 14:00:00,宜蘭測站,宜蘭縣,宜蘭縣,宜蘭測站,34.0,20.6,0,0,0,0.0,0
2026-07-14 15:00:00,宜蘭測站,宜蘭縣,宜蘭縣,宜蘭測站,44.7,20.4,0,0,0,0.0,0
2026-07-14 16:00:00,宜蘭測站,宜蘭縣,宜蘭縣,宜蘭測站,40.5,19.5,0,0,0,0.0,0
2026-07-14 17:00:00,宜蘭測站,宜蘭縣,宜蘭縣,宜蘭測站,49.2,28.6,0,0,0,0.0,0
2026-07-14 18:00:00,宜蘭測站,宜蘭縣,宜蘭縣,宜蘭測站,44.7,21.2,0,0,0,0.0,0
2026-07-14 19:00:00,宜蘭測站,宜蘭縣,宜蘭縣,宜蘭測站,48.8,26.2,0,0,0,0.0,0
2026-07-14 20:00:00,宜蘭測站,宜蘭縣,宜蘭縣,宜蘭測站,38.1,23.8,0,0,0,0.0,0
2026-07-14 21:00:00,宜蘭測站,宜蘭縣,宜蘭縣,宜蘭測站,39.4,21.1,0,0,0,0.0,0
2026-07-14 22:00:00,宜蘭測站,宜蘭縣,宜蘭縣,宜蘭測站,43.1,19.9,0,0,0,0.0,0
2026-07-14 23:00:00,宜蘭測站,宜蘭縣,宜蘭縣,宜蘭測站,36.4,24.9,0,0,0,0.0,0
2026-07-15 00:00:00,宜蘭測站,宜蘭縣,宜蘭縣,宜蘭測站,30.4,21.9,0,0,0,0.0,0
2026-07-15 01:00:00,宜蘭測站,宜蘭縣,宜蘭縣,宜蘭測站,40.2,23.8,0,0,0,0.0,0
2026-07-15 02:00:00,宜蘭測站,宜蘭縣,宜蘭縣,宜蘭測站,42.1,21.9,0,0,0,0.0,0
2026-07-15 03:00:00,宜蘭測站,宜蘭縣,宜蘭縣,宜蘭測站,37.4,23.5,0,0,0,0.0,0
2026-07-15 04:00:00,宜蘭測站,宜蘭縣,宜蘭縣,宜蘭測站,31.4,20.5,0,1,0,0.3333333333333333,0
2026-07-15 05:00:00,宜蘭測站,宜蘭縣,宜蘭縣,宜蘭測站,42.9,19.7,0,0,0,0.0,0
2026-07-15 06:00:00,宜蘭測站,宜蘭縣,宜蘭縣,宜蘭測站,31.3,20.7,0,0,0,0.0,0
2026-07-15 07:00:00,宜蘭測站,宜蘭縣,宜蘭縣,宜蘭測站,48.1,26.6,0,1,1,0.6666666666666666,1
2026-07-15 08:00:00,宜蘭測站,宜蘭縣,宜蘭縣,宜蘭測站,59.9,22.0,1,0,0,0.3333333333333333,0
2026-07-15 09:00:00,宜蘭測站,宜蘭縣,宜蘭縣,宜蘭測站,43.7,23.3,0,0,0,0.0,0
2026-07-15 10:00:00,宜蘭測站,宜蘭縣,宜蘭縣,宜蘭測站,48.4,22.7,0,0,0,0.0,0
2026-07-15 11:00:00,宜蘭測站,宜蘭縣,宜蘭縣,宜蘭測站,35.0,19.8,0,0,0,0.0,0
2026-07-15 12:00:00,宜蘭測站,宜蘭縣,宜蘭縣,宜蘭測站,35.8,24.8,0,0,0,0.0,0
2026-07-15 13:00:00,宜蘭測站,宜蘭縣,宜蘭縣,宜蘭測站,38.2,24.5,0,0,0,0.0,0
2026-07-15 14:00:00,宜蘭測站,宜蘭縣,宜蘭縣,宜蘭測站,38.1,23.4,0,0,0,0.0,0
2026-07-15 15:00:00,宜蘭測站,宜蘭縣,宜蘭縣,宜蘭測站,44.1,16.3,0,0,1,0.3333333333333333,0
2026-07-15 16:00:00,宜蘭測站,宜蘭縣,宜蘭縣,宜蘭測站,48.2,20.9,0,0,0,0.0,0
2026-07-15 17:00:00,宜蘭測站,宜蘭縣,宜蘭縣,宜蘭測站,55.2,28.4,0,0,0,0.0,0
2026-07-15 18:00:00,宜蘭測站,宜蘭縣,宜蘭縣,宜蘭測站,45.6,23.7,0,0,0,0.0,0
2026-07-15 19:00:00,宜蘭測站,宜蘭縣,宜蘭縣,宜蘭測站,53.9,30.2,0,0,0,0.0,0
2026-07-15 20:00:00,宜蘭測站,宜蘭縣,宜蘭縣,宜蘭測站,44.5,21.8,0,0,0,0.0,0
2026-07-15 21:00:00,宜蘭測站,宜蘭縣,宜蘭縣,宜蘭測站,48.3,21.7,0,0,0,0.0,0
2026-07-15 22:00:00,宜蘭測站,宜蘭縣,宜蘭縣,宜蘭測站,41.8,18.0,0,0,0,0.0,0
2026-07-15 23:00:00,宜蘭測站,宜蘭縣,宜蘭縣,宜蘭測站,34.2,18.1,0,0,0,0.0,0
2026-07-16 00:00:00,宜蘭測站,宜蘭縣,宜蘭縣,宜蘭測站,42.8,24.6,0,0,0,0.0,0
2026-07-16 01:00:00,宜蘭測站,宜蘭縣,宜蘭縣,宜蘭測站,35.1,19.8,0,1,1,0.6666666666666666,1
2026-07-16 02:00:00,宜蘭測站,宜蘭縣,宜蘭縣,宜蘭測站,47.7,19.1,0,0,0,0.0,0
2026-07-16 03:00:00,宜蘭測站,宜蘭縣,宜蘭縣,宜蘭測站,45.0,23.2,0,0,0,0.0,0
2026-07-16 04:00:00,宜蘭測站,宜蘭縣,宜蘭縣,宜蘭測站,48.7,21.8,0,0,0,0.0,0
2026-07-16 05:00:00,宜蘭測站,宜蘭縣,宜蘭縣,宜蘭測站,49.4,26.1,0,0,0,0.0,0
2026-07-16 06:00:00,宜蘭測站,宜蘭縣,宜蘭縣,宜蘭測站,54.1,27.4,0,0,0,0.0,0
2026-07-16 07:00:00,宜蘭測站,宜蘭縣,宜蘭縣,宜蘭測站,55.9,30.6,0,0,0,0.0,0
2026-07-16 08:00:00,宜蘭測站,宜蘭縣,宜蘭縣,宜蘭測站,55.7,24.1,0,0,0,0.0,0
2026-07-16 09:00:00,宜蘭測站,宜蘭縣,宜蘭縣,宜蘭測站,59.7,24.8,0,0,0,0.0,0
2026-07-16 10:00:00,宜蘭測站,宜蘭縣,宜蘭縣,宜蘭測站,40.2,24.9,0,0,0,0.0,0
2026-07-16 11:00:00,宜蘭測站,宜蘭縣,宜蘭縣,宜蘭測站,45.0,24.3,0,0,0,0.0,0
2026-07-16 12:00:00,宜蘭測站,宜蘭縣,宜蘭縣,宜蘭測站,48.0,23.5,0,0,0,0.0,0
2026-07-16 13:00:00,宜蘭測站,宜蘭縣,宜蘭縣,宜蘭測站,43.0,25.0,0,0,0,0.0,0
2026-07-16 14:00:00,宜蘭測站,宜蘭縣,宜蘭縣,宜蘭測站,46.5,20.4,0,0,0,0.0,0
2026-07-16 15:00:00,宜蘭測站,宜蘭縣,宜蘭縣,宜蘭測站,49.5,17.2,0,0,0,0.0,0
2026-07-16 16:00:00,宜蘭測站,宜蘭縣,宜蘭縣,宜蘭測站,42.5,27.2,0,0,0,0.0,0
2026-07-16 17:00:00,宜蘭測站,宜蘭縣,宜蘭縣,宜蘭測站,56.0,27.2,0,0,0,0.0,0
2026-07-16 18:00:00,宜蘭測站,宜蘭縣,宜蘭縣,宜蘭測站,61.3,28.0,0,0,0,0.0,0
2026-07-16 19:00:00,宜蘭測站,宜蘭縣,宜蘭縣,宜蘭測站,56.7,26.6,0,0,0,0.0,0
2026-07-16 20:00:00,宜蘭測站,宜蘭縣,宜蘭縣,宜蘭測站,52.9,18.7,0,0,0,0.0,0
2026-07-16 21:00:00,宜蘭測站,宜蘭縣,宜蘭縣,宜蘭測站,57.2,29.1,0,0,0,0.0,0
2026-07-16 22:00:00,宜蘭測站,宜蘭縣,宜蘭縣,宜蘭測站,60.2,26.6,0,0,0,0.0,0
2026-07-16 23:00:00,宜蘭測站,宜蘭縣,宜蘭縣,宜蘭測站,46.3,24.5,0,0,0,0.0,0
2026-07-17 00:00:00,宜蘭測站,宜蘭縣,宜蘭縣,宜蘭測站,38.7,23.1,0,0,0,0.0,0
2026-07-17 01:00:00,宜蘭測站,宜蘭縣,宜蘭縣,宜蘭測站,51.7,24.3,0,0,0,0.0,0
2026-07-17 02:00:00,宜蘭測站,宜蘭縣,宜蘭縣,宜蘭測站,45.5,23.2,0,0,0,0.0,0
2026-07-17 03:00:00,宜蘭測站,宜蘭縣,宜蘭縣,宜蘭測站,43.2,22.9,0,0,0,0.0,0
2026-07-17 04:00:00,宜蘭測站,宜蘭縣,宜蘭縣,宜蘭測站,43.5,22.5,0,0,0,0.0,0
2026-07-17 05:00:00,宜蘭測站,宜蘭縣,宜蘭縣,宜蘭測站,57.3,31.6,0,0,1,0.3333333333333333,0
2026-07-17 06:00:00,宜蘭測站,宜蘭縣,宜蘭縣,宜蘭測站,51.4,27.0,0,0,0,0.0,0
2026-07-17 07:00:00,宜蘭測站,宜蘭縣,宜蘭縣,宜蘭測站,57.0,27.1,0,0,0,0.0,0
2026-07-17 08:00:00,宜蘭測站,宜蘭縣,宜蘭縣,宜蘭測站,67.2,25.6,0,1,0,0.3333333333333333,0
2026-07-17 09:00:00,宜蘭測站,宜蘭縣,宜蘭縣,宜蘭測站,57.7,29.5,0,0,0,0.0,0
2026-07-17 10:00:00,宜蘭測站,宜蘭縣,宜蘭縣,宜蘭測站,61.6,32.1,0,0,0,0.0,0
2026-07-17 11:00:00,宜蘭測站,宜蘭縣,宜蘭縣,宜蘭測站,53.1,29.3,0,0,0,0.0,0
2026-07-17 12:00:00,宜蘭測站,宜蘭縣,宜蘭縣,宜蘭測站,41.2,17.0,0,1,1,0.6666666666666666,1
2026-07-17 13:00:00,宜蘭測站,宜蘭縣,宜蘭縣,宜蘭測站,36.1,23.2,0,0,0,0.0,0
2026-07-17 14:00:00,宜蘭測站,宜蘭縣,宜蘭縣,宜蘭測站,50.0,25.2,0,0,0,0.0,0
2026-07-17 15:00:00,宜蘭測站,宜蘭縣,宜蘭縣,宜蘭測站,46.5,27.0,0,0,0,0.0,0
2026-07-17 16:00:00,宜蘭測站,宜蘭縣,宜蘭縣,宜蘭測站,50.7,20.6,0,0,0,0.0,0
2026-07-17 17:00:00,宜蘭測站,宜蘭縣,宜蘭縣,宜蘭測站,55.3,28.9,0,0,0,0.0,0
2026-07-17 18:00:00,宜蘭測站,宜蘭縣,宜蘭縣,宜蘭測站,52.4,27.9,0,0,0,0.0,0
2026-07-17 19:00:00,宜蘭測站,宜蘭縣,宜蘭縣,宜蘭測站,51.6,25.5,0,0,0,0.0,0
2026-07-17 20:00:00,宜蘭測站,宜蘭縣,宜蘭縣,宜蘭測站,52.6,22.0,0,0,0,0.0,0
2026-07-17 21:00:00,宜蘭測站,宜蘭縣,宜蘭縣,宜蘭測站,50.0,22.3,0,0,0,0.0,0
2026-07-17 22:00:00,宜蘭測站,宜蘭縣,宜蘭縣,宜蘭測站,45.2,22.4,0,0,0,0.0,0
2026-07-17 23:00:00,宜蘭測站,宜蘭縣,宜蘭縣,宜蘭測站,50.4,26.6,0,0,0,0.0,0
2026-07-18 00:00:00,宜蘭測站,宜蘭縣,宜蘭縣,宜蘭測站,43.9,24.8,0,0,0,0.0,0
2026-07-18 01:00:00,宜蘭測站,宜蘭縣,宜蘭縣,宜蘭測站,41.2,23.0,0,0,0,0.0,0
2026-07-18 02:00:00,宜蘭測站,宜蘭縣,宜蘭縣,宜蘭測站,32.1,17.4,0,1,1,0.6666666666666666,1
2026-07-18 03:00:00,宜蘭測站,宜蘭縣,宜蘭縣,宜蘭測站,32.4,19.9,0,0,0,0.0,0
2026-07-18 04:00:00,宜蘭測站,宜蘭縣,宜蘭縣,宜蘭測站,45.5,23.9,0,1,0,0.3333333333333333,0
2026-07-18 05:00:00,宜蘭測站,宜蘭縣,宜蘭縣,宜蘭測站,38.1,17.1,0,0,1,0.3333333333333333,0
2026-07-18 06:00:00,宜蘭測站,宜蘭縣,宜蘭縣,宜蘭測站,43.9,26.6,0,0,0,0.0,0
2026-07-18 07:00:00,宜蘭測站,宜蘭縣,宜蘭縣,宜蘭測站,51.2,26.7,0,0,0,0.0,0
2026-07-18 08:00:00,宜蘭測站,宜蘭縣,宜蘭縣,宜蘭測站,48.0,26.9,0,0,0,0.0,0
2026-07-18 09:00:00,宜蘭測站,宜蘭縣,宜蘭縣,宜蘭測站,45.0,22.7,0,0,0,0.0,0
2026-07-18 10:00:00,宜蘭測站,宜蘭縣,宜蘭縣,宜蘭測站,37.0,22.5,0,0,0,0.0,0
2026-07-18 11:00:00,宜蘭測站,宜蘭縣,宜蘭縣,宜蘭測站,40.3,18.2,0,0,0,0.0,0
2026-07-18 12:00:00,宜蘭測站,宜蘭縣,宜蘭縣,宜蘭測站,43.7,27.0,0,0,0,0.0,0
2026-07-18 13:00:00,宜蘭測站,宜蘭縣,宜蘭縣,宜蘭測站,38.4,15.4,0,0,1,0.3333333333333333,0
2026-07-18 14:00:00,宜蘭測站,宜蘭縣,宜蘭縣,宜蘭測站,36.0,20.9,0,0,0,0.0,0
2026-07-18 15:00:00,宜蘭測站,宜蘭縣,宜蘭縣,宜蘭測站,37.2,21.4,0,0,0,0.0,0
2026-07-18 16:00:00,宜蘭測站,宜蘭縣,宜蘭縣,宜蘭測站,43.3,24.7,0,0,0,0.0,0
2026-07-18 17:00:00,宜蘭測站,宜蘭縣,宜蘭縣,宜蘭測站,43.0,19.7,0,0,0,0.0,0
2026-07-18 18:00:00,宜蘭測站,宜蘭縣,宜蘭縣,宜蘭測站,41.5,22.3,0,0,0,0.0,0
2026-07-18 19:00:00,宜蘭測站,宜蘭縣,宜蘭縣,宜蘭測站,41.7,22.8,0,0,0,0.0,0
2026-07-18 20:00:00,宜蘭測站,宜蘭縣,宜蘭縣,宜蘭測站,30.1,26.7,0,0,0,0.0,0
2026-07-18 21:00:00,宜蘭測站,宜蘭縣,宜蘭縣,宜蘭測站,38.8,20.4,0,0,0,0.0,0
2026-07-18 22:00:00,宜蘭測站,宜蘭縣,宜蘭縣,宜蘭測站,33.7,22.8,0,0,0,0.0,0
2026-07-18 23:00:00,宜蘭測站,宜蘭縣,宜蘭縣,宜蘭測站,26.9,21.5,0,0,0,0.0,0
2026-07-19 00:00:00,宜蘭測站,宜蘭縣,宜蘭縣,宜蘭測站,38.5,19.5,0,0,0,0.0,0
2026-07-19 01:00:00,宜蘭測站,宜蘭縣,宜蘭縣,宜蘭測站,31.3,23.4,0,0,0,0.0,0
2026-07-19 02:00:00,宜蘭測站,宜蘭縣,宜蘭縣,宜蘭測站,23.2,17.6,0,0,1,0.3333333333333333,0
2026-07-19 03:00:00,宜蘭測站,宜蘭縣,宜蘭縣,宜蘭測站,31.6,23.8,0,0,1,0.3333333333333333,0
2026-07-19 04:00:00,宜蘭測站,宜蘭縣,宜蘭縣,宜蘭測站,36.6,27.3,0,0,0,0.0,0
2026-07-19 05:00:00,宜蘭測站,宜蘭縣,宜蘭縣,宜蘭測站,32.3,18.4,0,0,1,0.3333333333333333,0
2026-07-19 06:00:00,宜蘭測站,宜蘭縣,宜蘭縣,宜蘭測站,31.8,20.1,0,0,0,0.0,0
2026-07-19 07:00:00,宜蘭測站,宜蘭縣,宜蘭縣,宜蘭測站,43.9,22.8,0,0,0,0.0,0
2026-07-19 08:00:00,宜蘭測站,宜蘭縣,宜蘭縣,宜蘭測站,31.6,21.0,0,0,0,0.0,0
2026-07-19 09:00:00,宜蘭測站,宜蘭縣,宜蘭縣,宜蘭測站,39.3,16.3,0,0,0,0.0,0
2026-07-19 10:00:00,宜蘭測站,宜蘭縣,宜蘭縣,宜蘭測站,36.2,29.0,0,1,1,0.6666666666666666,1
2026-07-19 11:00:00,宜蘭測站,宜蘭縣,宜蘭縣,宜蘭測站,34.5,20.5,0,0,0,0.0,0
2026-07-19 12:00:00,宜蘭測站,宜蘭縣,宜蘭縣,宜蘭測站,34.7,25.4,0,0,0,0.0,0
2026-07-19 13:00:00,宜蘭測站,宜蘭縣,宜蘭縣,宜蘭測站,21.3,19.6,0,1,1,0.6666666666666666,1
2026-07-19 14:00:00,宜蘭測站,宜蘭縣,宜蘭縣,宜蘭測站,32.4,20.9,0,0,0,0.0,0
2026-07-19 15:00:00,宜蘭測站,宜蘭縣,宜蘭縣,宜蘭測站,36.0,18.4,0,0,0,0.0,0
2026-07-19 16:00:00,宜蘭測站,宜蘭縣,宜蘭縣,宜蘭測站,35.8,20.4,0,0,0,0.0,0
2026-07-19 17:00:00,宜蘭測站,宜蘭縣,宜蘭縣,宜蘭測站,24.1,15.0,0,0,1,0.3333333333333333,0
2026-07-19 18:00:00,宜蘭測站,宜蘭縣,宜蘭縣,宜蘭測站,37.6,19.6,0,0,0,0.0,0
2026-07-19 19:00:00,宜蘭測站,宜蘭縣,宜蘭縣,宜蘭測站,43.0,18.0,0,0,0,0.0,0
2026-07-19 20:00:00,宜蘭測站,宜蘭縣,宜蘭縣,宜蘭測站,35.0,20.7,0,0,0,0.0,0
2026-07-19 21:00:00,宜蘭測站,宜蘭縣,宜蘭縣,宜蘭測站,34.7,21.6,0,0,0,0.0,0
2026-07-19 22:00:00,宜蘭測站,宜蘭縣,宜蘭縣,宜蘭測站,19.6,11.4,0,1,1,0.6666666666666666,1
2026-07-19 23:00:00,宜蘭測站,宜蘭縣,宜蘭縣,宜蘭測站,34.6,21.8,0,0,1,0.3333333333333333,0
2026-07-20 00:00:00,宜蘭測站,宜蘭縣,宜蘭縣,宜蘭測站,33.0,19.7,0,0,0,0.0,0
2026-07-20 01:00:00,宜蘭測站,宜蘭縣,宜蘭縣,宜蘭測站,34.5,24.7,0,0,0,0.0,0
2026-07-20 02:00:00,宜蘭測站,宜蘭縣,宜蘭縣,宜蘭測站,38.0,22.6,0,0,0,0.0,0
2026-07-20 03:00:00,宜蘭測站,宜蘭縣,宜蘭縣,宜蘭測站,31.7,16.6,0,1,1,0.6666666666666666,1
2026-07-20 04:00:00,宜蘭測站,宜蘭縣,宜蘭縣,宜蘭測站,35.1,19.2,0,0,0,0.0,0
2026-07-20 05:00:00,宜蘭測站,宜蘭縣,宜蘭縣,宜蘭測站,39.3,17.7,0,0,0,0.0,0
2026-07-20 06:00:00,宜蘭測站,宜蘭縣,宜蘭縣,宜蘭測站,43.2,27.6,0,0,0,0.0,0
2026-07-20 07:00:00,宜蘭測站,宜蘭縣,宜蘭縣,宜蘭測站,52.6,26.8,1,0,0,0.3333333333333333,0
2026-07-20 08:00:00,宜蘭測站,宜蘭縣,宜蘭縣,宜蘭測站,39.9,23.3,0,0,0,0.0,0
2026-07-20 09:00:00,宜蘭測站,宜蘭縣,宜蘭縣,宜蘭測站,41.7,26.7,0,0,0,0.0,0
2026-07-20 10:00:00,宜蘭測站,宜蘭縣,宜蘭縣,宜蘭測站,40.3,18.7,0,0,0,0.0,0
2026-07-20 11:00:00,宜蘭測站,宜蘭縣,宜蘭縣,宜蘭測站,45.1,21.9,0,0,0,0.0,0
2026-07-20 12:00:00,宜蘭測站,宜蘭縣,宜蘭縣,宜蘭測站,36.9,19.2,0,0,0,0.0,0
2026-07-20 13:00:00,宜蘭測站,宜蘭縣,宜蘭縣,宜蘭測站,38.5,27.5,0,0,0,0.0,0
2026-07-20 14:00:00,宜蘭測站,宜蘭縣,宜蘭縣,宜蘭測站,37.9,18.9,0,0,0,0.0,0
2026-07-20 15:00:00,宜蘭測站,宜蘭縣,宜蘭縣,宜蘭測站,41.6,22.9,0,0,0,0.0,0
2026-07-20 16:00:00,宜蘭測站,宜蘭縣,宜蘭縣,宜蘭測站,40.8,24.0,0,0,0,0.0,0
2026-07-20 17:00:00,宜蘭測站,宜蘭縣,宜蘭縣,宜蘭測站,36.6,22.3,0,0,0,0.0,0
2026-07-20 18:00:00,宜蘭測站,宜蘭縣,宜蘭縣,宜蘭測站,49.3,23.0,0,0,0,0.0,0
2026-07-20 19:00:00,宜蘭測站,宜蘭縣,宜蘭縣,宜蘭測站,46.4,27.7,0,0,0,0.0,0
2026-07-20 20:00:00,宜蘭測站,宜蘭縣,宜蘭縣,宜蘭測站,43.7,20.3,0,0,0,0.0,0
2026-07-20 21:00:00,宜蘭測站,宜蘭縣,宜蘭縣,宜蘭測站,48.0,22.6,0,0,0,0.0,0
2026-07-20 22:00:00,宜蘭測站,宜蘭縣,宜蘭縣,宜蘭測站,35.6,18.0,0,0,1,0.3333333333333333,0
2026-07-20 23:00:00,宜蘭測站,宜蘭縣,宜蘭縣,宜蘭測站,41.3,17.3,0,0,0,0.0,0
2026-07-21 00:00:00,宜蘭測站,宜蘭縣,宜蘭縣,宜蘭測站,45.0,24.9,0,0,0,0.0,0
2026-07-21 01:00:00,宜蘭測站,宜蘭縣,宜蘭縣,宜蘭測站,36.8,18.8,0,0,0,0.0,0
2026-07-21 02:00:00,宜蘭測站,宜蘭縣,宜蘭縣,宜蘭測站,40.4,18.1,0,0,0,0.0,0
2026-07-21 03:00:00,宜蘭測站,宜蘭縣,宜蘭縣,宜蘭測站,39.4,22.0,0,0,0,0.0,0
2026-07-21 04:00:00,宜蘭測站,宜蘭縣,宜蘭縣,宜蘭測站,44.2,21.3,0,0,0,0.0,0
2026-07-21 05:00:00,宜蘭測站,宜蘭縣,宜蘭縣,宜蘭測站,40.7,20.6,0,0,0,0.0,0
2026-07-21 06:00:00,宜蘭測站,宜蘭縣,宜蘭縣,宜蘭測站,44.2,24.0,0,0,0,0.0,0
2026-07-21 07:00:00,宜蘭測站,宜蘭縣,宜蘭縣,宜蘭測站,58.7,26.0,1,0,0,0.3333333333333333,0
2026-07-21 08:00:00,宜蘭測站,宜蘭縣,宜蘭縣,宜蘭測站,55.2,26.5,0,0,0,0.0,0
2026-07-21 09:00:00,宜蘭測站,宜蘭縣,宜蘭縣,宜蘭測站,60.4,29.1,0,0,0,0.0,0
2026-07-21 10:00:00,宜蘭測站,宜蘭縣,宜蘭縣,宜蘭測站,47.2,22.5,0,0,0,0.0,0
2026-07-21 11:00:00,宜蘭測站,宜蘭縣,宜蘭縣,宜蘭測站,48.4,21.7,0,0,0,0.0,0
2026-07-21 12:00:00,宜蘭測站,宜蘭縣,宜蘭縣,宜蘭測站,36.0,26.5,0,0,0,0.0,0
2026-07-21 13:00:00,宜蘭測站,宜蘭縣,宜蘭縣,宜蘭測站,49.1,20.8,0,0,0,0.0,0
2026-07-21 14:00:00,宜蘭測站,宜蘭縣,宜蘭縣,宜蘭測站,46.7,27.0,0,0,0,0.0,0
2026-07-21 15:00:00,宜蘭測站,宜蘭縣,宜蘭縣,宜蘭測站,56.8,27.9,0,0,0,0.0,0
2026-07-21 16:00:00,宜蘭測站,宜蘭縣,宜蘭縣,宜蘭測站,65.6,31.1,0,0,0,0.0,0
2026-07-21 17:00:00,宜蘭測站,宜蘭縣,宜蘭縣,宜蘭測站,61.7,26.5,0,0,0,0.0,0
2026-07-21 18:00:00,宜蘭測站,宜蘭縣,宜蘭縣,宜蘭測站,60.0,26.7,0,0,0,0.0,0
2026-07-21 19:00:00,宜蘭測站,宜蘭縣,宜蘭縣,宜蘭測站,58.5,27.8,0,0,0,0.0,0
2026-07-21 20:00:00,宜蘭測站,宜蘭縣,宜蘭縣,宜蘭測站,58.6,27.0,0,0,0,0.0,0
2026-07-21 21:00:00,宜蘭測站,宜蘭縣,宜蘭縣,宜蘭測站,55.4,22.7,0,0,0,0.0,0
2026-07-21 22:00:00,宜蘭測站,宜蘭縣,宜蘭縣,宜蘭測站,49.1,21.9,0,0,0,0.0,0
2026-07-21 23:00:00,宜蘭測站,宜蘭縣,宜蘭縣,宜蘭測站,45.0,24.3,0,0,0,0.0,0
2026-07-22 00:00:00,宜蘭測站,宜蘭縣,宜蘭縣,宜蘭測站,49.7,24.3,0,0,0,0.0,0
2026-07-22 01:00:00,宜蘭測站,宜蘭縣,宜蘭縣,宜蘭測站,49.3,22.8,0,0,0,0.0,0
2026-07-22 02:00:00,宜蘭測站,宜蘭縣,宜蘭縣,宜蘭測站,41.7,18.8,0,0,0,0.0,0
2026-07-22 03:00:00,宜蘭測站,宜蘭縣,宜蘭縣,宜蘭測站,54.4,28.3,0,0,0,0.0,0
2026-07-22 04:00:00,宜蘭測站,宜蘭縣,宜蘭縣,宜蘭測站,42.6,23.2,0,0,0,0.0,0
2026-07-22 05:00:00,宜蘭測站,宜蘭縣,宜蘭縣,宜蘭測站,43.3,25.3,0,0,0,0.0,0
2026-07-22 06:00:00,宜蘭測站,宜蘭縣,宜蘭縣,宜蘭測站,56.3,26.3,0,0,0,0.0,0
2026-07-22 07:00:00,宜蘭測站,宜蘭縣,宜蘭縣,宜蘭測站,58.0,26.3,0,0,0,0.0,0
2026-07-22 08:00:00,宜蘭測站,宜蘭縣,宜蘭縣,宜蘭測站,61.3,29.8,0,0,0,0.0,0
2026-07-22 09:00:00,宜蘭測站,宜蘭縣,宜蘭縣,宜蘭測站,56.4,28.2,0,0,0,0.0,0
2026-07-22 10:00:00,宜蘭測站,宜蘭縣,宜蘭縣,宜蘭測站,55.6,24.5,0,0,0,0.0,0
2026-07-22 11:00:00,宜蘭測站,宜蘭縣,宜蘭縣,宜蘭測站,47.9,23.5,0,0,0,0.0,0
2026-07-22 12:00:00,宜蘭測站,宜蘭縣,宜蘭縣,宜蘭測站,38.2,25.0,0,0,0,0.0,0
2026-07-22 13:00:00,宜蘭測站,宜蘭縣,宜蘭縣,宜蘭測站,46.2,26.0,0,0,0,0.0,0
2026-07-22 14:00:00,宜蘭測站,宜蘭縣,宜蘭縣,宜蘭測站,53.3,29.0,0,0,0,0.0,0
2026-07-22 15:00:00,宜蘭測站,宜蘭縣,宜蘭縣,宜蘭測站,48.0,23.6,0,0,0,0.0,0
2026-07-22 16:00:00,宜蘭測站,宜蘭縣,宜蘭縣,宜蘭測站,55.3,26.4,0,1,0,0.3333333333333333,0
2026-07-22 17:00:00,宜蘭測站,宜蘭縣,宜蘭縣,宜蘭測站,68.6,26.6,0,0,0,0.0,0
2026-07-22 18:00:00,宜蘭測站,宜蘭縣,宜蘭縣,宜蘭測站,53.5,26.7,0,0,0,0.0,0
2026-07-22 19:00:00,宜蘭測站,宜蘭縣,宜蘭縣,宜蘭測站,59.6,28.6,0,0,0,0.0,0
2026-07-22 20:00:00,宜蘭測站,宜蘭縣,宜蘭縣,宜蘭測站,55.3,32.2,0,0,0,0.0,0
2026-07-22 21:00:00,宜蘭測站,宜蘭縣,宜蘭縣,宜蘭測站,50.2,23.4,0,0,0,0.0,0
2026-07-22 22:00:00,宜蘭測站,宜蘭縣,宜蘭縣,宜蘭測站,49.9,26.7,0,0,0,0.0,0
2026-07-22 23:00:00,宜蘭測站,宜蘭縣,宜蘭縣,宜蘭測站,57.4,32.4,0,0,0,0.0,0
2026-07-23 00:00:00,宜蘭測站,宜蘭縣,宜蘭縣,宜蘭測站,54.3,30.3,0,0,0,0.0,0
2026-07-23 01:00:00,宜蘭測站,宜蘭縣,宜蘭縣,宜蘭測站,40.5,21.2,0,0,0,0.0,0
2026-07-23 02:00:00,宜蘭測站,宜蘭縣,宜蘭縣,宜蘭測站,36.6,19.2,0,0,0,0.0,0
2026-07-23 03:00:00,宜蘭測站,宜蘭縣,宜蘭縣,宜蘭測站,40.4,19.3,0,0,0,0.0,0
2026-07-23 04:00:00,宜蘭測站,宜蘭縣,宜蘭縣,宜蘭測站,44.4,17.5,0,0,0,0.0,0
2026-07-23 05:00:00,宜蘭測站,宜蘭縣,宜蘭縣,宜蘭測站,37.6,20.2,0,0,0,0.0,0
2026-07-23 06:00:00,宜蘭測站,宜蘭縣,宜蘭縣,宜蘭測站,55.4,24.5,0,0,0,0.0,0
2026-07-23 07:00:00,宜蘭測站,宜蘭縣,宜蘭縣,宜蘭測站,48.7,20.4,0,0,0,0.0,0
2026-07-23 08:00:00,宜蘭測站,宜蘭縣,宜蘭縣,宜蘭測站,65.1,28.6,0,0,1,0.3333333333333333,0
2026-07-23 09:00:00,宜蘭測站,宜蘭縣,宜蘭縣,宜蘭測站,42.0,24.9,0,1,0,0.3333333333333333,0
2026-07-23 10:00:00,宜蘭測站,宜蘭縣,宜蘭縣,宜蘭測站,56.2,22.7,0,0,0,0.0,0
2026-07-23 11:00:00,宜蘭測站,宜蘭縣,宜蘭縣,宜蘭測站,51.5,21.9,0,0,0,0.0,0
2026-07-23 12:00:00,宜蘭測站,宜蘭縣,宜蘭縣,宜蘭測站,40.1,22.2,0,0,0,0.0,0
2026-07-23 13:00:00,宜蘭測站,宜蘭縣,宜蘭縣,宜蘭測站,44.4,23.4,0,0,0,0.0,0
2026-07-23 14:00:00,宜蘭測站,宜蘭縣,宜蘭縣,宜蘭測站,45.9,25.0,0,0,0,0.0,0
2026-07-23 15:00:00,宜蘭測站,宜蘭縣,宜蘭縣,宜蘭測站,46.2,17.4,0,0,0,0.0,0
2026-07-23 16:00:00,宜蘭測站,宜蘭縣,宜蘭縣,宜蘭測站,44.3,19.5,0,0,0,0.0,0
2026-07-23 17:00:00,宜蘭測站,宜蘭縣,宜蘭縣,宜蘭測站,52.8,27.5,0,0,0,0.0,0
2026-07-23 18:00:00,宜蘭測站,宜蘭縣,宜蘭縣,宜蘭測站,53.2,28.0,0,0,0,0.0,0
2026-07-23 19:00:00,宜蘭測站,宜蘭縣,宜蘭縣,宜蘭測站,44.1,22.5,0,0,0,0.0,0
2026-07-23 20:00:00,宜蘭測站,宜蘭縣,宜蘭縣,宜蘭測站,44.7,20.6,0,0,0,0.0,0
2026-07-23 21:00:00,宜蘭測站,宜蘭縣,宜蘭縣,宜蘭測站,49.8,25.5,0,0,0,0.0,0
2026-07-23 22:00:00,宜蘭測站,宜蘭縣,宜蘭縣,宜蘭測站,33.6,14.9,0,0,1,0.3333333333333333,0
2026-07-23 23:00:00,宜蘭測站,宜蘭縣,宜蘭縣,宜蘭測站,44.1,30.4,0,1,0,0.3333333333333333,0
2026-07-24 00:00:00,宜蘭測站,宜蘭縣,宜蘭縣,宜蘭測站,39.8,25.4,0,0,0,0.0,0
2026-07-24 01:00:00,宜蘭測站,宜蘭縣,宜蘭縣,宜蘭測站,32.3,21.8,0,0,0,0.0,0
2026-07-24 02:00:00,宜蘭測站,宜蘭縣,宜蘭縣,宜蘭測站,34.7,20.3,0,0,0,0.0,0
2026-07-24 03:00:00,宜蘭測站,宜蘭縣,宜蘭縣,宜蘭測站,37.8,20.6,0,0,0,0.0,0
2026-07-24 04:00:00,宜蘭測站,宜蘭縣,宜蘭縣,宜蘭測站,34.9,20.5,0,0,0,0.0,0
2026-07-24 05:00:00,宜蘭測站,宜蘭縣,宜蘭縣,宜蘭測站,31.6,21.1,0,0,0,0.0,0
2026-07-24 06:00:00,宜蘭測站,宜蘭縣,宜蘭縣,宜蘭測站,41.2,26.8,0,0,0,0.0,0
2026-07-24 07:00:00,宜蘭測站,宜蘭縣,宜蘭縣,宜蘭測站,42.5,18.6,0,0,0,0.0,0
2026-07-24 08:00:00,宜蘭測站,宜蘭縣,宜蘭縣,宜蘭測站,46.6,25.5,0,0,0,0.0,0
2026-07-24 09:00:00,宜蘭測站,宜蘭縣,宜蘭縣,宜蘭測站,47.4,22.9,0,0,0,0.0,0
2026-07-24 10:00:00,宜蘭測站,宜蘭縣,宜蘭縣,宜蘭測站,45.4,19.9,0,0,0,0.0,0
2026-07-24 11:00:00,宜蘭測站,宜蘭縣,宜蘭縣,宜蘭測站,26.7,16.1,0,0,1,0.3333333333333333,0
2026-07-24 12:00:00,宜蘭測站,宜蘭縣,宜蘭縣,宜蘭測站,38.6,20.3,0,0,0,0.0,0
2026-07-24 13:00:00,宜蘭測站,宜蘭縣,宜蘭縣,宜蘭測站,40.4,25.9,0,0,0,0.0,0
2026-07-24 14:00:00,宜蘭測站,宜蘭縣,宜蘭縣,宜蘭測站,35.5,19.4,0,0,0,0.0,0
2026-07-24 15:00:00,宜蘭測站,宜蘭縣,宜蘭縣,宜蘭測站,39.0,19.4,0,0,0,0.0,0
2026-07-24 16:00:00,宜蘭測站,宜蘭縣,宜蘭縣,宜蘭測站,40.9,14.1,0,0,1,0.3333333333333333,0
2026-07-24 17:00:00,宜蘭測站,宜蘭縣,宜蘭縣,宜蘭測站,39.0,19.1,0,0,0,0.0,0
2026-07-24 18:00:00,宜蘭測站,宜蘭縣,宜蘭縣,宜蘭測站,45.9,17.4,0,0,0,0.0,0
2026-07-24 19:00:00,宜蘭測站,宜蘭縣,宜蘭縣,宜蘭測站,41.2,24.4,0,0,0,0.0,0
2026-07-24 20:00:00,宜蘭測站,宜蘭縣,宜蘭縣,宜蘭測站,39.2,23.8,0,0,0,0.0,0
2026-07-24 21:00:00,宜蘭測站,宜蘭縣,宜蘭縣,宜蘭測站,39.6,15.6,0,0,0,0.0,0
2026-07-24 22:00:00,宜蘭測站,宜蘭縣,宜蘭縣,宜蘭測站,35.5,23.4,0,0,0,0.0,0
2026-07-24 23:00:00,宜蘭測站,宜蘭縣,宜蘭縣,宜蘭測站,40.1,22.3,0,0,0,0.0,0
2026-07-25 00:00:00,宜蘭測站,宜蘭縣,宜蘭縣,宜蘭測站,43.3,21.9,0,0,0,0.0,0
2026-07-25 01:00:00,宜蘭測站,宜蘭縣,宜蘭縣,宜蘭測站,17.5,22.9,0,1,1,0.6666666666666666,1
2026-07-25 02:00:00,宜蘭測站,宜蘭縣,宜蘭縣,宜蘭測站,25.0,16.8,0,1,1,0.6666666666666666,1
2026-07-25 03:00:00,宜蘭測站,宜蘭縣,宜蘭縣,宜蘭測站,38.2,28.3,0,0,1,0.3333333333333333,0
2026-07-25 04:00:00,宜蘭測站,宜蘭縣,宜蘭縣,宜蘭測站,24.3,11.7,0,1,1,0.6666666666666666,1
2026-07-25 05:00:00,宜蘭測站,宜蘭縣,宜蘭縣,宜蘭測站,28.9,14.8,0,0,1,0.3333333333333333,0
2026-07-25 06:00:00,宜蘭測站,宜蘭縣,宜蘭縣,宜蘭測站,33.9,22.6,0,0,1,0.3333333333333333,0
2026-07-25 07:00:00,宜蘭測站,宜蘭縣,宜蘭縣,宜蘭測站,36.5,24.1,0,0,0,0.0,0
2026-07-25 08:00:00,宜蘭測站,宜蘭縣,宜蘭縣,宜蘭測站,41.2,16.4,0,0,0,0.0,0
2026-07-25 09:00:00,宜蘭測站,宜蘭縣,宜蘭縣,宜蘭測站,41.1,17.3,0,0,0,0.0,0
2026-07-25 10:00:00,宜蘭測站,宜蘭縣,宜蘭縣,宜蘭測站,32.4,24.9,0,0,1,0.3333333333333333,0
2026-07-25 11:00:00,宜蘭測站,宜蘭縣,宜蘭縣,宜蘭測站,27.5,13.7,0,1,1,0.6666666666666666,1
2026-07-25 12:00:00,宜蘭測站,宜蘭縣,宜蘭縣,宜蘭測站,30.8,23.1,0,0,1,0.3333333333333333,0
2026-07-25 13:00:00,宜蘭測站,宜蘭縣,宜蘭縣,宜蘭測站,32.2,18.2,0,0,0,0.0,0
2026-07-25 14:00:00,宜蘭測站,宜蘭縣,宜蘭縣,宜蘭測站,32.5,17.2,0,0,0,0.0,0
2026-07-25 15:00:00,宜蘭測站,宜蘭縣,宜蘭縣,宜蘭測站,36.9,23.9,0,0,0,0.0,0
2026-07-25 16:00:00,宜蘭測站,宜蘭縣,宜蘭縣,宜蘭測站,34.8,21.4,0,0,0,0.0,0
2026-07-25 17:00:00,宜蘭測站,宜蘭縣,宜蘭縣,宜蘭測站,42.9,25.4,0,0,0,0.0,0
2026-07-25 18:00:00,宜蘭測站,宜蘭縣,宜蘭縣,宜蘭測站,30.7,15.0,0,0,1,0.3333333333333333,0
2026-07-25 19:00:00,宜蘭測站,宜蘭縣,宜蘭縣,宜蘭測站,43.8,24.1,0,0,0,0.0,0
2026-07-25 20:00:00,宜蘭測站,宜蘭縣,宜蘭縣,宜蘭測站,45.8,27.5,0,0,0,0.0,0
2026-07-25 21:00:00,宜蘭測站,宜蘭縣,宜蘭縣,宜蘭測站,44.7,18.2,0,0,0,0.0,0
2026-07-25 22:00:00,宜蘭測站,宜蘭縣,宜蘭縣,宜蘭測站,39.3,21.9,0,0,0,0.0,0
2026-06-26 03:00:00,松山測站,臺北市,臺北市,松山測站,59.7,33.4,0,0,0,0.0,0
2026-06-26 04:00:00,松山測站,臺北市,臺北市,松山測站,61.2,36.1,1,0,0,0.3333333333333333,0
2026-06-26 05:00:00,松山測站,臺北市,臺北市,松山測站,57.0,32.4,0,0,0,0.0,0
2026-06-26 06:00:00,松山測站,臺北市,臺北市,松山測站,65.5,35.6,1,0,0,0.3333333333333333,0
2026-06-26 07:00:00,松山測站,臺北市,臺北市,松山測站,64.0,36.3,1,0,0,0.3333333333333333,0
2026-06-26 08:00:00,松山測站,臺北市,臺北市,松山測站,68.6,33.1,0,0,0,0.0,0
2026-06-26 09:00:00,松山測站,臺北市,臺北市,松山測站,69.6,36.8,1,0,0,0.3333333333333333,0
2026-06-26 10:00:00,松山測站,臺北市,臺北市,松山測站,63.4,32.1,0,0,0,0.0,0
2026-06-26 11:00:00,松山測站,臺北市,臺北市,松山測站,65.4,33.4,0,0,0,0.0,0
2026-06-26 12:00:00,松山測站,臺北市,臺北市,松山測站,62.6,30.3,0,0,0,0.0,0
2026-06-26 13:00:00,松山測站,臺北市,臺北市,松山測站,55.8,30.4,0,0,0,0.0,0
2026-06-26 14:00:00,松山測站,臺北市,臺北市,松山測站,62.0,31.3,0,0,0,0.0,0
2026-06-26 15:00:00,松山測站,臺北市,臺北市,松山測站,64.9,37.7,1,0,0,0.3333333333333333,0
2026-06-26 16:00:00,松山測站,臺北市,臺北市,松山測站,64.8,29.4,0,0,0,0.0,0
2026-06-26 17:00:00,松山測站,臺北市,臺北市,松山測站,79.5,45.8,1,1,0,0.6666666666666666,1
2026-06-26 18:00:00,松山測站,臺北市,臺北市,松山測站,67.7,33.8,0,1,0,0.3333333333333333,0
2026-06-26 19:00:00,松山測站,臺北市,臺北市,松山測站,69.6,40.0,1,0,0,0.3333333333333333,0
2026-06-26 20:00:00,松山測站,臺北市,臺北市,松山測站,78.2,34.3,0,0,0,0.0,0
2026-06-26 21:00:00,松山測站,臺北市,臺北市,松山測站,61.7,34.1,0,0,0,0.0,0
2026-06-26 22:00:00,松山測站,臺北市,臺北市,松山測站,62.5,33.9,0,0,0,0.0,0
2026-06-26 23:00:00,松山測站,臺北市,臺北市,松山測站,63.1,29.5,0,0,0,0.0,0
2026-06-27 00:00:00,松山測站,臺北市,臺北市,松山測站,49.1,27.1,0,0,0,0.0,0
2026-06-27 01:00:00,松山測站,臺北市,臺北市,松山測站,55.2,33.2,0,0,0,0.0,0
2026-06-27 02:00:00,松山測站,臺北市,臺北市,松山測站,59.4,28.3,0,0,0,0.0,0
2026-06-27 03:00:00,松山測站,臺北市,臺北市,松山測站,54.3,28.9,0,0,0,0.0,0
2026-06-27 04:00:00,松山測站,臺北市,臺北市,松山測站,68.4,40.0,1,0,0,0.3333333333333333,0
2026-06-27 05:00:00,松山測站,臺北市,臺北市,松山測站,54.1,29.0,0,0,0,0.0,0
2026-06-27 06:00:00,松山測站,臺北市,臺北市,松山測站,52.5,26.2,0,1,0,0.3333333333333333,0
2026-06-27 07:00:00,松山測站,臺北市,臺北市,松山測站,63.3,34.2,0,0,0,0.0,0
2026-06-27 08:00:00,松山測站,臺北市,臺北市,松山測站,66.2,29.8,0,0,0,0.0,0
2026-06-27 09:00:00,松山測站,臺北市,臺北市,松山測站,65.8,34.9,0,0,0,0.0,0
2026-06-27 10:00:00,松山測站,臺北市,臺北市,松山測站,69.0,35.7,1,0,0,0.3333333333333333,0
2026-06-27 11:00:00,松山測站,臺北市,臺北市,松山測站,62.2,34.3,0,0,0,0.0,0
2026-06-27 12:00:00,松山測站,臺北市,臺北市,松山測站,54.5,34.3,0,0,0,0.0,0
2026-06-27 13:00:00,松山測站,臺北市,臺北市,松山測站,46.6,30.2,0,0,0,0.0,0
2026-06-27 14:00:00,松山測站,臺北市,臺北市,松山測站,54.5,35.0,0,0,0,0.0,0
2026-06-27 15:00:00,松山測站,臺北市,臺北市,松山測站,62.1,32.0,0,0,0,0.0,0
2026-06-27 16:00:00,松山測站,臺北市,臺北市,松山測站,66.4,36.2,1,0,0,0.3333333333333333,0
2026-06-27 17:00:00,松山測站,臺北市,臺北市,松山測站,70.5,36.8,1,0,0,0.3333333333333333,0
2026-06-27 18:00:00,松山測站,臺北市,臺北市,松山測站,69.5,36.5,1,0,0,0.3333333333333333,0
2026-06-27 19:00:00,松山測站,臺北市,臺北市,松山測站,59.6,34.1,0,0,0,0.0,0
2026-06-27 20:00:00,松山測站,臺北市,臺北市,松山測站,65.1,34.3,0,0,0,0.0,0
2026-06-27 21:00:00,松山測站,臺北市,臺北市,松山測站,61.8,29.7,0,0,0,0.0,0
2026-06-27 22:00:00,松山測站,臺北市,臺北市,松山測站,54.7,35.1,1,0,0,0.3333333333333333,0
2026-06-27 23:00:00,松山測站,臺北市,臺北市,松山測站,61.3,31.3,0,0,0,0.0,0
2026-06-28 00:00:00,松山測站,臺北市,臺北市,松山測站,54.6,32.7,0,0,0,0.0,0
2026-06-28 01:00:00,松山測站,臺北市,臺北市,松山測站,55.7,31.8,0,0,0,0.0,0
2026-06-28 02:00:00,松山測站,臺北市,臺北市,松山測站,56.1,30.3,0,0,0,0.0,0
2026-06-28 03:00:00,松山測站,臺北市,臺北市,松山測站,44.4,21.7,0,0,0,0.0,0
2026-06-28 04:00:00,松山測站,臺北市,臺北市,松山測站,51.9,34.5,0,1,0,0.3333333333333333,0
2026-06-28 05:00:00,松山測站,臺北市,臺北市,松山測站,57.9,37.1,1,0,0,0.3333333333333333,0
2026-06-28 06:00:00,松山測站,臺北市,臺北市,松山測站,61.7,31.0,0,0,0,0.0,0
2026-06-28 07:00:00,松山測站,臺北市,臺北市,松山測站,62.5,37.0,1,0,0,0.3333333333333333,0
2026-06-28 08:00:00,松山測站,臺北市,臺北市,松山測站,61.5,33.8,0,0,0,0.0,0
2026-06-28 09:00:00,松山測站,臺北市,臺北市,松山測站,61.7,32.7,0,0,0,0.0,0
2026-06-28 10:00:00,松山測站,臺北市,臺北市,松山測站,54.4,36.9,1,0,0,0.3333333333333333,0
2026-06-28 11:00:00,松山測站,臺北市,臺北市,松山測站,55.2,30.2,0,0,0,0.0,0
2026-06-28 12:00:00,松山測站,臺北市,臺北市,松山測站,50.5,31.9,0,0,0,0.0,0
2026-06-28 13:00:00,松山測站,臺北市,臺北市,松山測站,54.9,32.3,0,0,0,0.0,0
2026-06-28 14:00:00,松山測站,臺北市,臺北市,松山測站,40.1,23.1,0,0,1,0.3333333333333333,0
2026-06-28 15:00:00,松山測站,臺北市,臺北市,松山測站,63.8,34.6,0,1,0,0.3333333333333333,0
2026-06-28 16:00:00,松山測站,臺北市,臺北市,松山測站,58.0,33.0,0,0,0,0.0,0
2026-06-28 17:00:00,松山測站,臺北市,臺北市,松山測站,63.0,32.5,0,0,0,0.0,0
2026-06-28 18:00:00,松山測站,臺北市,臺北市,松山測站,55.3,28.4,0,0,0,0.0,0
2026-06-28 19:00:00,松山測站,臺北市,臺北市,松山測站,43.7,26.1,0,0,0,0.0,0
2026-06-28 20:00:00,松山測站,臺北市,臺北市,松山測站,53.9,27.9,0,0,0,0.0,0
2026-06-28 21:00:00,松山測站,臺北市,臺北市,松山測站,49.4,28.9,0,0,0,0.0,0
2026-06-28 22:00:00,松山測站,臺北市,臺北市,松山測站,47.9,27.2,0,0,0,0.0,0
2026-06-28 23:00:00,松山測站,臺北市,臺北市,松山測站,39.0,27.2,0,0,0,0.0,0
2026-06-29 00:00:00,松山測站,臺北市,臺北市,松山測站,51.1,31.4,0,0,0,0.0,0
2026-06-29 01:00:00,松山測站,臺北市,臺北市,松山測站,46.3,26.6,0,0,0,0.0,0
2026-06-29 02:00:00,松山測站,臺北市,臺北市,松山測站,45.5,27.7,0,0,0,0.0,0
2026-06-29 03:00:00,松山測站,臺北市,臺北市,松山測站,58.3,30.1,0,0,0,0.0,0
2026-06-29 04:00:00,松山測站,臺北市,臺北市,松山測站,47.2,30.0,0,0,0,0.0,0
2026-06-29 05:00:00,松山測站,臺北市,臺北市,松山測站,51.0,34.6,0,0,0,0.0,0
2026-06-29 06:00:00,松山測站,臺北市,臺北市,松山測站,55.3,35.4,1,0,0,0.3333333333333333,0
2026-06-29 07:00:00,松山測站,臺北市,臺北市,松山測站,59.6,31.4,0,0,0,0.0,0
2026-06-29 08:00:00,松山測站,臺北市,臺北市,松山測站,73.0,36.0,1,0,0,0.3333333333333333,0
2026-06-29 09:00:00,松山測站,臺北市,臺北市,松山測站,70.0,34.3,0,0,0,0.0,0
2026-06-29 10:00:00,松山測站,臺北市,臺北市,松山測站,62.8,32.1,0,0,0,0.0,0
2026-06-29 11:00:00,松山測站,臺北市,臺北市,松山測站,45.1,30.3,0,0,0,0.0,0
2026-06-29 12:00:00,松山測站,臺北市,臺北市,松山測站,55.5,32.4,0,0,0,0.0,0
2026-06-29 13:00:00,松山測站,臺北市,臺北市,松山測站,54.1,34.7,0,0,0,0.0,0
2026-06-29 14:00:00,松山測站,臺北市,臺北市,松山測站,49.6,30.9,0,0,0,0.0,0
2026-06-29 15:00:00,松山測站,臺北市,臺北市,松山測站,48.9,27.0,0,0,0,0.0,0
2026-06-29 16:00:00,松山測站,臺北市,臺北市,松山測站,51.5,27.6,0,0,0,0.0,0
2026-06-29 17:00:00,松山測站,臺北市,臺北市,松山測站,58.8,31.5,0,0,0,0.0,0
2026-06-29 18:00:00,松山測站,臺北市,臺北市,松山測站,65.6,26.9,0,0,0,0.0,0
2026-06-29 19:00:00,松山測站,臺北市,臺北市,松山測站,53.3,32.1,0,0,0,0.0,0
2026-06-29 20:00:00,松山測站,臺北市,臺北市,松山測站,60.4,27.6,0,0,0,0.0,0
2026-06-29 21:00:00,松山測站,臺北市,臺北市,松山測站,58.3,37.4,1,0,0,0.3333333333333333,0
2026-06-29 22:00:00,松山測站,臺北市,臺北市,松山測站,62.0,38.2,1,0,0,0.3333333333333333,0
2026-06-29 23:00:00,松山測站,臺北市,臺北市,松山測站,53.9,33.2,0,0,0,0.0,0
2026-06-30 00:00:00,松山測站,臺北市,臺北市,松山測站,58.6,37.3,1,0,0,0.3333333333333333,0
2026-06-30 01:00:00,松山測站,臺北市,臺北市,松山測站,52.3,30.7,0,0,0,0.0,0
2026-06-30 02:00:00,松山測站,臺北市,臺北市,松山測站,51.7,30.5,0,0,0,0.0,0
2026-06-30 03:00:00,松山測站,臺北市,臺北市,松山測站,52.7,25.3,0,0,0,0.0,0
2026-06-30 04:00:00,松山測站,臺北市,臺北市,松山測站,46.2,30.1,0,0,0,0.0,0
2026-06-30 05:00:00,松山測站,臺北市,臺北市,松山測站,54.8,30.5,0,0,0,0.0,0
2026-06-30 06:00:00,松山測站,臺北市,臺北市,松山測站,58.6,32.9,0,0,0,0.0,0
2026-06-30 07:00:00,松山測站,臺北市,臺北市,松山測站,61.6,32.9,0,0,0,0.0,0
2026-06-30 08:00:00,松山測站,臺北市,臺北市,松山測站,61.6,30.5,0,0,0,0.0,0
2026-06-30 09:00:00,松山測站,臺北市,臺北市,松山測站,62.1,38.2,1,0,0,0.3333333333333333,0
2026-06-30 10:00:00,松山測站,臺北市,臺北市,松山測站,63.1,32.1,0,0,0,0.0,0
2026-06-30 11:00:00,松山測站,臺北市,臺北市,松山測站,57.1,25.9,0,0,0,0.0,0
2026-06-30 12:00:00,松山測站,臺北市,臺北市,松山測站,57.7,27.8,0,0,0,0.0,0
2026-06-30 13:00:00,松山測站,臺北市,臺北市,松山測站,53.8,25.2,0,0,0,0.0,0
2026-06-30 14:00:00,松山測站,臺北市,臺北市,松山測站,59.4,28.9,0,0,0,0.0,0
2026-06-30 15:00:00,松山測站,臺北市,臺北市,松山測站,48.4,27.1,0,0,0,0.0,0
2026-06-30 16:00:00,松山測站,臺北市,臺北市,松山測站,55.6,32.8,0,0,0,0.0,0
2026-06-30 17:00:00,松山測站,臺北市,臺北市,松山測站,130.4,45.5,1,1,1,1.0,1
2026-06-30 18:00:00,松山測站,臺北市,臺北市,松山測站,69.0,38.0,1,1,1,1.0,1
2026-06-30 19:00:00,松山測站,臺北市,臺北市,松山測站,59.0,32.5,0,0,0,0.0,0
2026-06-30 20:00:00,松山測站,臺北市,臺北市,松山測站,61.5,32.8,0,0,0,0.0,0
2026-06-30 21:00:00,松山測站,臺北市,臺北市,松山測站,58.2,34.8,0,0,0,0.0,0
2026-06-30 22:00:00,松山測站,臺北市,臺北市,松山測站,55.2,32.3,0,0,0,0.0,0
2026-06-30 23:00:00,松山測站,臺北市,臺北市,松山測站,50.4,28.0,0,0,0,0.0,0
2026-07-01 00:00:00,松山測站,臺北市,臺北市,松山測站,56.6,28.6,0,0,0,0.0,0
2026-07-01 01:00:00,松山測站,臺北市,臺北市,松山測站,56.4,30.7,0,0,0,0.0,0
2026-07-01 02:00:00,松山測站,臺北市,臺北市,松山測站,54.5,26.8,0,0,0,0.0,0
2026-07-01 03:00:00,松山測站,臺北市,臺北市,松山測站,60.2,28.2,0,0,0,0.0,0
2026-07-01 04:00:00,松山測站,臺北市,臺北市,松山測站,64.7,33.2,0,0,0,0.0,0
2026-07-01 05:00:00,松山測站,臺北市,臺北市,松山測站,56.7,30.4,0,0,0,0.0,0
2026-07-01 06:00:00,松山測站,臺北市,臺北市,松山測站,66.0,30.1,0,0,0,0.0,0
2026-07-01 07:00:00,松山測站,臺北市,臺北市,松山測站,66.9,33.1,0,0,0,0.0,0
2026-07-01 08:00:00,松山測站,臺北市,臺北市,松山測站,68.5,27.9,0,0,0,0.0,0
2026-07-01 09:00:00,松山測站,臺北市,臺北市,松山測站,71.3,33.5,0,0,0,0.0,0
2026-07-01 10:00:00,松山測站,臺北市,臺北市,松山測站,70.1,36.9,1,0,0,0.3333333333333333,0
2026-07-01 11:00:00,松山測站,臺北市,臺北市,松山測站,64.3,29.7,0,0,0,0.0,0
2026-07-01 12:00:00,松山測站,臺北市,臺北市,松山測站,62.6,33.4,0,0,0,0.0,0
2026-07-01 13:00:00,松山測站,臺北市,臺北市,松山測站,60.2,29.2,0,0,0,0.0,0
2026-07-01 14:00:00,松山測站,臺北市,臺北市,松山測站,53.7,28.1,0,0,0,0.0,0
2026-07-01 15:00:00,松山測站,臺北市,臺北市,松山測站,63.1,34.4,0,0,0,0.0,0
2026-07-01 16:00:00,松山測站,臺北市,臺北市,松山測站,65.4,31.9,0,0,0,0.0,0
2026-07-01 17:00:00,松山測站,臺北市,臺北市,松山測站,72.0,38.2,1,0,0,0.3333333333333333,0
2026-07-01 18:00:00,松山測站,臺北市,臺北市,松山測站,74.3,31.8,0,0,0,0.0,0
2026-07-01 19:00:00,松山測站,臺北市,臺北市,松山測站,68.7,34.8,0,0,0,0.0,0
2026-07-01 20:00:00,松山測站,臺北市,臺北市,松山測站,67.5,32.0,0,0,0,0.0,0
2026-07-01 21:00:00,松山測站,臺北市,臺北市,松山測站,54.5,28.4,0,0,0,0.0,0
2026-07-01 22:00:00,松山測站,臺北市,臺北市,松山測站,63.3,32.9,0,0,0,0.0,0
2026-07-01 23:00:00,松山測站,臺北市,臺北市,松山測站,65.6,35.2,1,0,0,0.3333333333333333,0
2026-07-02 00:00:00,松山測站,臺北市,臺北市,松山測站,58.8,34.2,0,0,0,0.0,0
2026-07-02 01:00:00,松山測站,臺北市,臺北市,松山測站,59.9,31.6,0,0,0,0.0,0
2026-07-02 02:00:00,松山測站,臺北市,臺北市,松山測站,60.0,29.0,0,0,0,0.0,0
2026-07-02 03:00:00,松山測站,臺北市,臺北市,松山測站,62.8,34.2,0,0,0,0.0,0
2026-07-02 04:00:00,松山測站,臺北市,臺北市,松山測站,55.9,30.5,0,0,0,0.0,0
2026-07-02 05:00:00,松山測站,臺北市,臺北市,松山測站,68.5,40.2,1,0,0,0.3333333333333333,0
2026-07-02 06:00:00,松山測站,臺北市,臺北市,松山測站,65.8,35.1,1,0,0,0.3333333333333333,0
2026-07-02 07:00:00,松山測站,臺北市,臺北市,松山測站,73.6,38.3,1,0,0,0.3333333333333333,0
2026-07-02 08:00:00,松山測站,臺北市,臺北市,松山測站,62.6,29.4,0,0,0,0.0,0
2026-07-02 09:00:00,松山測站,臺北市,臺北市,松山測站,74.7,38.1,1,0,0,0.3333333333333333,0
2026-07-02 10:00:00,松山測站,臺北市,臺北市,松山測站,68.6,35.4,1,0,0,0.3333333333333333,0
2026-07-02 11:00:00,松山測站,臺北市,臺北市,松山測站,59.6,37.4,1,0,0,0.3333333333333333,0
2026-07-02 12:00:00,松山測站,臺北市,臺北市,松山測站,54.9,34.1,0,0,0,0.0,0
2026-07-02 13:00:00,松山測站,臺北市,臺北市,松山測站,62.2,38.1,1,0,0,0.3333333333333333,0
2026-07-02 14:00:00,松山測站,臺北市,臺北市,松山測站,62.5,30.5,0,0,0,0.0,0
2026-07-02 15:00:00,松山測站,臺北市,臺北市,松山測站,66.8,32.2,0,0,0,0.0,0
2026-07-02 16:00:00,松山測站,臺北市,臺北市,松山測站,56.7,25.6,0,0,0,0.0,0
2026-07-02 17:00:00,松山測站,臺北市,臺北市,松山測站,74.0,36.3,1,0,0,0.3333333333333333,0
2026-07-02 18:00:00,松山測站,臺北市,臺北市,松山測站,67.5,30.7,0,0,0,0.0,0
2026-07-02 19:00:00,松山測站,臺北市,臺北市,松山測站,57.1,28.7,0,0,0,0.0,0
2026-07-02 20:00:00,松山測站,臺北市,臺北市,松山測站,68.8,36.2,1,0,0,0.3333333333333333,0
2026-07-02 21:00:00,松山測站,臺北市,臺北市,松山測站,61.0,32.6,0,0,0,0.0,0
2026-07-02 22:00:00,松山測站,臺北市,臺北市,松山測站,65.3,28.0,0,0,0,0.0,0
2026-07-02 23:00:00,松山測站,臺北市,臺北市,松山測站,63.6,41.4,1,1,0,0.6666666666666666,1
2026-07-03 00:00:00,松山測站,臺北市,臺北市,松山測站,71.0,36.0,1,0,0,0.3333333333333333,0
2026-07-03 01:00:00,松山測站,臺北市,臺北市,松山測站,60.9,38.4,1,0,0,0.3333333333333333,0
2026-07-03 02:00:00,松山測站,臺北市,臺北市,松山測站,63.5,28.0,0,0,0,0.0,0
2026-07-03 03:00:00,松山測站,臺北市,臺北市,松山測站,63.7,28.7,0,0,0,0.0,0
2026-07-03 04:00:00,松山測站,臺北市,臺北市,松山測站,60.2,33.3,0,0,0,0.0,0
2026-07-03 05:00:00,松山測站,臺北市,臺北市,松山測站,61.4,36.5,1,0,0,0.3333333333333333,0
2026-07-03 06:00:00,松山測站,臺北市,臺北市,松山測站,66.4,28.3,0,0,0,0.0,0
2026-07-03 07:00:00,松山測站,臺北市,臺北市,松山測站,66.1,33.2,0,0,0,0.0,0
2026-07-03 08:00:00,松山測站,臺北市,臺北市,松山測站,71.7,34.0,0,0,0,0.0,0
2026-07-03 09:00:00,松山測站,臺北市,臺北市,松山測站,72.1,38.2,1,0,0,0.3333333333333333,0
2026-07-03 10:00:00,松山測站,臺北市,臺北市,松山測站,58.3,34.5,0,0,0,0.0,0
2026-07-03 11:00:00,松山測站,臺北市,臺北市,松山測站,50.9,30.9,0,0,0,0.0,0
2026-07-03 12:00:00,松山測站,臺北市,臺北市,松山測站,58.8,27.9,0,0,0,0.0,0
2026-07-03 13:00:00,松山測站,臺北市,臺北市,松山測站,53.5,29.9,0,0,0,0.0,0
2026-07-03 14:00:00,松山測站,臺北市,臺北市,松山測站,57.5,37.1,1,0,0,0.3333333333333333,0
2026-07-03 15:00:00,松山測站,臺北市,臺北市,松山測站,58.9,28.3,0,0,0,0.0,0
2026-07-03 16:00:00,松山測站,臺北市,臺北市,松山測站,49.8,29.4,0,0,0,0.0,0
2026-07-03 17:00:00,松山測站,臺北市,臺北市,松山測站,66.1,34.2,0,0,0,0.0,0
2026-07-03 18:00:00,松山測站,臺北市,臺北市,松山測站,65.0,31.7,0,0,0,0.0,0
2026-07-03 19:00:00,松山測站,臺北市,臺北市,松山測站,57.0,33.8,0,0,0,0.0,0
2026-07-03 20:00:00,松山測站,臺北市,臺北市,松山測站,62.4,26.6,0,0,0,0.0,0
2026-07-03 21:00:00,松山測站,臺北市,臺北市,松山測站,46.9,24.2,0,0,0,0.0,0
2026-07-03 22:00:00,松山測站,臺北市,臺北市,松山測站,40.9,27.1,0,0,0,0.0,0
2026-07-03 23:00:00,松山測站,臺北市,臺北市,松山測站,56.4,33.2,0,0,0,0.0,0
2026-07-04 00:00:00,松山測站,臺北市,臺北市,松山測站,37.0,24.1,0,0,0,0.0,0
2026-07-04 01:00:00,松山測站,臺北市,臺北市,松山測站,44.0,23.2,0,0,0,0.0,0
2026-07-04 02:00:00,松山測站,臺北市,臺北市,松山測站,43.1,24.2,0,0,0,0.0,0
2026-07-04 03:00:00,松山測站,臺北市,臺北市,松山測站,45.6,26.5,0,0,0,0.0,0
2026-07-04 04:00:00,松山測站,臺北市,臺北市,松山測站,37.4,27.1,0,0,0,0.0,0
2026-07-04 05:00:00,松山測站,臺北市,臺北市,松山測站,52.2,23.9,0,0,0,0.0,0
2026-07-04 06:00:00,松山測站,臺北市,臺北市,松山測站,42.3,21.1,0,0,0,0.0,0
2026-07-04 07:00:00,松山測站,臺北市,臺北市,松山測站,50.5,31.2,0,0,0,0.0,0
2026-07-04 08:00:00,松山測站,臺北市,臺北市,松山測站,61.4,36.5,1,0,0,0.3333333333333333,0
2026-07-04 09:00:00,松山測站,臺北市,臺北市,松山測站,51.9,31.3,0,0,0,0.0,0
2026-07-04 10:00:00,松山測站,臺北市,臺北市,松山測站,40.9,28.8,0,0,0,0.0,0
2026-07-04 11:00:00,松山測站,臺北市,臺北市,松山測站,51.9,23.4,0,0,0,0.0,0
2026-07-04 12:00:00,松山測站,臺北市,臺北市,松山測站,44.2,29.5,0,0,0,0.0,0
2026-07-04 13:00:00,松山測站,臺北市,臺北市,松山測站,46.5,21.9,0,0,0,0.0,0
2026-07-04 14:00:00,松山測站,臺北市,臺北市,松山測站,41.3,26.4,0,0,0,0.0,0
2026-07-04 15:00:00,松山測站,臺北市,臺北市,松山測站,37.9,29.3,0,0,0,0.0,0
2026-07-04 16:00:00,松山測站,臺北市,臺北市,松山測站,45.9,29.7,0,0,0,0.0,0
2026-07-04 17:00:00,松山測站,臺北市,臺北市,松山測站,54.1,30.3,0,0,0,0.0,0
2026-07-04 18:00:00,松山測站,臺北市,臺北市,松山測站,47.8,27.9,0,0,0,0.0,0
2026-07-04 19:00:00,松山測站,臺北市,臺北市,松山測站,56.2,29.9,0,0,0,0.0,0
2026-07-04 20:00:00,松山測站,臺北市,臺北市,松山測站,47.0,36.4,1,0,0,0.3333333333333333,0
2026-07-04 21:00:00,松山測站,臺北市,臺北市,松山測站,47.9,35.2,1,0,0,0.3333333333333333,0
2026-07-04 22:00:00,松山測站,臺北市,臺北市,松山測站,47.9,29.2,0,0,0,0.0,0
2026-07-04 23:00:00,松山測站,臺北市,臺北市,松山測站,49.0,25.6,0,0,0,0.0,0
2026-07-05 00:00:00,松山測站,臺北市,臺北市,松山測站,43.6,28.6,0,0,0,0.0,0
2026-07-05 01:00:00,松山測站,臺北市,臺北市,松山測站,36.5,26.2,0,0,0,0.0,0
2026-07-05 02:00:00,松山測站,臺北市,臺北市,松山測站,46.8,26.9,0,0,0,0.0,0
2026-07-05 03:00:00,松山測站,臺北市,臺北市,松山測站,40.5,26.0,0,0,0,0.0,0
2026-07-05 04:00:00,松山測站,臺北市,臺北市,松山測站,38.8,25.0,0,0,0,0.0,0
2026-07-05 05:00:00,松山測站,臺北市,臺北市,松山測站,42.1,36.5,1,0,0,0.3333333333333333,0
2026-07-05 06:00:00,松山測站,臺北市,臺北市,松山測站,56.0,32.3,0,0,0,0.0,0
2026-07-05 07:00:00,松山測站,臺北市,臺北市,松山測站,42.3,25.2,0,0,0,0.0,0
2026-07-05 08:00:00,松山測站,臺北市,臺北市,松山測站,48.2,29.5,0,0,0,0.0,0
2026-07-05 09:00:00,松山測站,臺北市,臺北市,松山測站,52.1,29.2,0,0,0,0.0,0
2026-07-05 10:00:00,松山測站,臺北市,臺北市,松山測站,101.1,42.4,1,1,1,1.0,1
2026-07-05 11:00:00,松山測站,臺北市,臺北市,松山測站,45.7,31.0,0,1,1,0.6666666666666666,1
2026-07-05 12:00:00,松山測站,臺北市,臺北市,松山測站,49.7,27.3,0,0,0,0.0,0
2026-07-05 13:00:00,松山測站,臺北市,臺北市,松山測站,46.8,25.9,0,0,0,0.0,0
2026-07-05 14:00:00,松山測站,臺北市,臺北市,松山測站,43.1,26.6,0,0,0,0.0,0
2026-07-05 15:00:00,松山測站,臺北市,臺北市,松山測站,44.3,27.5,0,0,0,0.0,0
2026-07-05 16:00:00,松山測站,臺北市,臺北市,松山測站,49.4,29.4,0,0,0,0.0,0
2026-07-05 17:00:00,松山測站,臺北市,臺北市,松山測站,60.8,33.5,0,0,0,0.0,0
2026-07-05 18:00:00,松山測站,臺北市,臺北市,松山測站,54.3,29.2,0,0,0,0.0,0
2026-07-05 19:00:00,松山測站,臺北市,臺北市,松山測站,48.2,31.7,0,0,0,0.0,0
2026-07-05 20:00:00,松山測站,臺北市,臺北市,松山測站,55.1,26.5,0,0,0,0.0,0
2026-07-05 21:00:00,松山測站,臺北市,臺北市,松山測站,48.7,25.0,0,0,0,0.0,0
2026-07-05 22:00:00,松山測站,臺北市,臺北市,松山測站,49.3,31.7,0,0,0,0.0,0
2026-07-05 23:00:00,松山測站,臺北市,臺北市,松山測站,51.8,32.1,0,0,0,0.0,0
2026-07-06 00:00:00,松山測站,臺北市,臺北市,松山測站,48.6,26.4,0,0,0,0.0,0
2026-07-06 01:00:00,松山測站,臺北市,臺北市,松山測站,51.1,32.9,0,0,0,0.0,0
2026-07-06 02:00:00,松山測站,臺北市,臺北市,松山測站,64.6,33.4,1,0,0,0.3333333333333333,0
2026-07-06 03:00:00,松山測站,臺北市,臺北市,松山測站,46.2,27.9,0,0,0,0.0,0
2026-07-06 04:00:00,松山測站,臺北市,臺北市,松山測站,59.3,26.9,0,0,0,0.0,0
2026-07-06 05:00:00,松山測站,臺北市,臺北市,松山測站,57.4,32.3,0,0,0,0.0,0
2026-07-06 06:00:00,松山測站,臺北市,臺北市,松山測站,63.7,32.0,0,0,0,0.0,0
2026-07-06 07:00:00,松山測站,臺北市,臺北市,松山測站,72.1,29.6,1,0,0,0.3333333333333333,0
2026-07-06 08:00:00,松山測站,臺北市,臺北市,松山測站,69.1,32.2,0,0,0,0.0,0
2026-07-06 09:00:00,松山測站,臺北市,臺北市,松山測站,71.6,35.9,1,0,0,0.3333333333333333,0
2026-07-06 10:00:00,松山測站,臺北市,臺北市,松山測站,76.3,35.0,0,0,0,0.0,0
2026-07-06 11:00:00,松山測站,臺北市,臺北市,松山測站,56.5,35.1,1,0,0,0.3333333333333333,0
2026-07-06 12:00:00,松山測站,臺北市,臺北市,松山測站,61.3,32.6,0,0,0,0.0,0
2026-07-06 13:00:00,松山測站,臺北市,臺北市,松山測站,60.2,28.4,0,0,0,0.0,0
2026-07-06 14:00:00,松山測站,臺北市,臺北市,松山測站,59.2,34.2,0,0,0,0.0,0
2026-07-06 15:00:00,松山測站,臺北市,臺北市,松山測站,65.3,36.4,1,0,0,0.3333333333333333,0
2026-07-06 16:00:00,松山測站,臺北市,臺北市,松山測站,69.3,34.9,0,1,0,0.3333333333333333,0
2026-07-06 17:00:00,松山測站,臺北市,臺北市,松山測站,72.4,33.9,0,0,0,0.0,0
2026-07-06 18:00:00,松山測站,臺北市,臺北市,松山測站,72.7,34.5,0,0,0,0.0,0
2026-07-06 19:00:00,松山測站,臺北市,臺北市,松山測站,62.9,27.2,0,0,0,0.0,0
2026-07-06 20:00:00,松山測站,臺北市,臺北市,松山測站,62.9,34.3,0,0,0,0.0,0
2026-07-06 21:00:00,松山測站,臺北市,臺北市,松山測站,62.6,31.1,0,0,0,0.0,0
2026-07-06 22:00:00,松山測站,臺北市,臺北市,松山測站,67.0,36.7,1,0,0,0.3333333333333333,0
2026-07-06 23:00:00,松山測站,臺北市,臺北市,松山測站,66.0,33.0,0,0,0,0.0,0
2026-07-07 00:00:00,松山測站,臺北市,臺北市,松山測站,64.1,36.1,1,0,0,0.3333333333333333,0
2026-07-07 01:00:00,松山測站,臺北市,臺北市,松山測站,65.6,35.4,1,0,0,0.3333333333333333,0
2026-07-07 02:00:00,松山測站,臺北市,臺北市,松山測站,59.2,33.5,0,0,0,0.0,0
2026-07-07 03:00:00,松山測站,臺北市,臺北市,松山測站,60.3,33.2,0,0,0,0.0,0
2026-07-07 04:00:00,松山測站,臺北市,臺北市,松山測站,64.8,31.4,0,0,0,0.0,0
2026-07-07 05:00:00,松山測站,臺北市,臺北市,松山測站,68.4,31.9,0,0,0,0.0,0
2026-07-07 06:00:00,松山測站,臺北市,臺北市,松山測站,64.5,31.9,0,0,0,0.0,0
2026-07-07 07:00:00,松山測站,臺北市,臺北市,松山測站,63.6,31.0,0,0,0,0.0,0
2026-07-07 08:00:00,松山測站,臺北市,臺北市,松山測站,74.1,37.2,1,0,0,0.3333333333333333,0
2026-07-07 09:00:00,松山測站,臺北市,臺北市,松山測站,67.1,28.9,0,0,0,0.0,0
2026-07-07 10:00:00,松山測站,臺北市,臺北市,松山測站,63.5,30.2,0,0,0,0.0,0
2026-07-07 11:00:00,松山測站,臺北市,臺北市,松山測站,60.5,30.9,0,0,0,0.0,0
2026-07-07 12:00:00,松山測站,臺北市,臺北市,松山測站,64.9,35.4,1,0,0,0.3333333333333333,0
2026-07-07 13:00:00,松山測站,臺北市,臺北市,松山測站,62.4,33.0,0,0,0,0.0,0
2026-07-07 14:00:00,松山測站,臺北市,臺北市,松山測站,59.2,28.9,0,0,0,0.0,0
2026-07-07 15:00:00,松山測站,臺北市,臺北市,松山測站,59.6,28.4,0,0,0,0.0,0
2026-07-07 16:00:00,松山測站,臺北市,臺北市,松山測站,66.0,37.5,1,0,0,0.3333333333333333,0
2026-07-07 17:00:00,松山測站,臺北市,臺北市,松山測站,66.2,33.7,0,0,0,0.0,0
2026-07-07 18:00:00,松山測站,臺北市,臺北市,松山測站,64.9,34.6,0,0,0,0.0,0
2026-07-07 19:00:00,松山測站,臺北市,臺北市,松山測站,68.6,35.9,1,0,0,0.3333333333333333,0
2026-07-07 20:00:00,松山測站,臺北市,臺北市,松山測站,61.3,34.6,0,0,0,0.0,0
2026-07-07 21:00:00,松山測站,臺北市,臺北市,松山測站,53.9,34.6,0,0,0,0.0,0
2026-07-07 22:00:00,松山測站,臺北市,臺北市,松山測站,73.0,38.4,1,0,0,0.3333333333333333,0
2026-07-07 23:00:00,松山測站,臺北市,臺北市,松山測站,65.0,41.3,1,0,0,0.3333333333333333,0
2026-07-08 00:00:00,松山測站,臺北市,臺北市,松山測站,57.3,32.9,0,0,0,0.0,0
2026-07-08 01:00:00,松山測站,臺北市,臺北市,松山測站,60.6,36.6,1,0,0,0.3333333333333333,0
2026-07-08 02:00:00,松山測站,臺北市,臺北市,松山測站,57.6,33.1,0,0,0,0.0,0
2026-07-08 03:00:00,松山測站,臺北市,臺北市,松山測站,66.2,34.4,0,0,0,0.0,0
2026-07-08 04:00:00,松山測站,臺北市,臺北市,松山測站,59.7,40.6,1,0,0,0.3333333333333333,0
2026-07-08 05:00:00,松山測站,臺北市,臺北市,松山測站,60.0,34.8,0,0,0,0.0,0
2026-07-08 06:00:00,松山測站,臺北市,臺北市,松山測站,67.2,34.0,0,0,0,0.0,0
2026-07-08 07:00:00,松山測站,臺北市,臺北市,松山測站,75.5,40.8,1,0,0,0.3333333333333333,0
2026-07-08 08:00:00,松山測站,臺北市,臺北市,松山測站,67.2,31.5,0,0,0,0.0,0
2026-07-08 09:00:00,松山測站,臺北市,臺北市,松山測站,54.9,32.7,0,0,0,0.0,0
2026-07-08 10:00:00,松山測站,臺北市,臺北市,松山測站,60.3,34.5,0,0,0,0.0,0
2026-07-08 11:00:00,松山測站,臺北市,臺北市,松山測站,62.6,28.1,0,0,0,0.0,0
2026-07-08 12:00:00,松山測站,臺北市,臺北市,松山測站,60.0,31.1,0,0,0,0.0,0
2026-07-08 13:00:00,松山測站,臺北市,臺北市,松山測站,54.7,24.0,0,0,0,0.0,0
2026-07-08 14:00:00,松山測站,臺北市,臺北市,松山測站,63.8,31.1,0,0,0,0.0,0
2026-07-08 15:00:00,松山測站,臺北市,臺北市,松山測站,56.5,31.9,0,0,0,0.0,0
2026-07-08 16:00:00,松山測站,臺北市,臺北市,松山測站,66.2,30.8,0,0,0,0.0,0
2026-07-08 17:00:00,松山測站,臺北市,臺北市,松山測站,62.7,33.2,0,0,0,0.0,0
2026-07-08 18:00:00,松山測站,臺北市,臺北市,松山測站,61.8,35.1,1,0,0,0.3333333333333333,0
2026-07-08 19:00:00,松山測站,臺北市,臺北市,松山測站,63.2,36.1,1,0,0,0.3333333333333333,0
2026-07-08 20:00:00,松山測站,臺北市,臺北市,松山測站,53.9,28.8,0,0,0,0.0,0
2026-07-08 21:00:00,松山測站,臺北市,臺北市,松山測站,54.7,32.1,0,0,0,0.0,0
2026-07-08 22:00:00,松山測站,臺北市,臺北市,松山測站,53.2,36.2,1,0,0,0.3333333333333333,0
2026-07-08 23:00:00,松山測站,臺北市,臺北市,松山測站,57.5,35.9,1,0,0,0.3333333333333333,0
2026-07-09 00:00:00,松山測站,臺北市,臺北市,松山測站,48.6,32.9,0,0,0,0.0,0
2026-07-09 01:00:00,松山測站,臺北市,臺北市,松山測站,53.4,33.8,0,0,0,0.0,0
2026-07-09 02:00:00,松山測站,臺北市,臺北市,松山測站,50.4,28.3,0,0,0,0.0,0
2026-07-09 03:00:00,松山測站,臺北市,臺北市,松山測站,59.1,33.8,0,0,0,0.0,0
2026-07-09 04:00:00,松山測站,臺北市,臺北市,松山測站,55.8,31.2,0,0,0,0.0,0
2026-07-09 05:00:00,松山測站,臺北市,臺北市,松山測站,54.8,30.6,0,0,0,0.0,0
2026-07-09 06:00:00,松山測站,臺北市,臺北市,松山測站,59.8,33.6,0,0,0,0.0,0
2026-07-09 07:00:00,松山測站,臺北市,臺北市,松山測站,52.4,32.1,0,0,0,0.0,0
2026-07-09 08:00:00,松山測站,臺北市,臺北市,松山測站,52.2,33.1,0,0,0,0.0,0
2026-07-09 09:00:00,松山測站,臺北市,臺北市,松山測站,66.5,31.1,1,0,0,0.3333333333333333,0
2026-07-09 10:00:00,松山測站,臺北市,臺北市,松山測站,64.1,33.9,0,0,0,0.0,0
2026-07-09 11:00:00,松山測站,臺北市,臺北市,松山測站,48.2,32.5,0,0,0,0.0,0
2026-07-09 12:00:00,松山測站,臺北市,臺北市,松山測站,52.9,32.6,0,0,0,0.0,0
2026-07-09 13:00:00,松山測站,臺北市,臺北市,松山測站,57.1,32.6,0,0,0,0.0,0
2026-07-09 14:00:00,松山測站,臺北市,臺北市,松山測站,57.7,29.1,0,0,0,0.0,0
2026-07-09 15:00:00,松山測站,臺北市,臺北市,松山測站,50.7,29.0,0,0,0,0.0,0
2026-07-09 16:00:00,松山測站,臺北市,臺北市,松山測站,52.9,28.7,0,0,0,0.0,0
2026-07-09 17:00:00,松山測站,臺北市,臺北市,松山測站,54.8,31.0,0,0,0,0.0,0
2026-07-09 18:00:00,松山測站,臺北市,臺北市,松山測站,58.3,31.3,0,0,0,0.0,0
2026-07-09 19:00:00,松山測站,臺北市,臺北市,松山測站,66.1,33.4,0,0,0,0.0,0
2026-07-09 20:00:00,松山測站,臺北市,臺北市,松山測站,62.8,30.6,0,0,0,0.0,0
2026-07-09 21:00:00,松山測站,臺北市,臺北市,松山測站,48.6,27.6,0,0,0,0.0,0
2026-07-09 22:00:00,松山測站,臺北市,臺北市,松山測站,51.6,28.4,0,0,0,0.0,0
2026-07-09 23:00:00,松山測站,臺北市,臺北市,松山測站,58.6,33.6,0,0,0,0.0,0
2026-07-10 00:00:00,松山測站,臺北市,臺北市,松山測站,42.8,28.7,0,0,0,0.0,0
2026-07-10 01:00:00,松山測站,臺北市,臺北市,松山測站,50.0,28.9,0,0,0,0.0,0
2026-07-10 02:00:00,松山測站,臺北市,臺北市,松山測站,54.8,27.8,0,0,0,0.0,0
2026-07-10 03:00:00,松山測站,臺北市,臺北市,松山測站,107.3,43.6,1,1,1,1.0,1
2026-07-10 04:00:00,松山測站,臺北市,臺北市,松山測站,52.5,33.7,0,1,1,0.6666666666666666,1
2026-07-10 05:00:00,松山測站,臺北市,臺北市,松山測站,51.9,27.7,0,0,0,0.0,0
2026-07-10 06:00:00,松山測站,臺北市,臺北市,松山測站,55.1,31.1,0,0,0,0.0,0
2026-07-10 07:00:00,松山測站,臺北市,臺北市,松山測站,64.7,31.0,0,0,0,0.0,0
2026-07-10 08:00:00,松山測站,臺北市,臺北市,松山測站,67.2,35.3,1,0,0,0.3333333333333333,0
2026-07-10 09:00:00,松山測站,臺北市,臺北市,松山測站,63.6,35.5,1,0,0,0.3333333333333333,0
2026-07-10 10:00:00,松山測站,臺北市,臺北市,松山測站,54.8,25.7,0,0,0,0.0,0
2026-07-10 11:00:00,松山測站,臺北市,臺北市,松山測站,54.2,29.7,0,0,0,0.0,0
2026-07-10 12:00:00,松山測站,臺北市,臺北市,松山測站,50.2,31.5,0,0,0,0.0,0
2026-07-10 13:00:00,松山測站,臺北市,臺北市,松山測站,51.2,31.5,0,0,0,0.0,0
2026-07-10 14:00:00,松山測站,臺北市,臺北市,松山測站,53.4,32.5,0,0,0,0.0,0
2026-07-10 15:00:00,松山測站,臺北市,臺北市,松山測站,57.4,37.0,1,0,0,0.3333333333333333,0
2026-07-10 16:00:00,松山測站,臺北市,臺北市,松山測站,57.2,31.8,0,0,0,0.0,0
2026-07-10 17:00:00,松山測站,臺北市,臺北市,松山測站,64.2,35.4,1,0,0,0.3333333333333333,0
2026-07-10 18:00:00,松山測站,臺北市,臺北市,松山測站,76.5,33.6,1,0,0,0.3333333333333333,0
2026-07-10 19:00:00,松山測站,臺北市,臺北市,松山測站,64.5,33.6,0,0,0,0.0,0
2026-07-10 20:00:00,松山測站,臺北市,臺北市,松山測站,55.9,29.7,0,0,0,0.0,0
2026-07-10 21:00:00,松山測站,臺北市,臺北市,松山測站,59.9,29.9,0,0,0,0.0,0
2026-07-10 22:00:00,松山測站,臺北市,臺北市,松山測站,60.1,30.1,0,0,0,0.0,0
2026-07-10 23:00:00,松山測站,臺北市,臺北市,松山測站,59.1,26.6,0,0,0,0.0,0
2026-07-11 00:00:00,松山測站,臺北市,臺北市,松山測站,46.2,26.6,0,0,0,0.0,0
2026-07-11 01:00:00,松山測站,臺北市,臺北市,松山測站,50.8,31.7,0,0,0,0.0,0
2026-07-11 02:00:00,松山測站,臺北市,臺北市,松山測站,46.3,27.1,0,0,0,0.0,0
2026-07-11 03:00:00,松山測站,臺北市,臺北市,松山測站,43.0,31.4,0,0,0,0.0,0
2026-07-11 04:00:00,松山測站,臺北市,臺北市,松山測站,53.8,29.5,0,0,0,0.0,0
2026-07-11 05:00:00,松山測站,臺北市,臺北市,松山測站,62.5,29.9,0,0,0,0.0,0
2026-07-11 06:00:00,松山測站,臺北市,臺北市,松山測站,61.6,35.2,1,0,0,0.3333333333333333,0
2026-07-11 07:00:00,松山測站,臺北市,臺北市,松山測站,66.6,31.7,0,0,0,0.0,0
2026-07-11 08:00:00,松山測站,臺北市,臺北市,松山測站,69.7,34.8,0,0,0,0.0,0
2026-07-11 09:00:00,松山測站,臺北市,臺北市,松山測站,67.7,30.7,0,0,0,0.0,0
2026-07-11 10:00:00,松山測站,臺北市,臺北市,松山測站,58.8,32.7,0,0,0,0.0,0
2026-07-11 11:00:00,松山測站,臺北市,臺北市,松山測站,47.1,33.5,0,0,0,0.0,0
2026-07-11 12:00:00,松山測站,臺北市,臺北市,松山測站,50.6,30.5,0,0,0,0.0,0
2026-07-11 13:00:00,松山測站,臺北市,臺北市,松山測站,61.3,32.1,0,0,0,0.0,0
2026-07-11 14:00:00,松山測站,臺北市,臺北市,松山測站,61.6,34.7,0,0,0,0.0,0
2026-07-11 15:00:00,松山測站,臺北市,臺北市,松山測站,68.5,34.7,0,0,0,0.0,0
2026-07-11 16:00:00,松山測站,臺北市,臺北市,松山測站,57.5,25.9,0,0,0,0.0,0
2026-07-11 17:00:00,松山測站,臺北市,臺北市,松山測站,63.1,36.1,1,0,0,0.3333333333333333,0
2026-07-11 18:00:00,松山測站,臺北市,臺北市,松山測站,71.3,36.3,1,0,0,0.3333333333333333,0
2026-07-11 19:00:00,松山測站,臺北市,臺北市,松山測站,64.3,33.1,0,0,0,0.0,0
2026-07-11 20:00:00,松山測站,臺北市,臺北市,松山測站,60.0,29.9,0,0,0,0.0,0
2026-07-11 21:00:00,松山測站,臺北市,臺北市,松山測站,56.1,32.9,0,0,0,0.0,0
2026-07-11 22:00:00,松山測站,臺北市,臺北市,松山測站,55.7,30.0,0,0,0,0.0,0
2026-07-11 23:00:00,松山測站,臺北市,臺北市,松山測站,56.1,38.9,1,0,0,0.3333333333333333,0
2026-07-12 00:00:00,松山測站,臺北市,臺北市,松山測站,50.4,32.7,0,0,0,0.0,0
2026-07-12 01:00:00,松山測站,臺北市,臺北市,松山測站,46.1,25.3,0,0,0,0.0,0
2026-07-12 02:00:00,松山測站,臺北市,臺北市,松山測站,58.5,28.6,0,0,0,0.0,0
2026-07-12 03:00:00,松山測站,臺北市,臺北市,松山測站,51.1,35.8,1,0,0,0.3333333333333333,0
2026-07-12 04:00:00,松山測站,臺北市,臺北市,松山測站,53.2,33.1,0,0,0,0.0,0
2026-07-12 05:00:00,松山測站,臺北市,臺北市,松山測站,53.7,31.6,0,0,0,0.0,0
2026-07-12 06:00:00,松山測站,臺北市,臺北市,松山測站,60.5,30.0,0,0,0,0.0,0
2026-07-12 07:00:00,松山測站,臺北市,臺北市,松山測站,67.9,34.2,0,0,0,0.0,0
2026-07-12 08:00:00,松山測站,臺北市,臺北市,松山測站,63.8,31.7,0,0,0,0.0,0
2026-07-12 09:00:00,松山測站,臺北市,臺北市,松山測站,80.2,36.6,1,0,0,0.3333333333333333,0
2026-07-12 10:00:00,松山測站,臺北市,臺北市,松山測站,62.3,33.8,0,0,0,0.0,0
2026-07-12 11:00:00,松山測站,臺北市,臺北市,松山測站,56.3,27.1,0,0,0,0.0,0
2026-07-12 12:00:00,松山測站,臺北市,臺北市,松山測站,57.4,29.2,0,0,0,0.0,0
2026-07-12 13:00:00,松山測站,臺北市,臺北市,松山測站,55.6,33.7,0,0,0,0.0,0
2026-07-12 14:00:00,松山測站,臺北市,臺北市,松山測站,48.6,27.5,0,0,0,0.0,0
2026-07-12 15:00:00,松山測站,臺北市,臺北市,松山測站,51.1,26.0,0,0,0,0.0,0
2026-07-12 16:00:00,松山測站,臺北市,臺北市,松山測站,59.5,35.4,1,0,0,0.3333333333333333,0
2026-07-12 17:00:00,松山測站,臺北市,臺北市,松山測站,61.2,34.1,0,0,0,0.0,0
2026-07-12 18:00:00,松山測站,臺北市,臺北市,松山測站,58.6,35.1,1,0,0,0.3333333333333333,0
2026-07-12 19:00:00,松山測站,臺北市,臺北市,松山測站,63.0,28.1,0,0,0,0.0,0
2026-07-12 20:00:00,松山測站,臺北市,臺北市,松山測站,52.5,29.3,0,0,0,0.0,0
2026-07-12 21:00:00,松山測站,臺北市,臺北市,松山測站,60.5,35.3,1,0,0,0.3333333333333333,0
2026-07-12 22:00:00,松山測站,臺北市,臺北市,松山測站,56.3,29.0,0,0,0,0.0,0
2026-07-12 23:00:00,松山測站,臺北市,臺北市,松山測站,58.1,30.8,0,0,0,0.0,0
2026-07-13 00:00:00,松山測站,臺北市,臺北市,松山測站,54.0,31.9,0,0,0,0.0,0
2026-07-13 01:00:00,松山測站,臺北市,臺北市,松山測站,55.1,34.5,0,0,0,0.0,0
2026-07-13 02:00:00,松山測站,臺北市,臺北市,松山測站,48.4,27.3,0,0,0,0.0,0
2026-07-13 03:00:00,松山測站,臺北市,臺北市,松山測站,63.9,29.3,0,0,0,0.0,0
2026-07-13 04:00:00,松山測站,臺北市,臺北市,松山測站,62.1,31.1,0,0,0,0.0,0
2026-07-13 05:00:00,松山測站,臺北市,臺北市,松山測站,71.2,37.9,1,0,0,0.3333333333333333,0
2026-07-13 06:00:00,松山測站,臺北市,臺北市,松山測站,61.9,31.3,0,0,0,0.0,0
2026-07-13 07:00:00,松山測站,臺北市,臺北市,松山測站,64.3,36.8,1,0,0,0.3333333333333333,0
2026-07-13 08:00:00,松山測站,臺北市,臺北市,松山測站,70.6,36.7,1,0,0,0.3333333333333333,0
2026-07-13 09:00:00,松山測站,臺北市,臺北市,松山測站,65.1,33.8,0,0,0,0.0,0
2026-07-13 10:00:00,松山測站,臺北市,臺北市,松山測站,66.7,39.1,1,0,0,0.3333333333333333,0
2026-07-13 11:00:00,松山測站,臺北市,臺北市,松山測站,54.5,31.3,0,0,1,0.3333333333333333,0
2026-07-13 12:00:00,松山測站,臺北市,臺北市,松山測站,54.4,28.0,0,0,0,0.0,0
2026-07-13 13:00:00,松山測站,臺北市,臺北市,松山測站,50.0,30.1,0,0,0,0.0,0
2026-07-13 14:00:00,松山測站,臺北市,臺北市,松山測站,54.1,31.0,0,0,0,0.0,0
2026-07-13 15:00:00,松山測站,臺北市,臺北市,松山測站,60.3,38.1,1,0,0,0.3333333333333333,0
2026-07-13 16:00:00,松山測站,臺北市,臺北市,松山測站,58.5,28.8,0,0,0,0.0,0
2026-07-13 17:00:00,松山測站,臺北市,臺北市,松山測站,62.0,27.3,0,0,0,0.0,0
2026-07-13 18:00:00,松山測站,臺北市,臺北市,松山測站,57.8,34.0,0,0,0,0.0,0
2026-07-13 19:00:00,松山測站,臺北市,臺北市,松山測站,52.6,31.0,0,0,0,0.0,0
2026-07-13 20:00:00,松山測站,臺北市,臺北市,松山測站,66.0,33.9,0,0,0,0.0,0
2026-07-13 21:00:00,松山測站,臺北市,臺北市,松山測站,59.5,37.9,1,0,0,0.3333333333333333,0
2026-07-13 22:00:00,松山測站,臺北市,臺北市,松山測站,57.2,29.8,0,0,0,0.0,0
2026-07-13 23:00:00,松山測站,臺北市,臺北市,松山測站,51.4,33.7,0,0,0,0.0,0
2026-07-14 00:00:00,松山測站,臺北市,臺北市,松山測站,55.9,37.2,1,0,0,0.3333333333333333,0
2026-07-14 01:00:00,松山測站,臺北市,臺北市,松山測站,56.0,31.7,0,0,0,0.0,0
2026-07-14 02:00:00,松山測站,臺北市,臺北市,松山測站,42.5,32.5,0,0,0,0.0,0
2026-07-14 03:00:00,松山測站,臺北市,臺北市,松山測站,54.9,24.8,0,0,0,0.0,0
2026-07-14 04:00:00,松山測站,臺北市,臺北市,松山測站,58.9,34.8,0,0,0,0.0,0
2026-07-14 05:00:00,松山測站,臺北市,臺北市,松山測站,49.3,29.0,0,0,0,0.0,0
2026-07-14 06:00:00,松山測站,臺北市,臺北市,松山測站,60.4,31.8,0,0,0,0.0,0
2026-07-14 07:00:00,松山測站,臺北市,臺北市,松山測站,63.3,34.8,0,0,0,0.0,0
2026-07-14 08:00:00,松山測站,臺北市,臺北市,松山測站,61.2,34.0,0,0,0,0.0,0
2026-07-14 09:00:00,松山測站,臺北市,臺北市,松山測站,52.9,27.9,0,0,0,0.0,0
2026-07-14 10:00:00,松山測站,臺北市,臺北市,松山測站,55.8,35.3,1,0,0,0.3333333333333333,0
2026-07-14 11:00:00,松山測站,臺北市,臺北市,松山測站,49.1,30.3,0,0,0,0.0,0
2026-07-14 12:00:00,松山測站,臺北市,臺北市,松山測站,56.6,29.3,0,0,0,0.0,0
2026-07-14 13:00:00,松山測站,臺北市,臺北市,松山測站,49.7,29.3,0,0,0,0.0,0
2026-07-14 14:00:00,松山測站,臺北市,臺北市,松山測站,50.9,34.4,0,0,0,0.0,0
2026-07-14 15:00:00,松山測站,臺北市,臺北市,松山測站,57.6,32.9,0,0,0,0.0,0
2026-07-14 16:00:00,松山測站,臺北市,臺北市,松山測站,59.1,28.2,0,0,0,0.0,0
2026-07-14 17:00:00,松山測站,臺北市,臺北市,松山測站,53.8,31.5,0,0,0,0.0,0
2026-07-14 18:00:00,松山測站,臺北市,臺北市,松山測站,58.0,39.4,1,0,0,0.3333333333333333,0
2026-07-14 19:00:00,松山測站,臺北市,臺北市,松山測站,51.9,34.8,0,0,0,0.0,0
2026-07-14 20:00:00,松山測站,臺北市,臺北市,松山測站,102.1,40.8,1,1,1,1.0,1
2026-07-14 21:00:00,松山測站,臺北市,臺北市,松山測站,52.3,31.5,0,1,1,0.6666666666666666,1
2026-07-14 22:00:00,松山測站,臺北市,臺北市,松山測站,47.1,33.0,0,0,0,0.0,0
2026-07-14 23:00:00,松山測站,臺北市,臺北市,松山測站,44.3,27.8,0,0,0,0.0,0
2026-07-15 00:00:00,松山測站,臺北市,臺北市,松山測站,47.0,28.5,0,0,0,0.0,0
2026-07-15 01:00:00,松山測站,臺北市,臺北市,松山測站,51.6,32.9,0,0,0,0.0,0
2026-07-15 02:00:00,松山測站,臺北市,臺北市,松山測站,50.5,30.2,0,0,0,0.0,0
2026-07-15 03:00:00,松山測站,臺北市,臺北市,松山測站,45.3,23.7,0,0,0,0.0,0
2026-07-15 04:00:00,松山測站,臺北市,臺北市,松山測站,61.5,23.7,0,0,0,0.0,0
2026-07-15 05:00:00,松山測站,臺北市,臺北市,松山測站,51.5,27.2,0,0,0,0.0,0
2026-07-15 06:00:00,松山測站,臺北市,臺北市,松山測站,57.0,25.9,0,0,0,0.0,0
2026-07-15 07:00:00,松山測站,臺北市,臺北市,松山測站,55.3,31.1,0,0,0,0.0,0
2026-07-15 08:00:00,松山測站,臺北市,臺北市,松山測站,66.4,33.5,0,0,0,0.0,0
2026-07-15 09:00:00,松山測站,臺北市,臺北市,松山測站,57.6,34.1,0,0,0,0.0,0
2026-07-15 10:00:00,松山測站,臺北市,臺北市,松山測站,62.8,32.8,0,0,0,0.0,0
2026-07-15 11:00:00,松山測站,臺北市,臺北市,松山測站,58.5,40.6,1,0,0,0.3333333333333333,0
2026-07-15 12:00:00,松山測站,臺北市,臺北市,松山測站,51.1,25.5,0,1,0,0.3333333333333333,0
2026-07-15 13:00:00,松山測站,臺北市,臺北市,松山測站,58.0,29.7,0,0,0,0.0,0
2026-07-15 14:00:00,松山測站,臺北市,臺北市,松山測站,52.2,29.9,0,0,0,0.0,0
2026-07-15 15:00:00,松山測站,臺北市,臺北市,松山測站,59.8,32.2,0,0,0,0.0,0
2026-07-15 16:00:00,松山測站,臺北市,臺北市,松山測站,53.2,32.0,0,0,0,0.0,0
2026-07-15 17:00:00,松山測站,臺北市,臺北市,松山測站,53.3,31.9,0,0,0,0.0,0
2026-07-15 18:00:00,松山測站,臺北市,臺北市,松山測站,64.3,38.8,1,0,0,0.3333333333333333,0
2026-07-15 19:00:00,松山測站,臺北市,臺北市,松山測站,62.5,28.0,0,0,0,0.0,0
2026-07-15 20:00:00,松山測站,臺北市,臺北市,松山測站,62.6,36.0,1,0,0,0.3333333333333333,0
2026-07-15 21:00:00,松山測站,臺北市,臺北市,松山測站,57.1,30.1,0,0,0,0.0,0
2026-07-15 22:00:00,松山測站,臺北市,臺北市,松山測站,55.5,34.2,0,0,0,0.0,0
2026-07-15 23:00:00,松山測站,臺北市,臺北市,松山測站,57.4,32.5,0,0,0,0.0,0
2026-07-16 00:00:00,松山測站,臺北市,臺北市,松山測站,57.3,33.5,0,0,0,0.0,0
2026-07-16 01:00:00,松山測站,臺北市,臺北市,松山測站,65.5,34.0,0,0,0,0.0,0
2026-07-16 02:00:00,松山測站,臺北市,臺北市,松山測站,52.9,26.6,0,0,0,0.0,0
2026-07-16 03:00:00,松山測站,臺北市,臺北市,松山測站,59.0,28.5,0,0,0,0.0,0
2026-07-16 04:00:00,松山測站,臺北市,臺北市,松山測站,66.4,34.9,0,0,0,0.0,0
2026-07-16 05:00:00,松山測站,臺北市,臺北市,松山測站,62.3,29.6,0,0,0,0.0,0
2026-07-16 06:00:00,松山測站,臺北市,臺北市,松山測站,70.3,32.6,0,0,0,0.0,0
2026-07-16 07:00:00,松山測站,臺北市,臺北市,松山測站,61.2,25.7,0,0,0,0.0,0
2026-07-16 08:00:00,松山測站,臺北市,臺北市,松山測站,72.0,37.2,1,0,0,0.3333333333333333,0
2026-07-16 09:00:00,松山測站,臺北市,臺北市,松山測站,63.6,30.1,0,0,0,0.0,0
2026-07-16 10:00:00,松山測站,臺北市,臺北市,松山測站,64.0,32.4,0,0,0,0.0,0
2026-07-16 11:00:00,松山測站,臺北市,臺北市,松山測站,65.4,33.7,0,0,0,0.0,0
2026-07-16 12:00:00,松山測站,臺北市,臺北市,松山測站,64.3,34.5,0,0,0,0.0,0
2026-07-16 13:00:00,松山測站,臺北市,臺北市,松山測站,67.9,34.6,0,0,0,0.0,0
2026-07-16 14:00:00,松山測站,臺北市,臺北市,松山測站,51.8,30.3,0,0,0,0.0,0
2026-07-16 15:00:00,松山測站,臺北市,臺北市,松山測站,53.8,28.6,0,0,0,0.0,0
2026-07-16 16:00:00,松山測站,臺北市,臺北市,松山測站,64.5,32.8,0,0,0,0.0,0
2026-07-16 17:00:00,松山測站,臺北市,臺北市,松山測站,70.6,35.7,1,0,0,0.3333333333333333,0
2026-07-16 18:00:00,松山測站,臺北市,臺北市,松山測站,74.6,36.9,1,0,0,0.3333333333333333,0
2026-07-16 19:00:00,松山測站,臺北市,臺北市,松山測站,72.1,38.9,1,0,0,0.3333333333333333,0
2026-07-16 20:00:00,松山測站,臺北市,臺北市,松山測站,64.1,36.4,1,0,0,0.3333333333333333,0
2026-07-16 21:00:00,松山測站,臺北市,臺北市,松山測站,76.1,40.6,1,0,0,0.3333333333333333,0
2026-07-16 22:00:00,松山測站,臺北市,臺北市,松山測站,64.4,35.5,1,0,0,0.3333333333333333,0
2026-07-16 23:00:00,松山測站,臺北市,臺北市,松山測站,62.2,33.5,0,0,0,0.0,0
2026-07-17 00:00:00,松山測站,臺北市,臺北市,松山測站,64.8,33.0,0,0,0,0.0,0
2026-07-17 01:00:00,松山測站,臺北市,臺北市,松山測站,62.5,39.6,1,0,0,0.3333333333333333,0
2026-07-17 02:00:00,松山測站,臺北市,臺北市,松山測站,54.6,28.2,0,0,0,0.0,0
2026-07-17 03:00:00,松山測站,臺北市,臺北市,松山測站,61.6,34.0,0,0,0,0.0,0
2026-07-17 04:00:00,松山測站,臺北市,臺北市,松山測站,62.3,33.7,0,0,0,0.0,0
2026-07-17 05:00:00,松山測站,臺北市,臺北市,松山測站,64.4,33.2,0,0,0,0.0,0
2026-07-17 06:00:00,松山測站,臺北市,臺北市,松山測站,64.1,25.6,0,0,0,0.0,0
2026-07-17 07:00:00,松山測站,臺北市,臺北市,松山測站,70.3,37.9,1,1,0,0.6666666666666666,1
2026-07-17 08:00:00,松山測站,臺北市,臺北市,松山測站,74.2,33.5,0,0,0,0.0,0
2026-07-17 09:00:00,松山測站,臺北市,臺北市,松山測站,71.0,36.7,1,0,0,0.3333333333333333,0
2026-07-17 10:00:00,松山測站,臺北市,臺北市,松山測站,74.5,40.3,1,0,0,0.3333333333333333,0
2026-07-17 11:00:00,松山測站,臺北市,臺北市,松山測站,61.6,36.2,1,0,0,0.3333333333333333,0
2026-07-17 12:00:00,松山測站,臺北市,臺北市,松山測站,64.5,35.7,1,0,0,0.3333333333333333,0
2026-07-17 13:00:00,松山測站,臺北市,臺北市,松山測站,58.5,33.1,0,0,0,0.0,0
2026-07-17 14:00:00,松山測站,臺北市,臺北市,松山測站,64.7,33.1,0,0,0,0.0,0
2026-07-17 15:00:00,松山測站,臺北市,臺北市,松山測站,65.4,39.7,1,0,0,0.3333333333333333,0
2026-07-17 16:00:00,松山測站,臺北市,臺北市,松山測站,64.1,31.7,0,0,0,0.0,0
2026-07-17 17:00:00,松山測站,臺北市,臺北市,松山測站,72.6,31.4,0,0,0,0.0,0
2026-07-17 18:00:00,松山測站,臺北市,臺北市,松山測站,76.1,38.1,1,0,0,0.3333333333333333,0
2026-07-17 19:00:00,松山測站,臺北市,臺北市,松山測站,59.0,29.8,0,0,0,0.0,0
2026-07-17 20:00:00,松山測站,臺北市,臺北市,松山測站,68.8,33.4,0,0,0,0.0,0
2026-07-17 21:00:00,松山測站,臺北市,臺北市,松山測站,70.2,32.3,0,0,0,0.0,0
2026-07-17 22:00:00,松山測站,臺北市,臺北市,松山測站,64.3,39.8,1,0,0,0.3333333333333333,0
2026-07-17 23:00:00,松山測站,臺北市,臺北市,松山測站,60.5,33.4,0,0,0,0.0,0
2026-07-18 00:00:00,松山測站,臺北市,臺北市,松山測站,61.0,31.5,0,0,0,0.0,0
2026-07-18 01:00:00,松山測站,臺北市,臺北市,松山測站,54.2,36.9,1,0,0,0.3333333333333333,0
2026-07-18 02:00:00,松山測站,臺北市,臺北市,松山測站,58.1,33.7,0,0,0,0.0,0
2026-07-18 03:00:00,松山測站,臺北市,臺北市,松山測站,46.6,26.9,0,0,0,0.0,0
2026-07-18 04:00:00,松山測站,臺北市,臺北市,松山測站,50.9,28.9,0,0,0,0.0,0
2026-07-18 05:00:00,松山測站,臺北市,臺北市,松山測站,61.5,31.6,0,0,0,0.0,0
2026-07-18 06:00:00,松山測站,臺北市,臺北市,松山測站,53.1,31.8,0,0,0,0.0,0
2026-07-18 07:00:00,松山測站,臺北市,臺北市,松山測站,62.7,31.9,0,0,0,0.0,0
2026-07-18 08:00:00,松山測站,臺北市,臺北市,松山測站,66.2,32.5,0,0,0,0.0,0
2026-07-18 09:00:00,松山測站,臺北市,臺北市,松山測站,57.9,27.2,0,0,0,0.0,0
2026-07-18 10:00:00,松山測站,臺北市,臺北市,松山測站,64.3,32.9,0,0,0,0.0,0
2026-07-18 11:00:00,松山測站,臺北市,臺北市,松山測站,53.4,37.1,1,0,0,0.3333333333333333,0
2026-07-18 12:00:00,松山測站,臺北市,臺北市,松山測站,49.9,29.8,0,0,0,0.0,0
2026-07-18 13:00:00,松山測站,臺北市,臺北市,松山測站,42.0,28.4,0,0,0,0.0,0
2026-07-18 14:00:00,松山測站,臺北市,臺北市,松山測站,59.2,28.6,0,0,0,0.0,0
2026-07-18 15:00:00,松山測站,臺北市,臺北市,松山測站,51.8,29.7,0,0,0,0.0,0
2026-07-18 16:00:00,松山測站,臺北市,臺北市,松山測站,49.6,23.1,0,0,0,0.0,0
2026-07-18 17:00:00,松山測站,臺北市,臺北市,松山測站,51.2,28.0,0,0,0,0.0,0
2026-07-18 18:00:00,松山測站,臺北市,臺北市,松山測站,55.2,29.5,0,0,0,0.0,0
2026-07-18 19:00:00,松山測站,臺北市,臺北市,松山測站,47.9,27.7,0,0,0,0.0,0
2026-07-18 20:00:00,松山測站,臺北市,臺北市,松山測站,50.5,26.2,0,0,0,0.0,0
2026-07-18 21:00:00,松山測站,臺北市,臺北市,松山測站,48.5,31.5,0,0,0,0.0,0
2026-07-18 22:00:00,松山測站,臺北市,臺北市,松山測站,41.8,28.8,0,0,0,0.0,0
2026-07-18 23:00:00,松山測站,臺北市,臺北市,松山測站,42.8,32.9,0,0,0,0.0,0
2026-07-19 00:00:00,松山測站,臺北市,臺北市,松山測站,52.5,30.2,0,0,0,0.0,0
2026-07-19 01:00:00,松山測站,臺北市,臺北市,松山測站,47.0,33.3,0,0,0,0.0,0
2026-07-19 02:00:00,松山測站,臺北市,臺北市,松山測站,45.8,24.8,0,0,0,0.0,0
2026-07-19 03:00:00,松山測站,臺北市,臺北市,松山測站,54.4,33.6,0,0,0,0.0,0
2026-07-19 04:00:00,松山測站,臺北市,臺北市,松山測站,45.2,25.8,0,0,0,0.0,0
2026-07-19 05:00:00,松山測站,臺北市,臺北市,松山測站,43.3,27.6,0,0,0,0.0,0
2026-07-19 06:00:00,松山測站,臺北市,臺北市,松山測站,47.5,30.0,0,0,0,0.0,0
2026-07-19 07:00:00,松山測站,臺北市,臺北市,松山測站,54.0,30.0,0,0,0,0.0,0
2026-07-19 08:00:00,松山測站,臺北市,臺北市,松山測站,52.3,32.1,0,0,0,0.0,0
2026-07-19 09:00:00,松山測站,臺北市,臺北市,松山測站,56.0,32.1,0,0,0,0.0,0
2026-07-19 10:00:00,松山測站,臺北市,臺北市,松山測站,58.6,29.3,0,0,0,0.0,0
2026-07-19 11:00:00,松山測站,臺北市,臺北市,松山測站,47.4,27.9,0,0,0,0.0,0
2026-07-19 12:00:00,松山測站,臺北市,臺北市,松山測站,48.1,26.5,0,0,0,0.0,0
2026-07-19 13:00:00,松山測站,臺北市,臺北市,松山測站,84.8,40.8,1,1,0,0.6666666666666666,1
2026-07-19 14:00:00,松山測站,臺北市,臺北市,松山測站,45.1,32.0,0,1,1,0.6666666666666666,1
2026-07-19 15:00:00,松山測站,臺北市,臺北市,松山測站,48.1,34.9,0,0,0,0.0,0
2026-07-19 16:00:00,松山測站,臺北市,臺北市,松山測站,52.8,33.8,0,0,0,0.0,0
2026-07-19 17:00:00,松山測站,臺北市,臺北市,松山測站,58.1,32.4,0,0,0,0.0,0
2026-07-19 18:00:00,松山測站,臺北市,臺北市,松山測站,61.0,33.7,0,0,0,0.0,0
2026-07-19 19:00:00,松山測站,臺北市,臺北市,松山測站,50.7,31.7,0,0,0,0.0,0
2026-07-19 20:00:00,松山測站,臺北市,臺北市,松山測站,57.6,32.8,0,0,0,0.0,0
2026-07-19 21:00:00,松山測站,臺北市,臺北市,松山測站,50.5,29.1,0,0,0,0.0,0
2026-07-19 22:00:00,松山測站,臺北市,臺北市,松山測站,52.2,25.4,0,0,0,0.0,0
2026-07-19 23:00:00,松山測站,臺北市,臺北市,松山測站,47.5,32.0,0,0,0,0.0,0
2026-07-20 00:00:00,松山測站,臺北市,臺北市,松山測站,49.9,31.7,0,0,0,0.0,0
2026-07-20 01:00:00,松山測站,臺北市,臺北市,松山測站,50.8,36.2,1,0,0,0.3333333333333333,0
2026-07-20 02:00:00,松山測站,臺北市,臺北市,松山測站,64.1,35.2,1,0,0,0.3333333333333333,0
2026-07-20 03:00:00,松山測站,臺北市,臺北市,松山測站,48.1,31.9,0,0,0,0.0,0
2026-07-20 04:00:00,松山測站,臺北市,臺北市,松山測站,53.2,27.2,0,0,0,0.0,0
2026-07-20 05:00:00,松山測站,臺北市,臺北市,松山測站,58.1,31.9,0,0,0,0.0,0
2026-07-20 06:00:00,松山測站,臺北市,臺北市,松山測站,52.7,33.6,0,0,0,0.0,0
2026-07-20 07:00:00,松山測站,臺北市,臺北市,松山測站,58.4,29.2,0,0,0,0.0,0
2026-07-20 08:00:00,松山測站,臺北市,臺北市,松山測站,70.0,37.2,1,0,0,0.3333333333333333,0
2026-07-20 09:00:00,松山測站,臺北市,臺北市,松山測站,63.3,37.1,1,0,0,0.3333333333333333,0
2026-07-20 10:00:00,松山測站,臺北市,臺北市,松山測站,55.1,29.4,0,0,0,0.0,0
2026-07-20 11:00:00,松山測站,臺北市,臺北市,松山測站,60.6,33.4,0,0,0,0.0,0
2026-07-20 12:00:00,松山測站,臺北市,臺北市,松山測站,58.9,32.2,0,0,0,0.0,0
2026-07-20 13:00:00,松山測站,臺北市,臺北市,松山測站,55.6,30.3,0,0,0,0.0,0
2026-07-20 14:00:00,松山測站,臺北市,臺北市,松山測站,51.7,35.3,1,0,0,0.3333333333333333,0
2026-07-20 15:00:00,松山測站,臺北市,臺北市,松山測站,56.6,30.5,0,0,0,0.0,0
2026-07-20 16:00:00,松山測站,臺北市,臺北市,松山測站,59.1,31.3,0,0,0,0.0,0
2026-07-20 17:00:00,松山測站,臺北市,臺北市,松山測站,66.8,33.9,0,0,0,0.0,0
2026-07-20 18:00:00,松山測站,臺北市,臺北市,松山測站,67.8,30.6,0,0,0,0.0,0
2026-07-20 19:00:00,松山測站,臺北市,臺北市,松山測站,72.2,33.5,0,0,0,0.0,0
2026-07-20 20:00:00,松山測站,臺北市,臺北市,松山測站,62.6,37.8,1,0,0,0.3333333333333333,0
2026-07-20 21:00:00,松山測站,臺北市,臺北市,松山測站,59.7,24.4,0,1,0,0.3333333333333333,0
2026-07-20 22:00:00,松山測站,臺北市,臺北市,松山測站,56.6,31.7,0,0,0,0.0,0
2026-07-20 23:00:00,松山測站,臺北市,臺北市,松山測站,49.6,29.9,0,0,0,0.0,0
2026-07-21 00:00:00,松山測站,臺北市,臺北市,松山測站,61.6,30.1,0,0,0,0.0,0
2026-07-21 01:00:00,松山測站,臺北市,臺北市,松山測站,56.2,34.4,0,0,0,0.0,0
2026-07-21 02:00:00,松山測站,臺北市,臺北市,松山測站,56.9,30.5,0,0,0,0.0,0
2026-07-21 03:00:00,松山測站,臺北市,臺北市,松山測站,60.0,28.3,0,0,0,0.0,0
2026-07-21 04:00:00,松山測站,臺北市,臺北市,松山測站,55.8,30.7,0,0,0,0.0,0
2026-07-21 05:00:00,松山測站,臺北市,臺北市,松山測站,52.2,28.3,0,0,0,0.0,0
2026-07-21 06:00:00,松山測站,臺北市,臺北市,松山測站,56.4,28.1,0,0,0,0.0,0
2026-07-21 07:00:00,松山測站,臺北市,臺北市,松山測站,66.7,33.4,0,0,0,0.0,0
2026-07-21 08:00:00,松山測站,臺北市,臺北市,松山測站,67.7,33.6,0,0,0,0.0,0
2026-07-21 09:00:00,松山測站,臺北市,臺北市,松山測站,64.4,32.5,0,0,0,0.0,0
2026-07-21 10:00:00,松山測站,臺北市,臺北市,松山測站,60.0,31.1,0,0,0,0.0,0
2026-07-21 11:00:00,松山測站,臺北市,臺北市,松山測站,58.9,31.3,0,0,0,0.0,0
2026-07-21 12:00:00,松山測站,臺北市,臺北市,松山測站,63.3,28.8,0,0,0,0.0,0
2026-07-21 13:00:00,松山測站,臺北市,臺北市,松山測站,62.1,31.6,0,0,0,0.0,0
2026-07-21 14:00:00,松山測站,臺北市,臺北市,松山測站,65.6,30.9,0,0,0,0.0,0
2026-07-21 15:00:00,松山測站,臺北市,臺北市,松山測站,69.8,35.1,1,0,0,0.3333333333333333,0
2026-07-21 16:00:00,松山測站,臺北市,臺北市,松山測站,67.7,30.3,0,0,0,0.0,0
2026-07-21 17:00:00,松山測站,臺北市,臺北市,松山測站,72.9,32.8,0,0,0,0.0,0
2026-07-21 18:00:00,松山測站,臺北市,臺北市,松山測站,74.3,33.0,0,0,0,0.0,0
2026-07-21 19:00:00,松山測站,臺北市,臺北市,松山測站,76.8,37.5,1,0,0,0.3333333333333333,0
2026-07-21 20:00:00,松山測站,臺北市,臺北市,松山測站,73.1,41.7,1,0,0,0.3333333333333333,0
2026-07-21 21:00:00,松山測站,臺北市,臺北市,松山測站,66.2,32.4,0,0,0,0.0,0
2026-07-21 22:00:00,松山測站,臺北市,臺北市,松山測站,62.2,28.7,0,0,0,0.0,0
2026-07-21 23:00:00,松山測站,臺北市,臺北市,松山測站,67.8,32.1,0,0,0,0.0,0
2026-07-22 00:00:00,松山測站,臺北市,臺北市,松山測站,63.6,34.1,0,0,0,0.0,0
2026-07-22 01:00:00,松山測站,臺北市,臺北市,松山測站,63.9,36.6,1,0,0,0.3333333333333333,0
2026-07-22 02:00:00,松山測站,臺北市,臺北市,松山測站,58.3,33.3,0,0,0,0.0,0
2026-07-22 03:00:00,松山測站,臺北市,臺北市,松山測站,66.0,30.0,0,0,0,0.0,0
2026-07-22 04:00:00,松山測站,臺北市,臺北市,松山測站,56.9,34.3,0,0,0,0.0,0
2026-07-22 05:00:00,松山測站,臺北市,臺北市,松山測站,64.1,32.9,0,0,0,0.0,0
2026-07-22 06:00:00,松山測站,臺北市,臺北市,松山測站,73.3,31.2,0,0,0,0.0,0
2026-07-22 07:00:00,松山測站,臺北市,臺北市,松山測站,74.0,30.3,0,0,0,0.0,0
2026-07-22 08:00:00,松山測站,臺北市,臺北市,松山測站,76.0,36.7,1,0,0,0.3333333333333333,0
2026-07-22 09:00:00,松山測站,臺北市,臺北市,松山測站,72.4,35.5,1,0,0,0.3333333333333333,0
2026-07-22 10:00:00,松山測站,臺北市,臺北市,松山測站,57.5,34.5,0,0,0,0.0,0
2026-07-22 11:00:00,松山測站,臺北市,臺北市,松山測站,70.8,35.1,1,0,0,0.3333333333333333,0
2026-07-22 12:00:00,松山測站,臺北市,臺北市,松山測站,63.2,32.5,0,0,0,0.0,0
2026-07-22 13:00:00,松山測站,臺北市,臺北市,松山測站,63.9,34.8,0,0,0,0.0,0
2026-07-22 14:00:00,松山測站,臺北市,臺北市,松山測站,58.4,28.9,0,0,0,0.0,0
2026-07-22 15:00:00,松山測站,臺北市,臺北市,松山測站,69.4,33.5,0,0,0,0.0,0
2026-07-22 16:00:00,松山測站,臺北市,臺北市,松山測站,75.8,37.9,1,0,0,0.3333333333333333,0
2026-07-22 17:00:00,松山測站,臺北市,臺北市,松山測站,68.3,34.1,0,0,0,0.0,0
2026-07-22 18:00:00,松山測站,臺北市,臺北市,松山測站,66.1,33.9,0,0,0,0.0,0
2026-07-22 19:00:00,松山測站,臺北市,臺北市,松山測站,66.6,35.4,1,0,0,0.3333333333333333,0
2026-07-22 20:00:00,松山測站,臺北市,臺北市,松山測站,74.7,33.6,0,0,0,0.0,0
2026-07-22 21:00:00,松山測站,臺北市,臺北市,松山測站,67.1,31.5,0,0,0,0.0,0
2026-07-22 22:00:00,松山測站,臺北市,臺北市,松山測站,69.7,35.3,1,0,0,0.3333333333333333,0
2026-07-22 23:00:00,松山測站,臺北市,臺北市,松山測站,63.9,33.1,0,0,0,0.0,0
2026-07-23 00:00:00,松山測站,臺北市,臺北市,松山測站,50.7,28.2,0,0,0,0.0,0
2026-07-23 01:00:00,松山測站,臺北市,臺北市,松山測站,62.3,32.9,0,0,0,0.0,0
2026-07-23 02:00:00,松山測站,臺北市,臺北市,松山測站,66.0,36.7,1,0,0,0.3333333333333333,0
2026-07-23 03:00:00,松山測站,臺北市,臺北市,松山測站,54.2,27.4,0,0,0,0.0,0
2026-07-23 04:00:00,松山測站,臺北市,臺北市,松山測站,61.2,34.9,0,0,0,0.0,0
2026-07-23 05:00:00,松山測站,臺北市,臺北市,松山測站,65.3,35.5,1,0,0,0.3333333333333333,0
2026-07-23 06:00:00,松山測站,臺北市,臺北市,松山測站,64.3,32.6,0,0,0,0.0,0
2026-07-23 07:00:00,松山測站,臺北市,臺北市,松山測站,64.6,32.8,0,0,0,0.0,0
2026-07-23 08:00:00,松山測站,臺北市,臺北市,松山測站,73.1,38.0,1,0,0,0.3333333333333333,0
2026-07-23 09:00:00,松山測站,臺北市,臺北市,松山測站,66.6,38.3,1,0,0,0.3333333333333333,0
2026-07-23 10:00:00,松山測站,臺北市,臺北市,松山測站,55.4,32.0,0,0,0,0.0,0
2026-07-23 11:00:00,松山測站,臺北市,臺北市,松山測站,51.6,24.4,0,0,0,0.0,0
2026-07-23 12:00:00,松山測站,臺北市,臺北市,松山測站,53.7,25.4,0,0,0,0.0,0
2026-07-23 13:00:00,松山測站,臺北市,臺北市,松山測站,51.5,33.1,0,0,0,0.0,0
2026-07-23 14:00:00,松山測站,臺北市,臺北市,松山測站,59.4,29.6,0,0,0,0.0,0
2026-07-23 15:00:00,松山測站,臺北市,臺北市,松山測站,61.8,34.0,0,0,0,0.0,0
2026-07-23 16:00:00,松山測站,臺北市,臺北市,松山測站,61.8,31.9,0,0,0,0.0,0
2026-07-23 17:00:00,松山測站,臺北市,臺北市,松山測站,63.2,36.4,1,0,0,0.3333333333333333,0
2026-07-23 18:00:00,松山測站,臺北市,臺北市,松山測站,60.8,30.1,0,0,0,0.0,0
2026-07-23 19:00:00,松山測站,臺北市,臺北市,松山測站,64.7,34.7,0,0,0,0.0,0
2026-07-23 20:00:00,松山測站,臺北市,臺北市,松山測站,61.5,36.1,1,0,0,0.3333333333333333,0
2026-07-23 21:00:00,松山測站,臺北市,臺北市,松山測站,50.9,34.5,0,0,0,0.0,0
2026-07-23 22:00:00,松山測站,臺北市,臺北市,松山測站,54.6,33.7,0,0,0,0.0,0
2026-07-23 23:00:00,松山測站,臺北市,臺北市,松山測站,62.9,32.1,0,0,0,0.0,0
2026-07-24 00:00:00,松山測站,臺北市,臺北市,松山測站,56.1,32.4,0,0,0,0.0,0
2026-07-24 01:00:00,松山測站,臺北市,臺北市,松山測站,50.9,33.2,0,0,0,0.0,0
2026-07-24 02:00:00,松山測站,臺北市,臺北市,松山測站,45.7,28.2,0,0,0,0.0,0
2026-07-24 03:00:00,松山測站,臺北市,臺北市,松山測站,53.3,32.7,0,0,0,0.0,0
2026-07-24 04:00:00,松山測站,臺北市,臺北市,松山測站,45.8,29.0,0,0,0,0.0,0
2026-07-24 05:00:00,松山測站,臺北市,臺北市,松山測站,58.0,35.8,1,0,0,0.3333333333333333,0
2026-07-24 06:00:00,松山測站,臺北市,臺北市,松山測站,92.7,43.1,1,1,0,0.6666666666666666,1
2026-07-24 07:00:00,松山測站,臺北市,臺北市,松山測站,61.6,35.8,1,1,0,0.6666666666666666,1
2026-07-24 08:00:00,松山測站,臺北市,臺北市,松山測站,59.3,30.5,0,0,0,0.0,0
2026-07-24 09:00:00,松山測站,臺北市,臺北市,松山測站,60.5,36.0,1,0,0,0.3333333333333333,0
2026-07-24 10:00:00,松山測站,臺北市,臺北市,松山測站,52.4,35.9,1,0,0,0.3333333333333333,0
2026-07-24 11:00:00,松山測站,臺北市,臺北市,松山測站,57.7,33.5,0,0,0,0.0,0
2026-07-24 12:00:00,松山測站,臺北市,臺北市,松山測站,58.7,33.2,0,0,0,0.0,0
2026-07-24 13:00:00,松山測站,臺北市,臺北市,松山測站,45.7,26.3,0,0,0,0.0,0
2026-07-24 14:00:00,松山測站,臺北市,臺北市,松山測站,58.9,34.5,0,0,0,0.0,0
2026-07-24 15:00:00,松山測站,臺北市,臺北市,松山測站,41.9,27.4,0,0,0,0.0,0
2026-07-24 16:00:00,松山測站,臺北市,臺北市,松山測站,52.5,29.1,0,0,0,0.0,0
2026-07-24 17:00:00,松山測站,臺北市,臺北市,松山測站,52.7,31.2,0,0,0,0.0,0
2026-07-24 18:00:00,松山測站,臺北市,臺北市,松山測站,57.9,32.1,0,0,0,0.0,0
2026-07-24 19:00:00,松山測站,臺北市,臺北市,松山測站,63.1,32.7,0,0,0,0.0,0
2026-07-24 20:00:00,松山測站,臺北市,臺北市,松山測站,59.4,32.1,0,0,0,0.0,0
2026-07-24 21:00:00,松山測站,臺北市,臺北市,松山測站,47.6,29.8,0,0,0,0.0,0
2026-07-24 22:00:00,松山測站,臺北市,臺北市,松山測站,56.7,32.6,0,0,0,0.0,0
2026-07-24 23:00:00,松山測站,臺北市,臺北市,松山測站,51.6,31.1,0,1,0,0.3333333333333333,0
2026-07-25 00:00:00,松山測站,臺北市,臺北市,松山測站,36.6,24.5,0,0,0,0.0,0
2026-07-25 01:00:00,松山測站,臺北市,臺北市,松山測站,41.6,23.3,0,0,0,0.0,0
2026-07-25 02:00:00,松山測站,臺北市,臺北市,松山測站,48.6,30.8,0,0,0,0.0,0
2026-07-25 03:00:00,松山測站,臺北市,臺北市,松山測站,47.7,28.9,0,0,0,0.0,0
2026-07-25 04:00:00,松山測站,臺北市,臺北市,松山測站,46.2,28.5,0,0,0,0.0,0
2026-07-25 05:00:00,松山測站,臺北市,臺北市,松山測站,48.6,29.4,0,0,0,0.0,0
2026-07-25 06:00:00,松山測站,臺北市,臺北市,松山測站,46.9,27.2,0,0,0,0.0,0
2026-07-25 07:00:00,松山測站,臺北市,臺北市,松山測站,56.8,39.2,1,1,1,1.0,1
2026-07-25 08:00:00,松山測站,臺北市,臺北市,松山測站,34.5,28.3,0,1,1,0.6666666666666666,1
2026-07-25 09:00:00,松山測站,臺北市,臺北市,松山測站,43.1,29.7,0,0,0,0.0,0
2026-07-25 10:00:00,松山測站,臺北市,臺北市,松山測站,60.0,35.8,1,0,0,0.3333333333333333,0
2026-07-25 11:00:00,松山測站,臺北市,臺北市,松山測站,40.9,30.1,0,0,0,0.0,0
2026-07-25 12:00:00,松山測站,臺北市,臺北市,松山測站,47.3,30.5,0,0,0,0.0,0
2026-07-25 13:00:00,松山測站,臺北市,臺北市,松山測站,45.6,27.0,0,0,0,0.0,0
2026-07-25 14:00:00,松山測站,臺北市,臺北市,松山測站,45.1,23.9,0,0,0,0.0,0
2026-07-25 15:00:00,松山測站,臺北市,臺北市,松山測站,45.5,25.9,0,0,0,0.0,0
2026-07-25 16:00:00,松山測站,臺北市,臺北市,松山測站,51.1,29.5,0,0,0,0.0,0
2026-07-25 17:00:00,松山測站,臺北市,臺北市,松山測站,46.5,28.3,0,0,0,0.0,0
2026-07-25 18:00:00,松山測站,臺北市,臺北市,松山測站,59.2,32.7,0,0,0,0.0,0
2026-07-25 19:00:00,松山測站,臺北市,臺北市,松山測站,55.1,31.2,0,0,0,0.0,0
2026-07-25 20:00:00,松山測站,臺北市,臺北市,松山測站,70.0,35.2,1,0,0,0.3333333333333333,0
2026-07-25 21:00:00,松山測站,臺北市,臺北市,松山測站,51.8,34.5,0,0,0,0.0,0
2026-07-25 22:00:00,松山測站,臺北市,臺北市,松山測站,55.6,33.7,0,0,0,0.0,0
2026-06-26 03:00:00,板橋測站,新北市,新北市,板橋測站,62.5,30.4,0,0,0,0.0,0
2026-06-26 04:00:00,板橋測站,新北市,新北市,板橋測站,61.3,38.8,1,0,0,0.3333333333333333,0
2026-06-26 05:00:00,板橋測站,新北市,新北市,板橋測站,78.5,39.5,1,0,0,0.3333333333333333,0
2026-06-26 06:00:00,板橋測站,新北市,新北市,板橋測站,69.3,35.5,1,0,0,0.3333333333333333,0
2026-06-26 07:00:00,板橋測站,新北市,新北市,板橋測站,78.0,41.4,1,0,0,0.3333333333333333,0
2026-06-26 08:00:00,板橋測站,新北市,新北市,板橋測站,75.2,34.1,0,0,0,0.0,0
2026-06-26 09:00:00,板橋測站,新北市,新北市,板橋測站,73.7,36.1,1,0,0,0.3333333333333333,0
2026-06-26 10:00:00,板橋測站,新北市,新北市,板橋測站,76.7,36.1,1,0,0,0.3333333333333333,0
2026-06-26 11:00:00,板橋測站,新北市,新北市,板橋測站,76.1,40.5,1,0,0,0.3333333333333333,0
2026-06-26 12:00:00,板橋測站,新北市,新北市,板橋測站,70.6,32.6,0,0,0,0.0,0
2026-06-26 13:00:00,板橋測站,新北市,新北市,板橋測站,73.3,41.2,1,0,0,0.3333333333333333,0
2026-06-26 14:00:00,板橋測站,新北市,新北市,板橋測站,70.8,43.0,1,0,0,0.3333333333333333,0
2026-06-26 15:00:00,板橋測站,新北市,新北市,板橋測站,68.1,34.4,0,0,0,0.0,0
2026-06-26 16:00:00,板橋測站,新北市,新北市,板橋測站,77.5,43.3,1,0,0,0.3333333333333333,0
2026-06-26 17:00:00,板橋測站,新北市,新北市,板橋測站,86.3,44.3,1,0,0,0.3333333333333333,0
2026-06-26 18:00:00,板橋測站,新北市,新北市,板橋測站,77.8,37.7,1,0,0,0.3333333333333333,0
2026-06-26 19:00:00,板橋測站,新北市,新北市,板橋測站,77.0,35.9,1,0,0,0.3333333333333333,0
2026-06-26 20:00:00,板橋測站,新北市,新北市,板橋測站,77.0,39.4,1,0,0,0.3333333333333333,0
2026-06-26 21:00:00,板橋測站,新北市,新北市,板橋測站,85.3,36.9,1,0,0,0.3333333333333333,0
2026-06-26 22:00:00,板橋測站,新北市,新北市,板橋測站,72.5,35.3,1,0,0,0.3333333333333333,0
2026-06-26 23:00:00,板橋測站,新北市,新北市,板橋測站,70.2,38.7,1,0,0,0.3333333333333333,0
2026-06-27 00:00:00,板橋測站,新北市,新北市,板橋測站,65.6,33.1,0,0,0,0.0,0
2026-06-27 01:00:00,板橋測站,新北市,新北市,板橋測站,60.5,34.9,0,0,0,0.0,0
2026-06-27 02:00:00,板橋測站,新北市,新北市,板橋測站,69.6,36.5,1,0,0,0.3333333333333333,0
2026-06-27 03:00:00,板橋測站,新北市,新北市,板橋測站,64.0,35.9,1,0,0,0.3333333333333333,0
2026-06-27 04:00:00,板橋測站,新北市,新北市,板橋測站,59.8,30.2,0,0,0,0.0,0
2026-06-27 05:00:00,板橋測站,新北市,新北市,板橋測站,63.7,33.9,0,0,0,0.0,0
2026-06-27 06:00:00,板橋測站,新北市,新北市,板橋測站,63.2,30.8,0,0,0,0.0,0
2026-06-27 07:00:00,板橋測站,新北市,新北市,板橋測站,76.3,40.1,1,0,0,0.3333333333333333,0
2026-06-27 08:00:00,板橋測站,新北市,新北市,板橋測站,65.5,37.8,1,0,0,0.3333333333333333,0
2026-06-27 09:00:00,板橋測站,新北市,新北市,板橋測站,77.2,38.0,1,0,0,0.3333333333333333,0
2026-06-27 10:00:00,板橋測站,新北市,新北市,板橋測站,68.4,34.5,0,0,0,0.0,0
2026-06-27 11:00:00,板橋測站,新北市,新北市,板橋測站,62.9,33.2,0,0,0,0.0,0
2026-06-27 12:00:00,板橋測站,新北市,新北市,板橋測站,55.8,29.4,0,0,0,0.0,0
2026-06-27 13:00:00,板橋測站,新北市,新北市,板橋測站,58.5,32.8,0,0,0,0.0,0
2026-06-27 14:00:00,板橋測站,新北市,新北市,板橋測站,61.8,32.8,0,0,0,0.0,0
2026-06-27 15:00:00,板橋測站,新北市,新北市,板橋測站,68.0,38.5,1,0,0,0.3333333333333333,0
2026-06-27 16:00:00,板橋測站,新北市,新北市,板橋測站,67.7,28.5,0,0,0,0.0,0
2026-06-27 17:00:00,板橋測站,新北市,新北市,板橋測站,71.5,33.9,0,0,0,0.0,0
2026-06-27 18:00:00,板橋測站,新北市,新北市,板橋測站,71.7,33.3,0,0,0,0.0,0
2026-06-27 19:00:00,板橋測站,新北市,新北市,板橋測站,74.3,37.7,1,0,0,0.3333333333333333,0
2026-06-27 20:00:00,板橋測站,新北市,新北市,板橋測站,65.3,43.0,1,0,0,0.3333333333333333,0
2026-06-27 21:00:00,板橋測站,新北市,新北市,板橋測站,65.8,40.2,1,0,0,0.3333333333333333,0
2026-06-27 22:00:00,板橋測站,新北市,新北市,板橋測站,66.1,35.1,1,0,0,0.3333333333333333,0
2026-06-27 23:00:00,板橋測站,新北市,新北市,板橋測站,59.4,34.8,0,0,0,0.0,0
2026-06-28 00:00:00,板橋測站,新北市,新北市,板橋測站,58.6,38.4,1,0,0,0.3333333333333333,0
2026-06-28 01:00:00,板橋測站,新北市,新北市,板橋測站,56.4,31.5,0,0,0,0.0,0
2026-06-28 02:00:00,板橋測站,新北市,新北市,板橋測站,67.6,42.5,1,0,0,0.3333333333333333,0
2026-06-28 03:00:00,板橋測站,新北市,新北市,板橋測站,59.0,32.7,0,0,0,0.0,0
2026-06-28 04:00:00,板橋測站,新北市,新北市,板橋測站,65.7,30.2,0,0,0,0.0,0
2026-06-28 05:00:00,板橋測站,新北市,新北市,板橋測站,47.7,28.2,0,0,0,0.0,0
2026-06-28 06:00:00,板橋測站,新北市,新北市,板橋測站,65.0,35.8,1,0,0,0.3333333333333333,0
2026-06-28 07:00:00,板橋測站,新北市,新北市,板橋測站,65.2,35.2,1,0,0,0.3333333333333333,0
2026-06-28 08:00:00,板橋測站,新北市,新北市,板橋測站,69.7,36.1,1,0,0,0.3333333333333333,0
2026-06-28 09:00:00,板橋測站,新北市,新北市,板橋測站,63.8,38.9,1,0,0,0.3333333333333333,0
2026-06-28 10:00:00,板橋測站,新北市,新北市,板橋測站,67.2,34.0,0,0,0,0.0,0
2026-06-28 11:00:00,板橋測站,新北市,新北市,板橋測站,58.8,36.8,1,0,0,0.3333333333333333,0
2026-06-28 12:00:00,板橋測站,新北市,新北市,板橋測站,56.0,32.7,0,0,0,0.0,0
2026-06-28 13:00:00,板橋測站,新北市,新北市,板橋測站,53.8,36.6,1,0,0,0.3333333333333333,0
2026-06-28 14:00:00,板橋測站,新北市,新北市,板橋測站,55.5,35.5,1,0,0,0.3333333333333333,0
2026-06-28 15:00:00,板橋測站,新北市,新北市,板橋測站,52.9,29.7,0,0,0,0.0,0
2026-06-28 16:00:00,板橋測站,新北市,新北市,板橋測站,63.0,38.5,1,0,0,0.3333333333333333,0
2026-06-28 17:00:00,板橋測站,新北市,新北市,板橋測站,62.5,34.6,0,0,0,0.0,0
2026-06-28 18:00:00,板橋測站,新北市,新北市,板橋測站,67.0,32.6,0,0,0,0.0,0
2026-06-28 19:00:00,板橋測站,新北市,新北市,板橋測站,59.8,38.8,1,0,0,0.3333333333333333,0
2026-06-28 20:00:00,板橋測站,新北市,新北市,板橋測站,64.6,33.8,0,0,0,0.0,0
2026-06-28 21:00:00,板橋測站,新北市,新北市,板橋測站,47.9,30.4,0,0,0,0.0,0
2026-06-28 22:00:00,板橋測站,新北市,新北市,板橋測站,63.2,41.0,1,0,0,0.3333333333333333,0
2026-06-28 23:00:00,板橋測站,新北市,新北市,板橋測站,53.6,31.4,0,0,0,0.0,0
2026-06-29 00:00:00,板橋測站,新北市,新北市,板橋測站,66.4,36.4,1,0,0,0.3333333333333333,0
2026-06-29 01:00:00,板橋測站,新北市,新北市,板橋測站,65.2,35.7,1,0,0,0.3333333333333333,0
2026-06-29 02:00:00,板橋測站,新北市,新北市,板橋測站,60.5,33.8,0,0,0,0.0,0
2026-06-29 03:00:00,板橋測站,新北市,新北市,板橋測站,66.5,35.4,1,0,0,0.3333333333333333,0
2026-06-29 04:00:00,板橋測站,新北市,新北市,板橋測站,57.9,34.0,0,0,0,0.0,0
2026-06-29 05:00:00,板橋測站,新北市,新北市,板橋測站,64.0,41.7,1,0,0,0.3333333333333333,0
2026-06-29 06:00:00,板橋測站,新北市,新北市,板橋測站,65.8,35.6,1,0,0,0.3333333333333333,0
2026-06-29 07:00:00,板橋測站,新北市,新北市,板橋測站,75.3,33.6,0,0,0,0.0,0
2026-06-29 08:00:00,板橋測站,新北市,新北市,板橋測站,79.1,38.2,1,0,0,0.3333333333333333,0
2026-06-29 09:00:00,板橋測站,新北市,新北市,板橋測站,67.7,32.1,0,0,0,0.0,0
2026-06-29 10:00:00,板橋測站,新北市,新北市,板橋測站,72.4,37.6,1,0,0,0.3333333333333333,0
2026-06-29 11:00:00,板橋測站,新北市,新北市,板橋測站,69.5,36.4,1,0,0,0.3333333333333333,0
2026-06-29 12:00:00,板橋測站,新北市,新北市,板橋測站,62.9,31.7,0,0,0,0.0,0
2026-06-29 13:00:00,板橋測站,新北市,新北市,板橋測站,56.7,38.2,1,0,0,0.3333333333333333,0
2026-06-29 14:00:00,板橋測站,新北市,新北市,板橋測站,61.6,35.3,1,0,0,0.3333333333333333,0
2026-06-29 15:00:00,板橋測站,新北市,新北市,板橋測站,58.2,38.4,1,0,0,0.3333333333333333,0
2026-06-29 16:00:00,板橋測站,新北市,新北市,板橋測站,63.8,36.1,1,0,0,0.3333333333333333,0
2026-06-29 17:00:00,板橋測站,新北市,新北市,板橋測站,66.1,32.1,0,0,0,0.0,0
2026-06-29 18:00:00,板橋測站,新北市,新北市,板橋測站,67.5,33.2,0,0,0,0.0,0
2026-06-29 19:00:00,板橋測站,新北市,新北市,板橋測站,64.6,33.5,0,0,0,0.0,0
2026-06-29 20:00:00,板橋測站,新北市,新北市,板橋測站,59.3,31.9,0,0,0,0.0,0
2026-06-29 21:00:00,板橋測站,新北市,新北市,板橋測站,60.3,37.1,1,1,0,0.6666666666666666,1
2026-06-29 22:00:00,板橋測站,新北市,新北市,板橋測站,59.4,37.2,1,0,0,0.3333333333333333,0
2026-06-29 23:00:00,板橋測站,新北市,新北市,板橋測站,59.6,33.9,0,0,0,0.0,0
2026-06-30 00:00:00,板橋測站,新北市,新北市,板橋測站,62.3,37.2,1,0,0,0.3333333333333333,0
2026-06-30 01:00:00,板橋測站,新北市,新北市,板橋測站,63.5,28.2,0,0,0,0.0,0
2026-06-30 02:00:00,板橋測站,新北市,新北市,板橋測站,51.4,28.9,0,0,0,0.0,0
2026-06-30 03:00:00,板橋測站,新北市,新北市,板橋測站,55.4,33.2,0,0,0,0.0,0
2026-06-30 04:00:00,板橋測站,新北市,新北市,板橋測站,57.2,33.3,0,0,0,0.0,0
2026-06-30 05:00:00,板橋測站,新北市,新北市,板橋測站,60.5,29.3,0,0,0,0.0,0
2026-06-30 06:00:00,板橋測站,新北市,新北市,板橋測站,62.3,31.2,0,0,0,0.0,0
2026-06-30 07:00:00,板橋測站,新北市,新北市,板橋測站,71.2,31.8,1,0,0,0.3333333333333333,0
2026-06-30 08:00:00,板橋測站,新北市,新北市,板橋測站,69.5,35.6,1,0,0,0.3333333333333333,0
2026-06-30 09:00:00,板橋測站,新北市,新北市,板橋測站,72.6,41.1,1,0,0,0.3333333333333333,0
2026-06-30 10:00:00,板橋測站,新北市,新北市,板橋測站,69.5,35.8,1,0,0,0.3333333333333333,0
2026-06-30 11:00:00,板橋測站,新北市,新北市,板橋測站,64.9,33.7,0,0,0,0.0,0
2026-06-30 12:00:00,板橋測站,新北市,新北市,板橋測站,60.7,34.5,0,0,0,0.0,0
2026-06-30 13:00:00,板橋測站,新北市,新北市,板橋測站,56.8,33.3,0,0,0,0.0,0
2026-06-30 14:00:00,板橋測站,新北市,新北市,板橋測站,59.2,30.2,0,0,0,0.0,0
2026-06-30 15:00:00,板橋測站,新北市,新北市,板橋測站,66.4,35.2,1,0,0,0.3333333333333333,0
2026-06-30 16:00:00,板橋測站,新北市,新北市,板橋測站,61.9,29.9,0,0,0,0.0,0
2026-06-30 17:00:00,板橋測站,新北市,新北市,板橋測站,67.5,35.6,1,1,0,0.6666666666666666,1
2026-06-30 18:00:00,板橋測站,新北市,新北市,板橋測站,67.3,35.3,1,0,0,0.3333333333333333,0
2026-06-30 19:00:00,板橋測站,新北市,新北市,板橋測站,64.2,30.5,0,0,0,0.0,0
2026-06-30 20:00:00,板橋測站,新北市,新北市,板橋測站,70.8,32.4,0,0,0,0.0,0
2026-06-30 21:00:00,板橋測站,新北市,新北市,板橋測站,72.9,43.0,1,0,0,0.3333333333333333,0
2026-06-30 22:00:00,板橋測站,新北市,新北市,板橋測站,62.3,33.6,0,0,0,0.0,0
2026-06-30 23:00:00,板橋測站,新北市,新北市,板橋測站,57.9,33.9,0,0,0,0.0,0
2026-07-01 00:00:00,板橋測站,新北市,新北市,板橋測站,63.6,32.9,0,0,0,0.0,0
2026-07-01 01:00:00,板橋測站,新北市,新北市,板橋測站,70.6,40.3,1,0,0,0.3333333333333333,0
2026-07-01 02:00:00,板橋測站,新北市,新北市,板橋測站,72.5,32.2,0,0,0,0.0,0
2026-07-01 03:00:00,板橋測站,新北市,新北市,板橋測站,72.8,40.5,1,0,0,0.3333333333333333,0
2026-07-01 04:00:00,板橋測站,新北市,新北市,板橋測站,67.5,37.2,1,0,0,0.3333333333333333,0
2026-07-01 05:00:00,板橋測站,新北市,新北市,板橋測站,63.1,36.9,1,0,0,0.3333333333333333,0
2026-07-01 06:00:00,板橋測站,新北市,新北市,板橋測站,75.3,36.9,1,0,0,0.3333333333333333,0
2026-07-01 07:00:00,板橋測站,新北市,新北市,板橋測站,83.9,35.9,1,0,0,0.3333333333333333,0
2026-07-01 08:00:00,板橋測站,新北市,新北市,板橋測站,73.3,37.3,1,0,0,0.3333333333333333,0
2026-07-01 09:00:00,板橋測站,新北市,新北市,板橋測站,73.8,34.4,0,0,0,0.0,0
2026-07-01 10:00:00,板橋測站,新北市,新北市,板橋測站,73.8,35.5,1,0,0,0.3333333333333333,0
2026-07-01 11:00:00,板橋測站,新北市,新北市,板橋測站,76.5,36.9,1,0,0,0.3333333333333333,0
2026-07-01 12:00:00,板橋測站,新北市,新北市,板橋測站,63.6,37.6,1,0,0,0.3333333333333333,0
2026-07-01 13:00:00,板橋測站,新北市,新北市,板橋測站,67.6,34.6,0,0,0,0.0,0
2026-07-01 14:00:00,板橋測站,新北市,新北市,板橋測站,73.8,38.5,1,0,0,0.3333333333333333,0
2026-07-01 15:00:00,板橋測站,新北市,新北市,板橋測站,71.7,40.0,1,0,0,0.3333333333333333,0
2026-07-01 16:00:00,板橋測站,新北市,新北市,板橋測站,73.1,42.9,1,0,0,0.3333333333333333,0
2026-07-01 17:00:00,板橋測站,新北市,新北市,板橋測站,63.0,25.9,0,1,1,0.6666666666666666,1
2026-07-01 18:00:00,板橋測站,新北市,新北市,板橋測站,77.6,35.6,1,0,0,0.3333333333333333,0
2026-07-01 19:00:00,板橋測站,新北市,新北市,板橋測站,77.1,37.6,1,0,0,0.3333333333333333,0
2026-07-01 20:00:00,板橋測站,新北市,新北市,板橋測站,80.1,38.6,1,0,0,0.3333333333333333,0
2026-07-01 21:00:00,板橋測站,新北市,新北市,板橋測站,72.3,32.2,0,0,0,0.0,0
2026-07-01 22:00:00,板橋測站,新北市,新北市,板橋測站,64.7,35.4,1,0,0,0.3333333333333333,0
2026-07-01 23:00:00,板橋測站,新北市,新北市,板橋測站,64.7,35.8,1,0,0,0.3333333333333333,0
2026-07-02 00:00:00,板橋測站,新北市,新北市,板橋測站,70.8,34.5,0,0,0,0.0,0
2026-07-02 01:00:00,板橋測站,新北市,新北市,板橋測站,65.6,37.8,1,0,0,0.3333333333333333,0
2026-07-02 02:00:00,板橋測站,新北市,新北市,板橋測站,62.1,39.1,1,0,0,0.3333333333333333,0
2026-07-02 03:00:00,板橋測站,新北市,新北市,板橋測站,67.7,34.0,0,0,0,0.0,0
2026-07-02 04:00:00,板橋測站,新北市,新北市,板橋測站,67.4,34.0,0,0,0,0.0,0
2026-07-02 05:00:00,板橋測站,新北市,新北市,板橋測站,73.3,38.0,1,0,0,0.3333333333333333,0
2026-07-02 06:00:00,板橋測站,新北市,新北市,板橋測站,84.3,43.1,1,0,0,0.3333333333333333,0
2026-07-02 07:00:00,板橋測站,新北市,新北市,板橋測站,78.0,31.6,0,0,0,0.0,0
2026-07-02 08:00:00,板橋測站,新北市,新北市,板橋測站,74.5,45.1,1,1,0,0.6666666666666666,1
2026-07-02 09:00:00,板橋測站,新北市,新北市,板橋測站,69.5,38.4,1,0,0,0.3333333333333333,0
2026-07-02 10:00:00,板橋測站,新北市,新北市,板橋測站,68.8,33.3,0,0,0,0.0,0
2026-07-02 11:00:00,板橋測站,新北市,新北市,板橋測站,73.1,36.7,1,0,0,0.3333333333333333,0
2026-07-02 12:00:00,板橋測站,新北市,新北市,板橋測站,71.9,32.9,0,0,0,0.0,0
2026-07-02 13:00:00,板橋測站,新北市,新北市,板橋測站,61.3,33.7,0,0,0,0.0,0
2026-07-02 14:00:00,板橋測站,新北市,新北市,板橋測站,66.6,40.4,1,0,0,0.3333333333333333,0
2026-07-02 15:00:00,板橋測站,新北市,新北市,板橋測站,75.6,38.3,1,0,0,0.3333333333333333,0
2026-07-02 16:00:00,板橋測站,新北市,新北市,板橋測站,82.7,40.1,1,0,0,0.3333333333333333,0
2026-07-02 17:00:00,板橋測站,新北市,新北市,板橋測站,70.2,37.2,1,0,0,0.3333333333333333,0
2026-07-02 18:00:00,板橋測站,新北市,新北市,板橋測站,81.2,40.3,1,0,0,0.3333333333333333,0
2026-07-02 19:00:00,板橋測站,新北市,新北市,板橋測站,67.3,44.0,1,0,0,0.3333333333333333,0
2026-07-02 20:00:00,板橋測站,新北市,新北市,板橋測站,72.3,42.1,1,0,0,0.3333333333333333,0
2026-07-02 21:00:00,板橋測站,新北市,新北市,板橋測站,75.4,37.0,1,0,0,0.3333333333333333,0
2026-07-02 22:00:00,板橋測站,新北市,新北市,板橋測站,70.1,40.5,1,0,0,0.3333333333333333,0
2026-07-02 23:00:00,板橋測站,新北市,新北市,板橋測站,63.9,37.9,1,0,0,0.3333333333333333,0
2026-07-03 00:00:00,板橋測站,新北市,新北市,板橋測站,72.4,33.5,0,0,0,0.0,0
2026-07-03 01:00:00,板橋測站,新北市,新北市,板橋測站,71.1,36.5,1,0,0,0.3333333333333333,0
2026-07-03 02:00:00,板橋測站,新北市,新北市,板橋測站,70.7,40.5,1,0,0,0.3333333333333333,0
2026-07-03 03:00:00,板橋測站,新北市,新北市,板橋測站,58.6,35.9,1,0,0,0.3333333333333333,0
2026-07-03 04:00:00,板橋測站,新北市,新北市,板橋測站,62.1,32.6,0,0,0,0.0,0
2026-07-03 05:00:00,板橋測站,新北市,新北市,板橋測站,80.2,36.9,1,0,0,0.3333333333333333,0
2026-07-03 06:00:00,板橋測站,新北市,新北市,板橋測站,75.4,37.5,1,0,0,0.3333333333333333,0
2026-07-03 07:00:00,板橋測站,新北市,新北市,板橋測站,77.6,42.2,1,0,0,0.3333333333333333,0
2026-07-03 08:00:00,板橋測站,新北市,新北市,板橋測站,69.7,36.5,1,0,0,0.3333333333333333,0
2026-07-03 09:00:00,板橋測站,新北市,新北市,板橋測站,74.7,33.8,0,0,0,0.0,0
2026-07-03 10:00:00,板橋測站,新北市,新北市,板橋測站,76.6,39.7,1,0,0,0.3333333333333333,0
2026-07-03 11:00:00,板橋測站,新北市,新北市,板橋測站,67.2,36.7,1,0,0,0.3333333333333333,0
2026-07-03 12:00:00,板橋測站,新北市,新北市,板橋測站,58.5,37.1,1,0,0,0.3333333333333333,0
2026-07-03 13:00:00,板橋測站,新北市,新北市,板橋測站,67.4,38.7,1,0,0,0.3333333333333333,0
2026-07-03 14:00:00,板橋測站,新北市,新北市,板橋測站,67.6,34.2,0,0,0,0.0,0
2026-07-03 15:00:00,板橋測站,新北市,新北市,板橋測站,58.1,29.2,0,0,0,0.0,0
2026-07-03 16:00:00,板橋測站,新北市,新北市,板橋測站,67.0,33.7,0,0,0,0.0,0
2026-07-03 17:00:00,板橋測站,新北市,新北市,板橋測站,75.4,34.7,0,0,0,0.0,0
2026-07-03 18:00:00,板橋測站,新北市,新北市,板橋測站,69.4,40.0,1,0,0,0.3333333333333333,0
2026-07-03 19:00:00,板橋測站,新北市,新北市,板橋測站,71.6,39.9,1,0,0,0.3333333333333333,0
2026-07-03 20:00:00,板橋測站,新北市,新北市,板橋測站,65.2,40.7,1,0,0,0.3333333333333333,0
2026-07-03 21:00:00,板橋測站,新北市,新北市,板橋測站,61.6,36.4,1,0,0,0.3333333333333333,0
2026-07-03 22:00:00,板橋測站,新北市,新北市,板橋測站,64.8,31.2,0,0,0,0.0,0
2026-07-03 23:00:00,板橋測站,新北市,新北市,板橋測站,65.8,33.0,0,0,0,0.0,0
2026-07-04 00:00:00,板橋測站,新北市,新北市,板橋測站,59.9,32.6,0,0,0,0.0,0
2026-07-04 01:00:00,板橋測站,新北市,新北市,板橋測站,53.3,32.1,0,0,0,0.0,0
2026-07-04 02:00:00,板橋測站,新北市,新北市,板橋測站,51.1,32.1,0,0,0,0.0,0
2026-07-04 03:00:00,板橋測站,新北市,新北市,板橋測站,59.8,34.4,0,0,0,0.0,0
2026-07-04 04:00:00,板橋測站,新北市,新北市,板橋測站,50.8,24.5,0,0,0,0.0,0
2026-07-04 05:00:00,板橋測站,新北市,新北市,板橋測站,51.6,29.3,0,0,0,0.0,0
2026-07-04 06:00:00,板橋測站,新北市,新北市,板橋測站,63.9,40.4,1,0,0,0.3333333333333333,0
2026-07-04 07:00:00,板橋測站,新北市,新北市,板橋測站,61.2,36.3,1,0,0,0.3333333333333333,0
2026-07-04 08:00:00,板橋測站,新北市,新北市,板橋測站,62.0,28.5,0,0,0,0.0,0
2026-07-04 09:00:00,板橋測站,新北市,新北市,板橋測站,64.0,33.7,0,0,0,0.0,0
2026-07-04 10:00:00,板橋測站,新北市,新北市,板橋測站,58.9,38.2,1,0,0,0.3333333333333333,0
2026-07-04 11:00:00,板橋測站,新北市,新北市,板橋測站,49.4,28.7,0,0,0,0.0,0
2026-07-04 12:00:00,板橋測站,新北市,新北市,板橋測站,49.0,35.0,0,0,0,0.0,0
2026-07-04 13:00:00,板橋測站,新北市,新北市,板橋測站,50.2,29.8,0,0,0,0.0,0
2026-07-04 14:00:00,板橋測站,新北市,新北市,板橋測站,51.7,33.0,0,0,0,0.0,0
2026-07-04 15:00:00,板橋測站,新北市,新北市,板橋測站,50.6,23.8,0,0,0,0.0,0
2026-07-04 16:00:00,板橋測站,新北市,新北市,板橋測站,49.6,31.2,0,0,0,0.0,0
2026-07-04 17:00:00,板橋測站,新北市,新北市,板橋測站,59.7,34.9,0,0,0,0.0,0
2026-07-04 18:00:00,板橋測站,新北市,新北市,板橋測站,66.5,40.3,1,0,0,0.3333333333333333,0
2026-07-04 19:00:00,板橋測站,新北市,新北市,板橋測站,64.5,32.9,0,0,0,0.0,0
2026-07-04 20:00:00,板橋測站,新北市,新北市,板橋測站,62.4,38.4,1,0,0,0.3333333333333333,0
2026-07-04 21:00:00,板橋測站,新北市,新北市,板橋測站,55.2,37.6,1,0,0,0.3333333333333333,0
2026-07-04 22:00:00,板橋測站,新北市,新北市,板橋測站,47.5,31.8,0,0,0,0.0,0
2026-07-04 23:00:00,板橋測站,新北市,新北市,板橋測站,52.4,30.7,0,0,0,0.0,0
2026-07-05 00:00:00,板橋測站,新北市,新北市,板橋測站,47.1,30.7,0,0,0,0.0,0
2026-07-05 01:00:00,板橋測站,新北市,新北市,板橋測站,54.9,32.6,0,0,0,0.0,0
2026-07-05 02:00:00,板橋測站,新北市,新北市,板橋測站,57.8,33.1,0,0,0,0.0,0
2026-07-05 03:00:00,板橋測站,新北市,新北市,板橋測站,50.3,32.8,0,0,0,0.0,0
2026-07-05 04:00:00,板橋測站,新北市,新北市,板橋測站,45.4,31.8,0,0,0,0.0,0
2026-07-05 05:00:00,板橋測站,新北市,新北市,板橋測站,46.0,23.1,0,0,0,0.0,0
2026-07-05 06:00:00,板橋測站,新北市,新北市,板橋測站,59.3,36.0,1,1,1,1.0,1
2026-07-05 07:00:00,板橋測站,新北市,新北市,板橋測站,63.5,44.6,1,0,0,0.3333333333333333,0
2026-07-05 08:00:00,板橋測站,新北市,新北市,板橋測站,60.3,30.3,0,1,0,0.3333333333333333,0
2026-07-05 09:00:00,板橋測站,新北市,新北市,板橋測站,65.1,36.0,1,0,0,0.3333333333333333,0
2026-07-05 10:00:00,板橋測站,新北市,新北市,板橋測站,60.0,35.6,1,0,0,0.3333333333333333,0
2026-07-05 11:00:00,板橋測站,新北市,新北市,板橋測站,56.2,37.3,1,0,0,0.3333333333333333,0
2026-07-05 12:00:00,板橋測站,新北市,新北市,板橋測站,52.3,32.3,0,0,0,0.0,0
2026-07-05 13:00:00,板橋測站,新北市,新北市,板橋測站,44.4,34.0,0,0,0,0.0,0
2026-07-05 14:00:00,板橋測站,新北市,新北市,板橋測站,60.2,34.8,0,0,0,0.0,0
2026-07-05 15:00:00,板橋測站,新北市,新北市,板橋測站,61.3,35.5,1,0,0,0.3333333333333333,0
2026-07-05 16:00:00,板橋測站,新北市,新北市,板橋測站,53.9,38.5,1,0,0,0.3333333333333333,0
2026-07-05 17:00:00,板橋測站,新北市,新北市,板橋測站,59.1,38.2,1,0,0,0.3333333333333333,0
2026-07-05 18:00:00,板橋測站,新北市,新北市,板橋測站,65.5,33.2,0,0,0,0.0,0
2026-07-05 19:00:00,板橋測站,新北市,新北市,板橋測站,53.9,31.8,0,0,0,0.0,0
2026-07-05 20:00:00,板橋測站,新北市,新北市,板橋測站,62.1,33.8,0,0,0,0.0,0
2026-07-05 21:00:00,板橋測站,新北市,新北市,板橋測站,65.3,35.3,1,0,0,0.3333333333333333,0
2026-07-05 22:00:00,板橋測站,新北市,新北市,板橋測站,54.0,29.6,0,0,0,0.0,0
2026-07-05 23:00:00,板橋測站,新北市,新北市,板橋測站,51.7,30.8,0,0,0,0.0,0
2026-07-06 00:00:00,板橋測站,新北市,新北市,板橋測站,68.9,39.6,1,0,0,0.3333333333333333,0
2026-07-06 01:00:00,板橋測站,新北市,新北市,板橋測站,59.3,33.4,0,0,0,0.0,0
2026-07-06 02:00:00,板橋測站,新北市,新北市,板橋測站,65.9,36.6,1,0,0,0.3333333333333333,0
2026-07-06 03:00:00,板橋測站,新北市,新北市,板橋測站,68.6,34.6,0,0,0,0.0,0
2026-07-06 04:00:00,板橋測站,新北市,新北市,板橋測站,63.4,35.5,1,0,0,0.3333333333333333,0
2026-07-06 05:00:00,板橋測站,新北市,新北市,板橋測站,72.3,41.8,1,0,0,0.3333333333333333,0
2026-07-06 06:00:00,板橋測站,新北市,新北市,板橋測站,63.9,31.4,0,0,0,0.0,0
2026-07-06 07:00:00,板橋測站,新北市,新北市,板橋測站,82.5,41.8,1,0,0,0.3333333333333333,0
2026-07-06 08:00:00,板橋測站,新北市,新北市,板橋測站,72.3,40.6,1,0,0,0.3333333333333333,0
2026-07-06 09:00:00,板橋測站,新北市,新北市,板橋測站,77.9,31.3,0,0,0,0.0,0
2026-07-06 10:00:00,板橋測站,新北市,新北市,板橋測站,73.0,31.4,0,0,0,0.0,0
2026-07-06 11:00:00,板橋測站,新北市,新北市,板橋測站,59.2,34.6,0,0,0,0.0,0
2026-07-06 12:00:00,板橋測站,新北市,新北市,板橋測站,60.1,35.2,1,0,0,0.3333333333333333,0
2026-07-06 13:00:00,板橋測站,新北市,新北市,板橋測站,61.8,42.5,1,0,0,0.3333333333333333,0
2026-07-06 14:00:00,板橋測站,新北市,新北市,板橋測站,67.3,32.8,0,0,0,0.0,0
2026-07-06 15:00:00,板橋測站,新北市,新北市,板橋測站,62.9,34.6,0,0,0,0.0,0
2026-07-06 16:00:00,板橋測站,新北市,新北市,板橋測站,69.2,38.3,1,0,0,0.3333333333333333,0
2026-07-06 17:00:00,板橋測站,新北市,新北市,板橋測站,78.3,39.1,1,0,0,0.3333333333333333,0
2026-07-06 18:00:00,板橋測站,新北市,新北市,板橋測站,63.8,37.3,1,0,0,0.3333333333333333,0
2026-07-06 19:00:00,板橋測站,新北市,新北市,板橋測站,84.6,37.1,1,1,0,0.6666666666666666,1
2026-07-06 20:00:00,板橋測站,新北市,新北市,板橋測站,84.9,41.2,1,0,0,0.3333333333333333,0
2026-07-06 21:00:00,板橋測站,新北市,新北市,板橋測站,70.6,37.0,1,0,0,0.3333333333333333,0
2026-07-06 22:00:00,板橋測站,新北市,新北市,板橋測站,71.9,32.8,0,0,0,0.0,0
2026-07-06 23:00:00,板橋測站,新北市,新北市,板橋測站,65.2,36.2,1,0,0,0.3333333333333333,0
2026-07-07 00:00:00,板橋測站,新北市,新北市,板橋測站,66.6,32.3,0,0,0,0.0,0
2026-07-07 01:00:00,板橋測站,新北市,新北市,板橋測站,67.5,36.1,1,0,0,0.3333333333333333,0
2026-07-07 02:00:00,板橋測站,新北市,新北市,板橋測站,72.4,35.6,1,0,0,0.3333333333333333,0
2026-07-07 03:00:00,板橋測站,新北市,新北市,板橋測站,61.9,30.7,0,0,0,0.0,0
2026-07-07 04:00:00,板橋測站,新北市,新北市,板橋測站,65.9,31.9,0,0,0,0.0,0
2026-07-07 05:00:00,板橋測站,新北市,新北市,板橋測站,68.9,34.3,0,0,0,0.0,0
2026-07-07 06:00:00,板橋測站,新北市,新北市,板橋測站,73.7,37.2,1,0,0,0.3333333333333333,0
2026-07-07 07:00:00,板橋測站,新北市,新北市,板橋測站,90.3,41.6,1,0,0,0.3333333333333333,0
2026-07-07 08:00:00,板橋測站,新北市,新北市,板橋測站,76.8,32.6,0,0,0,0.0,0
2026-07-07 09:00:00,板橋測站,新北市,新北市,板橋測站,75.2,36.4,1,0,0,0.3333333333333333,0
2026-07-07 10:00:00,板橋測站,新北市,新北市,板橋測站,75.9,37.8,1,0,0,0.3333333333333333,0
2026-07-07 11:00:00,板橋測站,新北市,新北市,板橋測站,79.6,39.0,1,0,0,0.3333333333333333,0
2026-07-07 12:00:00,板橋測站,新北市,新北市,板橋測站,68.5,29.9,0,0,0,0.0,0
2026-07-07 13:00:00,板橋測站,新北市,新北市,板橋測站,72.3,34.9,0,0,0,0.0,0
2026-07-07 14:00:00,板橋測站,新北市,新北市,板橋測站,69.3,41.8,1,0,0,0.3333333333333333,0
2026-07-07 15:00:00,板橋測站,新北市,新北市,板橋測站,67.5,37.3,1,0,0,0.3333333333333333,0
2026-07-07 16:00:00,板橋測站,新北市,新北市,板橋測站,71.1,45.0,1,0,0,0.3333333333333333,0
2026-07-07 17:00:00,板橋測站,新北市,新北市,板橋測站,77.9,39.7,1,0,0,0.3333333333333333,0
2026-07-07 18:00:00,板橋測站,新北市,新北市,板橋測站,78.1,36.4,1,0,0,0.3333333333333333,0
2026-07-07 19:00:00,板橋測站,新北市,新北市,板橋測站,72.1,40.8,1,0,0,0.3333333333333333,0
2026-07-07 20:00:00,板橋測站,新北市,新北市,板橋測站,77.3,37.1,1,0,0,0.3333333333333333,0
2026-07-07 21:00:00,板橋測站,新北市,新北市,板橋測站,73.3,38.5,1,0,0,0.3333333333333333,0
2026-07-07 22:00:00,板橋測站,新北市,新北市,板橋測站,69.8,41.7,1,0,0,0.3333333333333333,0
2026-07-07 23:00:00,板橋測站,新北市,新北市,板橋測站,52.6,29.7,0,1,0,0.3333333333333333,0
2026-07-08 00:00:00,板橋測站,新北市,新北市,板橋測站,64.7,35.9,1,0,0,0.3333333333333333,0
2026-07-08 01:00:00,板橋測站,新北市,新北市,板橋測站,72.4,39.0,1,0,0,0.3333333333333333,0
2026-07-08 02:00:00,板橋測站,新北市,新北市,板橋測站,73.9,39.9,1,0,0,0.3333333333333333,0
2026-07-08 03:00:00,板橋測站,新北市,新北市,板橋測站,68.7,43.9,1,0,0,0.3333333333333333,0
2026-07-08 04:00:00,板橋測站,新北市,新北市,板橋測站,71.3,38.9,1,0,0,0.3333333333333333,0
2026-07-08 05:00:00,板橋測站,新北市,新北市,板橋測站,61.2,32.8,0,0,0,0.0,0
2026-07-08 06:00:00,板橋測站,新北市,新北市,板橋測站,64.9,39.6,1,0,0,0.3333333333333333,0
2026-07-08 07:00:00,板橋測站,新北市,新北市,板橋測站,73.9,39.9,1,0,0,0.3333333333333333,0
2026-07-08 08:00:00,板橋測站,新北市,新北市,板橋測站,69.2,38.9,1,0,0,0.3333333333333333,0
2026-07-08 09:00:00,板橋測站,新北市,新北市,板橋測站,80.1,43.2,1,0,0,0.3333333333333333,0
2026-07-08 10:00:00,板橋測站,新北市,新北市,板橋測站,72.9,39.4,1,0,0,0.3333333333333333,0
2026-07-08 11:00:00,板橋測站,新北市,新北市,板橋測站,68.3,39.3,1,0,0,0.3333333333333333,0
2026-07-08 12:00:00,板橋測站,新北市,新北市,板橋測站,65.8,35.3,1,0,0,0.3333333333333333,0
2026-07-08 13:00:00,板橋測站,新北市,新北市,板橋測站,63.4,34.6,0,0,0,0.0,0
2026-07-08 14:00:00,板橋測站,新北市,新北市,板橋測站,63.7,31.9,0,0,0,0.0,0
2026-07-08 15:00:00,板橋測站,新北市,新北市,板橋測站,67.9,32.6,0,0,0,0.0,0
2026-07-08 16:00:00,板橋測站,新北市,新北市,板橋測站,70.0,38.4,1,0,0,0.3333333333333333,0
2026-07-08 17:00:00,板橋測站,新北市,新北市,板橋測站,73.1,42.7,1,0,0,0.3333333333333333,0
2026-07-08 18:00:00,板橋測站,新北市,新北市,板橋測站,65.7,35.9,1,0,0,0.3333333333333333,0
2026-07-08 19:00:00,板橋測站,新北市,新北市,板橋測站,63.9,35.6,1,0,0,0.3333333333333333,0
2026-07-08 20:00:00,板橋測站,新北市,新北市,板橋測站,60.2,35.7,1,0,0,0.3333333333333333,0
2026-07-08 21:00:00,板橋測站,新北市,新北市,板橋測站,59.2,39.5,1,0,0,0.3333333333333333,0
2026-07-08 22:00:00,板橋測站,新北市,新北市,板橋測站,63.7,35.0,0,0,0,0.0,0
2026-07-08 23:00:00,板橋測站,新北市,新北市,板橋測站,62.1,35.5,1,0,0,0.3333333333333333,0
2026-07-09 00:00:00,板橋測站,新北市,新北市,板橋測站,60.3,31.1,0,0,0,0.0,0
2026-07-09 01:00:00,板橋測站,新北市,新北市,板橋測站,57.9,34.4,0,0,0,0.0,0
2026-07-09 02:00:00,板橋測站,新北市,新北市,板橋測站,58.5,34.4,0,0,0,0.0,0
2026-07-09 03:00:00,板橋測站,新北市,新北市,板橋測站,61.1,36.0,1,0,0,0.3333333333333333,0
2026-07-09 04:00:00,板橋測站,新北市,新北市,板橋測站,62.7,36.3,1,0,0,0.3333333333333333,0
2026-07-09 05:00:00,板橋測站,新北市,新北市,板橋測站,55.9,35.7,1,0,0,0.3333333333333333,0
2026-07-09 06:00:00,板橋測站,新北市,新北市,板橋測站,67.2,33.5,0,0,0,0.0,0
2026-07-09 07:00:00,板橋測站,新北市,新北市,板橋測站,70.7,37.9,1,0,0,0.3333333333333333,0
2026-07-09 08:00:00,板橋測站,新北市,新北市,板橋測站,63.0,35.5,1,0,0,0.3333333333333333,0
2026-07-09 09:00:00,板橋測站,新北市,新北市,板橋測站,77.7,40.2,1,0,0,0.3333333333333333,0
2026-07-09 10:00:00,板橋測站,新北市,新北市,板橋測站,62.5,35.7,1,0,0,0.3333333333333333,0
2026-07-09 11:00:00,板橋測站,新北市,新北市,板橋測站,66.4,35.7,1,0,0,0.3333333333333333,0
2026-07-09 12:00:00,板橋測站,新北市,新北市,板橋測站,52.0,30.7,0,0,0,0.0,0
2026-07-09 13:00:00,板橋測站,新北市,新北市,板橋測站,59.0,33.1,0,0,0,0.0,0
2026-07-09 14:00:00,板橋測站,新北市,新北市,板橋測站,69.0,36.8,1,0,0,0.3333333333333333,0
2026-07-09 15:00:00,板橋測站,新北市,新北市,板橋測站,57.6,32.3,0,0,0,0.0,0
2026-07-09 16:00:00,板橋測站,新北市,新北市,板橋測站,62.3,37.7,1,0,0,0.3333333333333333,0
2026-07-09 17:00:00,板橋測站,新北市,新北市,板橋測站,73.0,35.2,1,0,0,0.3333333333333333,0
2026-07-09 18:00:00,板橋測站,新北市,新北市,板橋測站,64.9,33.4,0,0,0,0.0,0
2026-07-09 19:00:00,板橋測站,新北市,新北市,板橋測站,60.0,36.7,1,0,0,0.3333333333333333,0
2026-07-09 20:00:00,板橋測站,新北市,新北市,板橋測站,63.7,30.3,0,0,0,0.0,0
2026-07-09 21:00:00,板橋測站,新北市,新北市,板橋測站,63.7,34.4,0,0,0,0.0,0
2026-07-09 22:00:00,板橋測站,新北市,新北市,板橋測站,59.7,37.9,1,0,0,0.3333333333333333,0
2026-07-09 23:00:00,板橋測站,新北市,新北市,板橋測站,57.9,34.5,0,0,0,0.0,0
2026-07-10 00:00:00,板橋測站,新北市,新北市,板橋測站,61.9,34.6,0,0,0,0.0,0
2026-07-10 01:00:00,板橋測站,新北市,新北市,板橋測站,64.1,37.6,1,0,0,0.3333333333333333,0
2026-07-10 02:00:00,板橋測站,新北市,新北市,板橋測站,55.9,34.4,0,0,0,0.0,0
2026-07-10 03:00:00,板橋測站,新北市,新北市,板橋測站,50.9,31.5,0,0,0,0.0,0
2026-07-10 04:00:00,板橋測站,新北市,新北市,板橋測站,60.5,33.0,0,0,0,0.0,0
2026-07-10 05:00:00,板橋測站,新北市,新北市,板橋測站,54.1,33.1,0,0,0,0.0,0
2026-07-10 06:00:00,板橋測站,新北市,新北市,板橋測站,63.6,34.2,0,0,0,0.0,0
2026-07-10 07:00:00,板橋測站,新北市,新北市,板橋測站,66.2,35.2,1,0,0,0.3333333333333333,0
2026-07-10 08:00:00,板橋測站,新北市,新北市,板橋測站,66.5,31.6,0,0,0,0.0,0
2026-07-10 09:00:00,板橋測站,新北市,新北市,板橋測站,62.8,34.0,0,0,0,0.0,0
2026-07-10 10:00:00,板橋測站,新北市,新北市,板橋測站,65.5,36.9,1,0,0,0.3333333333333333,0
2026-07-10 11:00:00,板橋測站,新北市,新北市,板橋測站,61.6,42.2,1,0,0,0.3333333333333333,0
2026-07-10 12:00:00,板橋測站,新北市,新北市,板橋測站,60.8,32.9,0,0,0,0.0,0
2026-07-10 13:00:00,板橋測站,新北市,新北市,板橋測站,59.0,37.0,1,0,0,0.3333333333333333,0
2026-07-10 14:00:00,板橋測站,新北市,新北市,板橋測站,62.5,35.7,1,0,0,0.3333333333333333,0
2026-07-10 15:00:00,板橋測站,新北市,新北市,板橋測站,63.0,33.6,0,0,0,0.0,0
2026-07-10 16:00:00,板橋測站,新北市,新北市,板橋測站,67.3,36.2,1,0,0,0.3333333333333333,0
2026-07-10 17:00:00,板橋測站,新北市,新北市,板橋測站,60.2,35.7,1,0,0,0.3333333333333333,0
2026-07-10 18:00:00,板橋測站,新北市,新北市,板橋測站,65.9,32.2,0,0,0,0.0,0
2026-07-10 19:00:00,板橋測站,新北市,新北市,板橋測站,66.3,33.5,0,0,0,0.0,0
2026-07-10 20:00:00,板橋測站,新北市,新北市,板橋測站,68.6,35.6,1,0,0,0.3333333333333333,0
2026-07-10 21:00:00,板橋測站,新北市,新北市,板橋測站,74.5,33.9,1,0,0,0.3333333333333333,0
2026-07-10 22:00:00,板橋測站,新北市,新北市,板橋測站,64.3,34.4,0,0,0,0.0,0
2026-07-10 23:00:00,板橋測站,新北市,新北市,板橋測站,62.1,37.3,1,0,0,0.3333333333333333,0
2026-07-11 00:00:00,板橋測站,新北市,新北市,板橋測站,56.6,38.1,1,0,0,0.3333333333333333,0
2026-07-11 01:00:00,板橋測站,新北市,新北市,板橋測站,57.3,31.5,0,0,0,0.0,0
2026-07-11 02:00:00,板橋測站,新北市,新北市,板橋測站,55.7,35.0,0,0,0,0.0,0
2026-07-11 03:00:00,板橋測站,新北市,新北市,板橋測站,50.9,32.6,0,0,0,0.0,0
2026-07-11 04:00:00,板橋測站,新北市,新北市,板橋測站,58.8,35.9,1,0,0,0.3333333333333333,0
2026-07-11 05:00:00,板橋測站,新北市,新北市,板橋測站,63.9,35.6,1,1,0,0.6666666666666666,1
2026-07-11 06:00:00,板橋測站,新北市,新北市,板橋測站,57.1,34.4,0,0,0,0.0,0
2026-07-11 07:00:00,板橋測站,新北市,新北市,板橋測站,61.5,33.1,0,0,0,0.0,0
2026-07-11 08:00:00,板橋測站,新北市,新北市,板橋測站,74.2,39.7,1,0,0,0.3333333333333333,0
2026-07-11 09:00:00,板橋測站,新北市,新北市,板橋測站,68.7,40.1,1,0,0,0.3333333333333333,0
2026-07-11 10:00:00,板橋測站,新北市,新北市,板橋測站,58.3,32.3,0,0,0,0.0,0
2026-07-11 11:00:00,板橋測站,新北市,新北市,板橋測站,68.9,36.7,1,0,0,0.3333333333333333,0
2026-07-11 12:00:00,板橋測站,新北市,新北市,板橋測站,66.9,34.1,0,0,0,0.0,0
2026-07-11 13:00:00,板橋測站,新北市,新北市,板橋測站,59.1,31.6,0,0,0,0.0,0
2026-07-11 14:00:00,板橋測站,新北市,新北市,板橋測站,53.8,29.0,0,0,0,0.0,0
2026-07-11 15:00:00,板橋測站,新北市,新北市,板橋測站,54.5,33.1,0,0,0,0.0,0
2026-07-11 16:00:00,板橋測站,新北市,新北市,板橋測站,64.9,33.5,0,0,0,0.0,0
2026-07-11 17:00:00,板橋測站,新北市,新北市,板橋測站,71.5,37.6,1,0,0,0.3333333333333333,0
2026-07-11 18:00:00,板橋測站,新北市,新北市,板橋測站,62.2,29.7,0,0,0,0.0,0
2026-07-11 19:00:00,板橋測站,新北市,新北市,板橋測站,70.5,28.8,0,0,0,0.0,0
2026-07-11 20:00:00,板橋測站,新北市,新北市,板橋測站,59.5,38.8,1,0,0,0.3333333333333333,0
2026-07-11 21:00:00,板橋測站,新北市,新北市,板橋測站,67.0,35.0,0,0,0,0.0,0
2026-07-11 22:00:00,板橋測站,新北市,新北市,板橋測站,59.1,33.4,0,0,0,0.0,0
2026-07-11 23:00:00,板橋測站,新北市,新北市,板橋測站,70.7,35.6,1,0,0,0.3333333333333333,0
2026-07-12 00:00:00,板橋測站,新北市,新北市,板橋測站,60.0,34.1,0,0,0,0.0,0
2026-07-12 01:00:00,板橋測站,新北市,新北市,板橋測站,53.1,32.4,0,0,0,0.0,0
2026-07-12 02:00:00,板橋測站,新北市,新北市,板橋測站,54.1,34.6,0,0,0,0.0,0
2026-07-12 03:00:00,板橋測站,新北市,新北市,板橋測站,61.1,27.4,0,0,0,0.0,0
2026-07-12 04:00:00,板橋測站,新北市,新北市,板橋測站,72.3,33.1,0,0,0,0.0,0
2026-07-12 05:00:00,板橋測站,新北市,新北市,板橋測站,62.6,31.6,0,0,0,0.0,0
2026-07-12 06:00:00,板橋測站,新北市,新北市,板橋測站,75.3,42.5,1,0,0,0.3333333333333333,0
2026-07-12 07:00:00,板橋測站,新北市,新北市,板橋測站,69.6,34.3,0,0,0,0.0,0
2026-07-12 08:00:00,板橋測站,新北市,新北市,板橋測站,72.9,35.8,1,0,0,0.3333333333333333,0
2026-07-12 09:00:00,板橋測站,新北市,新北市,板橋測站,74.8,41.8,1,0,0,0.3333333333333333,0
2026-07-12 10:00:00,板橋測站,新北市,新北市,板橋測站,60.8,36.3,1,0,0,0.3333333333333333,0
2026-07-12 11:00:00,板橋測站,新北市,新北市,板橋測站,68.3,31.8,0,0,0,0.0,0
2026-07-12 12:00:00,板橋測站,新北市,新北市,板橋測站,61.5,31.5,0,0,0,0.0,0
2026-07-12 13:00:00,板橋測站,新北市,新北市,板橋測站,62.2,33.5,0,0,0,0.0,0
2026-07-12 14:00:00,板橋測站,新北市,新北市,板橋測站,71.0,40.2,1,1,0,0.6666666666666666,1
2026-07-12 15:00:00,板橋測站,新北市,新北市,板橋測站,70.4,41.7,1,0,0,0.3333333333333333,0
2026-07-12 16:00:00,板橋測站,新北市,新北市,板橋測站,73.8,40.6,1,0,0,0.3333333333333333,0
2026-07-12 17:00:00,板橋測站,新北市,新北市,板橋測站,68.8,32.7,0,0,0,0.0,0
2026-07-12 18:00:00,板橋測站,新北市,新北市,板橋測站,68.9,35.6,1,0,0,0.3333333333333333,0
2026-07-12 19:00:00,板橋測站,新北市,新北市,板橋測站,63.7,40.2,1,0,0,0.3333333333333333,0
2026-07-12 20:00:00,板橋測站,新北市,新北市,板橋測站,55.8,34.0,0,0,0,0.0,0
2026-07-12 21:00:00,板橋測站,新北市,新北市,板橋測站,67.3,28.0,0,0,0,0.0,0
2026-07-12 22:00:00,板橋測站,新北市,新北市,板橋測站,68.6,36.8,1,0,0,0.3333333333333333,0
2026-07-12 23:00:00,板橋測站,新北市,新北市,板橋測站,62.5,33.1,0,0,0,0.0,0
2026-07-13 00:00:00,板橋測站,新北市,新北市,板橋測站,73.7,37.1,1,0,0,0.3333333333333333,0
2026-07-13 01:00:00,板橋測站,新北市,新北市,板橋測站,76.6,39.7,1,0,0,0.3333333333333333,0
2026-07-13 02:00:00,板橋測站,新北市,新北市,板橋測站,66.0,43.1,1,0,0,0.3333333333333333,0
2026-07-13 03:00:00,板橋測站,新北市,新北市,板橋測站,60.7,32.9,0,0,0,0.0,0
2026-07-13 04:00:00,板橋測站,新北市,新北市,板橋測站,70.4,47.2,1,1,0,0.6666666666666666,1
2026-07-13 05:00:00,板橋測站,新北市,新北市,板橋測站,70.0,35.4,1,1,0,0.6666666666666666,1
2026-07-13 06:00:00,板橋測站,新北市,新北市,板橋測站,73.0,40.7,1,0,0,0.3333333333333333,0
2026-07-13 07:00:00,板橋測站,新北市,新北市,板橋測站,78.6,30.9,0,0,0,0.0,0
2026-07-13 08:00:00,板橋測站,新北市,新北市,板橋測站,73.5,35.6,1,0,0,0.3333333333333333,0
2026-07-13 09:00:00,板橋測站,新北市,新北市,板橋測站,71.0,35.3,1,0,0,0.3333333333333333,0
2026-07-13 10:00:00,板橋測站,新北市,新北市,板橋測站,66.9,32.0,0,0,0,0.0,0
2026-07-13 11:00:00,板橋測站,新北市,新北市,板橋測站,62.1,35.4,1,0,0,0.3333333333333333,0
2026-07-13 12:00:00,板橋測站,新北市,新北市,板橋測站,66.5,38.5,1,0,0,0.3333333333333333,0
2026-07-13 13:00:00,板橋測站,新北市,新北市,板橋測站,62.9,32.6,0,0,0,0.0,0
2026-07-13 14:00:00,板橋測站,新北市,新北市,板橋測站,61.0,34.5,0,0,0,0.0,0
2026-07-13 15:00:00,板橋測站,新北市,新北市,板橋測站,60.4,34.0,0,0,0,0.0,0
2026-07-13 16:00:00,板橋測站,新北市,新北市,板橋測站,58.9,35.2,1,0,0,0.3333333333333333,0
2026-07-13 17:00:00,板橋測站,新北市,新北市,板橋測站,70.6,36.4,1,0,0,0.3333333333333333,0
2026-07-13 18:00:00,板橋測站,新北市,新北市,板橋測站,67.7,40.1,1,0,0,0.3333333333333333,0
2026-07-13 19:00:00,板橋測站,新北市,新北市,板橋測站,65.1,34.5,0,0,0,0.0,0
2026-07-13 20:00:00,板橋測站,新北市,新北市,板橋測站,78.5,39.5,1,0,0,0.3333333333333333,0
2026-07-13 21:00:00,板橋測站,新北市,新北市,板橋測站,68.9,41.3,1,0,0,0.3333333333333333,0
2026-07-13 22:00:00,板橋測站,新北市,新北市,板橋測站,58.7,28.2,0,1,0,0.3333333333333333,0
2026-07-13 23:00:00,板橋測站,新北市,新北市,板橋測站,70.9,33.8,0,0,0,0.0,0
2026-07-14 00:00:00,板橋測站,新北市,新北市,板橋測站,54.5,36.5,1,0,0,0.3333333333333333,0
2026-07-14 01:00:00,板橋測站,新北市,新北市,板橋測站,51.9,38.7,1,0,0,0.3333333333333333,0
2026-07-14 02:00:00,板橋測站,新北市,新北市,板橋測站,59.8,31.6,0,0,0,0.0,0
2026-07-14 03:00:00,板橋測站,新北市,新北市,板橋測站,60.9,35.0,0,0,0,0.0,0
2026-07-14 04:00:00,板橋測站,新北市,新北市,板橋測站,58.4,34.5,0,0,0,0.0,0
2026-07-14 05:00:00,板橋測站,新北市,新北市,板橋測站,59.7,33.9,0,0,0,0.0,0
2026-07-14 06:00:00,板橋測站,新北市,新北市,板橋測站,59.6,30.5,0,0,0,0.0,0
2026-07-14 07:00:00,板橋測站,新北市,新北市,板橋測站,75.0,33.8,0,0,0,0.0,0
2026-07-14 08:00:00,板橋測站,新北市,新北市,板橋測站,69.2,36.0,1,0,0,0.3333333333333333,0
2026-07-14 09:00:00,板橋測站,新北市,新北市,板橋測站,59.2,33.7,0,0,0,0.0,0
2026-07-14 10:00:00,板橋測站,新北市,新北市,板橋測站,63.4,32.1,0,0,0,0.0,0
2026-07-14 11:00:00,板橋測站,新北市,新北市,板橋測站,54.4,34.1,0,0,0,0.0,0
2026-07-14 12:00:00,板橋測站,新北市,新北市,板橋測站,60.0,34.2,0,0,0,0.0,0
2026-07-14 13:00:00,板橋測站,新北市,新北市,板橋測站,58.1,31.5,0,0,0,0.0,0
2026-07-14 14:00:00,板橋測站,新北市,新北市,板橋測站,61.8,27.6,0,0,0,0.0,0
2026-07-14 15:00:00,板橋測站,新北市,新北市,板橋測站,64.0,36.4,1,0,0,0.3333333333333333,0
2026-07-14 16:00:00,板橋測站,新北市,新北市,板橋測站,67.5,30.4,0,0,0,0.0,0
2026-07-14 17:00:00,板橋測站,新北市,新北市,板橋測站,64.6,33.5,0,0,0,0.0,0
2026-07-14 18:00:00,板橋測站,新北市,新北市,板橋測站,74.7,39.2,1,0,0,0.3333333333333333,0
2026-07-14 19:00:00,板橋測站,新北市,新北市,板橋測站,67.6,34.7,0,0,0,0.0,0
2026-07-14 20:00:00,板橋測站,新北市,新北市,板橋測站,67.0,40.1,1,0,0,0.3333333333333333,0
2026-07-14 21:00:00,板橋測站,新北市,新北市,板橋測站,64.9,36.8,1,0,0,0.3333333333333333,0
2026-07-14 22:00:00,板橋測站,新北市,新北市,板橋測站,59.9,34.7,0,0,0,0.0,0
2026-07-14 23:00:00,板橋測站,新北市,新北市,板橋測站,56.0,41.5,1,1,0,0.6666666666666666,1
2026-07-15 00:00:00,板橋測站,新北市,新北市,板橋測站,53.4,32.8,0,0,0,0.0,0
2026-07-15 01:00:00,板橋測站,新北市,新北市,板橋測站,56.0,28.7,0,0,0,0.0,0
2026-07-15 02:00:00,板橋測站,新北市,新北市,板橋測站,67.5,33.2,0,0,0,0.0,0
2026-07-15 03:00:00,板橋測站,新北市,新北市,板橋測站,56.5,35.8,1,0,0,0.3333333333333333,0
2026-07-15 04:00:00,板橋測站,新北市,新北市,板橋測站,54.1,30.1,0,0,0,0.0,0
2026-07-15 05:00:00,板橋測站,新北市,新北市,板橋測站,65.5,36.4,1,0,0,0.3333333333333333,0
2026-07-15 06:00:00,板橋測站,新北市,新北市,板橋測站,59.9,32.7,0,0,0,0.0,0
2026-07-15 07:00:00,板橋測站,新北市,新北市,板橋測站,74.8,40.0,1,0,0,0.3333333333333333,0
2026-07-15 08:00:00,板橋測站,新北市,新北市,板橋測站,70.9,42.2,1,0,0,0.3333333333333333,0
2026-07-15 09:00:00,板橋測站,新北市,新北市,板橋測站,72.0,34.2,0,0,0,0.0,0
2026-07-15 10:00:00,板橋測站,新北市,新北市,板橋測站,77.9,41.0,1,0,0,0.3333333333333333,0
2026-07-15 11:00:00,板橋測站,新北市,新北市,板橋測站,57.1,30.8,0,1,0,0.3333333333333333,0
2026-07-15 12:00:00,板橋測站,新北市,新北市,板橋測站,51.9,34.5,0,0,0,0.0,0
2026-07-15 13:00:00,板橋測站,新北市,新北市,板橋測站,54.2,38.5,1,0,0,0.3333333333333333,0
2026-07-15 14:00:00,板橋測站,新北市,新北市,板橋測站,63.0,31.9,0,0,0,0.0,0
2026-07-15 15:00:00,板橋測站,新北市,新北市,板橋測站,64.2,34.2,0,0,0,0.0,0
2026-07-15 16:00:00,板橋測站,新北市,新北市,板橋測站,66.3,34.4,0,0,0,0.0,0
2026-07-15 17:00:00,板橋測站,新北市,新北市,板橋測站,68.6,41.3,1,0,0,0.3333333333333333,0
2026-07-15 18:00:00,板橋測站,新北市,新北市,板橋測站,70.9,35.1,1,0,0,0.3333333333333333,0
2026-07-15 19:00:00,板橋測站,新北市,新北市,板橋測站,73.1,41.0,1,0,0,0.3333333333333333,0
2026-07-15 20:00:00,板橋測站,新北市,新北市,板橋測站,65.8,27.9,0,1,0,0.3333333333333333,0
2026-07-15 21:00:00,板橋測站,新北市,新北市,板橋測站,55.0,29.6,0,0,0,0.0,0
2026-07-15 22:00:00,板橋測站,新北市,新北市,板橋測站,68.6,38.5,1,0,0,0.3333333333333333,0
2026-07-15 23:00:00,板橋測站,新北市,新北市,板橋測站,66.8,31.5,0,0,0,0.0,0
2026-07-16 00:00:00,板橋測站,新北市,新北市,板橋測站,59.4,32.1,0,0,0,0.0,0
2026-07-16 01:00:00,板橋測站,新北市,新北市,板橋測站,60.7,29.4,0,0,0,0.0,0
2026-07-16 02:00:00,板橋測站,新北市,新北市,板橋測站,68.9,39.5,1,0,0,0.3333333333333333,0
2026-07-16 03:00:00,板橋測站,新北市,新北市,板橋測站,70.3,42.7,1,0,0,0.3333333333333333,0
2026-07-16 04:00:00,板橋測站,新北市,新北市,板橋測站,65.2,37.1,1,0,0,0.3333333333333333,0
2026-07-16 05:00:00,板橋測站,新北市,新北市,板橋測站,70.8,42.0,1,0,0,0.3333333333333333,0
2026-07-16 06:00:00,板橋測站,新北市,新北市,板橋測站,65.3,37.3,1,0,0,0.3333333333333333,0
2026-07-16 07:00:00,板橋測站,新北市,新北市,板橋測站,68.7,39.3,1,0,0,0.3333333333333333,0
2026-07-16 08:00:00,板橋測站,新北市,新北市,板橋測站,88.4,34.2,1,0,0,0.3333333333333333,0
2026-07-16 09:00:00,板橋測站,新北市,新北市,板橋測站,74.3,36.3,1,0,0,0.3333333333333333,0
2026-07-16 10:00:00,板橋測站,新北市,新北市,板橋測站,66.4,30.8,0,0,0,0.0,0
2026-07-16 11:00:00,板橋測站,新北市,新北市,板橋測站,62.0,39.0,1,0,0,0.3333333333333333,0
2026-07-16 12:00:00,板橋測站,新北市,新北市,板橋測站,69.0,30.4,0,0,0,0.0,0
2026-07-16 13:00:00,板橋測站,新北市,新北市,板橋測站,64.4,36.6,1,0,0,0.3333333333333333,0
2026-07-16 14:00:00,板橋測站,新北市,新北市,板橋測站,71.4,37.0,1,0,0,0.3333333333333333,0
2026-07-16 15:00:00,板橋測站,新北市,新北市,板橋測站,62.2,37.5,1,0,0,0.3333333333333333,0
2026-07-16 16:00:00,板橋測站,新北市,新北市,板橋測站,75.9,38.4,1,0,0,0.3333333333333333,0
2026-07-16 17:00:00,板橋測站,新北市,新北市,板橋測站,75.5,41.8,1,0,0,0.3333333333333333,0
2026-07-16 18:00:00,板橋測站,新北市,新北市,板橋測站,76.9,34.0,0,0,0,0.0,0
2026-07-16 19:00:00,板橋測站,新北市,新北市,板橋測站,70.7,37.6,1,0,0,0.3333333333333333,0
2026-07-16 20:00:00,板橋測站,新北市,新北市,板橋測站,73.0,42.1,1,0,0,0.3333333333333333,0
2026-07-16 21:00:00,板橋測站,新北市,新北市,板橋測站,81.9,41.2,1,0,0,0.3333333333333333,0
2026-07-16 22:00:00,板橋測站,新北市,新北市,板橋測站,68.4,28.8,0,1,0,0.3333333333333333,0
2026-07-16 23:00:00,板橋測站,新北市,新北市,板橋測站,67.9,37.0,1,0,0,0.3333333333333333,0
2026-07-17 00:00:00,板橋測站,新北市,新北市,板橋測站,69.8,34.8,0,0,0,0.0,0
2026-07-17 01:00:00,板橋測站,新北市,新北市,板橋測站,70.7,39.2,1,0,0,0.3333333333333333,0
2026-07-17 02:00:00,板橋測站,新北市,新北市,板橋測站,71.5,33.4,0,0,0,0.0,0
2026-07-17 03:00:00,板橋測站,新北市,新北市,板橋測站,66.9,38.8,1,0,0,0.3333333333333333,0
2026-07-17 04:00:00,板橋測站,新北市,新北市,板橋測站,72.4,38.7,1,0,0,0.3333333333333333,0
2026-07-17 05:00:00,板橋測站,新北市,新北市,板橋測站,67.3,36.4,1,0,0,0.3333333333333333,0
2026-07-17 06:00:00,板橋測站,新北市,新北市,板橋測站,73.3,40.1,1,0,0,0.3333333333333333,0
2026-07-17 07:00:00,板橋測站,新北市,新北市,板橋測站,79.3,40.7,1,0,0,0.3333333333333333,0
2026-07-17 08:00:00,板橋測站,新北市,新北市,板橋測站,87.3,40.4,1,0,0,0.3333333333333333,0
2026-07-17 09:00:00,板橋測站,新北市,新北市,板橋測站,81.4,38.5,1,0,0,0.3333333333333333,0
2026-07-17 10:00:00,板橋測站,新北市,新北市,板橋測站,75.3,39.6,1,0,0,0.3333333333333333,0
2026-07-17 11:00:00,板橋測站,新北市,新北市,板橋測站,67.5,36.9,1,0,0,0.3333333333333333,0
2026-07-17 12:00:00,板橋測站,新北市,新北市,板橋測站,65.0,40.1,1,0,0,0.3333333333333333,0
2026-07-17 13:00:00,板橋測站,新北市,新北市,板橋測站,66.3,40.2,1,0,0,0.3333333333333333,0
2026-07-17 14:00:00,板橋測站,新北市,新北市,板橋測站,73.0,43.4,1,0,0,0.3333333333333333,0
2026-07-17 15:00:00,板橋測站,新北市,新北市,板橋測站,77.1,39.6,1,0,0,0.3333333333333333,0
2026-07-17 16:00:00,板橋測站,新北市,新北市,板橋測站,73.1,36.4,1,0,0,0.3333333333333333,0
2026-07-17 17:00:00,板橋測站,新北市,新北市,板橋測站,78.0,37.2,1,0,0,0.3333333333333333,0
2026-07-17 18:00:00,板橋測站,新北市,新北市,板橋測站,81.4,38.5,1,0,0,0.3333333333333333,0
2026-07-17 19:00:00,板橋測站,新北市,新北市,板橋測站,78.7,39.6,1,0,0,0.3333333333333333,0
2026-07-17 20:00:00,板橋測站,新北市,新北市,板橋測站,69.5,32.7,0,0,0,0.0,0
2026-07-17 21:00:00,板橋測站,新北市,新北市,板橋測站,68.4,35.9,1,0,0,0.3333333333333333,0
2026-07-17 22:00:00,板橋測站,新北市,新北市,板橋測站,80.7,37.0,1,0,0,0.3333333333333333,0
2026-07-17 23:00:00,板橋測站,新北市,新北市,板橋測站,65.9,37.4,1,0,0,0.3333333333333333,0
2026-07-18 00:00:00,板橋測站,新北市,新北市,板橋測站,48.5,31.2,0,0,0,0.0,0
2026-07-18 01:00:00,板橋測站,新北市,新北市,板橋測站,65.1,32.7,0,0,0,0.0,0
2026-07-18 02:00:00,板橋測站,新北市,新北市,板橋測站,65.6,37.0,1,0,0,0.3333333333333333,0
2026-07-18 03:00:00,板橋測站,新北市,新北市,板橋測站,59.1,37.6,1,0,0,0.3333333333333333,0
2026-07-18 04:00:00,板橋測站,新北市,新北市,板橋測站,59.4,38.7,1,0,0,0.3333333333333333,0
2026-07-18 05:00:00,板橋測站,新北市,新北市,板橋測站,64.4,33.0,0,0,0,0.0,0
2026-07-18 06:00:00,板橋測站,新北市,新北市,板橋測站,66.0,35.8,1,0,0,0.3333333333333333,0
2026-07-18 07:00:00,板橋測站,新北市,新北市,板橋測站,70.1,37.8,1,0,0,0.3333333333333333,0
2026-07-18 08:00:00,板橋測站,新北市,新北市,板橋測站,65.4,32.8,0,0,0,0.0,0
2026-07-18 09:00:00,板橋測站,新北市,新北市,板橋測站,58.7,37.3,1,0,0,0.3333333333333333,0
2026-07-18 10:00:00,板橋測站,新北市,新北市,板橋測站,62.6,38.0,1,0,0,0.3333333333333333,0
2026-07-18 11:00:00,板橋測站,新北市,新北市,板橋測站,54.9,26.5,0,0,0,0.0,0
2026-07-18 12:00:00,板橋測站,新北市,新北市,板橋測站,57.6,40.9,1,1,0,0.6666666666666666,1
2026-07-18 13:00:00,板橋測站,新北市,新北市,板橋測站,64.9,40.2,1,0,0,0.3333333333333333,0
2026-07-18 14:00:00,板橋測站,新北市,新北市,板橋測站,54.0,27.7,0,1,0,0.3333333333333333,0
2026-07-18 15:00:00,板橋測站,新北市,新北市,板橋測站,59.5,32.8,0,1,0,0.3333333333333333,0
2026-07-18 16:00:00,板橋測站,新北市,新北市,板橋測站,56.4,30.4,0,0,0,0.0,0
2026-07-18 17:00:00,板橋測站,新北市,新北市,板橋測站,61.2,36.5,1,0,0,0.3333333333333333,0
2026-07-18 18:00:00,板橋測站,新北市,新北市,板橋測站,68.0,34.9,0,0,0,0.0,0
2026-07-18 19:00:00,板橋測站,新北市,新北市,板橋測站,54.3,29.0,0,0,0,0.0,0
2026-07-18 20:00:00,板橋測站,新北市,新北市,板橋測站,63.7,31.8,0,0,0,0.0,0
2026-07-18 21:00:00,板橋測站,新北市,新北市,板橋測站,61.4,37.2,1,0,0,0.3333333333333333,0
2026-07-18 22:00:00,板橋測站,新北市,新北市,板橋測站,55.3,34.6,0,0,0,0.0,0
2026-07-18 23:00:00,板橋測站,新北市,新北市,板橋測站,59.4,35.1,1,0,0,0.3333333333333333,0
2026-07-19 00:00:00,板橋測站,新北市,新北市,板橋測站,56.3,35.1,1,0,0,0.3333333333333333,0
2026-07-19 01:00:00,板橋測站,新北市,新北市,板橋測站,49.7,29.6,0,0,0,0.0,0
2026-07-19 02:00:00,板橋測站,新北市,新北市,板橋測站,49.2,31.5,0,0,0,0.0,0
2026-07-19 03:00:00,板橋測站,新北市,新北市,板橋測站,51.3,32.3,0,0,0,0.0,0
2026-07-19 04:00:00,板橋測站,新北市,新北市,板橋測站,56.5,31.8,0,0,0,0.0,0
2026-07-19 05:00:00,板橋測站,新北市,新北市,板橋測站,62.7,32.6,0,0,0,0.0,0
2026-07-19 06:00:00,板橋測站,新北市,新北市,板橋測站,56.4,32.6,0,0,0,0.0,0
2026-07-19 07:00:00,板橋測站,新北市,新北市,板橋測站,70.8,37.0,1,0,0,0.3333333333333333,0
2026-07-19 08:00:00,板橋測站,新北市,新北市,板橋測站,54.3,33.8,0,0,0,0.0,0
2026-07-19 09:00:00,板橋測站,新北市,新北市,板橋測站,61.6,38.4,1,0,0,0.3333333333333333,0
2026-07-19 10:00:00,板橋測站,新北市,新北市,板橋測站,62.4,27.9,0,0,0,0.0,0
2026-07-19 11:00:00,板橋測站,新北市,新北市,板橋測站,62.2,38.0,1,0,0,0.3333333333333333,0
2026-07-19 12:00:00,板橋測站,新北市,新北市,板橋測站,44.1,32.3,0,0,0,0.0,0
2026-07-19 13:00:00,板橋測站,新北市,新北市,板橋測站,47.7,33.4,0,0,0,0.0,0
2026-07-19 14:00:00,板橋測站,新北市,新北市,板橋測站,60.5,32.3,0,0,0,0.0,0
2026-07-19 15:00:00,板橋測站,新北市,新北市,板橋測站,51.4,36.2,1,0,0,0.3333333333333333,0
2026-07-19 16:00:00,板橋測站,新北市,新北市,板橋測站,60.3,37.5,1,0,0,0.3333333333333333,0
2026-07-19 17:00:00,板橋測站,新北市,新北市,板橋測站,57.5,35.8,1,0,0,0.3333333333333333,0
2026-07-19 18:00:00,板橋測站,新北市,新北市,板橋測站,57.6,29.6,0,0,0,0.0,0
2026-07-19 19:00:00,板橋測站,新北市,新北市,板橋測站,54.5,36.8,1,0,0,0.3333333333333333,0
2026-07-19 20:00:00,板橋測站,新北市,新北市,板橋測站,62.0,38.1,1,0,0,0.3333333333333333,0
2026-07-19 21:00:00,板橋測站,新北市,新北市,板橋測站,56.2,32.7,0,0,0,0.0,0
2026-07-19 22:00:00,板橋測站,新北市,新北市,板橋測站,44.7,33.3,0,0,0,0.0,0
2026-07-19 23:00:00,板橋測站,新北市,新北市,板橋測站,48.1,36.9,1,0,0,0.3333333333333333,0
2026-07-20 00:00:00,板橋測站,新北市,新北市,板橋測站,55.9,26.6,0,0,0,0.0,0
2026-07-20 01:00:00,板橋測站,新北市,新北市,板橋測站,57.8,30.2,0,0,0,0.0,0
2026-07-20 02:00:00,板橋測站,新北市,新北市,板橋測站,53.5,28.7,0,0,0,0.0,0
2026-07-20 03:00:00,板橋測站,新北市,新北市,板橋測站,50.8,27.5,0,0,0,0.0,0
2026-07-20 04:00:00,板橋測站,新北市,新北市,板橋測站,58.8,34.6,0,0,0,0.0,0
2026-07-20 05:00:00,板橋測站,新北市,新北市,板橋測站,58.0,35.3,1,0,0,0.3333333333333333,0
2026-07-20 06:00:00,板橋測站,新北市,新北市,板橋測站,57.0,32.5,0,0,0,0.0,0
2026-07-20 07:00:00,板橋測站,新北市,新北市,板橋測站,68.9,38.7,1,0,0,0.3333333333333333,0
2026-07-20 08:00:00,板橋測站,新北市,新北市,板橋測站,79.2,40.8,1,0,0,0.3333333333333333,0
2026-07-20 09:00:00,板橋測站,新北市,新北市,板橋測站,69.3,38.5,1,0,0,0.3333333333333333,0
2026-07-20 10:00:00,板橋測站,新北市,新北市,板橋測站,61.7,32.4,0,0,0,0.0,0
2026-07-20 11:00:00,板橋測站,新北市,新北市,板橋測站,55.4,30.9,0,0,0,0.0,0
2026-07-20 12:00:00,板橋測站,新北市,新北市,板橋測站,56.2,34.3,0,0,0,0.0,0
2026-07-20 13:00:00,板橋測站,新北市,新北市,板橋測站,67.0,37.5,1,0,0,0.3333333333333333,0
2026-07-20 14:00:00,板橋測站,新北市,新北市,板橋測站,62.9,34.8,0,0,0,0.0,0
2026-07-20 15:00:00,板橋測站,新北市,新北市,板橋測站,62.0,30.9,0,0,0,0.0,0
2026-07-20 16:00:00,板橋測站,新北市,新北市,板橋測站,62.7,32.2,0,0,0,0.0,0
2026-07-20 17:00:00,板橋測站,新北市,新北市,板橋測站,69.7,33.3,0,0,0,0.0,0
2026-07-20 18:00:00,板橋測站,新北市,新北市,板橋測站,61.7,36.3,1,0,0,0.3333333333333333,0
2026-07-20 19:00:00,板橋測站,新北市,新北市,板橋測站,75.6,41.9,1,0,0,0.3333333333333333,0
2026-07-20 20:00:00,板橋測站,新北市,新北市,板橋測站,57.8,34.1,0,0,0,0.0,0
2026-07-20 21:00:00,板橋測站,新北市,新北市,板橋測站,60.1,35.8,1,0,0,0.3333333333333333,0
2026-07-20 22:00:00,板橋測站,新北市,新北市,板橋測站,61.7,40.0,1,0,0,0.3333333333333333,0
2026-07-20 23:00:00,板橋測站,新北市,新北市,板橋測站,59.6,35.0,0,0,0,0.0,0
2026-07-21 00:00:00,板橋測站,新北市,新北市,板橋測站,66.4,32.8,0,0,0,0.0,0
2026-07-21 01:00:00,板橋測站,新北市,新北市,板橋測站,58.4,36.8,1,0,0,0.3333333333333333,0
2026-07-21 02:00:00,板橋測站,新北市,新北市,板橋測站,67.5,29.2,0,0,0,0.0,0
2026-07-21 03:00:00,板橋測站,新北市,新北市,板橋測站,60.3,33.3,0,0,0,0.0,0
2026-07-21 04:00:00,板橋測站,新北市,新北市,板橋測站,65.5,37.5,1,0,0,0.3333333333333333,0
2026-07-21 05:00:00,板橋測站,新北市,新北市,板橋測站,62.0,33.9,0,0,0,0.0,0
2026-07-21 06:00:00,板橋測站,新北市,新北市,板橋測站,66.9,37.0,1,0,0,0.3333333333333333,0
2026-07-21 07:00:00,板橋測站,新北市,新北市,板橋測站,73.3,37.3,1,0,0,0.3333333333333333,0
2026-07-21 08:00:00,板橋測站,新北市,新北市,板橋測站,68.5,40.5,1,0,0,0.3333333333333333,0
2026-07-21 09:00:00,板橋測站,新北市,新北市,板橋測站,77.1,36.8,1,0,0,0.3333333333333333,0
2026-07-21 10:00:00,板橋測站,新北市,新北市,板橋測站,71.3,33.5,0,0,0,0.0,0
2026-07-21 11:00:00,板橋測站,新北市,新北市,板橋測站,84.5,40.3,1,0,0,0.3333333333333333,0
2026-07-21 12:00:00,板橋測站,新北市,新北市,板橋測站,73.6,35.1,1,0,0,0.3333333333333333,0
2026-07-21 13:00:00,板橋測站,新北市,新北市,板橋測站,59.0,27.2,0,0,0,0.0,0
2026-07-21 14:00:00,板橋測站,新北市,新北市,板橋測站,78.1,40.3,1,1,1,1.0,1
2026-07-21 15:00:00,板橋測站,新北市,新北市,板橋測站,70.8,34.6,0,0,0,0.0,0
2026-07-21 16:00:00,板橋測站,新北市,新北市,板橋測站,77.1,37.8,1,0,0,0.3333333333333333,0
2026-07-21 17:00:00,板橋測站,新北市,新北市,板橋測站,86.3,40.7,1,0,0,0.3333333333333333,0
2026-07-21 18:00:00,板橋測站,新北市,新北市,板橋測站,74.5,41.6,1,0,0,0.3333333333333333,0
2026-07-21 19:00:00,板橋測站,新北市,新北市,板橋測站,77.3,40.8,1,0,0,0.3333333333333333,0
2026-07-21 20:00:00,板橋測站,新北市,新北市,板橋測站,71.6,30.8,0,0,0,0.0,0
2026-07-21 21:00:00,板橋測站,新北市,新北市,板橋測站,73.5,39.4,1,0,0,0.3333333333333333,0
2026-07-21 22:00:00,板橋測站,新北市,新北市,板橋測站,75.7,39.4,1,0,0,0.3333333333333333,0
2026-07-21 23:00:00,板橋測站,新北市,新北市,板橋測站,63.3,28.9,0,0,0,0.0,0
2026-07-22 00:00:00,板橋測站,新北市,新北市,板橋測站,69.2,32.2,0,0,0,0.0,0
2026-07-22 01:00:00,板橋測站,新北市,新北市,板橋測站,66.8,36.1,1,0,0,0.3333333333333333,0
2026-07-22 02:00:00,板橋測站,新北市,新北市,板橋測站,68.3,32.6,0,0,0,0.0,0
2026-07-22 03:00:00,板橋測站,新北市,新北市,板橋測站,71.6,37.5,1,0,0,0.3333333333333333,0
2026-07-22 04:00:00,板橋測站,新北市,新北市,板橋測站,73.0,38.6,1,0,0,0.3333333333333333,0
2026-07-22 05:00:00,板橋測站,新北市,新北市,板橋測站,69.1,32.6,0,0,0,0.0,0
2026-07-22 06:00:00,板橋測站,新北市,新北市,板橋測站,80.2,31.6,0,0,0,0.0,0
2026-07-22 07:00:00,板橋測站,新北市,新北市,板橋測站,79.3,39.2,1,0,0,0.3333333333333333,0
2026-07-22 08:00:00,板橋測站,新北市,新北市,板橋測站,80.8,37.7,1,0,0,0.3333333333333333,0
2026-07-22 09:00:00,板橋測站,新北市,新北市,板橋測站,75.1,37.7,1,0,0,0.3333333333333333,0
2026-07-22 10:00:00,板橋測站,新北市,新北市,板橋測站,70.3,33.7,0,0,0,0.0,0
2026-07-22 11:00:00,板橋測站,新北市,新北市,板橋測站,74.0,36.0,1,0,0,0.3333333333333333,0
2026-07-22 12:00:00,板橋測站,新北市,新北市,板橋測站,64.9,34.3,0,0,0,0.0,0
2026-07-22 13:00:00,板橋測站,新北市,新北市,板橋測站,66.9,35.3,1,0,0,0.3333333333333333,0
2026-07-22 14:00:00,板橋測站,新北市,新北市,板橋測站,70.9,40.9,1,0,0,0.3333333333333333,0
2026-07-22 15:00:00,板橋測站,新北市,新北市,板橋測站,72.3,39.3,1,0,0,0.3333333333333333,0
2026-07-22 16:00:00,板橋測站,新北市,新北市,板橋測站,84.6,37.0,1,0,0,0.3333333333333333,0
2026-07-22 17:00:00,板橋測站,新北市,新北市,板橋測站,75.6,40.7,1,0,0,0.3333333333333333,0
2026-07-22 18:00:00,板橋測站,新北市,新北市,板橋測站,75.2,42.7,1,0,0,0.3333333333333333,0
2026-07-22 19:00:00,板橋測站,新北市,新北市,板橋測站,72.9,41.7,1,0,0,0.3333333333333333,0
2026-07-22 20:00:00,板橋測站,新北市,新北市,板橋測站,70.6,36.2,1,0,0,0.3333333333333333,0
2026-07-22 21:00:00,板橋測站,新北市,新北市,板橋測站,74.2,35.3,1,0,0,0.3333333333333333,0
2026-07-22 22:00:00,板橋測站,新北市,新北市,板橋測站,77.1,40.2,1,0,0,0.3333333333333333,0
2026-07-22 23:00:00,板橋測站,新北市,新北市,板橋測站,70.8,37.8,1,0,0,0.3333333333333333,0
2026-07-23 00:00:00,板橋測站,新北市,新北市,板橋測站,66.4,36.4,1,0,0,0.3333333333333333,0
2026-07-23 01:00:00,板橋測站,新北市,新北市,板橋測站,64.4,33.9,0,0,0,0.0,0
2026-07-23 02:00:00,板橋測站,新北市,新北市,板橋測站,58.7,37.1,1,0,0,0.3333333333333333,0
2026-07-23 03:00:00,板橋測站,新北市,新北市,板橋測站,71.5,40.6,1,0,0,0.3333333333333333,0
2026-07-23 04:00:00,板橋測站,新北市,新北市,板橋測站,52.9,32.1,0,0,0,0.0,0
2026-07-23 05:00:00,板橋測站,新北市,新北市,板橋測站,64.4,41.3,1,0,0,0.3333333333333333,0
2026-07-23 06:00:00,板橋測站,新北市,新北市,板橋測站,76.9,38.6,1,0,0,0.3333333333333333,0
2026-07-23 07:00:00,板橋測站,新北市,新北市,板橋測站,69.5,42.2,1,0,0,0.3333333333333333,0
2026-07-23 08:00:00,板橋測站,新北市,新北市,板橋測站,68.3,37.8,1,0,0,0.3333333333333333,0
2026-07-23 09:00:00,板橋測站,新北市,新北市,板橋測站,74.3,35.9,1,0,0,0.3333333333333333,0
2026-07-23 10:00:00,板橋測站,新北市,新北市,板橋測站,65.5,36.7,1,0,0,0.3333333333333333,0
2026-07-23 11:00:00,板橋測站,新北市,新北市,板橋測站,66.1,35.3,1,0,0,0.3333333333333333,0
2026-07-23 12:00:00,板橋測站,新北市,新北市,板橋測站,68.1,35.0,0,0,0,0.0,0
2026-07-23 13:00:00,板橋測站,新北市,新北市,板橋測站,67.2,44.0,1,0,0,0.3333333333333333,0
2026-07-23 14:00:00,板橋測站,新北市,新北市,板橋測站,58.5,35.0,0,0,0,0.0,0
2026-07-23 15:00:00,板橋測站,新北市,新北市,板橋測站,71.0,37.9,1,0,0,0.3333333333333333,0
2026-07-23 16:00:00,板橋測站,新北市,新北市,板橋測站,68.5,38.7,1,1,0,0.6666666666666666,1
2026-07-23 17:00:00,板橋測站,新北市,新北市,板橋測站,65.8,37.0,1,0,0,0.3333333333333333,0
2026-07-23 18:00:00,板橋測站,新北市,新北市,板橋測站,69.3,41.3,1,0,0,0.3333333333333333,0
2026-07-23 19:00:00,板橋測站,新北市,新北市,板橋測站,71.8,39.5,1,0,0,0.3333333333333333,0
2026-07-23 20:00:00,板橋測站,新北市,新北市,板橋測站,72.8,36.1,1,0,0,0.3333333333333333,0
2026-07-23 21:00:00,板橋測站,新北市,新北市,板橋測站,64.8,39.0,1,0,0,0.3333333333333333,0
2026-07-23 22:00:00,板橋測站,新北市,新北市,板橋測站,64.3,37.9,1,0,0,0.3333333333333333,0
2026-07-23 23:00:00,板橋測站,新北市,新北市,板橋測站,55.9,30.8,0,0,0,0.0,0
2026-07-24 00:00:00,板橋測站,新北市,新北市,板橋測站,54.7,34.4,0,0,0,0.0,0
2026-07-24 01:00:00,板橋測站,新北市,新北市,板橋測站,61.3,32.4,0,0,0,0.0,0
2026-07-24 02:00:00,板橋測站,新北市,新北市,板橋測站,51.8,31.6,0,0,0,0.0,0
2026-07-24 03:00:00,板橋測站,新北市,新北市,板橋測站,56.0,31.2,0,0,0,0.0,0
2026-07-24 04:00:00,板橋測站,新北市,新北市,板橋測站,56.6,34.8,0,0,0,0.0,0
2026-07-24 05:00:00,板橋測站,新北市,新北市,板橋測站,65.6,35.3,1,0,0,0.3333333333333333,0
2026-07-24 06:00:00,板橋測站,新北市,新北市,板橋測站,65.5,35.9,1,0,0,0.3333333333333333,0
2026-07-24 07:00:00,板橋測站,新北市,新北市,板橋測站,64.2,35.6,1,0,0,0.3333333333333333,0
2026-07-24 08:00:00,板橋測站,新北市,新北市,板橋測站,68.0,35.5,1,0,0,0.3333333333333333,0
2026-07-24 09:00:00,板橋測站,新北市,新北市,板橋測站,64.6,32.0,0,0,0,0.0,0
2026-07-24 10:00:00,板橋測站,新北市,新北市,板橋測站,64.1,34.1,0,0,0,0.0,0
2026-07-24 11:00:00,板橋測站,新北市,新北市,板橋測站,61.5,30.5,0,0,0,0.0,0
2026-07-24 12:00:00,板橋測站,新北市,新北市,板橋測站,56.6,30.4,0,0,0,0.0,0
2026-07-24 13:00:00,板橋測站,新北市,新北市,板橋測站,63.9,31.5,0,0,0,0.0,0
2026-07-24 14:00:00,板橋測站,新北市,新北市,板橋測站,51.0,29.7,0,0,0,0.0,0
2026-07-24 15:00:00,板橋測站,新北市,新北市,板橋測站,55.5,27.9,0,0,0,0.0,0
2026-07-24 16:00:00,板橋測站,新北市,新北市,板橋測站,52.4,34.6,0,0,0,0.0,0
2026-07-24 17:00:00,板橋測站,新北市,新北市,板橋測站,71.3,38.1,1,0,0,0.3333333333333333,0
2026-07-24 18:00:00,板橋測站,新北市,新北市,板橋測站,68.0,37.0,1,0,0,0.3333333333333333,0
2026-07-24 19:00:00,板橋測站,新北市,新北市,板橋測站,69.6,38.7,1,0,0,0.3333333333333333,0
2026-07-24 20:00:00,板橋測站,新北市,新北市,板橋測站,67.1,37.1,1,0,0,0.3333333333333333,0
2026-07-24 21:00:00,板橋測站,新北市,新北市,板橋測站,54.9,36.2,1,0,0,0.3333333333333333,0
2026-07-24 22:00:00,板橋測站,新北市,新北市,板橋測站,55.4,37.2,1,0,0,0.3333333333333333,0
2026-07-24 23:00:00,板橋測站,新北市,新北市,板橋測站,64.3,36.6,1,0,0,0.3333333333333333,0
2026-07-25 00:00:00,板橋測站,新北市,新北市,板橋測站,54.7,34.5,0,0,0,0.0,0
2026-07-25 01:00:00,板橋測站,新北市,新北市,板橋測站,42.3,29.2,0,0,0,0.0,0
2026-07-25 02:00:00,板橋測站,新北市,新北市,板橋測站,53.8,31.9,0,0,0,0.0,0
2026-07-25 03:00:00,板橋測站,新北市,新北市,板橋測站,50.8,31.5,0,0,0,0.0,0
2026-07-25 04:00:00,板橋測站,新北市,新北市,板橋測站,51.3,28.2,0,0,0,0.0,0
2026-07-25 05:00:00,板橋測站,新北市,新北市,板橋測站,52.5,31.7,0,0,0,0.0,0
2026-07-25 06:00:00,板橋測站,新北市,新北市,板橋測站,54.6,29.5,0,0,0,0.0,0
2026-07-25 07:00:00,板橋測站,新北市,新北市,板橋測站,60.1,31.0,0,0,0,0.0,0
2026-07-25 08:00:00,板橋測站,新北市,新北市,板橋測站,68.7,35.4,1,0,0,0.3333333333333333,0
2026-07-25 09:00:00,板橋測站,新北市,新北市,板橋測站,64.2,38.5,1,0,0,0.3333333333333333,0
2026-07-25 10:00:00,板橋測站,新北市,新北市,板橋測站,55.9,33.8,0,0,0,0.0,0
2026-07-25 11:00:00,板橋測站,新北市,新北市,板橋測站,52.4,29.8,0,0,0,0.0,0
2026-07-25 12:00:00,板橋測站,新北市,新北市,板橋測站,52.9,27.7,0,0,0,0.0,0
2026-07-25 13:00:00,板橋測站,新北市,新北市,板橋測站,48.9,28.3,0,0,0,0.0,0
2026-07-25 14:00:00,板橋測站,新北市,新北市,板橋測站,50.2,36.6,1,0,0,0.3333333333333333,0
2026-07-25 15:00:00,板橋測站,新北市,新北市,板橋測站,60.2,28.9,0,0,0,0.0,0
2026-07-25 16:00:00,板橋測站,新北市,新北市,板橋測站,59.0,36.5,1,0,0,0.3333333333333333,0
2026-07-25 17:00:00,板橋測站,新北市,新北市,板橋測站,66.9,38.2,1,0,0,0.3333333333333333,0
2026-07-25 18:00:00,板橋測站,新北市,新北市,板橋測站,58.9,37.8,1,0,0,0.3333333333333333,0
2026-07-25 19:00:00,板橋測站,新北市,新北市,板橋測站,68.9,36.6,1,0,0,0.3333333333333333,0
2026-07-25 20:00:00,板橋測站,新北市,新北市,板橋測站,56.3,32.1,0,0,0,0.0,0
2026-07-25 21:00:00,板橋測站,新北市,新北市,板橋測站,59.9,34.7,0,0,0,0.0,0
2026-07-25 22:00:00,板橋測站,新北市,新北市,板橋測站,49.9,28.7,0,0,0,0.0,0
2026-06-26 03:00:00,桃園測站,桃園市,桃園市,桃園測站,76.9,41.6,1,0,0,0.3333333333333333,0
2026-06-26 04:00:00,桃園測站,桃園市,桃園市,桃園測站,67.2,43.8,1,0,0,0.3333333333333333,0
2026-06-26 05:00:00,桃園測站,桃園市,桃園市,桃園測站,80.4,45.0,1,0,0,0.3333333333333333,0
2026-06-26 06:00:00,桃園測站,桃園市,桃園市,桃園測站,84.9,41.8,1,0,0,0.3333333333333333,0
2026-06-26 07:00:00,桃園測站,桃園市,桃園市,桃園測站,81.9,39.8,1,0,0,0.3333333333333333,0
2026-06-26 08:00:00,桃園測站,桃園市,桃園市,桃園測站,84.8,42.7,1,0,0,0.3333333333333333,0
2026-06-26 09:00:00,桃園測站,桃園市,桃園市,桃園測站,81.0,42.0,1,0,0,0.3333333333333333,0
2026-06-26 10:00:00,桃園測站,桃園市,桃園市,桃園測站,70.5,44.2,1,0,0,0.3333333333333333,0
2026-06-26 11:00:00,桃園測站,桃園市,桃園市,桃園測站,81.6,44.7,1,0,0,0.3333333333333333,0
2026-06-26 12:00:00,桃園測站,桃園市,桃園市,桃園測站,79.0,40.8,1,0,0,0.3333333333333333,0
2026-06-26 13:00:00,桃園測站,桃園市,桃園市,桃園測站,71.5,35.9,1,0,0,0.3333333333333333,0
2026-06-26 14:00:00,桃園測站,桃園市,桃園市,桃園測站,77.3,40.9,1,0,0,0.3333333333333333,0
2026-06-26 15:00:00,桃園測站,桃園市,桃園市,桃園測站,70.8,42.7,1,0,0,0.3333333333333333,0
2026-06-26 16:00:00,桃園測站,桃園市,桃園市,桃園測站,77.0,39.4,1,0,0,0.3333333333333333,0
2026-06-26 17:00:00,桃園測站,桃園市,桃園市,桃園測站,86.6,43.2,1,0,0,0.3333333333333333,0
2026-06-26 18:00:00,桃園測站,桃園市,桃園市,桃園測站,84.4,38.6,1,0,0,0.3333333333333333,0
2026-06-26 19:00:00,桃園測站,桃園市,桃園市,桃園測站,79.6,41.9,1,0,0,0.3333333333333333,0
2026-06-26 20:00:00,桃園測站,桃園市,桃園市,桃園測站,79.1,47.2,1,0,0,0.3333333333333333,0
2026-06-26 21:00:00,桃園測站,桃園市,桃園市,桃園測站,77.3,43.0,1,0,0,0.3333333333333333,0
2026-06-26 22:00:00,桃園測站,桃園市,桃園市,桃園測站,72.4,42.2,1,0,0,0.3333333333333333,0
2026-06-26 23:00:00,桃園測站,桃園市,桃園市,桃園測站,72.9,40.3,1,0,0,0.3333333333333333,0
2026-06-27 00:00:00,桃園測站,桃園市,桃園市,桃園測站,64.5,35.1,1,0,0,0.3333333333333333,0
2026-06-27 01:00:00,桃園測站,桃園市,桃園市,桃園測站,62.8,39.1,1,0,0,0.3333333333333333,0
2026-06-27 02:00:00,桃園測站,桃園市,桃園市,桃園測站,67.9,33.9,0,0,0,0.0,0
2026-06-27 03:00:00,桃園測站,桃園市,桃園市,桃園測站,59.0,37.0,1,0,0,0.3333333333333333,0
2026-06-27 04:00:00,桃園測站,桃園市,桃園市,桃園測站,67.8,38.0,1,0,0,0.3333333333333333,0
2026-06-27 05:00:00,桃園測站,桃園市,桃園市,桃園測站,77.8,48.1,1,0,0,0.3333333333333333,0
2026-06-27 06:00:00,桃園測站,桃園市,桃園市,桃園測站,75.5,41.2,1,0,0,0.3333333333333333,0
2026-06-27 07:00:00,桃園測站,桃園市,桃園市,桃園測站,78.6,41.3,1,0,0,0.3333333333333333,0
2026-06-27 08:00:00,桃園測站,桃園市,桃園市,桃園測站,79.5,44.4,1,0,0,0.3333333333333333,0
2026-06-27 09:00:00,桃園測站,桃園市,桃園市,桃園測站,77.9,42.6,1,0,0,0.3333333333333333,0
2026-06-27 10:00:00,桃園測站,桃園市,桃園市,桃園測站,70.4,35.5,1,0,0,0.3333333333333333,0
2026-06-27 11:00:00,桃園測站,桃園市,桃園市,桃園測站,74.4,40.5,1,0,0,0.3333333333333333,0
2026-06-27 12:00:00,桃園測站,桃園市,桃園市,桃園測站,66.3,32.8,0,0,0,0.0,0
2026-06-27 13:00:00,桃園測站,桃園市,桃園市,桃園測站,67.4,39.5,1,0,0,0.3333333333333333,0
2026-06-27 14:00:00,桃園測站,桃園市,桃園市,桃園測站,70.7,34.4,0,0,0,0.0,0
2026-06-27 15:00:00,桃園測站,桃園市,桃園市,桃園測站,72.5,39.2,1,0,0,0.3333333333333333,0
2026-06-27 16:00:00,桃園測站,桃園市,桃園市,桃園測站,66.9,42.1,1,0,0,0.3333333333333333,0
2026-06-27 17:00:00,桃園測站,桃園市,桃園市,桃園測站,78.8,34.3,0,0,0,0.0,0
2026-06-27 18:00:00,桃園測站,桃園市,桃園市,桃園測站,70.5,38.1,1,0,0,0.3333333333333333,0
2026-06-27 19:00:00,桃園測站,桃園市,桃園市,桃園測站,73.9,36.4,1,0,0,0.3333333333333333,0
2026-06-27 20:00:00,桃園測站,桃園市,桃園市,桃園測站,74.5,37.8,1,0,0,0.3333333333333333,0
2026-06-27 21:00:00,桃園測站,桃園市,桃園市,桃園測站,72.3,39.8,1,0,0,0.3333333333333333,0
2026-06-27 22:00:00,桃園測站,桃園市,桃園市,桃園測站,66.6,39.4,1,0,0,0.3333333333333333,0
2026-06-27 23:00:00,桃園測站,桃園市,桃園市,桃園測站,59.7,35.4,1,0,0,0.3333333333333333,0
2026-06-28 00:00:00,桃園測站,桃園市,桃園市,桃園測站,71.4,39.8,1,0,0,0.3333333333333333,0
2026-06-28 01:00:00,桃園測站,桃園市,桃園市,桃園測站,71.6,36.6,1,0,0,0.3333333333333333,0
2026-06-28 02:00:00,桃園測站,桃園市,桃園市,桃園測站,66.0,44.8,1,0,0,0.3333333333333333,0
2026-06-28 03:00:00,桃園測站,桃園市,桃園市,桃園測站,64.1,32.6,0,1,0,0.3333333333333333,0
2026-06-28 04:00:00,桃園測站,桃園市,桃園市,桃園測站,65.4,35.3,1,0,0,0.3333333333333333,0
2026-06-28 05:00:00,桃園測站,桃園市,桃園市,桃園測站,79.6,40.7,1,0,0,0.3333333333333333,0
2026-06-28 06:00:00,桃園測站,桃園市,桃園市,桃園測站,67.9,35.4,1,0,0,0.3333333333333333,0
2026-06-28 07:00:00,桃園測站,桃園市,桃園市,桃園測站,76.9,46.1,1,0,0,0.3333333333333333,0
2026-06-28 08:00:00,桃園測站,桃園市,桃園市,桃園測站,78.6,38.4,1,0,0,0.3333333333333333,0
2026-06-28 09:00:00,桃園測站,桃園市,桃園市,桃園測站,71.3,47.7,1,0,0,0.3333333333333333,0
2026-06-28 10:00:00,桃園測站,桃園市,桃園市,桃園測站,71.1,41.0,1,0,0,0.3333333333333333,0
2026-06-28 11:00:00,桃園測站,桃園市,桃園市,桃園測站,71.1,39.2,1,0,0,0.3333333333333333,0
2026-06-28 12:00:00,桃園測站,桃園市,桃園市,桃園測站,71.2,35.3,1,0,0,0.3333333333333333,0
2026-06-28 13:00:00,桃園測站,桃園市,桃園市,桃園測站,61.5,36.3,1,0,0,0.3333333333333333,0
2026-06-28 14:00:00,桃園測站,桃園市,桃園市,桃園測站,67.7,35.5,1,0,0,0.3333333333333333,0
2026-06-28 15:00:00,桃園測站,桃園市,桃園市,桃園測站,61.4,32.4,0,0,0,0.0,0
2026-06-28 16:00:00,桃園測站,桃園市,桃園市,桃園測站,54.3,31.6,0,0,0,0.0,0
2026-06-28 17:00:00,桃園測站,桃園市,桃園市,桃園測站,69.8,41.0,1,1,1,1.0,1
2026-06-28 18:00:00,桃園測站,桃園市,桃園市,桃園測站,68.0,41.0,1,0,0,0.3333333333333333,0
2026-06-28 19:00:00,桃園測站,桃園市,桃園市,桃園測站,75.5,34.0,0,0,0,0.0,0
2026-06-28 20:00:00,桃園測站,桃園市,桃園市,桃園測站,66.1,37.3,1,0,0,0.3333333333333333,0
2026-06-28 21:00:00,桃園測站,桃園市,桃園市,桃園測站,71.6,30.3,0,0,0,0.0,0
2026-06-28 22:00:00,桃園測站,桃園市,桃園市,桃園測站,55.4,38.9,1,0,0,0.3333333333333333,0
2026-06-28 23:00:00,桃園測站,桃園市,桃園市,桃園測站,70.5,36.9,1,0,0,0.3333333333333333,0
2026-06-29 00:00:00,桃園測站,桃園市,桃園市,桃園測站,66.9,35.4,1,0,0,0.3333333333333333,0
2026-06-29 01:00:00,桃園測站,桃園市,桃園市,桃園測站,64.5,39.7,1,0,0,0.3333333333333333,0
2026-06-29 02:00:00,桃園測站,桃園市,桃園市,桃園測站,63.1,38.3,1,0,0,0.3333333333333333,0
2026-06-29 03:00:00,桃園測站,桃園市,桃園市,桃園測站,65.2,33.7,0,0,0,0.0,0
2026-06-29 04:00:00,桃園測站,桃園市,桃園市,桃園測站,76.3,44.2,1,0,0,0.3333333333333333,0
2026-06-29 05:00:00,桃園測站,桃園市,桃園市,桃園測站,65.9,40.0,1,0,0,0.3333333333333333,0
2026-06-29 06:00:00,桃園測站,桃園市,桃園市,桃園測站,71.3,44.4,1,0,0,0.3333333333333333,0
2026-06-29 07:00:00,桃園測站,桃園市,桃園市,桃園測站,72.1,38.9,1,0,0,0.3333333333333333,0
2026-06-29 08:00:00,桃園測站,桃園市,桃園市,桃園測站,76.9,37.5,1,0,0,0.3333333333333333,0
2026-06-29 09:00:00,桃園測站,桃園市,桃園市,桃園測站,72.3,37.7,1,0,0,0.3333333333333333,0
2026-06-29 10:00:00,桃園測站,桃園市,桃園市,桃園測站,66.6,34.6,0,0,0,0.0,0
2026-06-29 11:00:00,桃園測站,桃園市,桃園市,桃園測站,63.6,37.3,1,0,0,0.3333333333333333,0
2026-06-29 12:00:00,桃園測站,桃園市,桃園市,桃園測站,64.8,34.7,0,0,0,0.0,0
2026-06-29 13:00:00,桃園測站,桃園市,桃園市,桃園測站,54.8,30.7,0,0,0,0.0,0
2026-06-29 14:00:00,桃園測站,桃園市,桃園市,桃園測站,67.8,34.4,0,0,0,0.0,0
2026-06-29 15:00:00,桃園測站,桃園市,桃園市,桃園測站,70.0,37.5,1,0,0,0.3333333333333333,0
2026-06-29 16:00:00,桃園測站,桃園市,桃園市,桃園測站,68.5,42.3,1,0,0,0.3333333333333333,0
2026-06-29 17:00:00,桃園測站,桃園市,桃園市,桃園測站,67.5,38.5,1,0,0,0.3333333333333333,0
2026-06-29 18:00:00,桃園測站,桃園市,桃園市,桃園測站,73.9,42.9,1,0,0,0.3333333333333333,0
2026-06-29 19:00:00,桃園測站,桃園市,桃園市,桃園測站,67.7,36.0,1,0,0,0.3333333333333333,0
2026-06-29 20:00:00,桃園測站,桃園市,桃園市,桃園測站,73.9,40.2,1,0,0,0.3333333333333333,0
2026-06-29 21:00:00,桃園測站,桃園市,桃園市,桃園測站,66.1,41.5,1,0,0,0.3333333333333333,0
2026-06-29 22:00:00,桃園測站,桃園市,桃園市,桃園測站,69.4,39.7,1,0,0,0.3333333333333333,0
2026-06-29 23:00:00,桃園測站,桃園市,桃園市,桃園測站,66.9,38.1,1,0,0,0.3333333333333333,0
2026-06-30 00:00:00,桃園測站,桃園市,桃園市,桃園測站,68.8,38.8,1,0,0,0.3333333333333333,0
2026-06-30 01:00:00,桃園測站,桃園市,桃園市,桃園測站,60.9,33.9,0,0,0,0.0,0
2026-06-30 02:00:00,桃園測站,桃園市,桃園市,桃園測站,53.4,36.0,1,0,0,0.3333333333333333,0
2026-06-30 03:00:00,桃園測站,桃園市,桃園市,桃園測站,70.3,38.8,1,0,0,0.3333333333333333,0
2026-06-30 04:00:00,桃園測站,桃園市,桃園市,桃園測站,65.8,44.4,1,0,0,0.3333333333333333,0
2026-06-30 05:00:00,桃園測站,桃園市,桃園市,桃園測站,65.3,38.1,1,0,0,0.3333333333333333,0
2026-06-30 06:00:00,桃園測站,桃園市,桃園市,桃園測站,70.7,38.4,1,0,0,0.3333333333333333,0
2026-06-30 07:00:00,桃園測站,桃園市,桃園市,桃園測站,77.8,38.2,1,0,0,0.3333333333333333,0
2026-06-30 08:00:00,桃園測站,桃園市,桃園市,桃園測站,77.9,42.3,1,0,0,0.3333333333333333,0
2026-06-30 09:00:00,桃園測站,桃園市,桃園市,桃園測站,71.8,35.0,0,0,0,0.0,0
2026-06-30 10:00:00,桃園測站,桃園市,桃園市,桃園測站,69.6,34.5,0,0,0,0.0,0
2026-06-30 11:00:00,桃園測站,桃園市,桃園市,桃園測站,69.3,39.8,1,0,0,0.3333333333333333,0
2026-06-30 12:00:00,桃園測站,桃園市,桃園市,桃園測站,67.8,40.0,1,0,0,0.3333333333333333,0
2026-06-30 13:00:00,桃園測站,桃園市,桃園市,桃園測站,69.7,36.8,1,0,0,0.3333333333333333,0
2026-06-30 14:00:00,桃園測站,桃園市,桃園市,桃園測站,67.2,36.2,1,0,0,0.3333333333333333,0
2026-06-30 15:00:00,桃園測站,桃園市,桃園市,桃園測站,79.4,38.9,1,0,0,0.3333333333333333,0
2026-06-30 16:00:00,桃園測站,桃園市,桃園市,桃園測站,65.9,36.5,1,0,0,0.3333333333333333,0
2026-06-30 17:00:00,桃園測站,桃園市,桃園市,桃園測站,76.8,40.1,1,0,0,0.3333333333333333,0
2026-06-30 18:00:00,桃園測站,桃園市,桃園市,桃園測站,72.4,39.2,1,0,0,0.3333333333333333,0
2026-06-30 19:00:00,桃園測站,桃園市,桃園市,桃園測站,66.2,39.2,1,0,0,0.3333333333333333,0
2026-06-30 20:00:00,桃園測站,桃園市,桃園市,桃園測站,80.6,40.7,1,0,0,0.3333333333333333,0
2026-06-30 21:00:00,桃園測站,桃園市,桃園市,桃園測站,73.4,37.9,1,0,0,0.3333333333333333,0
2026-06-30 22:00:00,桃園測站,桃園市,桃園市,桃園測站,63.9,33.5,0,0,0,0.0,0
2026-06-30 23:00:00,桃園測站,桃園市,桃園市,桃園測站,68.9,44.5,1,0,0,0.3333333333333333,0
2026-07-01 00:00:00,桃園測站,桃園市,桃園市,桃園測站,67.6,35.9,1,0,0,0.3333333333333333,0
2026-07-01 01:00:00,桃園測站,桃園市,桃園市,桃園測站,73.4,41.7,1,0,0,0.3333333333333333,0
2026-07-01 02:00:00,桃園測站,桃園市,桃園市,桃園測站,65.3,37.2,1,0,0,0.3333333333333333,0
2026-07-01 03:00:00,桃園測站,桃園市,桃園市,桃園測站,64.6,36.8,1,0,0,0.3333333333333333,0
2026-07-01 04:00:00,桃園測站,桃園市,桃園市,桃園測站,74.1,40.6,1,0,0,0.3333333333333333,0
2026-07-01 05:00:00,桃園測站,桃園市,桃園市,桃園測站,78.3,41.0,1,0,0,0.3333333333333333,0
2026-07-01 06:00:00,桃園測站,桃園市,桃園市,桃園測站,70.3,38.1,1,0,0,0.3333333333333333,0
2026-07-01 07:00:00,桃園測站,桃園市,桃園市,桃園測站,85.9,42.0,1,0,0,0.3333333333333333,0
2026-07-01 08:00:00,桃園測站,桃園市,桃園市,桃園測站,87.9,42.3,1,0,0,0.3333333333333333,0
2026-07-01 09:00:00,桃園測站,桃園市,桃園市,桃園測站,89.4,44.5,1,0,0,0.3333333333333333,0
2026-07-01 10:00:00,桃園測站,桃園市,桃園市,桃園測站,81.3,41.4,1,0,0,0.3333333333333333,0
2026-07-01 11:00:00,桃園測站,桃園市,桃園市,桃園測站,71.5,35.8,1,0,0,0.3333333333333333,0
2026-07-01 12:00:00,桃園測站,桃園市,桃園市,桃園測站,78.2,44.1,1,0,0,0.3333333333333333,0
2026-07-01 13:00:00,桃園測站,桃園市,桃園市,桃園測站,79.5,41.3,1,0,0,0.3333333333333333,0
2026-07-01 14:00:00,桃園測站,桃園市,桃園市,桃園測站,76.4,41.6,1,0,0,0.3333333333333333,0
2026-07-01 15:00:00,桃園測站,桃園市,桃園市,桃園測站,80.1,43.9,1,0,0,0.3333333333333333,0
2026-07-01 16:00:00,桃園測站,桃園市,桃園市,桃園測站,77.2,46.9,1,0,0,0.3333333333333333,0
2026-07-01 17:00:00,桃園測站,桃園市,桃園市,桃園測站,82.2,35.3,1,0,0,0.3333333333333333,0
2026-07-01 18:00:00,桃園測站,桃園市,桃園市,桃園測站,92.9,40.0,1,0,0,0.3333333333333333,0
2026-07-01 19:00:00,桃園測站,桃園市,桃園市,桃園測站,78.3,41.3,1,0,0,0.3333333333333333,0
2026-07-01 20:00:00,桃園測站,桃園市,桃園市,桃園測站,89.2,41.3,1,0,0,0.3333333333333333,0
2026-07-01 21:00:00,桃園測站,桃園市,桃園市,桃園測站,87.1,43.2,1,0,0,0.3333333333333333,0
2026-07-01 22:00:00,桃園測站,桃園市,桃園市,桃園測站,72.2,45.7,1,0,0,0.3333333333333333,0
2026-07-01 23:00:00,桃園測站,桃園市,桃園市,桃園測站,74.4,36.6,1,0,0,0.3333333333333333,0
2026-07-02 00:00:00,桃園測站,桃園市,桃園市,桃園測站,71.7,39.6,1,0,0,0.3333333333333333,0
2026-07-02 01:00:00,桃園測站,桃園市,桃園市,桃園測站,78.6,37.9,1,0,0,0.3333333333333333,0
2026-07-02 02:00:00,桃園測站,桃園市,桃園市,桃園測站,73.9,46.4,1,0,0,0.3333333333333333,0
2026-07-02 03:00:00,桃園測站,桃園市,桃園市,桃園測站,77.2,41.9,1,0,0,0.3333333333333333,0
2026-07-02 04:00:00,桃園測站,桃園市,桃園市,桃園測站,83.1,40.8,1,0,0,0.3333333333333333,0
2026-07-02 05:00:00,桃園測站,桃園市,桃園市,桃園測站,82.9,39.4,1,0,0,0.3333333333333333,0
2026-07-02 06:00:00,桃園測站,桃園市,桃園市,桃園測站,78.0,39.7,1,0,0,0.3333333333333333,0
2026-07-02 07:00:00,桃園測站,桃園市,桃園市,桃園測站,81.5,46.4,1,0,0,0.3333333333333333,0
2026-07-02 08:00:00,桃園測站,桃園市,桃園市,桃園測站,86.3,49.7,1,0,0,0.3333333333333333,0
2026-07-02 09:00:00,桃園測站,桃園市,桃園市,桃園測站,76.2,36.9,1,1,1,1.0,1
2026-07-02 10:00:00,桃園測站,桃園市,桃園市,桃園測站,81.6,39.8,1,0,0,0.3333333333333333,0
2026-07-02 11:00:00,桃園測站,桃園市,桃園市,桃園測站,87.9,40.9,1,0,0,0.3333333333333333,0
2026-07-02 12:00:00,桃園測站,桃園市,桃園市,桃園測站,74.6,37.2,1,0,0,0.3333333333333333,0
2026-07-02 13:00:00,桃園測站,桃園市,桃園市,桃園測站,74.9,39.0,1,0,0,0.3333333333333333,0
2026-07-02 14:00:00,桃園測站,桃園市,桃園市,桃園測站,77.9,38.5,1,0,0,0.3333333333333333,0
2026-07-02 15:00:00,桃園測站,桃園市,桃園市,桃園測站,79.9,35.4,1,0,0,0.3333333333333333,0
2026-07-02 16:00:00,桃園測站,桃園市,桃園市,桃園測站,78.1,40.7,1,0,0,0.3333333333333333,0
2026-07-02 17:00:00,桃園測站,桃園市,桃園市,桃園測站,75.4,35.9,1,0,0,0.3333333333333333,0
2026-07-02 18:00:00,桃園測站,桃園市,桃園市,桃園測站,86.7,42.5,1,0,0,0.3333333333333333,0
2026-07-02 19:00:00,桃園測站,桃園市,桃園市,桃園測站,90.5,47.7,1,0,0,0.3333333333333333,0
2026-07-02 20:00:00,桃園測站,桃園市,桃園市,桃園測站,84.5,39.4,1,0,0,0.3333333333333333,0
2026-07-02 21:00:00,桃園測站,桃園市,桃園市,桃園測站,78.6,38.9,1,0,0,0.3333333333333333,0
2026-07-02 22:00:00,桃園測站,桃園市,桃園市,桃園測站,76.5,42.7,1,0,0,0.3333333333333333,0
2026-07-02 23:00:00,桃園測站,桃園市,桃園市,桃園測站,70.1,40.9,1,0,0,0.3333333333333333,0
2026-07-03 00:00:00,桃園測站,桃園市,桃園市,桃園測站,67.1,39.6,1,0,0,0.3333333333333333,0
2026-07-03 01:00:00,桃園測站,桃園市,桃園市,桃園測站,74.4,43.3,1,0,0,0.3333333333333333,0
2026-07-03 02:00:00,桃園測站,桃園市,桃園市,桃園測站,76.1,38.9,1,0,0,0.3333333333333333,0
2026-07-03 03:00:00,桃園測站,桃園市,桃園市,桃園測站,82.3,39.8,1,0,0,0.3333333333333333,0
2026-07-03 04:00:00,桃園測站,桃園市,桃園市,桃園測站,80.6,42.2,1,0,0,0.3333333333333333,0
2026-07-03 05:00:00,桃園測站,桃園市,桃園市,桃園測站,72.9,44.1,1,0,0,0.3333333333333333,0
2026-07-03 06:00:00,桃園測站,桃園市,桃園市,桃園測站,84.7,48.1,1,0,0,0.3333333333333333,0
2026-07-03 07:00:00,桃園測站,桃園市,桃園市,桃園測站,83.3,40.8,1,0,0,0.3333333333333333,0
2026-07-03 08:00:00,桃園測站,桃園市,桃園市,桃園測站,90.6,44.1,1,0,0,0.3333333333333333,0
2026-07-03 09:00:00,桃園測站,桃園市,桃園市,桃園測站,84.1,40.4,1,0,0,0.3333333333333333,0
2026-07-03 10:00:00,桃園測站,桃園市,桃園市,桃園測站,73.1,30.5,0,0,0,0.0,0
2026-07-03 11:00:00,桃園測站,桃園市,桃園市,桃園測站,78.6,42.7,1,1,0,0.6666666666666666,1
2026-07-03 12:00:00,桃園測站,桃園市,桃園市,桃園測站,73.4,41.4,1,0,0,0.3333333333333333,0
2026-07-03 13:00:00,桃園測站,桃園市,桃園市,桃園測站,66.7,28.9,0,1,0,0.3333333333333333,0
2026-07-03 14:00:00,桃園測站,桃園市,桃園市,桃園測站,66.7,39.6,1,0,0,0.3333333333333333,0
2026-07-03 15:00:00,桃園測站,桃園市,桃園市,桃園測站,68.9,37.1,1,0,0,0.3333333333333333,0
2026-07-03 16:00:00,桃園測站,桃園市,桃園市,桃園測站,76.7,35.6,1,0,0,0.3333333333333333,0
2026-07-03 17:00:00,桃園測站,桃園市,桃園市,桃園測站,82.8,43.0,1,0,0,0.3333333333333333,0
2026-07-03 18:00:00,桃園測站,桃園市,桃園市,桃園測站,76.7,40.6,1,0,0,0.3333333333333333,0
2026-07-03 19:00:00,桃園測站,桃園市,桃園市,桃園測站,83.8,42.6,1,0,0,0.3333333333333333,0
2026-07-03 20:00:00,桃園測站,桃園市,桃園市,桃園測站,76.2,42.7,1,0,0,0.3333333333333333,0
2026-07-03 21:00:00,桃園測站,桃園市,桃園市,桃園測站,71.1,41.2,1,0,0,0.3333333333333333,0
2026-07-03 22:00:00,桃園測站,桃園市,桃園市,桃園測站,66.0,38.0,1,0,0,0.3333333333333333,0
2026-07-03 23:00:00,桃園測站,桃園市,桃園市,桃園測站,78.2,40.5,1,0,0,0.3333333333333333,0
2026-07-04 00:00:00,桃園測站,桃園市,桃園市,桃園測站,52.1,37.1,1,1,0,0.6666666666666666,1
2026-07-04 01:00:00,桃園測站,桃園市,桃園市,桃園測站,54.6,34.3,0,0,0,0.0,0
2026-07-04 02:00:00,桃園測站,桃園市,桃園市,桃園測站,54.6,39.6,1,0,0,0.3333333333333333,0
2026-07-04 03:00:00,桃園測站,桃園市,桃園市,桃園測站,57.0,33.9,0,0,0,0.0,0
2026-07-04 04:00:00,桃園測站,桃園市,桃園市,桃園測站,62.3,36.3,1,0,0,0.3333333333333333,0
2026-07-04 05:00:00,桃園測站,桃園市,桃園市,桃園測站,65.2,36.2,1,0,0,0.3333333333333333,0
2026-07-04 06:00:00,桃園測站,桃園市,桃園市,桃園測站,62.5,41.2,1,0,0,0.3333333333333333,0
2026-07-04 07:00:00,桃園測站,桃園市,桃園市,桃園測站,59.5,33.9,0,0,0,0.0,0
2026-07-04 08:00:00,桃園測站,桃園市,桃園市,桃園測站,71.1,43.1,1,0,0,0.3333333333333333,0
2026-07-04 09:00:00,桃園測站,桃園市,桃園市,桃園測站,56.7,34.9,0,0,0,0.0,0
2026-07-04 10:00:00,桃園測站,桃園市,桃園市,桃園測站,66.7,35.4,1,0,0,0.3333333333333333,0
2026-07-04 11:00:00,桃園測站,桃園市,桃園市,桃園測站,49.3,31.3,0,0,0,0.0,0
2026-07-04 12:00:00,桃園測站,桃園市,桃園市,桃園測站,58.6,36.5,1,0,0,0.3333333333333333,0
2026-07-04 13:00:00,桃園測站,桃園市,桃園市,桃園測站,57.9,39.2,1,0,0,0.3333333333333333,0
2026-07-04 14:00:00,桃園測站,桃園市,桃園市,桃園測站,67.3,40.3,1,0,0,0.3333333333333333,0
2026-07-04 15:00:00,桃園測站,桃園市,桃園市,桃園測站,71.5,37.3,1,0,0,0.3333333333333333,0
2026-07-04 16:00:00,桃園測站,桃園市,桃園市,桃園測站,66.2,41.2,1,0,0,0.3333333333333333,0
2026-07-04 17:00:00,桃園測站,桃園市,桃園市,桃園測站,66.4,38.2,1,0,0,0.3333333333333333,0
2026-07-04 18:00:00,桃園測站,桃園市,桃園市,桃園測站,67.9,36.0,1,0,0,0.3333333333333333,0
2026-07-04 19:00:00,桃園測站,桃園市,桃園市,桃園測站,60.4,34.1,0,0,0,0.0,0
2026-07-04 20:00:00,桃園測站,桃園市,桃園市,桃園測站,66.2,36.9,1,0,0,0.3333333333333333,0
2026-07-04 21:00:00,桃園測站,桃園市,桃園市,桃園測站,54.1,30.0,0,0,0,0.0,0
2026-07-04 22:00:00,桃園測站,桃園市,桃園市,桃園測站,56.5,35.2,1,0,0,0.3333333333333333,0
2026-07-04 23:00:00,桃園測站,桃園市,桃園市,桃園測站,55.0,37.8,1,0,0,0.3333333333333333,0
2026-07-05 00:00:00,桃園測站,桃園市,桃園市,桃園測站,55.2,30.7,0,0,0,0.0,0
2026-07-05 01:00:00,桃園測站,桃園市,桃園市,桃園測站,61.9,33.0,0,0,0,0.0,0
2026-07-05 02:00:00,桃園測站,桃園市,桃園市,桃園測站,53.1,35.6,1,0,0,0.3333333333333333,0
2026-07-05 03:00:00,桃園測站,桃園市,桃園市,桃園測站,57.4,34.2,0,0,0,0.0,0
2026-07-05 04:00:00,桃園測站,桃園市,桃園市,桃園測站,52.5,32.6,0,0,0,0.0,0
2026-07-05 05:00:00,桃園測站,桃園市,桃園市,桃園測站,62.9,33.7,0,0,0,0.0,0
2026-07-05 06:00:00,桃園測站,桃園市,桃園市,桃園測站,66.7,38.9,1,0,0,0.3333333333333333,0
2026-07-05 07:00:00,桃園測站,桃園市,桃園市,桃園測站,66.6,36.4,1,0,0,0.3333333333333333,0
2026-07-05 08:00:00,桃園測站,桃園市,桃園市,桃園測站,72.2,39.1,1,0,0,0.3333333333333333,0
2026-07-05 09:00:00,桃園測站,桃園市,桃園市,桃園測站,62.3,35.9,1,0,0,0.3333333333333333,0
2026-07-05 10:00:00,桃園測站,桃園市,桃園市,桃園測站,62.0,45.8,1,0,0,0.3333333333333333,0
2026-07-05 11:00:00,桃園測站,桃園市,桃園市,桃園測站,60.4,39.0,1,0,0,0.3333333333333333,0
2026-07-05 12:00:00,桃園測站,桃園市,桃園市,桃園測站,50.7,34.7,0,0,0,0.0,0
2026-07-05 13:00:00,桃園測站,桃園市,桃園市,桃園測站,65.2,34.7,0,0,0,0.0,0
2026-07-05 14:00:00,桃園測站,桃園市,桃園市,桃園測站,66.5,40.8,1,0,0,0.3333333333333333,0
2026-07-05 15:00:00,桃園測站,桃園市,桃園市,桃園測站,59.9,34.9,0,0,0,0.0,0
2026-07-05 16:00:00,桃園測站,桃園市,桃園市,桃園測站,66.3,35.5,1,0,0,0.3333333333333333,0
2026-07-05 17:00:00,桃園測站,桃園市,桃園市,桃園測站,64.4,36.8,1,0,0,0.3333333333333333,0
2026-07-05 18:00:00,桃園測站,桃園市,桃園市,桃園測站,71.5,36.1,1,0,0,0.3333333333333333,0
2026-07-05 19:00:00,桃園測站,桃園市,桃園市,桃園測站,77.2,43.3,1,0,0,0.3333333333333333,0
2026-07-05 20:00:00,桃園測站,桃園市,桃園市,桃園測站,80.8,42.0,1,0,0,0.3333333333333333,0
2026-07-05 21:00:00,桃園測站,桃園市,桃園市,桃園測站,72.7,42.3,1,0,0,0.3333333333333333,0
2026-07-05 22:00:00,桃園測站,桃園市,桃園市,桃園測站,58.2,29.3,0,1,1,0.6666666666666666,1
2026-07-05 23:00:00,桃園測站,桃園市,桃園市,桃園測站,61.6,36.0,1,0,0,0.3333333333333333,0
2026-07-06 00:00:00,桃園測站,桃園市,桃園市,桃園測站,68.2,32.8,0,0,0,0.0,0
2026-07-06 01:00:00,桃園測站,桃園市,桃園市,桃園測站,67.3,38.2,1,0,0,0.3333333333333333,0
2026-07-06 02:00:00,桃園測站,桃園市,桃園市,桃園測站,68.6,43.6,1,0,0,0.3333333333333333,0
2026-07-06 03:00:00,桃園測站,桃園市,桃園市,桃園測站,61.9,37.7,1,0,0,0.3333333333333333,0
2026-07-06 04:00:00,桃園測站,桃園市,桃園市,桃園測站,77.4,47.3,1,0,0,0.3333333333333333,0
2026-07-06 05:00:00,桃園測站,桃園市,桃園市,桃園測站,70.1,42.3,1,0,0,0.3333333333333333,0
2026-07-06 06:00:00,桃園測站,桃園市,桃園市,桃園測站,72.5,43.8,1,0,0,0.3333333333333333,0
2026-07-06 07:00:00,桃園測站,桃園市,桃園市,桃園測站,82.5,41.3,1,0,0,0.3333333333333333,0
2026-07-06 08:00:00,桃園測站,桃園市,桃園市,桃園測站,79.6,40.1,1,0,0,0.3333333333333333,0
2026-07-06 09:00:00,桃園測站,桃園市,桃園市,桃園測站,77.1,44.4,1,0,0,0.3333333333333333,0
2026-07-06 10:00:00,桃園測站,桃園市,桃園市,桃園測站,78.7,42.5,1,0,0,0.3333333333333333,0
2026-07-06 11:00:00,桃園測站,桃園市,桃園市,桃園測站,78.0,39.7,1,0,0,0.3333333333333333,0
2026-07-06 12:00:00,桃園測站,桃園市,桃園市,桃園測站,72.5,35.7,1,0,0,0.3333333333333333,0
2026-07-06 13:00:00,桃園測站,桃園市,桃園市,桃園測站,62.9,38.5,1,0,0,0.3333333333333333,0
2026-07-06 14:00:00,桃園測站,桃園市,桃園市,桃園測站,83.2,40.6,1,0,0,0.3333333333333333,0
2026-07-06 15:00:00,桃園測站,桃園市,桃園市,桃園測站,82.2,41.5,1,0,0,0.3333333333333333,0
2026-07-06 16:00:00,桃園測站,桃園市,桃園市,桃園測站,85.4,42.9,1,0,0,0.3333333333333333,0
2026-07-06 17:00:00,桃園測站,桃園市,桃園市,桃園測站,81.0,39.7,1,0,0,0.3333333333333333,0
2026-07-06 18:00:00,桃園測站,桃園市,桃園市,桃園測站,82.1,41.8,1,0,0,0.3333333333333333,0
2026-07-06 19:00:00,桃園測站,桃園市,桃園市,桃園測站,83.0,41.6,1,0,0,0.3333333333333333,0
2026-07-06 20:00:00,桃園測站,桃園市,桃園市,桃園測站,78.5,35.1,1,0,0,0.3333333333333333,0
2026-07-06 21:00:00,桃園測站,桃園市,桃園市,桃園測站,73.9,41.6,1,0,0,0.3333333333333333,0
2026-07-06 22:00:00,桃園測站,桃園市,桃園市,桃園測站,82.3,39.4,1,0,0,0.3333333333333333,0
2026-07-06 23:00:00,桃園測站,桃園市,桃園市,桃園測站,76.2,39.1,1,0,0,0.3333333333333333,0
2026-07-07 00:00:00,桃園測站,桃園市,桃園市,桃園測站,80.0,40.9,1,0,0,0.3333333333333333,0
2026-07-07 01:00:00,桃園測站,桃園市,桃園市,桃園測站,63.0,32.3,0,0,0,0.0,0
2026-07-07 02:00:00,桃園測站,桃園市,桃園市,桃園測站,81.4,39.7,1,0,0,0.3333333333333333,0
2026-07-07 03:00:00,桃園測站,桃園市,桃園市,桃園測站,74.4,39.8,1,0,0,0.3333333333333333,0
2026-07-07 04:00:00,桃園測站,桃園市,桃園市,桃園測站,86.0,44.6,1,0,0,0.3333333333333333,0
2026-07-07 05:00:00,桃園測站,桃園市,桃園市,桃園測站,75.8,39.1,1,0,0,0.3333333333333333,0
2026-07-07 06:00:00,桃園測站,桃園市,桃園市,桃園測站,80.9,39.8,1,0,0,0.3333333333333333,0
2026-07-07 07:00:00,桃園測站,桃園市,桃園市,桃園測站,79.4,41.0,1,0,0,0.3333333333333333,0
2026-07-07 08:00:00,桃園測站,桃園市,桃園市,桃園測站,77.8,45.6,1,0,0,0.3333333333333333,0
2026-07-07 09:00:00,桃園測站,桃園市,桃園市,桃園測站,93.3,42.9,1,0,0,0.3333333333333333,0
2026-07-07 10:00:00,桃園測站,桃園市,桃園市,桃園測站,84.0,41.6,1,0,0,0.3333333333333333,0
2026-07-07 11:00:00,桃園測站,桃園市,桃園市,桃園測站,75.9,35.2,1,0,0,0.3333333333333333,0
2026-07-07 12:00:00,桃園測站,桃園市,桃園市,桃園測站,71.5,34.9,0,0,0,0.0,0
2026-07-07 13:00:00,桃園測站,桃園市,桃園市,桃園測站,77.6,43.8,1,0,0,0.3333333333333333,0
2026-07-07 14:00:00,桃園測站,桃園市,桃園市,桃園測站,74.2,41.1,1,0,0,0.3333333333333333,0
2026-07-07 15:00:00,桃園測站,桃園市,桃園市,桃園測站,77.3,40.5,1,0,0,0.3333333333333333,0
2026-07-07 16:00:00,桃園測站,桃園市,桃園市,桃園測站,73.6,33.2,0,0,0,0.0,0
2026-07-07 17:00:00,桃園測站,桃園市,桃園市,桃園測站,92.1,42.2,1,0,1,0.6666666666666666,1
2026-07-07 18:00:00,桃園測站,桃園市,桃園市,桃園測站,86.2,42.6,1,0,0,0.3333333333333333,0
2026-07-07 19:00:00,桃園測站,桃園市,桃園市,桃園測站,63.6,38.6,1,1,0,0.6666666666666666,1
2026-07-07 20:00:00,桃園測站,桃園市,桃園市,桃園測站,87.8,45.4,1,1,1,1.0,1
2026-07-07 21:00:00,桃園測站,桃園市,桃園市,桃園測站,78.2,46.5,1,0,0,0.3333333333333333,0
2026-07-07 22:00:00,桃園測站,桃園市,桃園市,桃園測站,84.6,43.1,1,0,0,0.3333333333333333,0
2026-07-07 23:00:00,桃園測站,桃園市,桃園市,桃園測站,75.2,41.2,1,0,0,0.3333333333333333,0
2026-07-08 00:00:00,桃園測站,桃園市,桃園市,桃園測站,80.8,44.4,1,0,0,0.3333333333333333,0
2026-07-08 01:00:00,桃園測站,桃園市,桃園市,桃園測站,72.3,41.5,1,0,0,0.3333333333333333,0
2026-07-08 02:00:00,桃園測站,桃園市,桃園市,桃園測站,71.0,40.8,1,0,0,0.3333333333333333,0
2026-07-08 03:00:00,桃園測站,桃園市,桃園市,桃園測站,68.1,42.4,1,0,0,0.3333333333333333,0
2026-07-08 04:00:00,桃園測站,桃園市,桃園市,桃園測站,77.7,37.8,1,0,0,0.3333333333333333,0
2026-07-08 05:00:00,桃園測站,桃園市,桃園市,桃園測站,72.5,43.9,1,0,0,0.3333333333333333,0
2026-07-08 06:00:00,桃園測站,桃園市,桃園市,桃園測站,71.1,36.0,1,0,0,0.3333333333333333,0
2026-07-08 07:00:00,桃園測站,桃園市,桃園市,桃園測站,83.5,43.2,1,0,0,0.3333333333333333,0
2026-07-08 08:00:00,桃園測站,桃園市,桃園市,桃園測站,87.8,44.0,1,0,0,0.3333333333333333,0
2026-07-08 09:00:00,桃園測站,桃園市,桃園市,桃園測站,72.4,40.2,1,0,0,0.3333333333333333,0
2026-07-08 10:00:00,桃園測站,桃園市,桃園市,桃園測站,73.3,43.6,1,0,0,0.3333333333333333,0
2026-07-08 11:00:00,桃園測站,桃園市,桃園市,桃園測站,65.5,38.3,1,0,0,0.3333333333333333,0
2026-07-08 12:00:00,桃園測站,桃園市,桃園市,桃園測站,75.5,42.0,1,0,0,0.3333333333333333,0
2026-07-08 13:00:00,桃園測站,桃園市,桃園市,桃園測站,71.5,43.1,1,0,0,0.3333333333333333,0
2026-07-08 14:00:00,桃園測站,桃園市,桃園市,桃園測站,68.1,44.1,1,0,0,0.3333333333333333,0
2026-07-08 15:00:00,桃園測站,桃園市,桃園市,桃園測站,69.2,35.8,1,0,0,0.3333333333333333,0
2026-07-08 16:00:00,桃園測站,桃園市,桃園市,桃園測站,81.7,41.4,1,0,0,0.3333333333333333,0
2026-07-08 17:00:00,桃園測站,桃園市,桃園市,桃園測站,80.7,44.3,1,0,0,0.3333333333333333,0
2026-07-08 18:00:00,桃園測站,桃園市,桃園市,桃園測站,77.0,41.6,1,0,0,0.3333333333333333,0
2026-07-08 19:00:00,桃園測站,桃園市,桃園市,桃園測站,69.1,39.0,1,0,0,0.3333333333333333,0
2026-07-08 20:00:00,桃園測站,桃園市,桃園市,桃園測站,73.5,38.9,1,0,0,0.3333333333333333,0
2026-07-08 21:00:00,桃園測站,桃園市,桃園市,桃園測站,73.8,41.0,1,1,0,0.6666666666666666,1
2026-07-08 22:00:00,桃園測站,桃園市,桃園市,桃園測站,76.2,41.4,1,0,0,0.3333333333333333,0
2026-07-08 23:00:00,桃園測站,桃園市,桃園市,桃園測站,57.9,34.7,0,0,0,0.0,0
2026-07-09 00:00:00,桃園測站,桃園市,桃園市,桃園測站,60.7,33.5,0,0,0,0.0,0
2026-07-09 01:00:00,桃園測站,桃園市,桃園市,桃園測站,68.2,39.1,1,0,0,0.3333333333333333,0
2026-07-09 02:00:00,桃園測站,桃園市,桃園市,桃園測站,66.4,37.9,1,0,0,0.3333333333333333,0
2026-07-09 03:00:00,桃園測站,桃園市,桃園市,桃園測站,65.5,34.8,0,0,0,0.0,0
2026-07-09 04:00:00,桃園測站,桃園市,桃園市,桃園測站,65.9,38.9,1,0,0,0.3333333333333333,0
2026-07-09 05:00:00,桃園測站,桃園市,桃園市,桃園測站,71.4,35.8,1,0,0,0.3333333333333333,0
2026-07-09 06:00:00,桃園測站,桃園市,桃園市,桃園測站,62.2,32.6,0,0,0,0.0,0
2026-07-09 07:00:00,桃園測站,桃園市,桃園市,桃園測站,70.6,37.3,1,0,0,0.3333333333333333,0
2026-07-09 08:00:00,桃園測站,桃園市,桃園市,桃園測站,73.7,36.6,1,0,0,0.3333333333333333,0
2026-07-09 09:00:00,桃園測站,桃園市,桃園市,桃園測站,78.0,40.9,1,0,0,0.3333333333333333,0
2026-07-09 10:00:00,桃園測站,桃園市,桃園市,桃園測站,68.5,33.3,0,0,0,0.0,0
2026-07-09 11:00:00,桃園測站,桃園市,桃園市,桃園測站,65.1,34.8,0,0,0,0.0,0
2026-07-09 12:00:00,桃園測站,桃園市,桃園市,桃園測站,69.6,38.8,1,0,0,0.3333333333333333,0
2026-07-09 13:00:00,桃園測站,桃園市,桃園市,桃園測站,53.7,33.6,0,0,0,0.0,0
2026-07-09 14:00:00,桃園測站,桃園市,桃園市,桃園測站,57.9,32.6,0,0,0,0.0,0
2026-07-09 15:00:00,桃園測站,桃園市,桃園市,桃園測站,69.2,37.6,1,0,0,0.3333333333333333,0
2026-07-09 16:00:00,桃園測站,桃園市,桃園市,桃園測站,71.9,37.6,1,0,0,0.3333333333333333,0
2026-07-09 17:00:00,桃園測站,桃園市,桃園市,桃園測站,71.4,40.5,1,0,0,0.3333333333333333,0
2026-07-09 18:00:00,桃園測站,桃園市,桃園市,桃園測站,72.5,37.8,1,0,0,0.3333333333333333,0
2026-07-09 19:00:00,桃園測站,桃園市,桃園市,桃園測站,69.1,40.9,1,0,0,0.3333333333333333,0
2026-07-09 20:00:00,桃園測站,桃園市,桃園市,桃園測站,60.8,28.1,0,1,0,0.3333333333333333,0
2026-07-09 21:00:00,桃園測站,桃園市,桃園市,桃園測站,77.0,39.8,1,0,0,0.3333333333333333,0
2026-07-09 22:00:00,桃園測站,桃園市,桃園市,桃園測站,66.7,37.6,1,0,0,0.3333333333333333,0
2026-07-09 23:00:00,桃園測站,桃園市,桃園市,桃園測站,66.6,35.1,1,0,0,0.3333333333333333,0
2026-07-10 00:00:00,桃園測站,桃園市,桃園市,桃園測站,66.3,34.5,0,0,0,0.0,0
2026-07-10 01:00:00,桃園測站,桃園市,桃園市,桃園測站,60.7,34.4,0,0,0,0.0,0
2026-07-10 02:00:00,桃園測站,桃園市,桃園市,桃園測站,68.1,38.5,1,0,0,0.3333333333333333,0
2026-07-10 03:00:00,桃園測站,桃園市,桃園市,桃園測站,60.8,32.2,0,0,0,0.0,0
2026-07-10 04:00:00,桃園測站,桃園市,桃園市,桃園測站,59.8,32.3,0,0,0,0.0,0
2026-07-10 05:00:00,桃園測站,桃園市,桃園市,桃園測站,75.3,35.3,1,0,0,0.3333333333333333,0
2026-07-10 06:00:00,桃園測站,桃園市,桃園市,桃園測站,77.4,43.8,1,0,0,0.3333333333333333,0
2026-07-10 07:00:00,桃園測站,桃園市,桃園市,桃園測站,77.7,38.0,1,0,0,0.3333333333333333,0
2026-07-10 08:00:00,桃園測站,桃園市,桃園市,桃園測站,75.2,39.5,1,0,0,0.3333333333333333,0
2026-07-10 09:00:00,桃園測站,桃園市,桃園市,桃園測站,82.7,39.5,1,0,0,0.3333333333333333,0
2026-07-10 10:00:00,桃園測站,桃園市,桃園市,桃園測站,67.7,37.9,1,0,0,0.3333333333333333,0
2026-07-10 11:00:00,桃園測站,桃園市,桃園市,桃園測站,61.3,38.5,1,0,0,0.3333333333333333,0
2026-07-10 12:00:00,桃園測站,桃園市,桃園市,桃園測站,69.7,39.1,1,0,0,0.3333333333333333,0
2026-07-10 13:00:00,桃園測站,桃園市,桃園市,桃園測站,60.9,35.1,1,0,0,0.3333333333333333,0
2026-07-10 14:00:00,桃園測站,桃園市,桃園市,桃園測站,61.8,38.0,1,0,0,0.3333333333333333,0
2026-07-10 15:00:00,桃園測站,桃園市,桃園市,桃園測站,72.0,36.6,1,0,0,0.3333333333333333,0
2026-07-10 16:00:00,桃園測站,桃園市,桃園市,桃園測站,77.9,45.6,1,0,0,0.3333333333333333,0
2026-07-10 17:00:00,桃園測站,桃園市,桃園市,桃園測站,84.3,41.9,1,1,0,0.6666666666666666,1
2026-07-10 18:00:00,桃園測站,桃園市,桃園市,桃園測站,75.1,42.5,1,0,0,0.3333333333333333,0
2026-07-10 19:00:00,桃園測站,桃園市,桃園市,桃園測站,80.4,41.1,1,0,0,0.3333333333333333,0
2026-07-10 20:00:00,桃園測站,桃園市,桃園市,桃園測站,81.9,44.3,1,0,0,0.3333333333333333,0
2026-07-10 21:00:00,桃園測站,桃園市,桃園市,桃園測站,73.8,41.9,1,0,0,0.3333333333333333,0
2026-07-10 22:00:00,桃園測站,桃園市,桃園市,桃園測站,76.3,41.5,1,0,0,0.3333333333333333,0
2026-07-10 23:00:00,桃園測站,桃園市,桃園市,桃園測站,67.0,36.7,1,0,0,0.3333333333333333,0
2026-07-11 00:00:00,桃園測站,桃園市,桃園市,桃園測站,73.0,40.5,1,1,0,0.6666666666666666,1
2026-07-11 01:00:00,桃園測站,桃園市,桃園市,桃園測站,53.5,34.2,0,0,0,0.0,0
2026-07-11 02:00:00,桃園測站,桃園市,桃園市,桃園測站,58.9,32.0,0,0,0,0.0,0
2026-07-11 03:00:00,桃園測站,桃園市,桃園市,桃園測站,58.3,33.2,0,0,0,0.0,0
2026-07-11 04:00:00,桃園測站,桃園市,桃園市,桃園測站,66.6,37.4,1,0,0,0.3333333333333333,0
2026-07-11 05:00:00,桃園測站,桃園市,桃園市,桃園測站,72.9,42.0,1,0,0,0.3333333333333333,0
2026-07-11 06:00:00,桃園測站,桃園市,桃園市,桃園測站,69.4,35.8,1,0,0,0.3333333333333333,0
2026-07-11 07:00:00,桃園測站,桃園市,桃園市,桃園測站,67.8,36.0,1,0,0,0.3333333333333333,0
2026-07-11 08:00:00,桃園測站,桃園市,桃園市,桃園測站,76.2,40.1,1,0,0,0.3333333333333333,0
2026-07-11 09:00:00,桃園測站,桃園市,桃園市,桃園測站,65.0,41.6,1,0,0,0.3333333333333333,0
2026-07-11 10:00:00,桃園測站,桃園市,桃園市,桃園測站,72.5,37.5,1,0,0,0.3333333333333333,0
2026-07-11 11:00:00,桃園測站,桃園市,桃園市,桃園測站,61.8,37.2,1,0,0,0.3333333333333333,0
2026-07-11 12:00:00,桃園測站,桃園市,桃園市,桃園測站,65.4,42.9,1,0,0,0.3333333333333333,0
2026-07-11 13:00:00,桃園測站,桃園市,桃園市,桃園測站,73.2,42.3,1,0,0,0.3333333333333333,0
2026-07-11 14:00:00,桃園測站,桃園市,桃園市,桃園測站,64.5,34.8,0,0,0,0.0,0
2026-07-11 15:00:00,桃園測站,桃園市,桃園市,桃園測站,63.1,42.1,1,0,0,0.3333333333333333,0
2026-07-11 16:00:00,桃園測站,桃園市,桃園市,桃園測站,65.5,45.0,1,0,0,0.3333333333333333,0
2026-07-11 17:00:00,桃園測站,桃園市,桃園市,桃園測站,78.4,39.7,1,0,0,0.3333333333333333,0
2026-07-11 18:00:00,桃園測站,桃園市,桃園市,桃園測站,73.7,42.8,1,0,0,0.3333333333333333,0
2026-07-11 19:00:00,桃園測站,桃園市,桃園市,桃園測站,75.6,40.4,1,0,0,0.3333333333333333,0
2026-07-11 20:00:00,桃園測站,桃園市,桃園市,桃園測站,78.5,45.6,1,0,0,0.3333333333333333,0
2026-07-11 21:00:00,桃園測站,桃園市,桃園市,桃園測站,81.1,38.6,1,0,0,0.3333333333333333,0
2026-07-11 22:00:00,桃園測站,桃園市,桃園市,桃園測站,73.6,40.3,1,0,0,0.3333333333333333,0
2026-07-11 23:00:00,桃園測站,桃園市,桃園市,桃園測站,79.8,41.3,1,0,0,0.3333333333333333,0
2026-07-12 00:00:00,桃園測站,桃園市,桃園市,桃園測站,59.2,35.1,1,1,0,0.6666666666666666,1
2026-07-12 01:00:00,桃園測站,桃園市,桃園市,桃園測站,75.2,41.2,1,0,0,0.3333333333333333,0
2026-07-12 02:00:00,桃園測站,桃園市,桃園市,桃園測站,67.5,37.0,1,0,0,0.3333333333333333,0
2026-07-12 03:00:00,桃園測站,桃園市,桃園市,桃園測站,66.1,36.2,1,0,0,0.3333333333333333,0
2026-07-12 04:00:00,桃園測站,桃園市,桃園市,桃園測站,70.4,36.5,1,0,0,0.3333333333333333,0
2026-07-12 05:00:00,桃園測站,桃園市,桃園市,桃園測站,76.4,40.2,1,0,0,0.3333333333333333,0
2026-07-12 06:00:00,桃園測站,桃園市,桃園市,桃園測站,73.4,42.7,1,0,0,0.3333333333333333,0
2026-07-12 07:00:00,桃園測站,桃園市,桃園市,桃園測站,73.2,39.0,1,0,0,0.3333333333333333,0
2026-07-12 08:00:00,桃園測站,桃園市,桃園市,桃園測站,77.4,47.0,1,0,0,0.3333333333333333,0
2026-07-12 09:00:00,桃園測站,桃園市,桃園市,桃園測站,81.5,42.5,1,0,0,0.3333333333333333,0
2026-07-12 10:00:00,桃園測站,桃園市,桃園市,桃園測站,83.5,43.0,1,0,0,0.3333333333333333,0
2026-07-12 11:00:00,桃園測站,桃園市,桃園市,桃園測站,75.0,40.7,1,0,0,0.3333333333333333,0
2026-07-12 12:00:00,桃園測站,桃園市,桃園市,桃園測站,78.5,40.1,1,0,0,0.3333333333333333,0
2026-07-12 13:00:00,桃園測站,桃園市,桃園市,桃園測站,78.6,41.0,1,0,0,0.3333333333333333,0
2026-07-12 14:00:00,桃園測站,桃園市,桃園市,桃園測站,65.1,42.2,1,0,0,0.3333333333333333,0
2026-07-12 15:00:00,桃園測站,桃園市,桃園市,桃園測站,66.2,41.1,1,0,0,0.3333333333333333,0
2026-07-12 16:00:00,桃園測站,桃園市,桃園市,桃園測站,79.9,45.4,1,0,0,0.3333333333333333,0
2026-07-12 17:00:00,桃園測站,桃園市,桃園市,桃園測站,82.8,42.0,1,0,0,0.3333333333333333,0
2026-07-12 18:00:00,桃園測站,桃園市,桃園市,桃園測站,76.1,35.5,1,0,0,0.3333333333333333,0
2026-07-12 19:00:00,桃園測站,桃園市,桃園市,桃園測站,76.1,35.0,0,0,0,0.0,0
2026-07-12 20:00:00,桃園測站,桃園市,桃園市,桃園測站,74.4,42.4,1,0,0,0.3333333333333333,0
2026-07-12 21:00:00,桃園測站,桃園市,桃園市,桃園測站,69.9,43.2,1,0,0,0.3333333333333333,0
2026-07-12 22:00:00,桃園測站,桃園市,桃園市,桃園測站,79.1,40.7,1,0,0,0.3333333333333333,0
2026-07-12 23:00:00,桃園測站,桃園市,桃園市,桃園測站,75.8,41.9,1,0,0,0.3333333333333333,0
2026-07-13 00:00:00,桃園測站,桃園市,桃園市,桃園測站,70.7,37.4,1,0,0,0.3333333333333333,0
2026-07-13 01:00:00,桃園測站,桃園市,桃園市,桃園測站,78.6,36.4,1,0,0,0.3333333333333333,0
2026-07-13 02:00:00,桃園測站,桃園市,桃園市,桃園測站,68.6,39.9,1,0,0,0.3333333333333333,0
2026-07-13 03:00:00,桃園測站,桃園市,桃園市,桃園測站,73.6,42.5,1,0,0,0.3333333333333333,0
2026-07-13 04:00:00,桃園測站,桃園市,桃園市,桃園測站,77.7,43.6,1,0,0,0.3333333333333333,0
2026-07-13 05:00:00,桃園測站,桃園市,桃園市,桃園測站,80.6,41.2,1,0,0,0.3333333333333333,0
2026-07-13 06:00:00,桃園測站,桃園市,桃園市,桃園測站,79.7,36.8,1,0,0,0.3333333333333333,0
2026-07-13 07:00:00,桃園測站,桃園市,桃園市,桃園測站,82.2,42.5,1,0,0,0.3333333333333333,0
2026-07-13 08:00:00,桃園測站,桃園市,桃園市,桃園測站,84.7,46.1,1,0,0,0.3333333333333333,0
2026-07-13 09:00:00,桃園測站,桃園市,桃園市,桃園測站,77.0,38.7,1,0,0,0.3333333333333333,0
2026-07-13 10:00:00,桃園測站,桃園市,桃園市,桃園測站,88.8,39.8,1,0,0,0.3333333333333333,0
2026-07-13 11:00:00,桃園測站,桃園市,桃園市,桃園測站,72.6,39.5,1,0,0,0.3333333333333333,0
2026-07-13 12:00:00,桃園測站,桃園市,桃園市,桃園測站,68.8,38.5,1,0,0,0.3333333333333333,0
2026-07-13 13:00:00,桃園測站,桃園市,桃園市,桃園測站,68.8,41.5,1,0,0,0.3333333333333333,0
2026-07-13 14:00:00,桃園測站,桃園市,桃園市,桃園測站,70.3,37.2,1,0,0,0.3333333333333333,0
2026-07-13 15:00:00,桃園測站,桃園市,桃園市,桃園測站,76.3,36.0,1,0,0,0.3333333333333333,0
2026-07-13 16:00:00,桃園測站,桃園市,桃園市,桃園測站,70.0,38.6,1,0,0,0.3333333333333333,0
2026-07-13 17:00:00,桃園測站,桃園市,桃園市,桃園測站,78.0,37.9,1,0,0,0.3333333333333333,0
2026-07-13 18:00:00,桃園測站,桃園市,桃園市,桃園測站,84.8,43.3,1,0,0,0.3333333333333333,0
2026-07-13 19:00:00,桃園測站,桃園市,桃園市,桃園測站,75.8,37.4,1,0,0,0.3333333333333333,0
2026-07-13 20:00:00,桃園測站,桃園市,桃園市,桃園測站,69.5,41.6,1,0,0,0.3333333333333333,0
2026-07-13 21:00:00,桃園測站,桃園市,桃園市,桃園測站,77.0,45.6,1,0,0,0.3333333333333333,0
2026-07-13 22:00:00,桃園測站,桃園市,桃園市,桃園測站,66.6,39.5,1,0,0,0.3333333333333333,0
2026-07-13 23:00:00,桃園測站,桃園市,桃園市,桃園測站,65.8,37.1,1,0,0,0.3333333333333333,0
2026-07-14 00:00:00,桃園測站,桃園市,桃園市,桃園測站,66.9,34.8,0,0,0,0.0,0
2026-07-14 01:00:00,桃園測站,桃園市,桃園市,桃園測站,60.7,35.5,1,0,0,0.3333333333333333,0
2026-07-14 02:00:00,桃園測站,桃園市,桃園市,桃園測站,62.6,33.3,0,0,0,0.0,0
2026-07-14 03:00:00,桃園測站,桃園市,桃園市,桃園測站,61.5,33.3,0,0,0,0.0,0
2026-07-14 04:00:00,桃園測站,桃園市,桃園市,桃園測站,64.1,38.3,1,0,0,0.3333333333333333,0
2026-07-14 05:00:00,桃園測站,桃園市,桃園市,桃園測站,73.3,38.6,1,0,0,0.3333333333333333,0
2026-07-14 06:00:00,桃園測站,桃園市,桃園市,桃園測站,70.5,40.7,1,0,0,0.3333333333333333,0
2026-07-14 07:00:00,桃園測站,桃園市,桃園市,桃園測站,71.4,41.9,1,0,0,0.3333333333333333,0
2026-07-14 08:00:00,桃園測站,桃園市,桃園市,桃園測站,78.6,36.7,1,0,0,0.3333333333333333,0
2026-07-14 09:00:00,桃園測站,桃園市,桃園市,桃園測站,74.8,43.0,1,0,0,0.3333333333333333,0
2026-07-14 10:00:00,桃園測站,桃園市,桃園市,桃園測站,69.2,40.6,1,0,0,0.3333333333333333,0
2026-07-14 11:00:00,桃園測站,桃園市,桃園市,桃園測站,62.8,31.1,0,1,0,0.3333333333333333,0
2026-07-14 12:00:00,桃園測站,桃園市,桃園市,桃園測站,65.5,40.3,1,0,0,0.3333333333333333,0
2026-07-14 13:00:00,桃園測站,桃園市,桃園市,桃園測站,65.5,38.2,1,0,0,0.3333333333333333,0
2026-07-14 14:00:00,桃園測站,桃園市,桃園市,桃園測站,68.6,41.6,1,0,0,0.3333333333333333,0
2026-07-14 15:00:00,桃園測站,桃園市,桃園市,桃園測站,73.6,42.0,1,0,0,0.3333333333333333,0
2026-07-14 16:00:00,桃園測站,桃園市,桃園市,桃園測站,63.1,40.2,1,0,0,0.3333333333333333,0
2026-07-14 17:00:00,桃園測站,桃園市,桃園市,桃園測站,69.5,36.0,1,0,0,0.3333333333333333,0
2026-07-14 18:00:00,桃園測站,桃園市,桃園市,桃園測站,71.2,36.8,1,0,0,0.3333333333333333,0
2026-07-14 19:00:00,桃園測站,桃園市,桃園市,桃園測站,69.6,38.5,1,0,0,0.3333333333333333,0
2026-07-14 20:00:00,桃園測站,桃園市,桃園市,桃園測站,77.9,38.2,1,0,0,0.3333333333333333,0
2026-07-14 21:00:00,桃園測站,桃園市,桃園市,桃園測站,73.5,40.6,1,0,0,0.3333333333333333,0
2026-07-14 22:00:00,桃園測站,桃園市,桃園市,桃園測站,57.9,35.5,1,0,0,0.3333333333333333,0
2026-07-14 23:00:00,桃園測站,桃園市,桃園市,桃園測站,62.0,38.1,1,0,0,0.3333333333333333,0
2026-07-15 00:00:00,桃園測站,桃園市,桃園市,桃園測站,71.1,43.7,1,0,0,0.3333333333333333,0
2026-07-15 01:00:00,桃園測站,桃園市,桃園市,桃園測站,70.4,37.4,1,0,0,0.3333333333333333,0
2026-07-15 02:00:00,桃園測站,桃園市,桃園市,桃園測站,65.8,39.6,1,0,0,0.3333333333333333,0
2026-07-15 03:00:00,桃園測站,桃園市,桃園市,桃園測站,66.0,41.1,1,0,0,0.3333333333333333,0
2026-07-15 04:00:00,桃園測站,桃園市,桃園市,桃園測站,56.5,37.6,1,0,0,0.3333333333333333,0
2026-07-15 05:00:00,桃園測站,桃園市,桃園市,桃園測站,66.8,36.3,1,0,0,0.3333333333333333,0
2026-07-15 06:00:00,桃園測站,桃園市,桃園市,桃園測站,73.1,32.8,0,0,0,0.0,0
2026-07-15 07:00:00,桃園測站,桃園市,桃園市,桃園測站,74.8,40.0,1,0,0,0.3333333333333333,0
2026-07-15 08:00:00,桃園測站,桃園市,桃園市,桃園測站,73.4,36.4,1,0,0,0.3333333333333333,0
2026-07-15 09:00:00,桃園測站,桃園市,桃園市,桃園測站,75.4,36.2,1,0,0,0.3333333333333333,0
2026-07-15 10:00:00,桃園測站,桃園市,桃園市,桃園測站,83.9,41.4,1,0,0,0.3333333333333333,0
2026-07-15 11:00:00,桃園測站,桃園市,桃園市,桃園測站,61.4,34.3,0,1,0,0.3333333333333333,0
2026-07-15 12:00:00,桃園測站,桃園市,桃園市,桃園測站,62.8,36.2,1,0,0,0.3333333333333333,0
2026-07-15 13:00:00,桃園測站,桃園市,桃園市,桃園測站,72.8,43.3,1,0,0,0.3333333333333333,0
2026-07-15 14:00:00,桃園測站,桃園市,桃園市,桃園測站,72.6,43.8,1,0,0,0.3333333333333333,0
2026-07-15 15:00:00,桃園測站,桃園市,桃園市,桃園測站,71.0,39.1,1,0,0,0.3333333333333333,0
2026-07-15 16:00:00,桃園測站,桃園市,桃園市,桃園測站,70.6,34.1,0,0,0,0.0,0
2026-07-15 17:00:00,桃園測站,桃園市,桃園市,桃園測站,74.2,36.3,1,0,0,0.3333333333333333,0
2026-07-15 18:00:00,桃園測站,桃園市,桃園市,桃園測站,79.6,42.9,1,0,0,0.3333333333333333,0
2026-07-15 19:00:00,桃園測站,桃園市,桃園市,桃園測站,75.1,43.6,1,0,0,0.3333333333333333,0
2026-07-15 20:00:00,桃園測站,桃園市,桃園市,桃園測站,75.7,38.6,1,0,0,0.3333333333333333,0
2026-07-15 21:00:00,桃園測站,桃園市,桃園市,桃園測站,75.5,41.6,1,0,0,0.3333333333333333,0
2026-07-15 22:00:00,桃園測站,桃園市,桃園市,桃園測站,67.1,42.4,1,0,0,0.3333333333333333,0
2026-07-15 23:00:00,桃園測站,桃園市,桃園市,桃園測站,70.1,34.7,0,0,0,0.0,0
2026-07-16 00:00:00,桃園測站,桃園市,桃園市,桃園測站,76.2,43.8,1,0,0,0.3333333333333333,0
2026-07-16 01:00:00,桃園測站,桃園市,桃園市,桃園測站,62.8,42.8,1,0,0,0.3333333333333333,0
2026-07-16 02:00:00,桃園測站,桃園市,桃園市,桃園測站,68.2,34.1,0,0,0,0.0,0
2026-07-16 03:00:00,桃園測站,桃園市,桃園市,桃園測站,83.6,43.6,1,0,0,0.3333333333333333,0
2026-07-16 04:00:00,桃園測站,桃園市,桃園市,桃園測站,68.9,32.1,0,0,0,0.0,0
2026-07-16 05:00:00,桃園測站,桃園市,桃園市,桃園測站,77.0,38.5,1,0,0,0.3333333333333333,0
2026-07-16 06:00:00,桃園測站,桃園市,桃園市,桃園測站,75.3,44.9,1,0,0,0.3333333333333333,0
2026-07-16 07:00:00,桃園測站,桃園市,桃園市,桃園測站,82.4,42.8,1,0,0,0.3333333333333333,0
2026-07-16 08:00:00,桃園測站,桃園市,桃園市,桃園測站,87.3,46.0,1,0,0,0.3333333333333333,0
2026-07-16 09:00:00,桃園測站,桃園市,桃園市,桃園測站,81.3,40.4,1,0,0,0.3333333333333333,0
2026-07-16 10:00:00,桃園測站,桃園市,桃園市,桃園測站,74.9,36.6,1,0,0,0.3333333333333333,0
2026-07-16 11:00:00,桃園測站,桃園市,桃園市,桃園測站,70.7,39.0,1,0,0,0.3333333333333333,0
2026-07-16 12:00:00,桃園測站,桃園市,桃園市,桃園測站,69.1,36.4,1,0,0,0.3333333333333333,0
2026-07-16 13:00:00,桃園測站,桃園市,桃園市,桃園測站,81.6,39.9,1,0,0,0.3333333333333333,0
2026-07-16 14:00:00,桃園測站,桃園市,桃園市,桃園測站,77.8,40.1,1,0,0,0.3333333333333333,0
2026-07-16 15:00:00,桃園測站,桃園市,桃園市,桃園測站,73.9,36.4,1,0,0,0.3333333333333333,0
2026-07-16 16:00:00,桃園測站,桃園市,桃園市,桃園測站,80.1,45.1,1,0,0,0.3333333333333333,0
2026-07-16 17:00:00,桃園測站,桃園市,桃園市,桃園測站,90.2,47.6,1,0,0,0.3333333333333333,0
2026-07-16 18:00:00,桃園測站,桃園市,桃園市,桃園測站,83.1,47.2,1,0,0,0.3333333333333333,0
2026-07-16 19:00:00,桃園測站,桃園市,桃園市,桃園測站,83.8,43.3,1,0,0,0.3333333333333333,0
2026-07-16 20:00:00,桃園測站,桃園市,桃園市,桃園測站,84.8,46.4,1,0,0,0.3333333333333333,0
2026-07-16 21:00:00,桃園測站,桃園市,桃園市,桃園測站,72.9,38.6,1,0,0,0.3333333333333333,0
2026-07-16 22:00:00,桃園測站,桃園市,桃園市,桃園測站,81.6,42.9,1,0,0,0.3333333333333333,0
2026-07-16 23:00:00,桃園測站,桃園市,桃園市,桃園測站,74.4,38.9,1,0,0,0.3333333333333333,0
2026-07-17 00:00:00,桃園測站,桃園市,桃園市,桃園測站,70.9,35.3,1,0,0,0.3333333333333333,0
2026-07-17 01:00:00,桃園測站,桃園市,桃園市,桃園測站,80.3,45.7,1,0,0,0.3333333333333333,0
2026-07-17 02:00:00,桃園測站,桃園市,桃園市,桃園測站,65.9,37.1,1,0,0,0.3333333333333333,0
2026-07-17 03:00:00,桃園測站,桃園市,桃園市,桃園測站,66.8,40.6,1,0,0,0.3333333333333333,0
2026-07-17 04:00:00,桃園測站,桃園市,桃園市,桃園測站,68.5,36.6,1,0,0,0.3333333333333333,0
2026-07-17 05:00:00,桃園測站,桃園市,桃園市,桃園測站,79.6,41.1,1,0,0,0.3333333333333333,0
2026-07-17 06:00:00,桃園測站,桃園市,桃園市,桃園測站,82.1,39.1,1,0,0,0.3333333333333333,0
2026-07-17 07:00:00,桃園測站,桃園市,桃園市,桃園測站,83.5,40.8,1,0,0,0.3333333333333333,0
2026-07-17 08:00:00,桃園測站,桃園市,桃園市,桃園測站,91.2,42.9,1,0,0,0.3333333333333333,0
2026-07-17 09:00:00,桃園測站,桃園市,桃園市,桃園測站,91.2,41.6,1,0,0,0.3333333333333333,0
2026-07-17 10:00:00,桃園測站,桃園市,桃園市,桃園測站,86.9,44.2,1,0,0,0.3333333333333333,0
2026-07-17 11:00:00,桃園測站,桃園市,桃園市,桃園測站,84.3,39.7,1,0,0,0.3333333333333333,0
2026-07-17 12:00:00,桃園測站,桃園市,桃園市,桃園測站,82.9,40.6,1,0,0,0.3333333333333333,0
2026-07-17 13:00:00,桃園測站,桃園市,桃園市,桃園測站,78.3,43.9,1,0,0,0.3333333333333333,0
2026-07-17 14:00:00,桃園測站,桃園市,桃園市,桃園測站,76.9,42.6,1,0,0,0.3333333333333333,0
2026-07-17 15:00:00,桃園測站,桃園市,桃園市,桃園測站,70.1,34.7,0,0,0,0.0,0
2026-07-17 16:00:00,桃園測站,桃園市,桃園市,桃園測站,85.4,42.2,1,0,0,0.3333333333333333,0
2026-07-17 17:00:00,桃園測站,桃園市,桃園市,桃園測站,76.6,43.1,1,0,0,0.3333333333333333,0
2026-07-17 18:00:00,桃園測站,桃園市,桃園市,桃園測站,83.2,44.7,1,0,0,0.3333333333333333,0
2026-07-17 19:00:00,桃園測站,桃園市,桃園市,桃園測站,92.6,45.3,1,0,0,0.3333333333333333,0
2026-07-17 20:00:00,桃園測站,桃園市,桃園市,桃園測站,84.1,43.4,1,0,0,0.3333333333333333,0
2026-07-17 21:00:00,桃園測站,桃園市,桃園市,桃園測站,87.1,40.5,1,0,0,0.3333333333333333,0
2026-07-17 22:00:00,桃園測站,桃園市,桃園市,桃園測站,76.5,38.3,1,0,0,0.3333333333333333,0
2026-07-17 23:00:00,桃園測站,桃園市,桃園市,桃園測站,76.0,40.2,1,0,0,0.3333333333333333,0
2026-07-18 00:00:00,桃園測站,桃園市,桃園市,桃園測站,64.9,41.2,1,0,0,0.3333333333333333,0
2026-07-18 01:00:00,桃園測站,桃園市,桃園市,桃園測站,68.0,40.8,1,0,0,0.3333333333333333,0
2026-07-18 02:00:00,桃園測站,桃園市,桃園市,桃園測站,63.8,35.8,1,0,0,0.3333333333333333,0
2026-07-18 03:00:00,桃園測站,桃園市,桃園市,桃園測站,66.3,37.2,1,0,0,0.3333333333333333,0
2026-07-18 04:00:00,桃園測站,桃園市,桃園市,桃園測站,63.2,35.5,1,0,0,0.3333333333333333,0
2026-07-18 05:00:00,桃園測站,桃園市,桃園市,桃園測站,70.2,40.5,1,0,0,0.3333333333333333,0
2026-07-18 06:00:00,桃園測站,桃園市,桃園市,桃園測站,72.8,36.8,1,0,0,0.3333333333333333,0
2026-07-18 07:00:00,桃園測站,桃園市,桃園市,桃園測站,78.0,38.0,1,0,0,0.3333333333333333,0
2026-07-18 08:00:00,桃園測站,桃園市,桃園市,桃園測站,63.1,36.1,1,0,0,0.3333333333333333,0
2026-07-18 09:00:00,桃園測站,桃園市,桃園市,桃園測站,75.6,44.3,1,0,0,0.3333333333333333,0
2026-07-18 10:00:00,桃園測站,桃園市,桃園市,桃園測站,67.2,35.8,1,0,0,0.3333333333333333,0
2026-07-18 11:00:00,桃園測站,桃園市,桃園市,桃園測站,70.8,36.2,1,0,0,0.3333333333333333,0
2026-07-18 12:00:00,桃園測站,桃園市,桃園市,桃園測站,71.3,36.0,1,0,0,0.3333333333333333,0
2026-07-18 13:00:00,桃園測站,桃園市,桃園市,桃園測站,65.1,43.2,1,0,0,0.3333333333333333,0
2026-07-18 14:00:00,桃園測站,桃園市,桃園市,桃園測站,54.5,35.1,1,0,0,0.3333333333333333,0
2026-07-18 15:00:00,桃園測站,桃園市,桃園市,桃園測站,65.5,39.4,1,0,0,0.3333333333333333,0
2026-07-18 16:00:00,桃園測站,桃園市,桃園市,桃園測站,71.8,39.5,1,0,0,0.3333333333333333,0
2026-07-18 17:00:00,桃園測站,桃園市,桃園市,桃園測站,78.8,47.4,1,0,0,0.3333333333333333,0
2026-07-18 18:00:00,桃園測站,桃園市,桃園市,桃園測站,64.5,37.2,1,0,0,0.3333333333333333,0
2026-07-18 19:00:00,桃園測站,桃園市,桃園市,桃園測站,72.4,35.8,1,0,0,0.3333333333333333,0
2026-07-18 20:00:00,桃園測站,桃園市,桃園市,桃園測站,72.6,38.0,1,0,0,0.3333333333333333,0
2026-07-18 21:00:00,桃園測站,桃園市,桃園市,桃園測站,60.3,34.6,0,0,0,0.0,0
2026-07-18 22:00:00,桃園測站,桃園市,桃園市,桃園測站,59.0,36.1,1,0,0,0.3333333333333333,0
2026-07-18 23:00:00,桃園測站,桃園市,桃園市,桃園測站,58.0,33.0,0,0,0,0.0,0
2026-07-19 00:00:00,桃園測站,桃園市,桃園市,桃園測站,59.7,37.0,1,0,0,0.3333333333333333,0
2026-07-19 01:00:00,桃園測站,桃園市,桃園市,桃園測站,58.1,39.2,1,0,0,0.3333333333333333,0
2026-07-19 02:00:00,桃園測站,桃園市,桃園市,桃園測站,47.6,35.6,1,0,0,0.3333333333333333,0
2026-07-19 03:00:00,桃園測站,桃園市,桃園市,桃園測站,46.0,32.6,0,0,0,0.0,0
2026-07-19 04:00:00,桃園測站,桃園市,桃園市,桃園測站,58.7,32.8,0,0,0,0.0,0
2026-07-19 05:00:00,桃園測站,桃園市,桃園市,桃園測站,58.5,37.3,1,0,0,0.3333333333333333,0
2026-07-19 06:00:00,桃園測站,桃園市,桃園市,桃園測站,62.9,40.4,1,0,0,0.3333333333333333,0
2026-07-19 07:00:00,桃園測站,桃園市,桃園市,桃園測站,62.0,38.8,1,0,0,0.3333333333333333,0
2026-07-19 08:00:00,桃園測站,桃園市,桃園市,桃園測站,69.8,35.4,1,0,0,0.3333333333333333,0
2026-07-19 09:00:00,桃園測站,桃園市,桃園市,桃園測站,64.5,38.3,1,0,0,0.3333333333333333,0
2026-07-19 10:00:00,桃園測站,桃園市,桃園市,桃園測站,62.8,38.2,1,0,0,0.3333333333333333,0
2026-07-19 11:00:00,桃園測站,桃園市,桃園市,桃園測站,52.6,29.6,0,0,0,0.0,0
2026-07-19 12:00:00,桃園測站,桃園市,桃園市,桃園測站,56.7,40.0,1,0,0,0.3333333333333333,0
2026-07-19 13:00:00,桃園測站,桃園市,桃園市,桃園測站,57.1,36.6,1,0,0,0.3333333333333333,0
2026-07-19 14:00:00,桃園測站,桃園市,桃園市,桃園測站,56.2,37.4,1,0,0,0.3333333333333333,0
2026-07-19 15:00:00,桃園測站,桃園市,桃園市,桃園測站,65.0,38.5,1,0,0,0.3333333333333333,0
2026-07-19 16:00:00,桃園測站,桃園市,桃園市,桃園測站,66.9,42.9,1,0,0,0.3333333333333333,0
2026-07-19 17:00:00,桃園測站,桃園市,桃園市,桃園測站,65.5,35.0,0,0,0,0.0,0
2026-07-19 18:00:00,桃園測站,桃園市,桃園市,桃園測站,70.1,38.8,1,0,0,0.3333333333333333,0
2026-07-19 19:00:00,桃園測站,桃園市,桃園市,桃園測站,67.1,43.0,1,0,0,0.3333333333333333,0
2026-07-19 20:00:00,桃園測站,桃園市,桃園市,桃園測站,59.3,31.4,0,0,0,0.0,0
2026-07-19 21:00:00,桃園測站,桃園市,桃園市,桃園測站,58.9,37.5,1,0,0,0.3333333333333333,0
2026-07-19 22:00:00,桃園測站,桃園市,桃園市,桃園測站,58.4,34.7,0,0,0,0.0,0
2026-07-19 23:00:00,桃園測站,桃園市,桃園市,桃園測站,53.8,37.4,1,0,0,0.3333333333333333,0
2026-07-20 00:00:00,桃園測站,桃園市,桃園市,桃園測站,54.4,38.9,1,0,0,0.3333333333333333,0
2026-07-20 01:00:00,桃園測站,桃園市,桃園市,桃園測站,67.4,38.3,1,0,0,0.3333333333333333,0
2026-07-20 02:00:00,桃園測站,桃園市,桃園市,桃園測站,63.4,44.0,1,0,0,0.3333333333333333,0
2026-07-20 03:00:00,桃園測站,桃園市,桃園市,桃園測站,66.3,37.4,1,0,0,0.3333333333333333,0
2026-07-20 04:00:00,桃園測站,桃園市,桃園市,桃園測站,53.1,33.0,0,0,0,0.0,0
2026-07-20 05:00:00,桃園測站,桃園市,桃園市,桃園測站,65.0,33.4,0,0,0,0.0,0
2026-07-20 06:00:00,桃園測站,桃園市,桃園市,桃園測站,74.7,39.1,1,0,0,0.3333333333333333,0
2026-07-20 07:00:00,桃園測站,桃園市,桃園市,桃園測站,76.9,39.7,1,0,0,0.3333333333333333,0
2026-07-20 08:00:00,桃園測站,桃園市,桃園市,桃園測站,69.0,34.5,0,0,0,0.0,0
2026-07-20 09:00:00,桃園測站,桃園市,桃園市,桃園測站,69.8,40.3,1,0,0,0.3333333333333333,0
2026-07-20 10:00:00,桃園測站,桃園市,桃園市,桃園測站,76.2,41.0,1,0,0,0.3333333333333333,0
2026-07-20 11:00:00,桃園測站,桃園市,桃園市,桃園測站,71.9,34.1,0,0,0,0.0,0
2026-07-20 12:00:00,桃園測站,桃園市,桃園市,桃園測站,65.3,35.1,1,0,0,0.3333333333333333,0
2026-07-20 13:00:00,桃園測站,桃園市,桃園市,桃園測站,69.1,38.8,1,0,0,0.3333333333333333,0
2026-07-20 14:00:00,桃園測站,桃園市,桃園市,桃園測站,74.6,39.8,1,0,0,0.3333333333333333,0
2026-07-20 15:00:00,桃園測站,桃園市,桃園市,桃園測站,63.1,42.0,1,0,0,0.3333333333333333,0
2026-07-20 16:00:00,桃園測站,桃園市,桃園市,桃園測站,73.1,35.7,1,0,0,0.3333333333333333,0
2026-07-20 17:00:00,桃園測站,桃園市,桃園市,桃園測站,83.6,41.2,1,0,0,0.3333333333333333,0
2026-07-20 18:00:00,桃園測站,桃園市,桃園市,桃園測站,78.0,43.5,1,0,0,0.3333333333333333,0
2026-07-20 19:00:00,桃園測站,桃園市,桃園市,桃園測站,71.3,46.6,1,0,0,0.3333333333333333,0
2026-07-20 20:00:00,桃園測站,桃園市,桃園市,桃園測站,71.8,40.3,1,0,0,0.3333333333333333,0
2026-07-20 21:00:00,桃園測站,桃園市,桃園市,桃園測站,75.3,40.0,1,0,0,0.3333333333333333,0
2026-07-20 22:00:00,桃園測站,桃園市,桃園市,桃園測站,76.5,35.2,1,0,0,0.3333333333333333,0
2026-07-20 23:00:00,桃園測站,桃園市,桃園市,桃園測站,57.0,36.2,1,0,0,0.3333333333333333,0
2026-07-21 00:00:00,桃園測站,桃園市,桃園市,桃園測站,64.3,33.1,0,0,0,0.0,0
2026-07-21 01:00:00,桃園測站,桃園市,桃園市,桃園測站,64.6,36.4,1,0,0,0.3333333333333333,0
2026-07-21 02:00:00,桃園測站,桃園市,桃園市,桃園測站,65.6,36.5,1,0,0,0.3333333333333333,0
2026-07-21 03:00:00,桃園測站,桃園市,桃園市,桃園測站,68.5,35.3,1,0,0,0.3333333333333333,0
2026-07-21 04:00:00,桃園測站,桃園市,桃園市,桃園測站,73.0,44.9,1,0,0,0.3333333333333333,0
2026-07-21 05:00:00,桃園測站,桃園市,桃園市,桃園測站,75.1,40.4,1,0,0,0.3333333333333333,0
2026-07-21 06:00:00,桃園測站,桃園市,桃園市,桃園測站,82.4,46.7,1,0,0,0.3333333333333333,0
2026-07-21 07:00:00,桃園測站,桃園市,桃園市,桃園測站,89.6,39.6,1,0,0,0.3333333333333333,0
2026-07-21 08:00:00,桃園測站,桃園市,桃園市,桃園測站,76.6,36.2,1,0,0,0.3333333333333333,0
2026-07-21 09:00:00,桃園測站,桃園市,桃園市,桃園測站,78.2,38.8,1,0,0,0.3333333333333333,0
2026-07-21 10:00:00,桃園測站,桃園市,桃園市,桃園測站,78.5,43.4,1,0,0,0.3333333333333333,0
2026-07-21 11:00:00,桃園測站,桃園市,桃園市,桃園測站,77.3,45.1,1,0,0,0.3333333333333333,0
2026-07-21 12:00:00,桃園測站,桃園市,桃園市,桃園測站,77.8,41.7,1,0,0,0.3333333333333333,0
2026-07-21 13:00:00,桃園測站,桃園市,桃園市,桃園測站,77.4,35.8,1,0,0,0.3333333333333333,0
2026-07-21 14:00:00,桃園測站,桃園市,桃園市,桃園測站,79.2,40.0,1,0,0,0.3333333333333333,0
2026-07-21 15:00:00,桃園測站,桃園市,桃園市,桃園測站,81.4,37.0,1,0,0,0.3333333333333333,0
2026-07-21 16:00:00,桃園測站,桃園市,桃園市,桃園測站,75.7,38.1,1,0,0,0.3333333333333333,0
2026-07-21 17:00:00,桃園測站,桃園市,桃園市,桃園測站,80.5,40.5,1,0,0,0.3333333333333333,0
2026-07-21 18:00:00,桃園測站,桃園市,桃園市,桃園測站,83.4,39.5,1,0,0,0.3333333333333333,0
2026-07-21 19:00:00,桃園測站,桃園市,桃園市,桃園測站,83.1,43.2,1,0,0,0.3333333333333333,0
2026-07-21 20:00:00,桃園測站,桃園市,桃園市,桃園測站,83.2,42.5,1,0,0,0.3333333333333333,0
2026-07-21 21:00:00,桃園測站,桃園市,桃園市,桃園測站,82.5,41.8,1,0,0,0.3333333333333333,0
2026-07-21 22:00:00,桃園測站,桃園市,桃園市,桃園測站,73.8,40.1,1,0,0,0.3333333333333333,0
2026-07-21 23:00:00,桃園測站,桃園市,桃園市,桃園測站,71.9,38.7,1,0,0,0.3333333333333333,0
2026-07-22 00:00:00,桃園測站,桃園市,桃園市,桃園測站,73.9,41.1,1,0,0,0.3333333333333333,0
2026-07-22 01:00:00,桃園測站,桃園市,桃園市,桃園測站,73.8,40.2,1,0,0,0.3333333333333333,0
2026-07-22 02:00:00,桃園測站,桃園市,桃園市,桃園測站,80.9,38.5,1,0,0,0.3333333333333333,0
2026-07-22 03:00:00,桃園測站,桃園市,桃園市,桃園測站,76.4,40.7,1,0,0,0.3333333333333333,0
2026-07-22 04:00:00,桃園測站,桃園市,桃園市,桃園測站,84.2,38.4,1,0,0,0.3333333333333333,0
2026-07-22 05:00:00,桃園測站,桃園市,桃園市,桃園測站,79.7,41.7,1,0,0,0.3333333333333333,0
2026-07-22 06:00:00,桃園測站,桃園市,桃園市,桃園測站,92.6,50.1,1,0,0,0.3333333333333333,0
2026-07-22 07:00:00,桃園測站,桃園市,桃園市,桃園測站,75.5,39.2,1,0,0,0.3333333333333333,0
2026-07-22 08:00:00,桃園測站,桃園市,桃園市,桃園測站,80.6,38.5,1,0,0,0.3333333333333333,0
2026-07-22 09:00:00,桃園測站,桃園市,桃園市,桃園測站,80.8,43.3,1,0,0,0.3333333333333333,0
2026-07-22 10:00:00,桃園測站,桃園市,桃園市,桃園測站,83.6,47.6,1,0,0,0.3333333333333333,0
2026-07-22 11:00:00,桃園測站,桃園市,桃園市,桃園測站,92.6,36.7,1,0,0,0.3333333333333333,0
2026-07-22 12:00:00,桃園測站,桃園市,桃園市,桃園測站,77.4,39.1,1,0,0,0.3333333333333333,0
2026-07-22 13:00:00,桃園測站,桃園市,桃園市,桃園測站,78.0,37.6,1,0,0,0.3333333333333333,0
2026-07-22 14:00:00,桃園測站,桃園市,桃園市,桃園測站,73.2,36.7,1,0,0,0.3333333333333333,0
2026-07-22 15:00:00,桃園測站,桃園市,桃園市,桃園測站,72.8,41.4,1,0,0,0.3333333333333333,0
2026-07-22 16:00:00,桃園測站,桃園市,桃園市,桃園測站,84.0,38.8,1,0,0,0.3333333333333333,0
2026-07-22 17:00:00,桃園測站,桃園市,桃園市,桃園測站,88.1,44.1,1,0,0,0.3333333333333333,0
2026-07-22 18:00:00,桃園測站,桃園市,桃園市,桃園測站,85.6,41.2,1,0,0,0.3333333333333333,0
2026-07-22 19:00:00,桃園測站,桃園市,桃園市,桃園測站,85.6,40.2,1,0,0,0.3333333333333333,0
2026-07-22 20:00:00,桃園測站,桃園市,桃園市,桃園測站,70.4,35.1,1,0,0,0.3333333333333333,0
2026-07-22 21:00:00,桃園測站,桃園市,桃園市,桃園測站,74.7,39.3,1,0,0,0.3333333333333333,0
2026-07-22 22:00:00,桃園測站,桃園市,桃園市,桃園測站,81.5,42.7,1,0,0,0.3333333333333333,0
2026-07-22 23:00:00,桃園測站,桃園市,桃園市,桃園測站,67.8,38.2,1,0,0,0.3333333333333333,0
2026-07-23 00:00:00,桃園測站,桃園市,桃園市,桃園測站,81.2,43.0,1,0,0,0.3333333333333333,0
2026-07-23 01:00:00,桃園測站,桃園市,桃園市,桃園測站,70.9,37.1,1,0,0,0.3333333333333333,0
2026-07-23 02:00:00,桃園測站,桃園市,桃園市,桃園測站,74.0,40.8,1,0,0,0.3333333333333333,0
2026-07-23 03:00:00,桃園測站,桃園市,桃園市,桃園測站,82.8,46.7,1,0,0,0.3333333333333333,0
2026-07-23 04:00:00,桃園測站,桃園市,桃園市,桃園測站,84.0,37.8,1,0,0,0.3333333333333333,0
2026-07-23 05:00:00,桃園測站,桃園市,桃園市,桃園測站,80.1,38.2,1,0,0,0.3333333333333333,0
2026-07-23 06:00:00,桃園測站,桃園市,桃園市,桃園測站,80.9,38.7,1,0,0,0.3333333333333333,0
2026-07-23 07:00:00,桃園測站,桃園市,桃園市,桃園測站,84.9,42.7,1,0,0,0.3333333333333333,0
2026-07-23 08:00:00,桃園測站,桃園市,桃園市,桃園測站,78.1,41.6,1,0,0,0.3333333333333333,0
2026-07-23 09:00:00,桃園測站,桃園市,桃園市,桃園測站,83.7,44.9,1,0,0,0.3333333333333333,0
2026-07-23 10:00:00,桃園測站,桃園市,桃園市,桃園測站,76.2,36.4,1,0,0,0.3333333333333333,0
2026-07-23 11:00:00,桃園測站,桃園市,桃園市,桃園測站,70.6,38.6,1,0,0,0.3333333333333333,0
2026-07-23 12:00:00,桃園測站,桃園市,桃園市,桃園測站,74.1,38.4,1,0,0,0.3333333333333333,0
2026-07-23 13:00:00,桃園測站,桃園市,桃園市,桃園測站,73.1,40.6,1,0,0,0.3333333333333333,0
2026-07-23 14:00:00,桃園測站,桃園市,桃園市,桃園測站,75.5,41.2,1,0,0,0.3333333333333333,0
2026-07-23 15:00:00,桃園測站,桃園市,桃園市,桃園測站,69.7,40.7,1,0,0,0.3333333333333333,0
2026-07-23 16:00:00,桃園測站,桃園市,桃園市,桃園測站,76.1,41.1,1,0,0,0.3333333333333333,0
2026-07-23 17:00:00,桃園測站,桃園市,桃園市,桃園測站,77.5,43.3,1,0,0,0.3333333333333333,0
2026-07-23 18:00:00,桃園測站,桃園市,桃園市,桃園測站,76.5,39.3,1,0,0,0.3333333333333333,0
2026-07-23 19:00:00,桃園測站,桃園市,桃園市,桃園測站,71.8,38.4,1,0,0,0.3333333333333333,0
2026-07-23 20:00:00,桃園測站,桃園市,桃園市,桃園測站,66.4,37.6,1,0,0,0.3333333333333333,0
2026-07-23 21:00:00,桃園測站,桃園市,桃園市,桃園測站,76.2,43.1,1,0,0,0.3333333333333333,0
2026-07-23 22:00:00,桃園測站,桃園市,桃園市,桃園測站,60.6,31.7,0,0,1,0.3333333333333333,0
2026-07-23 23:00:00,桃園測站,桃園市,桃園市,桃園測站,62.2,31.9,0,0,0,0.0,0
2026-07-24 00:00:00,桃園測站,桃園市,桃園市,桃園測站,68.3,37.8,1,0,0,0.3333333333333333,0
2026-07-24 01:00:00,桃園測站,桃園市,桃園市,桃園測站,67.9,40.5,1,0,0,0.3333333333333333,0
2026-07-24 02:00:00,桃園測站,桃園市,桃園市,桃園測站,69.8,32.8,0,0,0,0.0,0
2026-07-24 03:00:00,桃園測站,桃園市,桃園市,桃園測站,68.2,39.7,1,0,0,0.3333333333333333,0
2026-07-24 04:00:00,桃園測站,桃園市,桃園市,桃園測站,66.4,39.1,1,0,0,0.3333333333333333,0
2026-07-24 05:00:00,桃園測站,桃園市,桃園市,桃園測站,72.5,40.8,1,0,0,0.3333333333333333,0
2026-07-24 06:00:00,桃園測站,桃園市,桃園市,桃園測站,69.9,34.6,0,0,0,0.0,0
2026-07-24 07:00:00,桃園測站,桃園市,桃園市,桃園測站,78.9,41.1,1,0,0,0.3333333333333333,0
2026-07-24 08:00:00,桃園測站,桃園市,桃園市,桃園測站,80.2,41.2,1,0,0,0.3333333333333333,0
2026-07-24 09:00:00,桃園測站,桃園市,桃園市,桃園測站,74.4,39.4,1,0,0,0.3333333333333333,0
2026-07-24 10:00:00,桃園測站,桃園市,桃園市,桃園測站,72.3,39.6,1,0,0,0.3333333333333333,0
2026-07-24 11:00:00,桃園測站,桃園市,桃園市,桃園測站,71.5,37.0,1,0,0,0.3333333333333333,0
2026-07-24 12:00:00,桃園測站,桃園市,桃園市,桃園測站,60.9,35.8,1,0,0,0.3333333333333333,0
2026-07-24 13:00:00,桃園測站,桃園市,桃園市,桃園測站,67.3,40.0,1,0,0,0.3333333333333333,0
2026-07-24 14:00:00,桃園測站,桃園市,桃園市,桃園測站,63.9,38.3,1,0,0,0.3333333333333333,0
2026-07-24 15:00:00,桃園測站,桃園市,桃園市,桃園測站,70.6,38.0,1,0,0,0.3333333333333333,0
2026-07-24 16:00:00,桃園測站,桃園市,桃園市,桃園測站,76.3,39.7,1,0,0,0.3333333333333333,0
2026-07-24 17:00:00,桃園測站,桃園市,桃園市,桃園測站,65.2,35.7,1,0,0,0.3333333333333333,0
2026-07-24 18:00:00,桃園測站,桃園市,桃園市,桃園測站,81.7,40.9,1,0,0,0.3333333333333333,0
2026-07-24 19:00:00,桃園測站,桃園市,桃園市,桃園測站,73.0,40.7,1,0,0,0.3333333333333333,0
2026-07-24 20:00:00,桃園測站,桃園市,桃園市,桃園測站,74.9,42.3,1,0,0,0.3333333333333333,0
2026-07-24 21:00:00,桃園測站,桃園市,桃園市,桃園測站,70.7,44.7,1,0,0,0.3333333333333333,0
2026-07-24 22:00:00,桃園測站,桃園市,桃園市,桃園測站,70.8,42.6,1,0,0,0.3333333333333333,0
2026-07-24 23:00:00,桃園測站,桃園市,桃園市,桃園測站,73.1,35.6,1,0,0,0.3333333333333333,0
2026-07-25 00:00:00,桃園測站,桃園市,桃園市,桃園測站,56.8,34.0,0,0,0,0.0,0
2026-07-25 01:00:00,桃園測站,桃園市,桃園市,桃園測站,56.7,43.1,1,0,0,0.3333333333333333,0
2026-07-25 02:00:00,桃園測站,桃園市,桃園市,桃園測站,60.0,41.3,1,0,0,0.3333333333333333,0
2026-07-25 03:00:00,桃園測站,桃園市,桃園市,桃園測站,54.7,37.9,1,0,0,0.3333333333333333,0
2026-07-25 04:00:00,桃園測站,桃園市,桃園市,桃園測站,67.6,41.5,1,0,0,0.3333333333333333,0
2026-07-25 05:00:00,桃園測站,桃園市,桃園市,桃園測站,58.4,31.6,0,0,0,0.0,0
2026-07-25 06:00:00,桃園測站,桃園市,桃園市,桃園測站,72.8,39.1,1,0,0,0.3333333333333333,0
2026-07-25 07:00:00,桃園測站,桃園市,桃園市,桃園測站,68.9,37.2,1,0,0,0.3333333333333333,0
2026-07-25 08:00:00,桃園測站,桃園市,桃園市,桃園測站,77.7,41.1,1,0,0,0.3333333333333333,0
2026-07-25 09:00:00,桃園測站,桃園市,桃園市,桃園測站,70.0,36.5,1,0,0,0.3333333333333333,0
2026-07-25 10:00:00,桃園測站,桃園市,桃園市,桃園測站,65.0,44.7,1,0,0,0.3333333333333333,0
2026-07-25 11:00:00,桃園測站,桃園市,桃園市,桃園測站,62.6,35.3,1,0,0,0.3333333333333333,0
2026-07-25 12:00:00,桃園測站,桃園市,桃園市,桃園測站,63.4,40.5,1,0,0,0.3333333333333333,0
2026-07-25 13:00:00,桃園測站,桃園市,桃園市,桃園測站,59.1,42.8,1,0,0,0.3333333333333333,0
2026-07-25 14:00:00,桃園測站,桃園市,桃園市,桃園測站,48.3,36.8,1,0,0,0.3333333333333333,0
2026-07-25 15:00:00,桃園測站,桃園市,桃園市,桃園測站,66.5,36.9,1,0,0,0.3333333333333333,0
2026-07-25 16:00:00,桃園測站,桃園市,桃園市,桃園測站,57.4,34.0,0,0,0,0.0,0
2026-07-25 17:00:00,桃園測站,桃園市,桃園市,桃園測站,64.5,36.5,1,0,0,0.3333333333333333,0
2026-07-25 18:00:00,桃園測站,桃園市,桃園市,桃園測站,75.0,41.0,1,0,0,0.3333333333333333,0
2026-07-25 19:00:00,桃園測站,桃園市,桃園市,桃園測站,78.4,41.7,1,0,0,0.3333333333333333,0
2026-07-25 20:00:00,桃園測站,桃園市,桃園市,桃園測站,69.6,43.8,1,0,0,0.3333333333333333,0
2026-07-25 21:00:00,桃園測站,桃園市,桃園市,桃園測站,64.2,39.4,1,0,0,0.3333333333333333,0
2026-07-25 22:00:00,桃園測站,桃園市,桃園市,桃園測站,57.9,39.6,1,0,0,0.3333333333333333,0
2026-06-26 03:00:00,花蓮測站,花蓮縣,花蓮縣,花蓮測站,48.1,25.6,0,0,0,0.0,0
2026-06-26 04:00:00,花蓮測站,花蓮縣,花蓮縣,花蓮測站,35.9,20.5,0,0,0,0.0,0
2026-06-26 05:00:00,花蓮測站,花蓮縣,花蓮縣,花蓮測站,42.1,24.3,0,0,0,0.0,0
2026-06-26 06:00:00,花蓮測站,花蓮縣,花蓮縣,花蓮測站,42.5,21.5,0,1,0,0.3333333333333333,0
2026-06-26 07:00:00,花蓮測站,花蓮縣,花蓮縣,花蓮測站,53.6,27.9,0,0,0,0.0,0
2026-06-26 08:00:00,花蓮測站,花蓮縣,花蓮縣,花蓮測站,53.8,20.7,0,0,0,0.0,0
2026-06-26 09:00:00,花蓮測站,花蓮縣,花蓮縣,花蓮測站,65.4,26.4,1,0,0,0.3333333333333333,0
2026-06-26 10:00:00,花蓮測站,花蓮縣,花蓮縣,花蓮測站,38.3,21.6,0,1,1,0.6666666666666666,1
2026-06-26 11:00:00,花蓮測站,花蓮縣,花蓮縣,花蓮測站,38.6,21.5,0,0,0,0.0,0
2026-06-26 12:00:00,花蓮測站,花蓮縣,花蓮縣,花蓮測站,38.0,18.5,0,0,0,0.0,0
2026-06-26 13:00:00,花蓮測站,花蓮縣,花蓮縣,花蓮測站,47.2,20.9,0,0,0,0.0,0
2026-06-26 14:00:00,花蓮測站,花蓮縣,花蓮縣,花蓮測站,53.1,24.4,0,0,0,0.0,0
2026-06-26 15:00:00,花蓮測站,花蓮縣,花蓮縣,花蓮測站,40.3,22.5,0,0,0,0.0,0
2026-06-26 16:00:00,花蓮測站,花蓮縣,花蓮縣,花蓮測站,56.7,30.2,0,0,0,0.0,0
2026-06-26 17:00:00,花蓮測站,花蓮縣,花蓮縣,花蓮測站,53.5,27.5,0,0,0,0.0,0
2026-06-26 18:00:00,花蓮測站,花蓮縣,花蓮縣,花蓮測站,55.1,28.7,0,0,0,0.0,0
2026-06-26 19:00:00,花蓮測站,花蓮縣,花蓮縣,花蓮測站,62.2,23.3,0,0,0,0.0,0
2026-06-26 20:00:00,花蓮測站,花蓮縣,花蓮縣,花蓮測站,44.7,23.0,0,0,0,0.0,0
2026-06-26 21:00:00,花蓮測站,花蓮縣,花蓮縣,花蓮測站,45.0,19.4,0,0,0,0.0,0
2026-06-26 22:00:00,花蓮測站,花蓮縣,花蓮縣,花蓮測站,50.0,24.7,0,0,0,0.0,0
2026-06-26 23:00:00,花蓮測站,花蓮縣,花蓮縣,花蓮測站,50.8,29.3,0,0,0,0.0,0
2026-06-27 00:00:00,花蓮測站,花蓮縣,花蓮縣,花蓮測站,44.9,22.9,0,0,0,0.0,0
2026-06-27 01:00:00,花蓮測站,花蓮縣,花蓮縣,花蓮測站,34.2,17.8,0,0,0,0.0,0
2026-06-27 02:00:00,花蓮測站,花蓮縣,花蓮縣,花蓮測站,36.6,19.9,0,0,0,0.0,0
2026-06-27 03:00:00,花蓮測站,花蓮縣,花蓮縣,花蓮測站,37.9,19.0,0,0,0,0.0,0
2026-06-27 04:00:00,花蓮測站,花蓮縣,花蓮縣,花蓮測站,43.1,20.6,0,0,0,0.0,0
2026-06-27 05:00:00,花蓮測站,花蓮縣,花蓮縣,花蓮測站,45.0,27.2,0,0,0,0.0,0
2026-06-27 06:00:00,花蓮測站,花蓮縣,花蓮縣,花蓮測站,40.4,20.8,0,0,0,0.0,0
2026-06-27 07:00:00,花蓮測站,花蓮縣,花蓮縣,花蓮測站,39.6,17.3,0,0,0,0.0,0
2026-06-27 08:00:00,花蓮測站,花蓮縣,花蓮縣,花蓮測站,51.0,22.4,0,0,0,0.0,0
2026-06-27 09:00:00,花蓮測站,花蓮縣,花蓮縣,花蓮測站,54.8,27.9,0,0,0,0.0,0
2026-06-27 10:00:00,花蓮測站,花蓮縣,花蓮縣,花蓮測站,37.3,24.6,0,0,0,0.0,0
2026-06-27 11:00:00,花蓮測站,花蓮縣,花蓮縣,花蓮測站,40.9,25.8,0,0,0,0.0,0
2026-06-27 12:00:00,花蓮測站,花蓮縣,花蓮縣,花蓮測站,40.0,22.0,0,0,0,0.0,0
2026-06-27 13:00:00,花蓮測站,花蓮縣,花蓮縣,花蓮測站,39.1,18.9,0,0,0,0.0,0
2026-06-27 14:00:00,花蓮測站,花蓮縣,花蓮縣,花蓮測站,38.1,24.0,0,0,0,0.0,0
2026-06-27 15:00:00,花蓮測站,花蓮縣,花蓮縣,花蓮測站,37.0,19.4,0,0,0,0.0,0
2026-06-27 16:00:00,花蓮測站,花蓮縣,花蓮縣,花蓮測站,47.5,23.3,0,0,0,0.0,0
2026-06-27 17:00:00,花蓮測站,花蓮縣,花蓮縣,花蓮測站,47.6,17.4,0,0,0,0.0,0
2026-06-27 18:00:00,花蓮測站,花蓮縣,花蓮縣,花蓮測站,42.6,23.5,0,0,0,0.0,0
2026-06-27 19:00:00,花蓮測站,花蓮縣,花蓮縣,花蓮測站,46.0,22.7,0,0,0,0.0,0
2026-06-27 20:00:00,花蓮測站,花蓮縣,花蓮縣,花蓮測站,41.9,28.1,0,0,0,0.0,0
2026-06-27 21:00:00,花蓮測站,花蓮縣,花蓮縣,花蓮測站,43.2,21.5,0,0,0,0.0,0
2026-06-27 22:00:00,花蓮測站,花蓮縣,花蓮縣,花蓮測站,33.3,24.2,0,0,0,0.0,0
2026-06-27 23:00:00,花蓮測站,花蓮縣,花蓮縣,花蓮測站,35.1,22.7,0,0,0,0.0,0
2026-06-28 00:00:00,花蓮測站,花蓮縣,花蓮縣,花蓮測站,37.4,17.1,0,0,0,0.0,0
2026-06-28 01:00:00,花蓮測站,花蓮縣,花蓮縣,花蓮測站,34.2,19.3,0,0,0,0.0,0
2026-06-28 02:00:00,花蓮測站,花蓮縣,花蓮縣,花蓮測站,32.1,14.8,0,0,1,0.3333333333333333,0
2026-06-28 03:00:00,花蓮測站,花蓮縣,花蓮縣,花蓮測站,36.3,24.1,0,0,1,0.3333333333333333,0
2026-06-28 04:00:00,花蓮測站,花蓮縣,花蓮縣,花蓮測站,40.3,28.5,0,0,0,0.0,0
2026-06-28 05:00:00,花蓮測站,花蓮縣,花蓮縣,花蓮測站,36.0,23.3,0,0,0,0.0,0
2026-06-28 06:00:00,花蓮測站,花蓮縣,花蓮縣,花蓮測站,40.2,17.2,0,0,0,0.0,0
2026-06-28 07:00:00,花蓮測站,花蓮縣,花蓮縣,花蓮測站,46.3,26.2,0,0,0,0.0,0
2026-06-28 08:00:00,花蓮測站,花蓮縣,花蓮縣,花蓮測站,46.8,22.1,0,0,0,0.0,0
2026-06-28 09:00:00,花蓮測站,花蓮縣,花蓮縣,花蓮測站,40.4,20.5,0,0,0,0.0,0
2026-06-28 10:00:00,花蓮測站,花蓮縣,花蓮縣,花蓮測站,37.1,19.5,0,0,0,0.0,0
2026-06-28 11:00:00,花蓮測站,花蓮縣,花蓮縣,花蓮測站,27.7,20.4,0,0,1,0.3333333333333333,0
2026-06-28 12:00:00,花蓮測站,花蓮縣,花蓮縣,花蓮測站,37.8,27.0,0,0,0,0.0,0
2026-06-28 13:00:00,花蓮測站,花蓮縣,花蓮縣,花蓮測站,40.4,22.8,0,0,0,0.0,0
2026-06-28 14:00:00,花蓮測站,花蓮縣,花蓮縣,花蓮測站,31.2,15.4,0,1,1,0.6666666666666666,1
2026-06-28 15:00:00,花蓮測站,花蓮縣,花蓮縣,花蓮測站,32.3,17.8,0,0,0,0.0,0
2026-06-28 16:00:00,花蓮測站,花蓮縣,花蓮縣,花蓮測站,43.8,21.8,0,0,0,0.0,0
2026-06-28 17:00:00,花蓮測站,花蓮縣,花蓮縣,花蓮測站,37.6,15.0,0,0,0,0.0,0
2026-06-28 18:00:00,花蓮測站,花蓮縣,花蓮縣,花蓮測站,43.9,22.1,0,0,0,0.0,0
2026-06-28 19:00:00,花蓮測站,花蓮縣,花蓮縣,花蓮測站,38.3,20.4,0,0,0,0.0,0
2026-06-28 20:00:00,花蓮測站,花蓮縣,花蓮縣,花蓮測站,38.8,24.2,0,0,0,0.0,0
2026-06-28 21:00:00,花蓮測站,花蓮縣,花蓮縣,花蓮測站,40.6,24.7,0,0,0,0.0,0
2026-06-28 22:00:00,花蓮測站,花蓮縣,花蓮縣,花蓮測站,34.6,20.9,0,0,0,0.0,0
2026-06-28 23:00:00,花蓮測站,花蓮縣,花蓮縣,花蓮測站,30.8,20.0,0,0,0,0.0,0
2026-06-29 00:00:00,花蓮測站,花蓮縣,花蓮縣,花蓮測站,32.5,19.4,0,0,0,0.0,0
2026-06-29 01:00:00,花蓮測站,花蓮縣,花蓮縣,花蓮測站,30.3,21.0,0,1,0,0.3333333333333333,0
2026-06-29 02:00:00,花蓮測站,花蓮縣,花蓮縣,花蓮測站,36.6,19.4,0,0,0,0.0,0
2026-06-29 03:00:00,花蓮測站,花蓮縣,花蓮縣,花蓮測站,42.1,27.8,0,0,0,0.0,0
2026-06-29 04:00:00,花蓮測站,花蓮縣,花蓮縣,花蓮測站,38.4,24.7,0,0,0,0.0,0
2026-06-29 05:00:00,花蓮測站,花蓮縣,花蓮縣,花蓮測站,45.2,24.4,0,0,0,0.0,0
2026-06-29 06:00:00,花蓮測站,花蓮縣,花蓮縣,花蓮測站,42.9,26.8,0,0,0,0.0,0
2026-06-29 07:00:00,花蓮測站,花蓮縣,花蓮縣,花蓮測站,44.1,21.1,0,0,0,0.0,0
2026-06-29 08:00:00,花蓮測站,花蓮縣,花蓮縣,花蓮測站,45.3,24.7,0,0,0,0.0,0
2026-06-29 09:00:00,花蓮測站,花蓮縣,花蓮縣,花蓮測站,44.2,23.0,0,0,0,0.0,0
2026-06-29 10:00:00,花蓮測站,花蓮縣,花蓮縣,花蓮測站,45.5,24.4,0,0,0,0.0,0
2026-06-29 11:00:00,花蓮測站,花蓮縣,花蓮縣,花蓮測站,37.6,22.4,0,0,0,0.0,0
2026-06-29 12:00:00,花蓮測站,花蓮縣,花蓮縣,花蓮測站,38.5,16.4,0,0,0,0.0,0
2026-06-29 13:00:00,花蓮測站,花蓮縣,花蓮縣,花蓮測站,30.5,25.3,0,0,1,0.3333333333333333,0
2026-06-29 14:00:00,花蓮測站,花蓮縣,花蓮縣,花蓮測站,33.9,21.3,0,0,0,0.0,0
2026-06-29 15:00:00,花蓮測站,花蓮縣,花蓮縣,花蓮測站,49.1,24.8,0,0,0,0.0,0
2026-06-29 16:00:00,花蓮測站,花蓮縣,花蓮縣,花蓮測站,39.1,23.4,0,0,0,0.0,0
2026-06-29 17:00:00,花蓮測站,花蓮縣,花蓮縣,花蓮測站,50.3,24.3,0,0,0,0.0,0
2026-06-29 18:00:00,花蓮測站,花蓮縣,花蓮縣,花蓮測站,47.8,21.9,0,0,0,0.0,0
2026-06-29 19:00:00,花蓮測站,花蓮縣,花蓮縣,花蓮測站,36.3,24.0,0,0,0,0.0,0
2026-06-29 20:00:00,花蓮測站,花蓮縣,花蓮縣,花蓮測站,35.0,18.1,0,0,0,0.0,0
2026-06-29 21:00:00,花蓮測站,花蓮縣,花蓮縣,花蓮測站,48.5,25.6,0,0,0,0.0,0
2026-06-29 22:00:00,花蓮測站,花蓮縣,花蓮縣,花蓮測站,37.8,22.2,0,0,0,0.0,0
2026-06-29 23:00:00,花蓮測站,花蓮縣,花蓮縣,花蓮測站,32.2,17.9,0,0,0,0.0,0
2026-06-30 00:00:00,花蓮測站,花蓮縣,花蓮縣,花蓮測站,36.2,15.0,0,0,0,0.0,0
2026-06-30 01:00:00,花蓮測站,花蓮縣,花蓮縣,花蓮測站,41.5,23.9,0,0,0,0.0,0
2026-06-30 02:00:00,花蓮測站,花蓮縣,花蓮縣,花蓮測站,49.2,22.3,0,0,0,0.0,0
2026-06-30 03:00:00,花蓮測站,花蓮縣,花蓮縣,花蓮測站,36.7,20.9,0,0,0,0.0,0
2026-06-30 04:00:00,花蓮測站,花蓮縣,花蓮縣,花蓮測站,42.7,23.7,0,0,0,0.0,0
2026-06-30 05:00:00,花蓮測站,花蓮縣,花蓮縣,花蓮測站,31.9,16.4,0,0,1,0.3333333333333333,0
2026-06-30 06:00:00,花蓮測站,花蓮縣,花蓮縣,花蓮測站,44.3,24.6,0,0,1,0.3333333333333333,0
2026-06-30 07:00:00,花蓮測站,花蓮縣,花蓮縣,花蓮測站,47.4,22.4,0,0,0,0.0,0
2026-06-30 08:00:00,花蓮測站,花蓮縣,花蓮縣,花蓮測站,54.1,21.7,0,0,0,0.0,0
2026-06-30 09:00:00,花蓮測站,花蓮縣,花蓮縣,花蓮測站,45.7,22.4,0,0,0,0.0,0
2026-06-30 10:00:00,花蓮測站,花蓮縣,花蓮縣,花蓮測站,38.5,18.0,0,0,0,0.0,0
2026-06-30 11:00:00,花蓮測站,花蓮縣,花蓮縣,花蓮測站,35.0,22.0,0,0,0,0.0,0
2026-06-30 12:00:00,花蓮測站,花蓮縣,花蓮縣,花蓮測站,26.0,25.2,0,0,0,0.0,0
2026-06-30 13:00:00,花蓮測站,花蓮縣,花蓮縣,花蓮測站,48.4,25.8,0,1,0,0.3333333333333333,0
2026-06-30 14:00:00,花蓮測站,花蓮縣,花蓮縣,花蓮測站,23.5,10.9,0,1,1,0.6666666666666666,1
2026-06-30 15:00:00,花蓮測站,花蓮縣,花蓮縣,花蓮測站,33.9,16.5,0,0,1,0.3333333333333333,0
2026-06-30 16:00:00,花蓮測站,花蓮縣,花蓮縣,花蓮測站,40.2,25.8,0,0,0,0.0,0
2026-06-30 17:00:00,花蓮測站,花蓮縣,花蓮縣,花蓮測站,51.1,27.0,0,0,0,0.0,0
2026-06-30 18:00:00,花蓮測站,花蓮縣,花蓮縣,花蓮測站,40.7,18.5,0,0,1,0.3333333333333333,0
2026-06-30 19:00:00,花蓮測站,花蓮縣,花蓮縣,花蓮測站,46.4,22.2,0,0,0,0.0,0
2026-06-30 20:00:00,花蓮測站,花蓮縣,花蓮縣,花蓮測站,48.7,23.2,0,0,0,0.0,0
2026-06-30 21:00:00,花蓮測站,花蓮縣,花蓮縣,花蓮測站,50.4,26.9,0,0,0,0.0,0
2026-06-30 22:00:00,花蓮測站,花蓮縣,花蓮縣,花蓮測站,42.3,21.3,0,0,0,0.0,0
2026-06-30 23:00:00,花蓮測站,花蓮縣,花蓮縣,花蓮測站,37.1,20.3,0,0,0,0.0,0
2026-07-01 00:00:00,花蓮測站,花蓮縣,花蓮縣,花蓮測站,40.0,21.3,0,0,0,0.0,0
2026-07-01 01:00:00,花蓮測站,花蓮縣,花蓮縣,花蓮測站,40.3,25.4,0,0,0,0.0,0
2026-07-01 02:00:00,花蓮測站,花蓮縣,花蓮縣,花蓮測站,31.8,9.1,0,1,1,0.6666666666666666,1
2026-07-01 03:00:00,花蓮測站,花蓮縣,花蓮縣,花蓮測站,45.7,20.8,0,0,1,0.3333333333333333,0
2026-07-01 04:00:00,花蓮測站,花蓮縣,花蓮縣,花蓮測站,38.8,26.8,0,0,0,0.0,0
2026-07-01 05:00:00,花蓮測站,花蓮縣,花蓮縣,花蓮測站,44.7,20.0,0,0,0,0.0,0
2026-07-01 06:00:00,花蓮測站,花蓮縣,花蓮縣,花蓮測站,44.7,22.9,0,0,0,0.0,0
2026-07-01 07:00:00,花蓮測站,花蓮縣,花蓮縣,花蓮測站,52.2,24.3,0,0,0,0.0,0
2026-07-01 08:00:00,花蓮測站,花蓮縣,花蓮縣,花蓮測站,60.5,25.8,1,0,0,0.3333333333333333,0
2026-07-01 09:00:00,花蓮測站,花蓮縣,花蓮縣,花蓮測站,55.2,24.5,0,0,0,0.0,0
2026-07-01 10:00:00,花蓮測站,花蓮縣,花蓮縣,花蓮測站,56.1,23.4,0,0,0,0.0,0
2026-07-01 11:00:00,花蓮測站,花蓮縣,花蓮縣,花蓮測站,39.9,22.8,0,0,0,0.0,0
2026-07-01 12:00:00,花蓮測站,花蓮縣,花蓮縣,花蓮測站,52.0,27.8,0,0,0,0.0,0
2026-07-01 13:00:00,花蓮測站,花蓮縣,花蓮縣,花蓮測站,50.6,17.4,0,0,0,0.0,0
2026-07-01 14:00:00,花蓮測站,花蓮縣,花蓮縣,花蓮測站,45.2,19.4,0,0,0,0.0,0
2026-07-01 15:00:00,花蓮測站,花蓮縣,花蓮縣,花蓮測站,46.2,27.8,0,0,0,0.0,0
2026-07-01 16:00:00,花蓮測站,花蓮縣,花蓮縣,花蓮測站,45.5,21.1,0,0,0,0.0,0
2026-07-01 17:00:00,花蓮測站,花蓮縣,花蓮縣,花蓮測站,46.9,24.1,0,0,0,0.0,0
2026-07-01 18:00:00,花蓮測站,花蓮縣,花蓮縣,花蓮測站,65.0,29.1,1,0,0,0.3333333333333333,0
2026-07-01 19:00:00,花蓮測站,花蓮縣,花蓮縣,花蓮測站,57.7,26.0,0,0,0,0.0,0
2026-07-01 20:00:00,花蓮測站,花蓮縣,花蓮縣,花蓮測站,54.5,26.6,0,0,0,0.0,0
2026-07-01 21:00:00,花蓮測站,花蓮縣,花蓮縣,花蓮測站,46.6,24.7,0,0,0,0.0,0
2026-07-01 22:00:00,花蓮測站,花蓮縣,花蓮縣,花蓮測站,50.9,19.0,0,0,0,0.0,0
2026-07-01 23:00:00,花蓮測站,花蓮縣,花蓮縣,花蓮測站,46.3,31.0,0,1,0,0.3333333333333333,0
2026-07-02 00:00:00,花蓮測站,花蓮縣,花蓮縣,花蓮測站,39.5,22.9,0,1,0,0.3333333333333333,0
2026-07-02 01:00:00,花蓮測站,花蓮縣,花蓮縣,花蓮測站,44.8,25.7,0,0,0,0.0,0
2026-07-02 02:00:00,花蓮測站,花蓮縣,花蓮縣,花蓮測站,40.8,19.4,0,0,0,0.0,0
2026-07-02 03:00:00,花蓮測站,花蓮縣,花蓮縣,花蓮測站,60.4,25.8,0,0,0,0.0,0
2026-07-02 04:00:00,花蓮測站,花蓮縣,花蓮縣,花蓮測站,50.2,19.6,0,0,0,0.0,0
2026-07-02 05:00:00,花蓮測站,花蓮縣,花蓮縣,花蓮測站,50.8,25.9,0,0,0,0.0,0
2026-07-02 06:00:00,花蓮測站,花蓮縣,花蓮縣,花蓮測站,51.3,27.5,0,0,0,0.0,0
2026-07-02 07:00:00,花蓮測站,花蓮縣,花蓮縣,花蓮測站,56.8,27.8,0,0,0,0.0,0
2026-07-02 08:00:00,花蓮測站,花蓮縣,花蓮縣,花蓮測站,55.2,26.5,0,0,0,0.0,0
2026-07-02 09:00:00,花蓮測站,花蓮縣,花蓮縣,花蓮測站,64.6,26.6,0,0,0,0.0,0
2026-07-02 10:00:00,花蓮測站,花蓮縣,花蓮縣,花蓮測站,54.3,26.9,0,0,0,0.0,0
2026-07-02 11:00:00,花蓮測站,花蓮縣,花蓮縣,花蓮測站,40.1,17.0,0,0,1,0.3333333333333333,0
2026-07-02 12:00:00,花蓮測站,花蓮縣,花蓮縣,花蓮測站,44.3,21.0,0,0,0,0.0,0
2026-07-02 13:00:00,花蓮測站,花蓮縣,花蓮縣,花蓮測站,46.1,23.5,0,0,0,0.0,0
2026-07-02 14:00:00,花蓮測站,花蓮縣,花蓮縣,花蓮測站,44.8,19.4,0,0,0,0.0,0
2026-07-02 15:00:00,花蓮測站,花蓮縣,花蓮縣,花蓮測站,48.0,20.4,0,0,0,0.0,0
2026-07-02 16:00:00,花蓮測站,花蓮縣,花蓮縣,花蓮測站,59.4,26.1,0,0,0,0.0,0
2026-07-02 17:00:00,花蓮測站,花蓮縣,花蓮縣,花蓮測站,54.5,22.4,0,0,0,0.0,0
2026-07-02 18:00:00,花蓮測站,花蓮縣,花蓮縣,花蓮測站,43.9,24.2,0,0,0,0.0,0
2026-07-02 19:00:00,花蓮測站,花蓮縣,花蓮縣,花蓮測站,56.4,22.0,0,0,0,0.0,0
2026-07-02 20:00:00,花蓮測站,花蓮縣,花蓮縣,花蓮測站,49.7,21.2,0,0,0,0.0,0
2026-07-02 21:00:00,花蓮測站,花蓮縣,花蓮縣,花蓮測站,55.2,29.1,0,0,0,0.0,0
2026-07-02 22:00:00,花蓮測站,花蓮縣,花蓮縣,花蓮測站,42.6,22.7,0,0,0,0.0,0
2026-07-02 23:00:00,花蓮測站,花蓮縣,花蓮縣,花蓮測站,37.4,18.3,0,0,0,0.0,0
2026-07-03 00:00:00,花蓮測站,花蓮縣,花蓮縣,花蓮測站,46.2,24.8,0,0,0,0.0,0
2026-07-03 01:00:00,花蓮測站,花蓮縣,花蓮縣,花蓮測站,38.2,23.0,0,0,0,0.0,0
2026-07-03 02:00:00,花蓮測站,花蓮縣,花蓮縣,花蓮測站,43.4,20.5,0,0,0,0.0,0
2026-07-03 03:00:00,花蓮測站,花蓮縣,花蓮縣,花蓮測站,37.7,18.8,0,0,0,0.0,0
2026-07-03 04:00:00,花蓮測站,花蓮縣,花蓮縣,花蓮測站,42.4,24.9,0,0,0,0.0,0
2026-07-03 05:00:00,花蓮測站,花蓮縣,花蓮縣,花蓮測站,45.2,18.7,0,0,0,0.0,0
2026-07-03 06:00:00,花蓮測站,花蓮縣,花蓮縣,花蓮測站,49.2,22.4,0,0,0,0.0,0
2026-07-03 07:00:00,花蓮測站,花蓮縣,花蓮縣,花蓮測站,53.9,21.2,0,0,0,0.0,0
2026-07-03 08:00:00,花蓮測站,花蓮縣,花蓮縣,花蓮測站,57.5,26.8,0,0,0,0.0,0
2026-07-03 09:00:00,花蓮測站,花蓮縣,花蓮縣,花蓮測站,60.4,21.9,0,0,0,0.0,0
2026-07-03 10:00:00,花蓮測站,花蓮縣,花蓮縣,花蓮測站,41.2,24.9,0,0,0,0.0,0
2026-07-03 11:00:00,花蓮測站,花蓮縣,花蓮縣,花蓮測站,47.4,22.4,0,0,0,0.0,0
2026-07-03 12:00:00,花蓮測站,花蓮縣,花蓮縣,花蓮測站,39.8,16.5,0,0,0,0.0,0
2026-07-03 13:00:00,花蓮測站,花蓮縣,花蓮縣,花蓮測站,39.0,21.5,0,0,0,0.0,0
2026-07-03 14:00:00,花蓮測站,花蓮縣,花蓮縣,花蓮測站,37.3,17.8,0,0,0,0.0,0
2026-07-03 15:00:00,花蓮測站,花蓮縣,花蓮縣,花蓮測站,44.2,24.5,0,0,0,0.0,0
2026-07-03 16:00:00,花蓮測站,花蓮縣,花蓮縣,花蓮測站,44.5,20.8,0,0,0,0.0,0
2026-07-03 17:00:00,花蓮測站,花蓮縣,花蓮縣,花蓮測站,48.1,23.7,0,0,0,0.0,0
2026-07-03 18:00:00,花蓮測站,花蓮縣,花蓮縣,花蓮測站,48.7,25.4,0,0,0,0.0,0
2026-07-03 19:00:00,花蓮測站,花蓮縣,花蓮縣,花蓮測站,52.6,26.0,0,0,0,0.0,0
2026-07-03 20:00:00,花蓮測站,花蓮縣,花蓮縣,花蓮測站,40.7,24.0,0,0,0,0.0,0
2026-07-03 21:00:00,花蓮測站,花蓮縣,花蓮縣,花蓮測站,39.7,19.4,0,0,0,0.0,0
2026-07-03 22:00:00,花蓮測站,花蓮縣,花蓮縣,花蓮測站,31.8,19.3,0,0,0,0.0,0
2026-07-03 23:00:00,花蓮測站,花蓮縣,花蓮縣,花蓮測站,34.7,24.3,0,0,0,0.0,0
2026-07-04 00:00:00,花蓮測站,花蓮縣,花蓮縣,花蓮測站,28.2,21.3,0,0,0,0.0,0
2026-07-04 01:00:00,花蓮測站,花蓮縣,花蓮縣,花蓮測站,23.3,17.5,0,0,0,0.0,0
2026-07-04 02:00:00,花蓮測站,花蓮縣,花蓮縣,花蓮測站,32.2,14.7,0,0,1,0.3333333333333333,0
2026-07-04 03:00:00,花蓮測站,花蓮縣,花蓮縣,花蓮測站,20.2,19.3,0,1,1,0.6666666666666666,1
2026-07-04 04:00:00,花蓮測站,花蓮縣,花蓮縣,花蓮測站,31.9,24.4,0,0,1,0.3333333333333333,0
2026-07-04 05:00:00,花蓮測站,花蓮縣,花蓮縣,花蓮測站,32.7,16.5,0,0,1,0.3333333333333333,0
2026-07-04 06:00:00,花蓮測站,花蓮縣,花蓮縣,花蓮測站,34.2,23.3,0,0,0,0.0,0
2026-07-04 07:00:00,花蓮測站,花蓮縣,花蓮縣,花蓮測站,33.6,19.0,0,0,0,0.0,0
2026-07-04 08:00:00,花蓮測站,花蓮縣,花蓮縣,花蓮測站,50.0,25.6,1,0,0,0.3333333333333333,0
2026-07-04 09:00:00,花蓮測站,花蓮縣,花蓮縣,花蓮測站,38.2,19.8,0,0,0,0.0,0
2026-07-04 10:00:00,花蓮測站,花蓮縣,花蓮縣,花蓮測站,30.1,21.3,0,0,0,0.0,0
2026-07-04 11:00:00,花蓮測站,花蓮縣,花蓮縣,花蓮測站,30.7,21.2,0,1,0,0.3333333333333333,0
2026-07-04 12:00:00,花蓮測站,花蓮縣,花蓮縣,花蓮測站,27.1,17.0,0,1,1,0.6666666666666666,1
2026-07-04 13:00:00,花蓮測站,花蓮縣,花蓮縣,花蓮測站,32.0,19.1,0,0,0,0.0,0
2026-07-04 14:00:00,花蓮測站,花蓮縣,花蓮縣,花蓮測站,20.9,15.0,0,1,1,0.6666666666666666,1
2026-07-04 15:00:00,花蓮測站,花蓮縣,花蓮縣,花蓮測站,34.0,19.0,0,0,1,0.3333333333333333,0
2026-07-04 16:00:00,花蓮測站,花蓮縣,花蓮縣,花蓮測站,34.6,17.8,0,0,0,0.0,0
2026-07-04 17:00:00,花蓮測站,花蓮縣,花蓮縣,花蓮測站,41.4,18.2,0,0,0,0.0,0
2026-07-04 18:00:00,花蓮測站,花蓮縣,花蓮縣,花蓮測站,37.3,18.7,0,0,0,0.0,0
2026-07-04 19:00:00,花蓮測站,花蓮縣,花蓮縣,花蓮測站,33.0,17.7,0,0,1,0.3333333333333333,0
2026-07-04 20:00:00,花蓮測站,花蓮縣,花蓮縣,花蓮測站,40.0,14.3,0,0,1,0.3333333333333333,0
2026-07-04 21:00:00,花蓮測站,花蓮縣,花蓮縣,花蓮測站,27.2,23.4,0,1,1,0.6666666666666666,1
2026-07-04 22:00:00,花蓮測站,花蓮縣,花蓮縣,花蓮測站,27.1,18.3,0,0,1,0.3333333333333333,0
2026-07-04 23:00:00,花蓮測站,花蓮縣,花蓮縣,花蓮測站,38.1,21.5,0,0,0,0.0,0
2026-07-05 00:00:00,花蓮測站,花蓮縣,花蓮縣,花蓮測站,24.7,16.4,0,0,1,0.3333333333333333,0
2026-07-05 01:00:00,花蓮測站,花蓮縣,花蓮縣,花蓮測站,22.5,17.4,0,1,1,0.6666666666666666,1
2026-07-05 02:00:00,花蓮測站,花蓮縣,花蓮縣,花蓮測站,31.2,26.7,0,0,1,0.3333333333333333,0
2026-07-05 03:00:00,花蓮測站,花蓮縣,花蓮縣,花蓮測站,32.9,19.1,0,0,1,0.3333333333333333,0
2026-07-05 04:00:00,花蓮測站,花蓮縣,花蓮縣,花蓮測站,33.3,21.6,0,0,0,0.0,0
2026-07-05 05:00:00,花蓮測站,花蓮縣,花蓮縣,花蓮測站,36.0,20.2,0,0,0,0.0,0
2026-07-05 06:00:00,花蓮測站,花蓮縣,花蓮縣,花蓮測站,42.0,18.0,0,0,0,0.0,0
2026-07-05 07:00:00,花蓮測站,花蓮縣,花蓮縣,花蓮測站,49.7,21.9,1,0,0,0.3333333333333333,0
2026-07-05 08:00:00,花蓮測站,花蓮縣,花蓮縣,花蓮測站,43.0,20.9,0,0,0,0.0,0
2026-07-05 09:00:00,花蓮測站,花蓮縣,花蓮縣,花蓮測站,45.3,25.3,0,0,0,0.0,0
2026-07-05 10:00:00,花蓮測站,花蓮縣,花蓮縣,花蓮測站,32.4,16.7,0,0,1,0.3333333333333333,0
2026-07-05 11:00:00,花蓮測站,花蓮縣,花蓮縣,花蓮測站,30.9,20.6,0,0,0,0.0,0
2026-07-05 12:00:00,花蓮測站,花蓮縣,花蓮縣,花蓮測站,26.4,15.1,0,0,1,0.3333333333333333,0
2026-07-05 13:00:00,花蓮測站,花蓮縣,花蓮縣,花蓮測站,40.2,20.9,0,0,0,0.0,0
2026-07-05 14:00:00,花蓮測站,花蓮縣,花蓮縣,花蓮測站,28.9,11.1,0,0,1,0.3333333333333333,0
2026-07-05 15:00:00,花蓮測站,花蓮縣,花蓮縣,花蓮測站,31.4,27.5,0,1,1,0.6666666666666666,1
2026-07-05 16:00:00,花蓮測站,花蓮縣,花蓮縣,花蓮測站,35.6,16.4,0,0,1,0.3333333333333333,0
2026-07-05 17:00:00,花蓮測站,花蓮縣,花蓮縣,花蓮測站,35.8,17.0,0,0,0,0.0,0
2026-07-05 18:00:00,花蓮測站,花蓮縣,花蓮縣,花蓮測站,40.7,17.2,0,0,0,0.0,0
2026-07-05 19:00:00,花蓮測站,花蓮縣,花蓮縣,花蓮測站,39.5,21.9,0,0,0,0.0,0
2026-07-05 20:00:00,花蓮測站,花蓮縣,花蓮縣,花蓮測站,43.6,20.8,0,0,0,0.0,0
2026-07-05 21:00:00,花蓮測站,花蓮縣,花蓮縣,花蓮測站,37.6,23.8,0,0,0,0.0,0
2026-07-05 22:00:00,花蓮測站,花蓮縣,花蓮縣,花蓮測站,37.4,17.6,0,0,0,0.0,0
2026-07-05 23:00:00,花蓮測站,花蓮縣,花蓮縣,花蓮測站,34.9,17.1,0,0,0,0.0,0
2026-07-06 00:00:00,花蓮測站,花蓮縣,花蓮縣,花蓮測站,28.5,18.1,0,0,0,0.0,0
2026-07-06 01:00:00,花蓮測站,花蓮縣,花蓮縣,花蓮測站,47.8,19.6,0,0,1,0.3333333333333333,0
2026-07-06 02:00:00,花蓮測站,花蓮縣,花蓮縣,花蓮測站,39.8,22.5,0,0,0,0.0,0
2026-07-06 03:00:00,花蓮測站,花蓮縣,花蓮縣,花蓮測站,44.0,25.3,0,0,0,0.0,0
2026-07-06 04:00:00,花蓮測站,花蓮縣,花蓮縣,花蓮測站,43.3,28.0,0,0,0,0.0,0
2026-07-06 05:00:00,花蓮測站,花蓮縣,花蓮縣,花蓮測站,45.3,29.1,0,0,0,0.0,0
2026-07-06 06:00:00,花蓮測站,花蓮縣,花蓮縣,花蓮測站,47.2,22.7,0,0,0,0.0,0
2026-07-06 07:00:00,花蓮測站,花蓮縣,花蓮縣,花蓮測站,57.4,23.2,1,0,0,0.3333333333333333,0
2026-07-06 08:00:00,花蓮測站,花蓮縣,花蓮縣,花蓮測站,52.9,22.6,0,0,0,0.0,0
2026-07-06 09:00:00,花蓮測站,花蓮縣,花蓮縣,花蓮測站,58.0,23.8,0,0,0,0.0,0
2026-07-06 10:00:00,花蓮測站,花蓮縣,花蓮縣,花蓮測站,54.8,23.2,0,0,0,0.0,0
2026-07-06 11:00:00,花蓮測站,花蓮縣,花蓮縣,花蓮測站,54.7,23.8,0,0,0,0.0,0
2026-07-06 12:00:00,花蓮測站,花蓮縣,花蓮縣,花蓮測站,40.0,18.4,0,1,1,0.6666666666666666,1
2026-07-06 13:00:00,花蓮測站,花蓮縣,花蓮縣,花蓮測站,40.4,21.0,0,0,0,0.0,0
2026-07-06 14:00:00,花蓮測站,花蓮縣,花蓮縣,花蓮測站,47.2,21.3,0,1,0,0.3333333333333333,0
2026-07-06 15:00:00,花蓮測站,花蓮縣,花蓮縣,花蓮測站,55.2,26.8,0,0,0,0.0,0
2026-07-06 16:00:00,花蓮測站,花蓮縣,花蓮縣,花蓮測站,44.1,24.0,0,0,0,0.0,0
2026-07-06 17:00:00,花蓮測站,花蓮縣,花蓮縣,花蓮測站,54.3,25.3,0,0,0,0.0,0
2026-07-06 18:00:00,花蓮測站,花蓮縣,花蓮縣,花蓮測站,49.6,21.5,0,0,0,0.0,0
2026-07-06 19:00:00,花蓮測站,花蓮縣,花蓮縣,花蓮測站,54.3,24.6,0,0,0,0.0,0
2026-07-06 20:00:00,花蓮測站,花蓮縣,花蓮縣,花蓮測站,55.0,25.6,0,0,0,0.0,0
2026-07-06 21:00:00,花蓮測站,花蓮縣,花蓮縣,花蓮測站,52.4,24.2,0,0,0,0.0,0
2026-07-06 22:00:00,花蓮測站,花蓮縣,花蓮縣,花蓮測站,49.2,15.9,0,0,1,0.3333333333333333,0
2026-07-06 23:00:00,花蓮測站,花蓮縣,花蓮縣,花蓮測站,52.4,20.0,0,0,0,0.0,0
2026-07-07 00:00:00,花蓮測站,花蓮縣,花蓮縣,花蓮測站,40.2,19.6,0,0,0,0.0,0
2026-07-07 01:00:00,花蓮測站,花蓮縣,花蓮縣,花蓮測站,41.3,18.8,0,1,0,0.3333333333333333,0
2026-07-07 02:00:00,花蓮測站,花蓮縣,花蓮縣,花蓮測站,46.8,21.2,0,0,0,0.0,0
2026-07-07 03:00:00,花蓮測站,花蓮縣,花蓮縣,花蓮測站,49.7,24.8,0,0,0,0.0,0
2026-07-07 04:00:00,花蓮測站,花蓮縣,花蓮縣,花蓮測站,50.5,27.7,0,0,0,0.0,0
2026-07-07 05:00:00,花蓮測站,花蓮縣,花蓮縣,花蓮測站,49.4,23.0,0,0,0,0.0,0
2026-07-07 06:00:00,花蓮測站,花蓮縣,花蓮縣,花蓮測站,52.3,26.7,0,0,0,0.0,0
2026-07-07 07:00:00,花蓮測站,花蓮縣,花蓮縣,花蓮測站,47.1,20.3,0,0,0,0.0,0
2026-07-07 08:00:00,花蓮測站,花蓮縣,花蓮縣,花蓮測站,63.2,22.1,1,0,0,0.3333333333333333,0
2026-07-07 09:00:00,花蓮測站,花蓮縣,花蓮縣,花蓮測站,57.0,23.5,0,0,0,0.0,0
2026-07-07 10:00:00,花蓮測站,花蓮縣,花蓮縣,花蓮測站,55.8,26.2,0,0,0,0.0,0
2026-07-07 11:00:00,花蓮測站,花蓮縣,花蓮縣,花蓮測站,52.4,22.1,0,0,0,0.0,0
2026-07-07 12:00:00,花蓮測站,花蓮縣,花蓮縣,花蓮測站,41.5,22.9,0,0,0,0.0,0
2026-07-07 13:00:00,花蓮測站,花蓮縣,花蓮縣,花蓮測站,57.7,25.2,0,0,0,0.0,0
2026-07-07 14:00:00,花蓮測站,花蓮縣,花蓮縣,花蓮測站,57.5,29.0,0,0,0,0.0,0
2026-07-07 15:00:00,花蓮測站,花蓮縣,花蓮縣,花蓮測站,44.1,24.4,0,0,0,0.0,0
2026-07-07 16:00:00,花蓮測站,花蓮縣,花蓮縣,花蓮測站,49.6,20.5,0,0,0,0.0,0
2026-07-07 17:00:00,花蓮測站,花蓮縣,花蓮縣,花蓮測站,64.3,26.2,0,0,0,0.0,0
2026-07-07 18:00:00,花蓮測站,花蓮縣,花蓮縣,花蓮測站,53.5,27.9,0,0,0,0.0,0
2026-07-07 19:00:00,花蓮測站,花蓮縣,花蓮縣,花蓮測站,59.2,26.9,0,0,0,0.0,0
2026-07-07 20:00:00,花蓮測站,花蓮縣,花蓮縣,花蓮測站,52.5,21.9,0,0,0,0.0,0
2026-07-07 21:00:00,花蓮測站,花蓮縣,花蓮縣,花蓮測站,45.0,22.1,0,0,0,0.0,0
2026-07-07 22:00:00,花蓮測站,花蓮縣,花蓮縣,花蓮測站,51.7,22.2,0,0,0,0.0,0
2026-07-07 23:00:00,花蓮測站,花蓮縣,花蓮縣,花蓮測站,42.9,20.3,0,0,0,0.0,0
2026-07-08 00:00:00,花蓮測站,花蓮縣,花蓮縣,花蓮測站,46.8,26.8,0,0,0,0.0,0
2026-07-08 01:00:00,花蓮測站,花蓮縣,花蓮縣,花蓮測站,48.7,23.5,0,0,0,0.0,0
2026-07-08 02:00:00,花蓮測站,花蓮縣,花蓮縣,花蓮測站,47.5,20.2,0,0,0,0.0,0
2026-07-08 03:00:00,花蓮測站,花蓮縣,花蓮縣,花蓮測站,44.9,28.8,0,0,0,0.0,0
2026-07-08 04:00:00,花蓮測站,花蓮縣,花蓮縣,花蓮測站,38.9,18.7,0,0,0,0.0,0
2026-07-08 05:00:00,花蓮測站,花蓮縣,花蓮縣,花蓮測站,38.1,17.9,0,0,0,0.0,0
2026-07-08 06:00:00,花蓮測站,花蓮縣,花蓮縣,花蓮測站,52.9,23.0,0,0,0,0.0,0
2026-07-08 07:00:00,花蓮測站,花蓮縣,花蓮縣,花蓮測站,59.6,24.5,0,0,0,0.0,0
2026-07-08 08:00:00,花蓮測站,花蓮縣,花蓮縣,花蓮測站,58.9,27.7,0,0,0,0.0,0
2026-07-08 09:00:00,花蓮測站,花蓮縣,花蓮縣,花蓮測站,50.1,22.5,0,0,0,0.0,0
2026-07-08 10:00:00,花蓮測站,花蓮縣,花蓮縣,花蓮測站,45.5,26.3,0,0,0,0.0,0
2026-07-08 11:00:00,花蓮測站,花蓮縣,花蓮縣,花蓮測站,49.4,25.6,0,0,0,0.0,0
2026-07-08 12:00:00,花蓮測站,花蓮縣,花蓮縣,花蓮測站,45.2,26.6,0,0,0,0.0,0
2026-07-08 13:00:00,花蓮測站,花蓮縣,花蓮縣,花蓮測站,44.0,18.4,0,0,0,0.0,0
2026-07-08 14:00:00,花蓮測站,花蓮縣,花蓮縣,花蓮測站,33.2,24.1,0,0,0,0.0,0
2026-07-08 15:00:00,花蓮測站,花蓮縣,花蓮縣,花蓮測站,38.6,36.3,1,1,0,0.6666666666666666,1
2026-07-08 16:00:00,花蓮測站,花蓮縣,花蓮縣,花蓮測站,42.4,25.1,0,0,0,0.0,0
2026-07-08 17:00:00,花蓮測站,花蓮縣,花蓮縣,花蓮測站,48.2,25.6,0,0,0,0.0,0
2026-07-08 18:00:00,花蓮測站,花蓮縣,花蓮縣,花蓮測站,53.4,26.5,0,0,0,0.0,0
2026-07-08 19:00:00,花蓮測站,花蓮縣,花蓮縣,花蓮測站,50.1,15.6,0,0,0,0.0,0
2026-07-08 20:00:00,花蓮測站,花蓮縣,花蓮縣,花蓮測站,47.0,26.4,0,0,0,0.0,0
2026-07-08 21:00:00,花蓮測站,花蓮縣,花蓮縣,花蓮測站,40.2,16.2,0,0,1,0.3333333333333333,0
2026-07-08 22:00:00,花蓮測站,花蓮縣,花蓮縣,花蓮測站,34.2,24.8,0,1,1,0.6666666666666666,1
2026-07-08 23:00:00,花蓮測站,花蓮縣,花蓮縣,花蓮測站,35.2,17.6,0,0,0,0.0,0
2026-07-09 00:00:00,花蓮測站,花蓮縣,花蓮縣,花蓮測站,43.9,25.7,0,0,0,0.0,0
2026-07-09 01:00:00,花蓮測站,花蓮縣,花蓮縣,花蓮測站,37.7,23.0,0,0,0,0.0,0
2026-07-09 02:00:00,花蓮測站,花蓮縣,花蓮縣,花蓮測站,42.6,21.1,0,0,0,0.0,0
2026-07-09 03:00:00,花蓮測站,花蓮縣,花蓮縣,花蓮測站,30.6,12.7,0,0,1,0.3333333333333333,0
2026-07-09 04:00:00,花蓮測站,花蓮縣,花蓮縣,花蓮測站,39.7,22.2,0,0,0,0.0,0
2026-07-09 05:00:00,花蓮測站,花蓮縣,花蓮縣,花蓮測站,42.1,23.3,0,0,0,0.0,0
2026-07-09 06:00:00,花蓮測站,花蓮縣,花蓮縣,花蓮測站,50.0,22.0,0,0,0,0.0,0
2026-07-09 07:00:00,花蓮測站,花蓮縣,花蓮縣,花蓮測站,44.7,16.8,0,0,0,0.0,0
2026-07-09 08:00:00,花蓮測站,花蓮縣,花蓮縣,花蓮測站,44.3,21.9,0,0,0,0.0,0
2026-07-09 09:00:00,花蓮測站,花蓮縣,花蓮縣,花蓮測站,51.4,23.9,0,0,0,0.0,0
2026-07-09 10:00:00,花蓮測站,花蓮縣,花蓮縣,花蓮測站,38.2,25.2,0,0,0,0.0,0
2026-07-09 11:00:00,花蓮測站,花蓮縣,花蓮縣,花蓮測站,30.0,23.8,0,0,1,0.3333333333333333,0
2026-07-09 12:00:00,花蓮測站,花蓮縣,花蓮縣,花蓮測站,33.3,20.4,0,0,0,0.0,0
2026-07-09 13:00:00,花蓮測站,花蓮縣,花蓮縣,花蓮測站,38.4,21.2,0,0,0,0.0,0
2026-07-09 14:00:00,花蓮測站,花蓮縣,花蓮縣,花蓮測站,36.9,27.1,0,0,0,0.0,0
2026-07-09 15:00:00,花蓮測站,花蓮縣,花蓮縣,花蓮測站,43.8,26.6,0,0,0,0.0,0
2026-07-09 16:00:00,花蓮測站,花蓮縣,花蓮縣,花蓮測站,40.6,25.1,0,0,0,0.0,0
2026-07-09 17:00:00,花蓮測站,花蓮縣,花蓮縣,花蓮測站,38.5,21.4,0,0,0,0.0,0
2026-07-09 18:00:00,花蓮測站,花蓮縣,花蓮縣,花蓮測站,45.4,26.7,0,0,0,0.0,0
2026-07-09 19:00:00,花蓮測站,花蓮縣,花蓮縣,花蓮測站,40.4,25.5,0,0,0,0.0,0
2026-07-09 20:00:00,花蓮測站,花蓮縣,花蓮縣,花蓮測站,40.5,25.9,0,0,0,0.0,0
2026-07-09 21:00:00,花蓮測站,花蓮縣,花蓮縣,花蓮測站,43.1,26.7,0,0,0,0.0,0
2026-07-09 22:00:00,花蓮測站,花蓮縣,花蓮縣,花蓮測站,35.8,26.9,0,0,0,0.0,0
2026-07-09 23:00:00,花蓮測站,花蓮縣,花蓮縣,花蓮測站,28.3,16.8,0,0,1,0.3333333333333333,0
2026-07-10 00:00:00,花蓮測站,花蓮縣,花蓮縣,花蓮測站,42.4,22.4,0,0,0,0.0,0
2026-07-10 01:00:00,花蓮測站,花蓮縣,花蓮縣,花蓮測站,31.5,22.3,0,0,0,0.0,0
2026-07-10 02:00:00,花蓮測站,花蓮縣,花蓮縣,花蓮測站,36.1,26.7,0,0,0,0.0,0
2026-07-10 03:00:00,花蓮測站,花蓮縣,花蓮縣,花蓮測站,31.6,17.5,0,0,0,0.0,0
2026-07-10 04:00:00,花蓮測站,花蓮縣,花蓮縣,花蓮測站,29.7,18.9,0,0,0,0.0,0
2026-07-10 05:00:00,花蓮測站,花蓮縣,花蓮縣,花蓮測站,38.4,19.5,0,0,0,0.0,0
2026-07-10 06:00:00,花蓮測站,花蓮縣,花蓮縣,花蓮測站,44.8,20.5,0,0,0,0.0,0
2026-07-10 07:00:00,花蓮測站,花蓮縣,花蓮縣,花蓮測站,45.8,21.0,0,0,0,0.0,0
2026-07-10 08:00:00,花蓮測站,花蓮縣,花蓮縣,花蓮測站,46.2,26.5,0,0,0,0.0,0
2026-07-10 09:00:00,花蓮測站,花蓮縣,花蓮縣,花蓮測站,44.7,22.0,0,0,0,0.0,0
2026-07-10 10:00:00,花蓮測站,花蓮縣,花蓮縣,花蓮測站,52.6,29.7,0,0,0,0.0,0
2026-07-10 11:00:00,花蓮測站,花蓮縣,花蓮縣,花蓮測站,38.3,16.6,0,1,1,0.6666666666666666,1
2026-07-10 12:00:00,花蓮測站,花蓮縣,花蓮縣,花蓮測站,34.8,18.8,0,0,0,0.0,0
2026-07-10 13:00:00,花蓮測站,花蓮縣,花蓮縣,花蓮測站,42.3,20.9,0,0,0,0.0,0
2026-07-10 14:00:00,花蓮測站,花蓮縣,花蓮縣,花蓮測站,45.1,24.3,0,0,0,0.0,0
2026-07-10 15:00:00,花蓮測站,花蓮縣,花蓮縣,花蓮測站,37.2,16.4,0,0,0,0.0,0
2026-07-10 16:00:00,花蓮測站,花蓮縣,花蓮縣,花蓮測站,49.7,23.1,0,0,0,0.0,0
2026-07-10 17:00:00,花蓮測站,花蓮縣,花蓮縣,花蓮測站,46.5,23.9,0,0,0,0.0,0
2026-07-10 18:00:00,花蓮測站,花蓮縣,花蓮縣,花蓮測站,52.6,22.5,0,0,0,0.0,0
2026-07-10 19:00:00,花蓮測站,花蓮縣,花蓮縣,花蓮測站,34.9,22.9,0,0,0,0.0,0
2026-07-10 20:00:00,花蓮測站,花蓮縣,花蓮縣,花蓮測站,40.9,25.1,0,0,0,0.0,0
2026-07-10 21:00:00,花蓮測站,花蓮縣,花蓮縣,花蓮測站,35.6,19.3,0,0,0,0.0,0
2026-07-10 22:00:00,花蓮測站,花蓮縣,花蓮縣,花蓮測站,40.8,19.6,0,0,0,0.0,0
2026-07-10 23:00:00,花蓮測站,花蓮縣,花蓮縣,花蓮測站,30.5,14.8,0,1,1,0.6666666666666666,1
2026-07-11 00:00:00,花蓮測站,花蓮縣,花蓮縣,花蓮測站,29.1,19.2,0,0,0,0.0,0
2026-07-11 01:00:00,花蓮測站,花蓮縣,花蓮縣,花蓮測站,35.7,19.1,0,0,0,0.0,0
2026-07-11 02:00:00,花蓮測站,花蓮縣,花蓮縣,花蓮測站,32.9,19.6,0,0,0,0.0,0
2026-07-11 03:00:00,花蓮測站,花蓮縣,花蓮縣,花蓮測站,38.1,21.0,0,0,0,0.0,0
2026-07-11 04:00:00,花蓮測站,花蓮縣,花蓮縣,花蓮測站,47.3,24.8,0,0,0,0.0,0
2026-07-11 05:00:00,花蓮測站,花蓮縣,花蓮縣,花蓮測站,34.4,16.1,0,0,1,0.3333333333333333,0
2026-07-11 06:00:00,花蓮測站,花蓮縣,花蓮縣,花蓮測站,40.7,24.1,0,0,0,0.0,0
2026-07-11 07:00:00,花蓮測站,花蓮縣,花蓮縣,花蓮測站,47.2,25.7,0,0,0,0.0,0
2026-07-11 08:00:00,花蓮測站,花蓮縣,花蓮縣,花蓮測站,48.5,21.4,0,0,0,0.0,0
2026-07-11 09:00:00,花蓮測站,花蓮縣,花蓮縣,花蓮測站,40.8,23.7,0,0,0,0.0,0
2026-07-11 10:00:00,花蓮測站,花蓮縣,花蓮縣,花蓮測站,47.6,20.0,0,0,0,0.0,0
2026-07-11 11:00:00,花蓮測站,花蓮縣,花蓮縣,花蓮測站,41.8,16.2,0,0,0,0.0,0
2026-07-11 12:00:00,花蓮測站,花蓮縣,花蓮縣,花蓮測站,38.1,21.0,0,0,0,0.0,0
2026-07-11 13:00:00,花蓮測站,花蓮縣,花蓮縣,花蓮測站,40.1,21.5,0,1,0,0.3333333333333333,0
2026-07-11 14:00:00,花蓮測站,花蓮縣,花蓮縣,花蓮測站,32.2,23.6,0,0,0,0.0,0
2026-07-11 15:00:00,花蓮測站,花蓮縣,花蓮縣,花蓮測站,37.7,23.8,0,0,0,0.0,0
2026-07-11 16:00:00,花蓮測站,花蓮縣,花蓮縣,花蓮測站,41.6,19.0,0,0,0,0.0,0
2026-07-11 17:00:00,花蓮測站,花蓮縣,花蓮縣,花蓮測站,48.8,22.3,0,0,0,0.0,0
2026-07-11 18:00:00,花蓮測站,花蓮縣,花蓮縣,花蓮測站,43.2,23.5,0,0,0,0.0,0
2026-07-11 19:00:00,花蓮測站,花蓮縣,花蓮縣,花蓮測站,42.2,19.2,0,0,0,0.0,0
2026-07-11 20:00:00,花蓮測站,花蓮縣,花蓮縣,花蓮測站,54.5,26.3,1,0,0,0.3333333333333333,0
2026-07-11 21:00:00,花蓮測站,花蓮縣,花蓮縣,花蓮測站,46.1,21.5,0,0,0,0.0,0
2026-07-11 22:00:00,花蓮測站,花蓮縣,花蓮縣,花蓮測站,37.4,18.6,0,0,0,0.0,0
2026-07-11 23:00:00,花蓮測站,花蓮縣,花蓮縣,花蓮測站,42.6,19.3,0,0,0,0.0,0
2026-07-12 00:00:00,花蓮測站,花蓮縣,花蓮縣,花蓮測站,46.7,21.9,0,0,0,0.0,0
2026-07-12 01:00:00,花蓮測站,花蓮縣,花蓮縣,花蓮測站,47.6,27.4,0,0,0,0.0,0
2026-07-12 02:00:00,花蓮測站,花蓮縣,花蓮縣,花蓮測站,45.8,18.8,0,0,0,0.0,0
2026-07-12 03:00:00,花蓮測站,花蓮縣,花蓮縣,花蓮測站,44.8,21.7,0,0,0,0.0,0
2026-07-12 04:00:00,花蓮測站,花蓮縣,花蓮縣,花蓮測站,49.4,17.6,0,0,0,0.0,0
2026-07-12 05:00:00,花蓮測站,花蓮縣,花蓮縣,花蓮測站,42.0,16.7,0,0,0,0.0,0
2026-07-12 06:00:00,花蓮測站,花蓮縣,花蓮縣,花蓮測站,41.1,24.4,0,0,0,0.0,0
2026-07-12 07:00:00,花蓮測站,花蓮縣,花蓮縣,花蓮測站,51.5,24.1,0,0,0,0.0,0
2026-07-12 08:00:00,花蓮測站,花蓮縣,花蓮縣,花蓮測站,57.5,27.7,0,0,0,0.0,0
2026-07-12 09:00:00,花蓮測站,花蓮縣,花蓮縣,花蓮測站,47.0,24.3,0,0,0,0.0,0
2026-07-12 10:00:00,花蓮測站,花蓮縣,花蓮縣,花蓮測站,36.7,21.3,0,0,0,0.0,0
2026-07-12 11:00:00,花蓮測站,花蓮縣,花蓮縣,花蓮測站,44.8,22.7,0,0,0,0.0,0
2026-07-12 12:00:00,花蓮測站,花蓮縣,花蓮縣,花蓮測站,36.2,22.1,0,0,0,0.0,0
2026-07-12 13:00:00,花蓮測站,花蓮縣,花蓮縣,花蓮測站,45.5,22.3,0,0,0,0.0,0
2026-07-12 14:00:00,花蓮測站,花蓮縣,花蓮縣,花蓮測站,41.3,19.5,0,0,0,0.0,0
2026-07-12 15:00:00,花蓮測站,花蓮縣,花蓮縣,花蓮測站,37.7,17.7,0,0,0,0.0,0
2026-07-12 16:00:00,花蓮測站,花蓮縣,花蓮縣,花蓮測站,43.7,25.4,0,0,0,0.0,0
2026-07-12 17:00:00,花蓮測站,花蓮縣,花蓮縣,花蓮測站,51.9,18.0,0,0,0,0.0,0
2026-07-12 18:00:00,花蓮測站,花蓮縣,花蓮縣,花蓮測站,47.8,24.2,0,0,0,0.0,0
2026-07-12 19:00:00,花蓮測站,花蓮縣,花蓮縣,花蓮測站,42.4,24.9,0,0,0,0.0,0
2026-07-12 20:00:00,花蓮測站,花蓮縣,花蓮縣,花蓮測站,45.4,18.7,0,0,0,0.0,0
2026-07-12 21:00:00,花蓮測站,花蓮縣,花蓮縣,花蓮測站,41.9,26.4,0,0,0,0.0,0
2026-07-12 22:00:00,花蓮測站,花蓮縣,花蓮縣,花蓮測站,37.8,23.4,0,0,0,0.0,0
2026-07-12 23:00:00,花蓮測站,花蓮縣,花蓮縣,花蓮測站,39.5,19.0,0,0,0,0.0,0
2026-07-13 00:00:00,花蓮測站,花蓮縣,花蓮縣,花蓮測站,47.2,23.8,0,0,0,0.0,0
2026-07-13 01:00:00,花蓮測站,花蓮縣,花蓮縣,花蓮測站,48.3,27.9,0,0,0,0.0,0
2026-07-13 02:00:00,花蓮測站,花蓮縣,花蓮縣,花蓮測站,49.3,20.5,0,0,0,0.0,0
2026-07-13 03:00:00,花蓮測站,花蓮縣,花蓮縣,花蓮測站,39.1,23.3,0,0,0,0.0,0
2026-07-13 04:00:00,花蓮測站,花蓮縣,花蓮縣,花蓮測站,42.7,22.4,0,0,0,0.0,0
2026-07-13 05:00:00,花蓮測站,花蓮縣,花蓮縣,花蓮測站,54.7,26.5,0,0,0,0.0,0
2026-07-13 06:00:00,花蓮測站,花蓮縣,花蓮縣,花蓮測站,49.4,22.5,0,0,0,0.0,0
2026-07-13 07:00:00,花蓮測站,花蓮縣,花蓮縣,花蓮測站,41.6,23.9,0,0,0,0.0,0
2026-07-13 08:00:00,花蓮測站,花蓮縣,花蓮縣,花蓮測站,58.9,21.5,1,0,0,0.3333333333333333,0
2026-07-13 09:00:00,花蓮測站,花蓮縣,花蓮縣,花蓮測站,50.6,20.8,0,0,0,0.0,0
2026-07-13 10:00:00,花蓮測站,花蓮縣,花蓮縣,花蓮測站,53.7,23.4,0,0,0,0.0,0
2026-07-13 11:00:00,花蓮測站,花蓮縣,花蓮縣,花蓮測站,49.2,24.7,0,0,0,0.0,0
2026-07-13 12:00:00,花蓮測站,花蓮縣,花蓮縣,花蓮測站,45.6,29.6,0,0,0,0.0,0
2026-07-13 13:00:00,花蓮測站,花蓮縣,花蓮縣,花蓮測站,38.9,22.6,0,0,0,0.0,0
2026-07-13 14:00:00,花蓮測站,花蓮縣,花蓮縣,花蓮測站,46.9,22.0,0,0,0,0.0,0
2026-07-13 15:00:00,花蓮測站,花蓮縣,花蓮縣,花蓮測站,44.3,12.3,0,0,1,0.3333333333333333,0
2026-07-13 16:00:00,花蓮測站,花蓮縣,花蓮縣,花蓮測站,36.9,18.7,0,0,0,0.0,0
2026-07-13 17:00:00,花蓮測站,花蓮縣,花蓮縣,花蓮測站,47.2,30.4,0,0,0,0.0,0
2026-07-13 18:00:00,花蓮測站,花蓮縣,花蓮縣,花蓮測站,45.0,20.3,0,0,0,0.0,0
2026-07-13 19:00:00,花蓮測站,花蓮縣,花蓮縣,花蓮測站,46.4,20.8,0,0,0,0.0,0
2026-07-13 20:00:00,花蓮測站,花蓮縣,花蓮縣,花蓮測站,50.3,26.2,0,0,0,0.0,0
2026-07-13 21:00:00,花蓮測站,花蓮縣,花蓮縣,花蓮測站,43.2,22.7,0,0,0,0.0,0
2026-07-13 22:00:00,花蓮測站,花蓮縣,花蓮縣,花蓮測站,44.1,18.9,0,0,0,0.0,0
2026-07-13 23:00:00,花蓮測站,花蓮縣,花蓮縣,花蓮測站,36.5,23.2,0,0,0,0.0,0
2026-07-14 00:00:00,花蓮測站,花蓮縣,花蓮縣,花蓮測站,43.8,22.5,0,0,0,0.0,0
2026-07-14 01:00:00,花蓮測站,花蓮縣,花蓮縣,花蓮測站,37.3,22.2,0,0,0,0.0,0
2026-07-14 02:00:00,花蓮測站,花蓮縣,花蓮縣,花蓮測站,34.4,17.4,0,0,0,0.0,0
2026-07-14 03:00:00,花蓮測站,花蓮縣,花蓮縣,花蓮測站,30.0,18.5,0,0,0,0.0,0
2026-07-14 04:00:00,花蓮測站,花蓮縣,花蓮縣,花蓮測站,26.6,19.4,0,0,0,0.0,0
2026-07-14 05:00:00,花蓮測站,花蓮縣,花蓮縣,花蓮測站,40.7,14.6,0,0,1,0.3333333333333333,0
2026-07-14 06:00:00,花蓮測站,花蓮縣,花蓮縣,花蓮測站,40.0,22.1,0,0,1,0.3333333333333333,0
2026-07-14 07:00:00,花蓮測站,花蓮縣,花蓮縣,花蓮測站,46.2,23.3,0,0,0,0.0,0
2026-07-14 08:00:00,花蓮測站,花蓮縣,花蓮縣,花蓮測站,47.7,23.6,0,0,0,0.0,0
2026-07-14 09:00:00,花蓮測站,花蓮縣,花蓮縣,花蓮測站,52.4,29.2,0,0,0,0.0,0
2026-07-14 10:00:00,花蓮測站,花蓮縣,花蓮縣,花蓮測站,43.5,19.1,0,0,0,0.0,0
2026-07-14 11:00:00,花蓮測站,花蓮縣,花蓮縣,花蓮測站,39.1,19.5,0,0,0,0.0,0
2026-07-14 12:00:00,花蓮測站,花蓮縣,花蓮縣,花蓮測站,39.4,20.9,0,0,0,0.0,0
2026-07-14 13:00:00,花蓮測站,花蓮縣,花蓮縣,花蓮測站,40.2,25.5,0,0,0,0.0,0
2026-07-14 14:00:00,花蓮測站,花蓮縣,花蓮縣,花蓮測站,44.4,22.0,0,0,0,0.0,0
2026-07-14 15:00:00,花蓮測站,花蓮縣,花蓮縣,花蓮測站,40.5,16.8,0,0,1,0.3333333333333333,0
2026-07-14 16:00:00,花蓮測站,花蓮縣,花蓮縣,花蓮測站,39.8,24.1,0,1,0,0.3333333333333333,0
2026-07-14 17:00:00,花蓮測站,花蓮縣,花蓮縣,花蓮測站,37.5,24.5,0,0,0,0.0,0
2026-07-14 18:00:00,花蓮測站,花蓮縣,花蓮縣,花蓮測站,45.1,19.6,0,0,0,0.0,0
2026-07-14 19:00:00,花蓮測站,花蓮縣,花蓮縣,花蓮測站,46.6,23.2,0,0,0,0.0,0
2026-07-14 20:00:00,花蓮測站,花蓮縣,花蓮縣,花蓮測站,44.2,20.8,0,0,0,0.0,0
2026-07-14 21:00:00,花蓮測站,花蓮縣,花蓮縣,花蓮測站,39.2,22.0,0,0,0,0.0,0
2026-07-14 22:00:00,花蓮測站,花蓮縣,花蓮縣,花蓮測站,32.7,19.0,0,0,0,0.0,0
2026-07-14 23:00:00,花蓮測站,花蓮縣,花蓮縣,花蓮測站,41.9,19.2,0,0,0,0.0,0
2026-07-15 00:00:00,花蓮測站,花蓮縣,花蓮縣,花蓮測站,26.7,27.7,0,1,1,0.6666666666666666,1
2026-07-15 01:00:00,花蓮測站,花蓮縣,花蓮縣,花蓮測站,33.5,14.4,0,1,1,0.6666666666666666,1
2026-07-15 02:00:00,花蓮測站,花蓮縣,花蓮縣,花蓮測站,40.8,22.6,0,0,0,0.0,0
2026-07-15 03:00:00,花蓮測站,花蓮縣,花蓮縣,花蓮測站,39.3,23.1,0,0,0,0.0,0
2026-07-15 04:00:00,花蓮測站,花蓮縣,花蓮縣,花蓮測站,30.8,20.9,0,0,0,0.0,0
2026-07-15 05:00:00,花蓮測站,花蓮縣,花蓮縣,花蓮測站,38.8,19.0,0,0,0,0.0,0
2026-07-15 06:00:00,花蓮測站,花蓮縣,花蓮縣,花蓮測站,48.6,18.4,0,0,0,0.0,0
2026-07-15 07:00:00,花蓮測站,花蓮縣,花蓮縣,花蓮測站,50.1,22.1,0,0,0,0.0,0
2026-07-15 08:00:00,花蓮測站,花蓮縣,花蓮縣,花蓮測站,53.8,23.3,0,0,0,0.0,0
2026-07-15 09:00:00,花蓮測站,花蓮縣,花蓮縣,花蓮測站,49.9,23.9,0,0,0,0.0,0
2026-07-15 10:00:00,花蓮測站,花蓮縣,花蓮縣,花蓮測站,43.4,23.4,0,0,0,0.0,0
2026-07-15 11:00:00,花蓮測站,花蓮縣,花蓮縣,花蓮測站,40.4,20.7,0,1,0,0.3333333333333333,0
2026-07-15 12:00:00,花蓮測站,花蓮縣,花蓮縣,花蓮測站,39.2,20.8,0,0,0,0.0,0
2026-07-15 13:00:00,花蓮測站,花蓮縣,花蓮縣,花蓮測站,36.7,17.8,0,0,0,0.0,0
2026-07-15 14:00:00,花蓮測站,花蓮縣,花蓮縣,花蓮測站,29.2,19.4,0,0,1,0.3333333333333333,0
2026-07-15 15:00:00,花蓮測站,花蓮縣,花蓮縣,花蓮測站,32.0,18.2,0,0,0,0.0,0
2026-07-15 16:00:00,花蓮測站,花蓮縣,花蓮縣,花蓮測站,47.4,22.7,0,0,0,0.0,0
2026-07-15 17:00:00,花蓮測站,花蓮縣,花蓮縣,花蓮測站,43.1,20.5,0,0,0,0.0,0
2026-07-15 18:00:00,花蓮測站,花蓮縣,花蓮縣,花蓮測站,47.1,22.6,0,0,0,0.0,0
2026-07-15 19:00:00,花蓮測站,花蓮縣,花蓮縣,花蓮測站,47.2,20.9,0,0,0,0.0,0
2026-07-15 20:00:00,花蓮測站,花蓮縣,花蓮縣,花蓮測站,47.4,29.6,0,0,0,0.0,0
2026-07-15 21:00:00,花蓮測站,花蓮縣,花蓮縣,花蓮測站,44.2,19.6,0,0,0,0.0,0
2026-07-15 22:00:00,花蓮測站,花蓮縣,花蓮縣,花蓮測站,44.3,19.7,0,0,0,0.0,0
2026-07-15 23:00:00,花蓮測站,花蓮縣,花蓮縣,花蓮測站,37.5,23.2,0,0,0,0.0,0
2026-07-16 00:00:00,花蓮測站,花蓮縣,花蓮縣,花蓮測站,36.5,22.1,0,0,0,0.0,0
2026-07-16 01:00:00,花蓮測站,花蓮縣,花蓮縣,花蓮測站,39.9,23.8,0,0,0,0.0,0
2026-07-16 02:00:00,花蓮測站,花蓮縣,花蓮縣,花蓮測站,41.9,23.6,0,0,0,0.0,0
2026-07-16 03:00:00,花蓮測站,花蓮縣,花蓮縣,花蓮測站,44.0,21.7,0,0,0,0.0,0
2026-07-16 04:00:00,花蓮測站,花蓮縣,花蓮縣,花蓮測站,49.4,29.6,0,0,0,0.0,0
2026-07-16 05:00:00,花蓮測站,花蓮縣,花蓮縣,花蓮測站,50.6,26.6,0,0,0,0.0,0
2026-07-16 06:00:00,花蓮測站,花蓮縣,花蓮縣,花蓮測站,47.0,23.1,0,0,0,0.0,0
2026-07-16 07:00:00,花蓮測站,花蓮縣,花蓮縣,花蓮測站,45.7,19.2,0,0,0,0.0,0
2026-07-16 08:00:00,花蓮測站,花蓮縣,花蓮縣,花蓮測站,56.7,26.7,1,0,0,0.3333333333333333,0
2026-07-16 09:00:00,花蓮測站,花蓮縣,花蓮縣,花蓮測站,49.6,23.6,0,0,0,0.0,0
2026-07-16 10:00:00,花蓮測站,花蓮縣,花蓮縣,花蓮測站,62.7,28.2,1,0,0,0.3333333333333333,0
2026-07-16 11:00:00,花蓮測站,花蓮縣,花蓮縣,花蓮測站,46.8,22.2,0,0,0,0.0,0
2026-07-16 12:00:00,花蓮測站,花蓮縣,花蓮縣,花蓮測站,43.2,19.1,0,0,0,0.0,0
2026-07-16 13:00:00,花蓮測站,花蓮縣,花蓮縣,花蓮測站,40.7,25.4,0,0,0,0.0,0
2026-07-16 14:00:00,花蓮測站,花蓮縣,花蓮縣,花蓮測站,51.0,22.5,0,0,0,0.0,0
2026-07-16 15:00:00,花蓮測站,花蓮縣,花蓮縣,花蓮測站,47.3,23.0,0,0,0,0.0,0
2026-07-16 16:00:00,花蓮測站,花蓮縣,花蓮縣,花蓮測站,52.7,25.6,0,0,0,0.0,0
2026-07-16 17:00:00,花蓮測站,花蓮縣,花蓮縣,花蓮測站,51.3,28.8,0,0,0,0.0,0
2026-07-16 18:00:00,花蓮測站,花蓮縣,花蓮縣,花蓮測站,60.7,26.9,0,0,0,0.0,0
2026-07-16 19:00:00,花蓮測站,花蓮縣,花蓮縣,花蓮測站,47.2,21.5,0,0,0,0.0,0
2026-07-16 20:00:00,花蓮測站,花蓮縣,花蓮縣,花蓮測站,60.0,29.0,0,0,0,0.0,0
2026-07-16 21:00:00,花蓮測站,花蓮縣,花蓮縣,花蓮測站,43.2,21.9,0,0,0,0.0,0
2026-07-16 22:00:00,花蓮測站,花蓮縣,花蓮縣,花蓮測站,41.5,20.3,0,0,0,0.0,0
2026-07-16 23:00:00,花蓮測站,花蓮縣,花蓮縣,花蓮測站,53.1,23.4,0,0,0,0.0,0
2026-07-17 00:00:00,花蓮測站,花蓮縣,花蓮縣,花蓮測站,44.1,20.8,0,1,0,0.3333333333333333,0
2026-07-17 01:00:00,花蓮測站,花蓮縣,花蓮縣,花蓮測站,54.6,27.1,0,0,0,0.0,0
2026-07-17 02:00:00,花蓮測站,花蓮縣,花蓮縣,花蓮測站,50.8,25.5,0,0,0,0.0,0
2026-07-17 03:00:00,花蓮測站,花蓮縣,花蓮縣,花蓮測站,45.4,24.1,0,0,0,0.0,0
2026-07-17 04:00:00,花蓮測站,花蓮縣,花蓮縣,花蓮測站,46.9,26.2,0,0,0,0.0,0
2026-07-17 05:00:00,花蓮測站,花蓮縣,花蓮縣,花蓮測站,48.3,20.8,0,0,0,0.0,0
2026-07-17 06:00:00,花蓮測站,花蓮縣,花蓮縣,花蓮測站,48.2,30.0,0,0,0,0.0,0
2026-07-17 07:00:00,花蓮測站,花蓮縣,花蓮縣,花蓮測站,61.0,23.5,0,0,0,0.0,0
2026-07-17 08:00:00,花蓮測站,花蓮縣,花蓮縣,花蓮測站,58.7,25.4,0,0,0,0.0,0
2026-07-17 09:00:00,花蓮測站,花蓮縣,花蓮縣,花蓮測站,56.9,27.1,0,0,0,0.0,0
2026-07-17 10:00:00,花蓮測站,花蓮縣,花蓮縣,花蓮測站,52.3,25.5,0,0,0,0.0,0
2026-07-17 11:00:00,花蓮測站,花蓮縣,花蓮縣,花蓮測站,50.8,19.4,0,0,0,0.0,0
2026-07-17 12:00:00,花蓮測站,花蓮縣,花蓮縣,花蓮測站,52.0,22.7,0,0,0,0.0,0
2026-07-17 13:00:00,花蓮測站,花蓮縣,花蓮縣,花蓮測站,51.8,28.5,0,0,0,0.0,0
2026-07-17 14:00:00,花蓮測站,花蓮縣,花蓮縣,花蓮測站,50.1,19.0,0,0,0,0.0,0
2026-07-17 15:00:00,花蓮測站,花蓮縣,花蓮縣,花蓮測站,69.0,28.5,1,0,0,0.3333333333333333,0
2026-07-17 16:00:00,花蓮測站,花蓮縣,花蓮縣,花蓮測站,57.1,28.2,0,0,0,0.0,0
2026-07-17 17:00:00,花蓮測站,花蓮縣,花蓮縣,花蓮測站,51.4,24.0,0,0,0,0.0,0
2026-07-17 18:00:00,花蓮測站,花蓮縣,花蓮縣,花蓮測站,61.3,29.6,0,0,0,0.0,0
2026-07-17 19:00:00,花蓮測站,花蓮縣,花蓮縣,花蓮測站,60.8,31.7,0,0,0,0.0,0
2026-07-17 20:00:00,花蓮測站,花蓮縣,花蓮縣,花蓮測站,60.6,22.5,0,0,0,0.0,0
2026-07-17 21:00:00,花蓮測站,花蓮縣,花蓮縣,花蓮測站,37.3,24.4,0,1,0,0.3333333333333333,0
2026-07-17 22:00:00,花蓮測站,花蓮縣,花蓮縣,花蓮測站,51.7,22.7,0,0,0,0.0,0
2026-07-17 23:00:00,花蓮測站,花蓮縣,花蓮縣,花蓮測站,43.5,27.2,0,0,0,0.0,0
2026-07-18 00:00:00,花蓮測站,花蓮縣,花蓮縣,花蓮測站,39.6,18.2,0,0,0,0.0,0
2026-07-18 01:00:00,花蓮測站,花蓮縣,花蓮縣,花蓮測站,43.6,22.5,0,0,0,0.0,0
2026-07-18 02:00:00,花蓮測站,花蓮縣,花蓮縣,花蓮測站,40.3,22.1,0,0,0,0.0,0
2026-07-18 03:00:00,花蓮測站,花蓮縣,花蓮縣,花蓮測站,39.9,26.2,0,0,0,0.0,0
2026-07-18 04:00:00,花蓮測站,花蓮縣,花蓮縣,花蓮測站,38.6,28.6,0,0,0,0.0,0
2026-07-18 05:00:00,花蓮測站,花蓮縣,花蓮縣,花蓮測站,41.1,19.3,0,0,0,0.0,0
2026-07-18 06:00:00,花蓮測站,花蓮縣,花蓮縣,花蓮測站,50.3,27.4,0,0,0,0.0,0
2026-07-18 07:00:00,花蓮測站,花蓮縣,花蓮縣,花蓮測站,48.0,21.4,0,0,0,0.0,0
2026-07-18 08:00:00,花蓮測站,花蓮縣,花蓮縣,花蓮測站,46.8,27.4,0,0,0,0.0,0
2026-07-18 09:00:00,花蓮測站,花蓮縣,花蓮縣,花蓮測站,45.6,25.0,0,0,0,0.0,0
2026-07-18 10:00:00,花蓮測站,花蓮縣,花蓮縣,花蓮測站,44.2,21.6,0,0,0,0.0,0
2026-07-18 11:00:00,花蓮測站,花蓮縣,花蓮縣,花蓮測站,42.5,20.9,0,0,0,0.0,0
2026-07-18 12:00:00,花蓮測站,花蓮縣,花蓮縣,花蓮測站,30.9,25.3,0,0,0,0.0,0
2026-07-18 13:00:00,花蓮測站,花蓮縣,花蓮縣,花蓮測站,27.2,16.9,0,0,1,0.3333333333333333,0
2026-07-18 14:00:00,花蓮測站,花蓮縣,花蓮縣,花蓮測站,40.7,25.3,0,0,0,0.0,0
2026-07-18 15:00:00,花蓮測站,花蓮縣,花蓮縣,花蓮測站,34.8,19.5,0,0,0,0.0,0
2026-07-18 16:00:00,花蓮測站,花蓮縣,花蓮縣,花蓮測站,44.2,24.2,0,0,0,0.0,0
2026-07-18 17:00:00,花蓮測站,花蓮縣,花蓮縣,花蓮測站,35.3,18.0,0,0,1,0.3333333333333333,0
2026-07-18 18:00:00,花蓮測站,花蓮縣,花蓮縣,花蓮測站,39.9,25.5,0,0,0,0.0,0
2026-07-18 19:00:00,花蓮測站,花蓮縣,花蓮縣,花蓮測站,47.6,23.6,0,0,0,0.0,0
2026-07-18 20:00:00,花蓮測站,花蓮縣,花蓮縣,花蓮測站,38.6,17.3,0,0,0,0.0,0
2026-07-18 21:00:00,花蓮測站,花蓮縣,花蓮縣,花蓮測站,42.3,26.0,0,0,0,0.0,0
2026-07-18 22:00:00,花蓮測站,花蓮縣,花蓮縣,花蓮測站,28.6,19.8,0,1,1,0.6666666666666666,1
2026-07-18 23:00:00,花蓮測站,花蓮縣,花蓮縣,花蓮測站,32.5,20.3,0,0,1,0.3333333333333333,0
2026-07-19 00:00:00,花蓮測站,花蓮縣,花蓮縣,花蓮測站,33.0,20.8,0,0,0,0.0,0
2026-07-19 01:00:00,花蓮測站,花蓮縣,花蓮縣,花蓮測站,13.9,16.5,0,1,1,0.6666666666666666,1
2026-07-19 02:00:00,花蓮測站,花蓮縣,花蓮縣,花蓮測站,28.2,21.6,0,0,1,0.3333333333333333,0
2026-07-19 03:00:00,花蓮測站,花蓮縣,花蓮縣,花蓮測站,30.5,21.0,0,0,0,0.0,0
2026-07-19 04:00:00,花蓮測站,花蓮縣,花蓮縣,花蓮測站,34.3,21.9,0,0,0,0.0,0
2026-07-19 05:00:00,花蓮測站,花蓮縣,花蓮縣,花蓮測站,34.3,23.3,0,0,0,0.0,0
2026-07-19 06:00:00,花蓮測站,花蓮縣,花蓮縣,花蓮測站,31.5,18.3,0,0,0,0.0,0
2026-07-19 07:00:00,花蓮測站,花蓮縣,花蓮縣,花蓮測站,37.8,18.0,0,1,0,0.3333333333333333,0
2026-07-19 08:00:00,花蓮測站,花蓮縣,花蓮縣,花蓮測站,40.0,17.6,0,0,0,0.0,0
2026-07-19 09:00:00,花蓮測站,花蓮縣,花蓮縣,花蓮測站,29.3,12.0,0,1,1,0.6666666666666666,1
2026-07-19 10:00:00,花蓮測站,花蓮縣,花蓮縣,花蓮測站,37.5,26.1,0,1,0,0.3333333333333333,0
2026-07-19 11:00:00,花蓮測站,花蓮縣,花蓮縣,花蓮測站,23.8,16.0,0,0,1,0.3333333333333333,0
2026-07-19 12:00:00,花蓮測站,花蓮縣,花蓮縣,花蓮測站,31.3,23.4,0,0,0,0.0,0
2026-07-19 13:00:00,花蓮測站,花蓮縣,花蓮縣,花蓮測站,33.0,24.4,0,0,0,0.0,0
2026-07-19 14:00:00,花蓮測站,花蓮縣,花蓮縣,花蓮測站,26.7,20.0,0,1,1,0.6666666666666666,1
2026-07-19 15:00:00,花蓮測站,花蓮縣,花蓮縣,花蓮測站,27.6,17.0,0,0,1,0.3333333333333333,0
2026-07-19 16:00:00,花蓮測站,花蓮縣,花蓮縣,花蓮測站,38.5,15.4,0,0,0,0.0,0
2026-07-19 17:00:00,花蓮測站,花蓮縣,花蓮縣,花蓮測站,31.9,14.8,0,1,1,0.6666666666666666,1
2026-07-19 18:00:00,花蓮測站,花蓮縣,花蓮縣,花蓮測站,30.5,14.5,0,0,0,0.0,0
2026-07-19 19:00:00,花蓮測站,花蓮縣,花蓮縣,花蓮測站,34.3,19.4,0,0,0,0.0,0
2026-07-19 20:00:00,花蓮測站,花蓮縣,花蓮縣,花蓮測站,35.3,19.4,0,0,0,0.0,0
2026-07-19 21:00:00,花蓮測站,花蓮縣,花蓮縣,花蓮測站,24.5,18.4,0,1,1,0.6666666666666666,1
2026-07-19 22:00:00,花蓮測站,花蓮縣,花蓮縣,花蓮測站,30.5,20.2,0,0,1,0.3333333333333333,0
2026-07-19 23:00:00,花蓮測站,花蓮縣,花蓮縣,花蓮測站,23.6,17.2,0,0,1,0.3333333333333333,0
2026-07-20 00:00:00,花蓮測站,花蓮縣,花蓮縣,花蓮測站,42.5,19.6,1,0,0,0.3333333333333333,0
2026-07-20 01:00:00,花蓮測站,花蓮縣,花蓮縣,花蓮測站,35.6,23.7,0,0,0,0.0,0
2026-07-20 02:00:00,花蓮測站,花蓮縣,花蓮縣,花蓮測站,29.3,20.1,0,1,1,0.6666666666666666,1
2026-07-20 03:00:00,花蓮測站,花蓮縣,花蓮縣,花蓮測站,37.9,20.4,0,0,0,0.0,0
2026-07-20 04:00:00,花蓮測站,花蓮縣,花蓮縣,花蓮測站,42.2,21.4,0,0,0,0.0,0
2026-07-20 05:00:00,花蓮測站,花蓮縣,花蓮縣,花蓮測站,53.8,25.4,1,0,0,0.3333333333333333,0
2026-07-20 06:00:00,花蓮測站,花蓮縣,花蓮縣,花蓮測站,45.4,23.9,0,0,0,0.0,0
2026-07-20 07:00:00,花蓮測站,花蓮縣,花蓮縣,花蓮測站,48.7,27.3,0,0,0,0.0,0
2026-07-20 08:00:00,花蓮測站,花蓮縣,花蓮縣,花蓮測站,45.4,22.3,0,0,0,0.0,0
2026-07-20 09:00:00,花蓮測站,花蓮縣,花蓮縣,花蓮測站,53.2,25.5,0,0,0,0.0,0
2026-07-20 10:00:00,花蓮測站,花蓮縣,花蓮縣,花蓮測站,49.0,20.7,0,0,0,0.0,0
2026-07-20 11:00:00,花蓮測站,花蓮縣,花蓮縣,花蓮測站,26.1,15.4,0,1,1,0.6666666666666666,1
2026-07-20 12:00:00,花蓮測站,花蓮縣,花蓮縣,花蓮測站,40.9,26.2,0,0,0,0.0,0
2026-07-20 13:00:00,花蓮測站,花蓮縣,花蓮縣,花蓮測站,30.4,15.9,0,1,1,0.6666666666666666,1
2026-07-20 14:00:00,花蓮測站,花蓮縣,花蓮縣,花蓮測站,46.3,27.0,0,0,1,0.3333333333333333,0
2026-07-20 15:00:00,花蓮測站,花蓮縣,花蓮縣,花蓮測站,40.5,27.1,0,0,0,0.0,0
2026-07-20 16:00:00,花蓮測站,花蓮縣,花蓮縣,花蓮測站,41.4,25.3,0,0,0,0.0,0
2026-07-20 17:00:00,花蓮測站,花蓮縣,花蓮縣,花蓮測站,50.2,14.4,0,0,1,0.3333333333333333,0
2026-07-20 18:00:00,花蓮測站,花蓮縣,花蓮縣,花蓮測站,38.3,21.8,0,0,0,0.0,0
2026-07-20 19:00:00,花蓮測站,花蓮縣,花蓮縣,花蓮測站,51.0,25.5,0,0,0,0.0,0
2026-07-20 20:00:00,花蓮測站,花蓮縣,花蓮縣,花蓮測站,41.9,19.6,0,0,0,0.0,0
2026-07-20 21:00:00,花蓮測站,花蓮縣,花蓮縣,花蓮測站,46.7,24.1,0,0,0,0.0,0
2026-07-20 22:00:00,花蓮測站,花蓮縣,花蓮縣,花蓮測站,44.7,26.2,0,0,0,0.0,0
2026-07-20 23:00:00,花蓮測站,花蓮縣,花蓮縣,花蓮測站,45.6,22.6,0,0,0,0.0,0
2026-07-21 00:00:00,花蓮測站,花蓮縣,花蓮縣,花蓮測站,37.0,19.1,0,0,0,0.0,0
2026-07-21 01:00:00,花蓮測站,花蓮縣,花蓮縣,花蓮測站,50.0,28.9,0,0,0,0.0,0
2026-07-21 02:00:00,花蓮測站,花蓮縣,花蓮縣,花蓮測站,42.3,22.8,0,0,0,0.0,0
2026-07-21 03:00:00,花蓮測站,花蓮縣,花蓮縣,花蓮測站,44.6,21.8,0,0,0,0.0,0
2026-07-21 04:00:00,花蓮測站,花蓮縣,花蓮縣,花蓮測站,51.4,30.6,0,0,0,0.0,0
2026-07-21 05:00:00,花蓮測站,花蓮縣,花蓮縣,花蓮測站,48.1,15.0,0,1,1,0.6666666666666666,1
2026-07-21 06:00:00,花蓮測站,花蓮縣,花蓮縣,花蓮測站,51.1,25.4,0,0,0,0.0,0
2026-07-21 07:00:00,花蓮測站,花蓮縣,花蓮縣,花蓮測站,51.3,21.1,0,0,0,0.0,0
2026-07-21 08:00:00,花蓮測站,花蓮縣,花蓮縣,花蓮測站,52.6,22.5,0,0,0,0.0,0
2026-07-21 09:00:00,花蓮測站,花蓮縣,花蓮縣,花蓮測站,49.8,26.5,0,0,0,0.0,0
2026-07-21 10:00:00,花蓮測站,花蓮縣,花蓮縣,花蓮測站,43.5,24.8,0,0,0,0.0,0
2026-07-21 11:00:00,花蓮測站,花蓮縣,花蓮縣,花蓮測站,45.2,18.3,0,0,0,0.0,0
2026-07-21 12:00:00,花蓮測站,花蓮縣,花蓮縣,花蓮測站,38.1,21.3,0,0,0,0.0,0
2026-07-21 13:00:00,花蓮測站,花蓮縣,花蓮縣,花蓮測站,41.8,20.6,0,0,0,0.0,0
2026-07-21 14:00:00,花蓮測站,花蓮縣,花蓮縣,花蓮測站,40.8,23.6,0,0,0,0.0,0
2026-07-21 15:00:00,花蓮測站,花蓮縣,花蓮縣,花蓮測站,39.5,23.3,0,0,0,0.0,0
2026-07-21 16:00:00,花蓮測站,花蓮縣,花蓮縣,花蓮測站,57.4,26.2,0,0,0,0.0,0
2026-07-21 17:00:00,花蓮測站,花蓮縣,花蓮縣,花蓮測站,54.5,26.5,0,0,0,0.0,0
2026-07-21 18:00:00,花蓮測站,花蓮縣,花蓮縣,花蓮測站,43.9,17.0,0,0,0,0.0,0
2026-07-21 19:00:00,花蓮測站,花蓮縣,花蓮縣,花蓮測站,49.9,24.2,0,0,0,0.0,0
2026-07-21 20:00:00,花蓮測站,花蓮縣,花蓮縣,花蓮測站,56.6,31.2,0,0,0,0.0,0
2026-07-21 21:00:00,花蓮測站,花蓮縣,花蓮縣,花蓮測站,45.0,26.6,0,0,0,0.0,0
2026-07-21 22:00:00,花蓮測站,花蓮縣,花蓮縣,花蓮測站,48.4,23.3,0,0,0,0.0,0
2026-07-21 23:00:00,花蓮測站,花蓮縣,花蓮縣,花蓮測站,51.9,25.5,0,0,0,0.0,0
2026-07-22 00:00:00,花蓮測站,花蓮縣,花蓮縣,花蓮測站,47.7,21.1,0,0,0,0.0,0
2026-07-22 01:00:00,花蓮測站,花蓮縣,花蓮縣,花蓮測站,56.5,21.5,0,0,0,0.0,0
2026-07-22 02:00:00,花蓮測站,花蓮縣,花蓮縣,花蓮測站,50.9,25.6,0,0,0,0.0,0
2026-07-22 03:00:00,花蓮測站,花蓮縣,花蓮縣,花蓮測站,46.1,18.7,0,0,0,0.0,0
2026-07-22 04:00:00,花蓮測站,花蓮縣,花蓮縣,花蓮測站,44.5,19.9,0,0,0,0.0,0
2026-07-22 05:00:00,花蓮測站,花蓮縣,花蓮縣,花蓮測站,49.1,18.6,0,0,0,0.0,0
2026-07-22 06:00:00,花蓮測站,花蓮縣,花蓮縣,花蓮測站,51.4,27.2,0,0,0,0.0,0
2026-07-22 07:00:00,花蓮測站,花蓮縣,花蓮縣,花蓮測站,53.4,24.6,0,0,0,0.0,0
2026-07-22 08:00:00,花蓮測站,花蓮縣,花蓮縣,花蓮測站,54.3,22.8,0,0,0,0.0,0
2026-07-22 09:00:00,花蓮測站,花蓮縣,花蓮縣,花蓮測站,50.7,24.0,0,0,0,0.0,0
2026-07-22 10:00:00,花蓮測站,花蓮縣,花蓮縣,花蓮測站,51.6,24.0,0,0,0,0.0,0
2026-07-22 11:00:00,花蓮測站,花蓮縣,花蓮縣,花蓮測站,44.0,28.1,0,0,0,0.0,0
2026-07-22 12:00:00,花蓮測站,花蓮縣,花蓮縣,花蓮測站,47.6,23.9,0,0,0,0.0,0
2026-07-22 13:00:00,花蓮測站,花蓮縣,花蓮縣,花蓮測站,54.1,26.2,0,0,0,0.0,0
2026-07-22 14:00:00,花蓮測站,花蓮縣,花蓮縣,花蓮測站,47.1,30.6,0,0,0,0.0,0
2026-07-22 15:00:00,花蓮測站,花蓮縣,花蓮縣,花蓮測站,53.3,22.1,0,0,0,0.0,0
2026-07-22 16:00:00,花蓮測站,花蓮縣,花蓮縣,花蓮測站,58.2,19.8,0,0,0,0.0,0
2026-07-22 17:00:00,花蓮測站,花蓮縣,花蓮縣,花蓮測站,53.3,26.5,0,0,0,0.0,0
2026-07-22 18:00:00,花蓮測站,花蓮縣,花蓮縣,花蓮測站,56.2,31.0,0,0,0,0.0,0
2026-07-22 19:00:00,花蓮測站,花蓮縣,花蓮縣,花蓮測站,50.2,22.4,0,0,0,0.0,0
2026-07-22 20:00:00,花蓮測站,花蓮縣,花蓮縣,花蓮測站,62.4,23.9,1,0,0,0.3333333333333333,0
2026-07-22 21:00:00,花蓮測站,花蓮縣,花蓮縣,花蓮測站,40.2,22.2,0,1,0,0.3333333333333333,0
2026-07-22 22:00:00,花蓮測站,花蓮縣,花蓮縣,花蓮測站,57.3,23.4,0,0,0,0.0,0
2026-07-22 23:00:00,花蓮測站,花蓮縣,花蓮縣,花蓮測站,50.8,24.4,0,0,0,0.0,0
2026-07-23 00:00:00,花蓮測站,花蓮縣,花蓮縣,花蓮測站,50.1,22.8,0,0,0,0.0,0
2026-07-23 01:00:00,花蓮測站,花蓮縣,花蓮縣,花蓮測站,46.1,26.6,0,0,0,0.0,0
2026-07-23 02:00:00,花蓮測站,花蓮縣,花蓮縣,花蓮測站,32.6,19.5,0,1,1,0.6666666666666666,1
2026-07-23 03:00:00,花蓮測站,花蓮縣,花蓮縣,花蓮測站,40.3,18.1,0,0,0,0.0,0
2026-07-23 04:00:00,花蓮測站,花蓮縣,花蓮縣,花蓮測站,39.2,23.5,0,0,0,0.0,0
2026-07-23 05:00:00,花蓮測站,花蓮縣,花蓮縣,花蓮測站,49.1,20.1,0,0,0,0.0,0
2026-07-23 06:00:00,花蓮測站,花蓮縣,花蓮縣,花蓮測站,47.5,19.3,0,0,0,0.0,0
2026-07-23 07:00:00,花蓮測站,花蓮縣,花蓮縣,花蓮測站,60.3,26.7,0,0,0,0.0,0
2026-07-23 08:00:00,花蓮測站,花蓮縣,花蓮縣,花蓮測站,50.9,25.4,0,0,0,0.0,0
2026-07-23 09:00:00,花蓮測站,花蓮縣,花蓮縣,花蓮測站,52.4,24.7,0,0,0,0.0,0
2026-07-23 10:00:00,花蓮測站,花蓮縣,花蓮縣,花蓮測站,45.7,22.6,0,0,0,0.0,0
2026-07-23 11:00:00,花蓮測站,花蓮縣,花蓮縣,花蓮測站,44.0,23.8,0,0,0,0.0,0
2026-07-23 12:00:00,花蓮測站,花蓮縣,花蓮縣,花蓮測站,42.3,20.2,0,0,0,0.0,0
2026-07-23 13:00:00,花蓮測站,花蓮縣,花蓮縣,花蓮測站,38.8,18.9,0,0,0,0.0,0
2026-07-23 14:00:00,花蓮測站,花蓮縣,花蓮縣,花蓮測站,43.7,18.2,0,0,0,0.0,0
2026-07-23 15:00:00,花蓮測站,花蓮縣,花蓮縣,花蓮測站,40.0,23.4,0,0,0,0.0,0
2026-07-23 16:00:00,花蓮測站,花蓮縣,花蓮縣,花蓮測站,40.1,17.5,0,0,0,0.0,0
2026-07-23 17:00:00,花蓮測站,花蓮縣,花蓮縣,花蓮測站,47.1,17.1,0,0,0,0.0,0
2026-07-23 18:00:00,花蓮測站,花蓮縣,花蓮縣,花蓮測站,48.5,28.0,0,0,0,0.0,0
2026-07-23 19:00:00,花蓮測站,花蓮縣,花蓮縣,花蓮測站,53.8,17.4,0,0,1,0.3333333333333333,0
2026-07-23 20:00:00,花蓮測站,花蓮縣,花蓮縣,花蓮測站,49.6,24.5,0,0,0,0.0,0
2026-07-23 21:00:00,花蓮測站,花蓮縣,花蓮縣,花蓮測站,37.8,17.6,0,0,0,0.0,0
2026-07-23 22:00:00,花蓮測站,花蓮縣,花蓮縣,花蓮測站,35.6,22.3,0,0,0,0.0,0
2026-07-23 23:00:00,花蓮測站,花蓮縣,花蓮縣,花蓮測站,35.0,22.5,0,0,0,0.0,0
2026-07-24 00:00:00,花蓮測站,花蓮縣,花蓮縣,花蓮測站,36.5,19.4,0,0,0,0.0,0
2026-07-24 01:00:00,花蓮測站,花蓮縣,花蓮縣,花蓮測站,39.4,16.9,0,0,0,0.0,0
2026-07-24 02:00:00,花蓮測站,花蓮縣,花蓮縣,花蓮測站,37.7,21.8,0,0,0,0.0,0
2026-07-24 03:00:00,花蓮測站,花蓮縣,花蓮縣,花蓮測站,36.0,24.8,0,0,0,0.0,0
2026-07-24 04:00:00,花蓮測站,花蓮縣,花蓮縣,花蓮測站,32.0,18.4,0,0,0,0.0,0
2026-07-24 05:00:00,花蓮測站,花蓮縣,花蓮縣,花蓮測站,44.7,23.9,0,0,0,0.0,0
2026-07-24 06:00:00,花蓮測站,花蓮縣,花蓮縣,花蓮測站,35.0,16.5,0,0,1,0.3333333333333333,0
2026-07-24 07:00:00,花蓮測站,花蓮縣,花蓮縣,花蓮測站,41.8,27.4,0,1,0,0.3333333333333333,0
2026-07-24 08:00:00,花蓮測站,花蓮縣,花蓮縣,花蓮測站,47.4,21.7,0,0,0,0.0,0
2026-07-24 09:00:00,花蓮測站,花蓮縣,花蓮縣,花蓮測站,49.8,23.0,1,0,0,0.3333333333333333,0
2026-07-24 10:00:00,花蓮測站,花蓮縣,花蓮縣,花蓮測站,47.8,23.0,0,0,0,0.0,0
2026-07-24 11:00:00,花蓮測站,花蓮縣,花蓮縣,花蓮測站,35.5,22.8,0,0,0,0.0,0
2026-07-24 12:00:00,花蓮測站,花蓮縣,花蓮縣,花蓮測站,30.1,19.4,0,0,0,0.0,0
2026-07-24 13:00:00,花蓮測站,花蓮縣,花蓮縣,花蓮測站,40.2,19.6,0,0,0,0.0,0
2026-07-24 14:00:00,花蓮測站,花蓮縣,花蓮縣,花蓮測站,38.1,18.6,0,0,0,0.0,0
2026-07-24 15:00:00,花蓮測站,花蓮縣,花蓮縣,花蓮測站,42.1,24.9,0,0,0,0.0,0
2026-07-24 16:00:00,花蓮測站,花蓮縣,花蓮縣,花蓮測站,38.9,19.3,0,0,0,0.0,0
2026-07-24 17:00:00,花蓮測站,花蓮縣,花蓮縣,花蓮測站,43.6,24.0,0,0,0,0.0,0
2026-07-24 18:00:00,花蓮測站,花蓮縣,花蓮縣,花蓮測站,48.3,24.2,0,0,0,0.0,0
2026-07-24 19:00:00,花蓮測站,花蓮縣,花蓮縣,花蓮測站,47.9,23.1,0,0,0,0.0,0
2026-07-24 20:00:00,花蓮測站,花蓮縣,花蓮縣,花蓮測站,51.9,26.9,0,0,0,0.0,0
2026-07-24 21:00:00,花蓮測站,花蓮縣,花蓮縣,花蓮測站,35.8,17.8,0,0,1,0.3333333333333333,0
2026-07-24 22:00:00,花蓮測站,花蓮縣,花蓮縣,花蓮測站,44.0,24.0,0,0,0,0.0,0
2026-07-24 23:00:00,花蓮測站,花蓮縣,花蓮縣,花蓮測站,32.1,19.3,0,0,0,0.0,0
2026-07-25 00:00:00,花蓮測站,花蓮縣,花蓮縣,花蓮測站,37.2,22.3,0,0,0,0.0,0
2026-07-25 01:00:00,花蓮測站,花蓮縣,花蓮縣,花蓮測站,30.1,16.7,0,0,0,0.0,0
2026-07-25 02:00:00,花蓮測站,花蓮縣,花蓮縣,花蓮測站,27.5,19.9,0,1,1,0.6666666666666666,1
2026-07-25 03:00:00,花蓮測站,花蓮縣,花蓮縣,花蓮測站,12.0,15.3,0,1,1,0.6666666666666666,1
2026-07-25 04:00:00,花蓮測站,花蓮縣,花蓮縣,花蓮測站,27.4,16.9,0,0,1,0.3333333333333333,0
2026-07-25 05:00:00,花蓮測站,花蓮縣,花蓮縣,花蓮測站,25.2,14.8,0,0,1,0.3333333333333333,0
2026-07-25 06:00:00,花蓮測站,花蓮縣,花蓮縣,花蓮測站,37.3,22.3,0,0,1,0.3333333333333333,0
2026-07-25 07:00:00,花蓮測站,花蓮縣,花蓮縣,花蓮測站,37.1,16.8,0,0,1,0.3333333333333333,0
2026-07-25 08:00:00,花蓮測站,花蓮縣,花蓮縣,花蓮測站,35.1,14.9,0,0,1,0.3333333333333333,0
2026-07-25 09:00:00,花蓮測站,花蓮縣,花蓮縣,花蓮測站,34.3,16.6,0,1,1,0.6666666666666666,1
2026-07-25 10:00:00,花蓮測站,花蓮縣,花蓮縣,花蓮測站,34.8,18.6,0,0,0,0.0,0
2026-07-25 11:00:00,花蓮測站,花蓮縣,花蓮縣,花蓮測站,31.5,21.0,0,0,0,0.0,0
2026-07-25 12:00:00,花蓮測站,花蓮縣,花蓮縣,花蓮測站,25.3,20.9,0,0,1,0.3333333333333333,0
2026-07-25 13:00:00,花蓮測站,花蓮縣,花蓮縣,花蓮測站,30.8,20.7,0,0,0,0.0,0
2026-07-25 14:00:00,花蓮測站,花蓮縣,花蓮縣,花蓮測站,37.6,19.7,0,0,0,0.0,0
2026-07-25 15:00:00,花蓮測站,花蓮縣,花蓮縣,花蓮測站,35.0,20.2,0,0,0,0.0,0
2026-07-25 16:00:00,花蓮測站,花蓮縣,花蓮縣,花蓮測站,35.9,23.4,0,0,0,0.0,0
2026-07-25 17:00:00,花蓮測站,花蓮縣,花蓮縣,花蓮測站,35.5,22.4,0,0,0,0.0,0
2026-07-25 18:00:00,花蓮測站,花蓮縣,花蓮縣,花蓮測站,28.8,18.1,0,0,0,0.0,0
2026-07-25 19:00:00,花蓮測站,花蓮縣,花蓮縣,花蓮測站,46.3,21.6,1,0,0,0.3333333333333333,0
2026-07-25 20:00:00,花蓮測站,花蓮縣,花蓮縣,花蓮測站,42.9,23.6,0,0,0,0.0,0
2026-07-25 21:00:00,花蓮測站,花蓮縣,花蓮縣,花蓮測站,33.8,21.0,0,0,0,0.0,0
2026-07-25 22:00:00,花蓮測站,花蓮縣,花蓮縣,花蓮測站,35.5,20.6,0,0,0,0.0,0
2026-06-26 03:00:00,西屯測站,臺中市,臺中市,西屯測站,75.5,46.4,1,0,0,0.3333333333333333,0
2026-06-26 04:00:00,西屯測站,臺中市,臺中市,西屯測站,69.9,37.6,1,0,0,0.3333333333333333,0
2026-06-26 05:00:00,西屯測站,臺中市,臺中市,西屯測站,69.7,39.1,1,0,0,0.3333333333333333,0
2026-06-26 06:00:00,西屯測站,臺中市,臺中市,西屯測站,85.8,48.6,1,0,0,0.3333333333333333,0
2026-06-26 07:00:00,西屯測站,臺中市,臺中市,西屯測站,77.3,48.0,1,0,0,0.3333333333333333,0
2026-06-26 08:00:00,西屯測站,臺中市,臺中市,西屯測站,71.0,50.5,1,0,0,0.3333333333333333,0
2026-06-26 09:00:00,西屯測站,臺中市,臺中市,西屯測站,84.4,43.9,1,0,0,0.3333333333333333,0
2026-06-26 10:00:00,西屯測站,臺中市,臺中市,西屯測站,74.5,42.0,1,0,0,0.3333333333333333,0
2026-06-26 11:00:00,西屯測站,臺中市,臺中市,西屯測站,75.6,42.3,1,0,0,0.3333333333333333,0
2026-06-26 12:00:00,西屯測站,臺中市,臺中市,西屯測站,72.4,43.5,1,0,0,0.3333333333333333,0
2026-06-26 13:00:00,西屯測站,臺中市,臺中市,西屯測站,76.8,40.4,1,0,0,0.3333333333333333,0
2026-06-26 14:00:00,西屯測站,臺中市,臺中市,西屯測站,65.2,43.9,1,0,0,0.3333333333333333,0
2026-06-26 15:00:00,西屯測站,臺中市,臺中市,西屯測站,82.9,43.5,1,0,0,0.3333333333333333,0
2026-06-26 16:00:00,西屯測站,臺中市,臺中市,西屯測站,83.1,44.8,1,0,0,0.3333333333333333,0
2026-06-26 17:00:00,西屯測站,臺中市,臺中市,西屯測站,75.8,42.3,1,0,0,0.3333333333333333,0
2026-06-26 18:00:00,西屯測站,臺中市,臺中市,西屯測站,86.4,40.6,1,0,0,0.3333333333333333,0
2026-06-26 19:00:00,西屯測站,臺中市,臺中市,西屯測站,70.7,38.1,1,0,0,0.3333333333333333,0
2026-06-26 20:00:00,西屯測站,臺中市,臺中市,西屯測站,81.1,45.7,1,0,0,0.3333333333333333,0
2026-06-26 21:00:00,西屯測站,臺中市,臺中市,西屯測站,76.8,43.0,1,0,0,0.3333333333333333,0
2026-06-26 22:00:00,西屯測站,臺中市,臺中市,西屯測站,65.8,39.3,1,0,0,0.3333333333333333,0
2026-06-26 23:00:00,西屯測站,臺中市,臺中市,西屯測站,65.9,34.8,0,0,0,0.0,0
2026-06-27 00:00:00,西屯測站,臺中市,臺中市,西屯測站,70.8,44.6,1,0,0,0.3333333333333333,0
2026-06-27 01:00:00,西屯測站,臺中市,臺中市,西屯測站,76.6,40.2,1,0,0,0.3333333333333333,0
2026-06-27 02:00:00,西屯測站,臺中市,臺中市,西屯測站,64.8,39.7,1,0,0,0.3333333333333333,0
2026-06-27 03:00:00,西屯測站,臺中市,臺中市,西屯測站,68.6,39.4,1,0,0,0.3333333333333333,0
2026-06-27 04:00:00,西屯測站,臺中市,臺中市,西屯測站,67.4,39.1,1,0,0,0.3333333333333333,0
2026-06-27 05:00:00,西屯測站,臺中市,臺中市,西屯測站,71.3,43.5,1,0,0,0.3333333333333333,0
2026-06-27 06:00:00,西屯測站,臺中市,臺中市,西屯測站,74.7,41.1,1,0,0,0.3333333333333333,0
2026-06-27 07:00:00,西屯測站,臺中市,臺中市,西屯測站,73.2,43.6,1,0,0,0.3333333333333333,0
2026-06-27 08:00:00,西屯測站,臺中市,臺中市,西屯測站,87.2,49.6,1,0,0,0.3333333333333333,0
2026-06-27 09:00:00,西屯測站,臺中市,臺中市,西屯測站,78.1,42.4,1,0,0,0.3333333333333333,0
2026-06-27 10:00:00,西屯測站,臺中市,臺中市,西屯測站,74.6,40.3,1,0,0,0.3333333333333333,0
2026-06-27 11:00:00,西屯測站,臺中市,臺中市,西屯測站,65.6,40.8,1,0,0,0.3333333333333333,0
2026-06-27 12:00:00,西屯測站,臺中市,臺中市,西屯測站,68.5,41.6,1,0,0,0.3333333333333333,0
2026-06-27 13:00:00,西屯測站,臺中市,臺中市,西屯測站,68.5,38.9,1,0,0,0.3333333333333333,0
2026-06-27 14:00:00,西屯測站,臺中市,臺中市,西屯測站,68.0,40.5,1,0,0,0.3333333333333333,0
2026-06-27 15:00:00,西屯測站,臺中市,臺中市,西屯測站,71.3,44.3,1,0,0,0.3333333333333333,0
2026-06-27 16:00:00,西屯測站,臺中市,臺中市,西屯測站,66.3,42.8,1,0,0,0.3333333333333333,0
2026-06-27 17:00:00,西屯測站,臺中市,臺中市,西屯測站,79.7,44.5,1,0,0,0.3333333333333333,0
2026-06-27 18:00:00,西屯測站,臺中市,臺中市,西屯測站,74.3,45.6,1,0,0,0.3333333333333333,0
2026-06-27 19:00:00,西屯測站,臺中市,臺中市,西屯測站,81.6,42.4,1,0,0,0.3333333333333333,0
2026-06-27 20:00:00,西屯測站,臺中市,臺中市,西屯測站,74.2,45.1,1,0,0,0.3333333333333333,0
2026-06-27 21:00:00,西屯測站,臺中市,臺中市,西屯測站,59.3,37.6,1,0,0,0.3333333333333333,0
2026-06-27 22:00:00,西屯測站,臺中市,臺中市,西屯測站,71.3,42.4,1,0,0,0.3333333333333333,0
2026-06-27 23:00:00,西屯測站,臺中市,臺中市,西屯測站,57.6,39.8,1,0,0,0.3333333333333333,0
2026-06-28 00:00:00,西屯測站,臺中市,臺中市,西屯測站,58.6,37.0,1,0,0,0.3333333333333333,0
2026-06-28 01:00:00,西屯測站,臺中市,臺中市,西屯測站,71.0,42.3,1,0,0,0.3333333333333333,0
2026-06-28 02:00:00,西屯測站,臺中市,臺中市,西屯測站,69.3,42.3,1,0,0,0.3333333333333333,0
2026-06-28 03:00:00,西屯測站,臺中市,臺中市,西屯測站,71.5,42.0,1,0,0,0.3333333333333333,0
2026-06-28 04:00:00,西屯測站,臺中市,臺中市,西屯測站,67.7,40.2,1,0,0,0.3333333333333333,0
2026-06-28 05:00:00,西屯測站,臺中市,臺中市,西屯測站,64.9,39.8,1,0,0,0.3333333333333333,0
2026-06-28 06:00:00,西屯測站,臺中市,臺中市,西屯測站,78.2,39.3,1,0,0,0.3333333333333333,0
2026-06-28 07:00:00,西屯測站,臺中市,臺中市,西屯測站,83.2,39.8,1,0,0,0.3333333333333333,0
2026-06-28 08:00:00,西屯測站,臺中市,臺中市,西屯測站,78.2,42.4,1,0,0,0.3333333333333333,0
2026-06-28 09:00:00,西屯測站,臺中市,臺中市,西屯測站,79.8,44.2,1,0,0,0.3333333333333333,0
2026-06-28 10:00:00,西屯測站,臺中市,臺中市,西屯測站,71.2,44.2,1,0,0,0.3333333333333333,0
2026-06-28 11:00:00,西屯測站,臺中市,臺中市,西屯測站,59.0,38.8,1,0,0,0.3333333333333333,0
2026-06-28 12:00:00,西屯測站,臺中市,臺中市,西屯測站,68.0,42.7,1,0,0,0.3333333333333333,0
2026-06-28 13:00:00,西屯測站,臺中市,臺中市,西屯測站,71.0,37.7,1,0,0,0.3333333333333333,0
2026-06-28 14:00:00,西屯測站,臺中市,臺中市,西屯測站,63.6,40.1,1,0,0,0.3333333333333333,0
2026-06-28 15:00:00,西屯測站,臺中市,臺中市,西屯測站,64.6,41.0,1,0,0,0.3333333333333333,0
2026-06-28 16:00:00,西屯測站,臺中市,臺中市,西屯測站,63.8,45.8,1,0,0,0.3333333333333333,0
2026-06-28 17:00:00,西屯測站,臺中市,臺中市,西屯測站,75.5,38.5,1,0,0,0.3333333333333333,0
2026-06-28 18:00:00,西屯測站,臺中市,臺中市,西屯測站,64.9,41.5,1,0,0,0.3333333333333333,0
2026-06-28 19:00:00,西屯測站,臺中市,臺中市,西屯測站,69.3,42.2,1,0,0,0.3333333333333333,0
2026-06-28 20:00:00,西屯測站,臺中市,臺中市,西屯測站,56.7,39.4,1,0,0,0.3333333333333333,0
2026-06-28 21:00:00,西屯測站,臺中市,臺中市,西屯測站,65.2,44.9,1,0,0,0.3333333333333333,0
2026-06-28 22:00:00,西屯測站,臺中市,臺中市,西屯測站,65.3,37.7,1,0,0,0.3333333333333333,0
2026-06-28 23:00:00,西屯測站,臺中市,臺中市,西屯測站,62.4,40.4,1,0,0,0.3333333333333333,0
2026-06-29 00:00:00,西屯測站,臺中市,臺中市,西屯測站,55.4,35.7,1,0,0,0.3333333333333333,0
2026-06-29 01:00:00,西屯測站,臺中市,臺中市,西屯測站,60.6,41.9,1,0,0,0.3333333333333333,0
2026-06-29 02:00:00,西屯測站,臺中市,臺中市,西屯測站,66.8,40.7,1,0,0,0.3333333333333333,0
2026-06-29 03:00:00,西屯測站,臺中市,臺中市,西屯測站,57.4,35.3,1,0,0,0.3333333333333333,0
2026-06-29 04:00:00,西屯測站,臺中市,臺中市,西屯測站,66.9,41.6,1,0,0,0.3333333333333333,0
2026-06-29 05:00:00,西屯測站,臺中市,臺中市,西屯測站,66.5,37.5,1,0,0,0.3333333333333333,0
2026-06-29 06:00:00,西屯測站,臺中市,臺中市,西屯測站,77.6,41.4,1,0,0,0.3333333333333333,0
2026-06-29 07:00:00,西屯測站,臺中市,臺中市,西屯測站,83.7,40.1,1,0,0,0.3333333333333333,0
2026-06-29 08:00:00,西屯測站,臺中市,臺中市,西屯測站,76.4,40.7,1,0,0,0.3333333333333333,0
2026-06-29 09:00:00,西屯測站,臺中市,臺中市,西屯測站,75.7,46.7,1,0,0,0.3333333333333333,0
2026-06-29 10:00:00,西屯測站,臺中市,臺中市,西屯測站,76.1,44.2,1,0,0,0.3333333333333333,0
2026-06-29 11:00:00,西屯測站,臺中市,臺中市,西屯測站,64.0,40.0,1,0,0,0.3333333333333333,0
2026-06-29 12:00:00,西屯測站,臺中市,臺中市,西屯測站,69.2,40.8,1,0,0,0.3333333333333333,0
2026-06-29 13:00:00,西屯測站,臺中市,臺中市,西屯測站,67.9,38.4,1,0,0,0.3333333333333333,0
2026-06-29 14:00:00,西屯測站,臺中市,臺中市,西屯測站,61.9,42.1,1,0,0,0.3333333333333333,0
2026-06-29 15:00:00,西屯測站,臺中市,臺中市,西屯測站,62.4,40.1,1,0,0,0.3333333333333333,0
2026-06-29 16:00:00,西屯測站,臺中市,臺中市,西屯測站,65.8,37.1,1,0,0,0.3333333333333333,0
2026-06-29 17:00:00,西屯測站,臺中市,臺中市,西屯測站,75.2,47.0,1,0,0,0.3333333333333333,0
2026-06-29 18:00:00,西屯測站,臺中市,臺中市,西屯測站,72.3,47.3,1,0,0,0.3333333333333333,0
2026-06-29 19:00:00,西屯測站,臺中市,臺中市,西屯測站,73.6,41.7,1,0,0,0.3333333333333333,0
2026-06-29 20:00:00,西屯測站,臺中市,臺中市,西屯測站,66.7,39.6,1,0,0,0.3333333333333333,0
2026-06-29 21:00:00,西屯測站,臺中市,臺中市,西屯測站,67.7,36.4,1,0,0,0.3333333333333333,0
2026-06-29 22:00:00,西屯測站,臺中市,臺中市,西屯測站,71.9,41.9,1,0,0,0.3333333333333333,0
2026-06-29 23:00:00,西屯測站,臺中市,臺中市,西屯測站,58.8,40.4,1,0,0,0.3333333333333333,0
2026-06-30 00:00:00,西屯測站,臺中市,臺中市,西屯測站,64.1,41.3,1,0,0,0.3333333333333333,0
2026-06-30 01:00:00,西屯測站,臺中市,臺中市,西屯測站,66.6,36.6,1,0,0,0.3333333333333333,0
2026-06-30 02:00:00,西屯測站,臺中市,臺中市,西屯測站,57.4,38.2,1,0,0,0.3333333333333333,0
2026-06-30 03:00:00,西屯測站,臺中市,臺中市,西屯測站,67.6,31.6,0,0,0,0.0,0
2026-06-30 04:00:00,西屯測站,臺中市,臺中市,西屯測站,57.9,34.6,0,0,0,0.0,0
2026-06-30 05:00:00,西屯測站,臺中市,臺中市,西屯測站,67.9,42.2,1,0,0,0.3333333333333333,0
2026-06-30 06:00:00,西屯測站,臺中市,臺中市,西屯測站,61.2,32.9,0,0,0,0.0,0
2026-06-30 07:00:00,西屯測站,臺中市,臺中市,西屯測站,78.6,43.1,1,0,0,0.3333333333333333,0
2026-06-30 08:00:00,西屯測站,臺中市,臺中市,西屯測站,75.4,43.3,1,0,0,0.3333333333333333,0
2026-06-30 09:00:00,西屯測站,臺中市,臺中市,西屯測站,75.9,44.6,1,0,0,0.3333333333333333,0
2026-06-30 10:00:00,西屯測站,臺中市,臺中市,西屯測站,75.0,40.6,1,0,0,0.3333333333333333,0
2026-06-30 11:00:00,西屯測站,臺中市,臺中市,西屯測站,77.6,44.3,1,0,0,0.3333333333333333,0
2026-06-30 12:00:00,西屯測站,臺中市,臺中市,西屯測站,69.9,43.5,1,0,0,0.3333333333333333,0
2026-06-30 13:00:00,西屯測站,臺中市,臺中市,西屯測站,62.2,38.8,1,0,0,0.3333333333333333,0
2026-06-30 14:00:00,西屯測站,臺中市,臺中市,西屯測站,67.8,40.7,1,0,0,0.3333333333333333,0
2026-06-30 15:00:00,西屯測站,臺中市,臺中市,西屯測站,72.8,41.0,1,0,0,0.3333333333333333,0
2026-06-30 16:00:00,西屯測站,臺中市,臺中市,西屯測站,67.9,45.6,1,0,0,0.3333333333333333,0
2026-06-30 17:00:00,西屯測站,臺中市,臺中市,西屯測站,72.7,38.8,1,0,0,0.3333333333333333,0
2026-06-30 18:00:00,西屯測站,臺中市,臺中市,西屯測站,80.1,40.6,1,0,0,0.3333333333333333,0
2026-06-30 19:00:00,西屯測站,臺中市,臺中市,西屯測站,77.7,45.0,1,0,0,0.3333333333333333,0
2026-06-30 20:00:00,西屯測站,臺中市,臺中市,西屯測站,78.9,40.5,1,0,0,0.3333333333333333,0
2026-06-30 21:00:00,西屯測站,臺中市,臺中市,西屯測站,71.0,37.2,1,0,0,0.3333333333333333,0
2026-06-30 22:00:00,西屯測站,臺中市,臺中市,西屯測站,63.8,41.3,1,0,0,0.3333333333333333,0
2026-06-30 23:00:00,西屯測站,臺中市,臺中市,西屯測站,73.7,39.6,1,1,0,0.6666666666666666,1
2026-07-01 00:00:00,西屯測站,臺中市,臺中市,西屯測站,60.5,37.5,1,0,0,0.3333333333333333,0
2026-07-01 01:00:00,西屯測站,臺中市,臺中市,西屯測站,69.3,36.0,1,0,0,0.3333333333333333,0
2026-07-01 02:00:00,西屯測站,臺中市,臺中市,西屯測站,67.2,38.7,1,0,0,0.3333333333333333,0
2026-07-01 03:00:00,西屯測站,臺中市,臺中市,西屯測站,74.6,40.9,1,0,0,0.3333333333333333,0
2026-07-01 04:00:00,西屯測站,臺中市,臺中市,西屯測站,68.8,41.2,1,0,0,0.3333333333333333,0
2026-07-01 05:00:00,西屯測站,臺中市,臺中市,西屯測站,69.0,36.5,1,0,0,0.3333333333333333,0
2026-07-01 06:00:00,西屯測站,臺中市,臺中市,西屯測站,81.2,44.9,1,0,0,0.3333333333333333,0
2026-07-01 07:00:00,西屯測站,臺中市,臺中市,西屯測站,84.7,45.3,1,0,0,0.3333333333333333,0
2026-07-01 08:00:00,西屯測站,臺中市,臺中市,西屯測站,92.9,48.0,1,0,0,0.3333333333333333,0
2026-07-01 09:00:00,西屯測站,臺中市,臺中市,西屯測站,86.5,46.4,1,0,0,0.3333333333333333,0
2026-07-01 10:00:00,西屯測站,臺中市,臺中市,西屯測站,80.1,39.2,1,0,0,0.3333333333333333,0
2026-07-01 11:00:00,西屯測站,臺中市,臺中市,西屯測站,70.6,40.8,1,0,0,0.3333333333333333,0
2026-07-01 12:00:00,西屯測站,臺中市,臺中市,西屯測站,78.9,40.6,1,0,0,0.3333333333333333,0
2026-07-01 13:00:00,西屯測站,臺中市,臺中市,西屯測站,67.0,44.3,1,0,0,0.3333333333333333,0
2026-07-01 14:00:00,西屯測站,臺中市,臺中市,西屯測站,74.4,37.2,1,0,0,0.3333333333333333,0
2026-07-01 15:00:00,西屯測站,臺中市,臺中市,西屯測站,80.7,43.0,1,0,0,0.3333333333333333,0
2026-07-01 16:00:00,西屯測站,臺中市,臺中市,西屯測站,77.2,40.8,1,0,0,0.3333333333333333,0
2026-07-01 17:00:00,西屯測站,臺中市,臺中市,西屯測站,86.2,46.3,1,0,0,0.3333333333333333,0
2026-07-01 18:00:00,西屯測站,臺中市,臺中市,西屯測站,92.7,43.6,1,0,0,0.3333333333333333,0
2026-07-01 19:00:00,西屯測站,臺中市,臺中市,西屯測站,76.8,37.3,1,0,0,0.3333333333333333,0
2026-07-01 20:00:00,西屯測站,臺中市,臺中市,西屯測站,82.7,44.3,1,0,0,0.3333333333333333,0
2026-07-01 21:00:00,西屯測站,臺中市,臺中市,西屯測站,79.9,40.8,1,0,0,0.3333333333333333,0
2026-07-01 22:00:00,西屯測站,臺中市,臺中市,西屯測站,85.7,46.0,1,0,0,0.3333333333333333,0
2026-07-01 23:00:00,西屯測站,臺中市,臺中市,西屯測站,75.4,40.2,1,0,0,0.3333333333333333,0
2026-07-02 00:00:00,西屯測站,臺中市,臺中市,西屯測站,69.9,40.1,1,0,0,0.3333333333333333,0
2026-07-02 01:00:00,西屯測站,臺中市,臺中市,西屯測站,79.4,44.1,1,0,0,0.3333333333333333,0
2026-07-02 02:00:00,西屯測站,臺中市,臺中市,西屯測站,78.6,36.9,1,0,0,0.3333333333333333,0
2026-07-02 03:00:00,西屯測站,臺中市,臺中市,西屯測站,79.6,47.6,1,0,0,0.3333333333333333,0
2026-07-02 04:00:00,西屯測站,臺中市,臺中市,西屯測站,78.2,42.6,1,0,0,0.3333333333333333,0
2026-07-02 05:00:00,西屯測站,臺中市,臺中市,西屯測站,75.0,48.4,1,0,0,0.3333333333333333,0
2026-07-02 06:00:00,西屯測站,臺中市,臺中市,西屯測站,76.9,43.4,1,0,0,0.3333333333333333,0
2026-07-02 07:00:00,西屯測站,臺中市,臺中市,西屯測站,92.5,47.4,1,0,0,0.3333333333333333,0
2026-07-02 08:00:00,西屯測站,臺中市,臺中市,西屯測站,86.4,41.1,1,0,0,0.3333333333333333,0
2026-07-02 09:00:00,西屯測站,臺中市,臺中市,西屯測站,74.2,39.2,1,0,0,0.3333333333333333,0
2026-07-02 10:00:00,西屯測站,臺中市,臺中市,西屯測站,83.5,40.1,1,0,0,0.3333333333333333,0
2026-07-02 11:00:00,西屯測站,臺中市,臺中市,西屯測站,77.8,39.8,1,0,0,0.3333333333333333,0
2026-07-02 12:00:00,西屯測站,臺中市,臺中市,西屯測站,67.6,33.6,0,0,0,0.0,0
2026-07-02 13:00:00,西屯測站,臺中市,臺中市,西屯測站,76.4,44.3,1,0,0,0.3333333333333333,0
2026-07-02 14:00:00,西屯測站,臺中市,臺中市,西屯測站,80.3,42.2,1,0,0,0.3333333333333333,0
2026-07-02 15:00:00,西屯測站,臺中市,臺中市,西屯測站,81.2,41.2,1,0,0,0.3333333333333333,0
2026-07-02 16:00:00,西屯測站,臺中市,臺中市,西屯測站,81.5,46.3,1,0,0,0.3333333333333333,0
2026-07-02 17:00:00,西屯測站,臺中市,臺中市,西屯測站,82.2,42.4,1,0,0,0.3333333333333333,0
2026-07-02 18:00:00,西屯測站,臺中市,臺中市,西屯測站,87.7,52.4,1,0,0,0.3333333333333333,0
2026-07-02 19:00:00,西屯測站,臺中市,臺中市,西屯測站,71.4,42.8,1,0,0,0.3333333333333333,0
2026-07-02 20:00:00,西屯測站,臺中市,臺中市,西屯測站,80.9,38.6,1,0,0,0.3333333333333333,0
2026-07-02 21:00:00,西屯測站,臺中市,臺中市,西屯測站,77.9,40.9,1,0,0,0.3333333333333333,0
2026-07-02 22:00:00,西屯測站,臺中市,臺中市,西屯測站,85.9,46.6,1,0,0,0.3333333333333333,0
2026-07-02 23:00:00,西屯測站,臺中市,臺中市,西屯測站,68.2,40.1,1,0,0,0.3333333333333333,0
2026-07-03 00:00:00,西屯測站,臺中市,臺中市,西屯測站,69.4,43.1,1,0,0,0.3333333333333333,0
2026-07-03 01:00:00,西屯測站,臺中市,臺中市,西屯測站,66.3,41.2,1,0,0,0.3333333333333333,0
2026-07-03 02:00:00,西屯測站,臺中市,臺中市,西屯測站,76.7,41.9,1,0,0,0.3333333333333333,0
2026-07-03 03:00:00,西屯測站,臺中市,臺中市,西屯測站,77.9,40.8,1,0,0,0.3333333333333333,0
2026-07-03 04:00:00,西屯測站,臺中市,臺中市,西屯測站,76.3,42.8,1,0,0,0.3333333333333333,0
2026-07-03 05:00:00,西屯測站,臺中市,臺中市,西屯測站,74.9,41.9,1,0,0,0.3333333333333333,0
2026-07-03 06:00:00,西屯測站,臺中市,臺中市,西屯測站,82.0,47.8,1,0,0,0.3333333333333333,0
2026-07-03 07:00:00,西屯測站,臺中市,臺中市,西屯測站,88.1,47.9,1,0,0,0.3333333333333333,0
2026-07-03 08:00:00,西屯測站,臺中市,臺中市,西屯測站,85.3,45.4,1,0,0,0.3333333333333333,0
2026-07-03 09:00:00,西屯測站,臺中市,臺中市,西屯測站,76.4,43.7,1,0,0,0.3333333333333333,0
2026-07-03 10:00:00,西屯測站,臺中市,臺中市,西屯測站,72.6,38.8,1,0,0,0.3333333333333333,0
2026-07-03 11:00:00,西屯測站,臺中市,臺中市,西屯測站,78.4,42.1,1,0,0,0.3333333333333333,0
2026-07-03 12:00:00,西屯測站,臺中市,臺中市,西屯測站,71.8,38.1,1,0,0,0.3333333333333333,0
2026-07-03 13:00:00,西屯測站,臺中市,臺中市,西屯測站,70.9,38.8,1,0,0,0.3333333333333333,0
2026-07-03 14:00:00,西屯測站,臺中市,臺中市,西屯測站,74.5,39.0,1,0,0,0.3333333333333333,0
2026-07-03 15:00:00,西屯測站,臺中市,臺中市,西屯測站,80.9,42.5,1,0,0,0.3333333333333333,0
2026-07-03 16:00:00,西屯測站,臺中市,臺中市,西屯測站,76.4,45.8,1,0,0,0.3333333333333333,0
2026-07-03 17:00:00,西屯測站,臺中市,臺中市,西屯測站,77.0,40.7,1,0,0,0.3333333333333333,0
2026-07-03 18:00:00,西屯測站,臺中市,臺中市,西屯測站,85.9,47.7,1,0,0,0.3333333333333333,0
2026-07-03 19:00:00,西屯測站,臺中市,臺中市,西屯測站,74.8,43.8,1,0,0,0.3333333333333333,0
2026-07-03 20:00:00,西屯測站,臺中市,臺中市,西屯測站,73.5,46.1,1,0,0,0.3333333333333333,0
2026-07-03 21:00:00,西屯測站,臺中市,臺中市,西屯測站,69.1,38.8,1,0,0,0.3333333333333333,0
2026-07-03 22:00:00,西屯測站,臺中市,臺中市,西屯測站,76.1,38.6,1,0,0,0.3333333333333333,0
2026-07-03 23:00:00,西屯測站,臺中市,臺中市,西屯測站,69.7,44.3,1,0,0,0.3333333333333333,0
2026-07-04 00:00:00,西屯測站,臺中市,臺中市,西屯測站,55.7,42.0,1,0,0,0.3333333333333333,0
2026-07-04 01:00:00,西屯測站,臺中市,臺中市,西屯測站,54.3,38.1,1,0,0,0.3333333333333333,0
2026-07-04 02:00:00,西屯測站,臺中市,臺中市,西屯測站,47.4,35.6,1,0,0,0.3333333333333333,0
2026-07-04 03:00:00,西屯測站,臺中市,臺中市,西屯測站,59.9,41.2,1,0,0,0.3333333333333333,0
2026-07-04 04:00:00,西屯測站,臺中市,臺中市,西屯測站,54.0,38.0,1,0,0,0.3333333333333333,0
2026-07-04 05:00:00,西屯測站,臺中市,臺中市,西屯測站,58.1,41.7,1,0,0,0.3333333333333333,0
2026-07-04 06:00:00,西屯測站,臺中市,臺中市,西屯測站,62.4,41.5,1,0,0,0.3333333333333333,0
2026-07-04 07:00:00,西屯測站,臺中市,臺中市,西屯測站,76.7,40.8,1,0,0,0.3333333333333333,0
2026-07-04 08:00:00,西屯測站,臺中市,臺中市,西屯測站,70.1,40.0,1,0,0,0.3333333333333333,0
2026-07-04 09:00:00,西屯測站,臺中市,臺中市,西屯測站,69.0,42.7,1,0,0,0.3333333333333333,0
2026-07-04 10:00:00,西屯測站,臺中市,臺中市,西屯測站,68.8,45.2,1,0,0,0.3333333333333333,0
2026-07-04 11:00:00,西屯測站,臺中市,臺中市,西屯測站,56.6,42.3,1,0,0,0.3333333333333333,0
2026-07-04 12:00:00,西屯測站,臺中市,臺中市,西屯測站,57.2,39.2,1,0,0,0.3333333333333333,0
2026-07-04 13:00:00,西屯測站,臺中市,臺中市,西屯測站,56.1,35.4,1,0,0,0.3333333333333333,0
2026-07-04 14:00:00,西屯測站,臺中市,臺中市,西屯測站,60.3,37.2,1,0,0,0.3333333333333333,0
2026-07-04 15:00:00,西屯測站,臺中市,臺中市,西屯測站,64.9,45.0,1,0,0,0.3333333333333333,0
2026-07-04 16:00:00,西屯測站,臺中市,臺中市,西屯測站,63.8,36.9,1,0,0,0.3333333333333333,0
2026-07-04 17:00:00,西屯測站,臺中市,臺中市,西屯測站,79.8,46.2,1,0,0,0.3333333333333333,0
2026-07-04 18:00:00,西屯測站,臺中市,臺中市,西屯測站,62.6,37.3,1,0,0,0.3333333333333333,0
2026-07-04 19:00:00,西屯測站,臺中市,臺中市,西屯測站,71.4,42.5,1,0,0,0.3333333333333333,0
2026-07-04 20:00:00,西屯測站,臺中市,臺中市,西屯測站,65.2,40.7,1,0,0,0.3333333333333333,0
2026-07-04 21:00:00,西屯測站,臺中市,臺中市,西屯測站,63.2,42.7,1,0,0,0.3333333333333333,0
2026-07-04 22:00:00,西屯測站,臺中市,臺中市,西屯測站,63.6,34.4,0,0,0,0.0,0
2026-07-04 23:00:00,西屯測站,臺中市,臺中市,西屯測站,59.2,35.1,1,0,0,0.3333333333333333,0
2026-07-05 00:00:00,西屯測站,臺中市,臺中市,西屯測站,58.8,42.5,1,0,0,0.3333333333333333,0
2026-07-05 01:00:00,西屯測站,臺中市,臺中市,西屯測站,54.4,39.6,1,1,0,0.6666666666666666,1
2026-07-05 02:00:00,西屯測站,臺中市,臺中市,西屯測站,53.3,36.1,1,0,0,0.3333333333333333,0
2026-07-05 03:00:00,西屯測站,臺中市,臺中市,西屯測站,56.9,40.4,1,0,0,0.3333333333333333,0
2026-07-05 04:00:00,西屯測站,臺中市,臺中市,西屯測站,57.4,37.5,1,0,0,0.3333333333333333,0
2026-07-05 05:00:00,西屯測站,臺中市,臺中市,西屯測站,65.0,44.3,1,0,0,0.3333333333333333,0
2026-07-05 06:00:00,西屯測站,臺中市,臺中市,西屯測站,65.2,37.5,1,0,0,0.3333333333333333,0
2026-07-05 07:00:00,西屯測站,臺中市,臺中市,西屯測站,74.5,43.5,1,0,0,0.3333333333333333,0
2026-07-05 08:00:00,西屯測站,臺中市,臺中市,西屯測站,66.7,39.6,1,0,0,0.3333333333333333,0
2026-07-05 09:00:00,西屯測站,臺中市,臺中市,西屯測站,76.1,41.4,1,0,0,0.3333333333333333,0
2026-07-05 10:00:00,西屯測站,臺中市,臺中市,西屯測站,75.4,38.3,1,0,0,0.3333333333333333,0
2026-07-05 11:00:00,西屯測站,臺中市,臺中市,西屯測站,56.4,39.8,1,0,0,0.3333333333333333,0
2026-07-05 12:00:00,西屯測站,臺中市,臺中市,西屯測站,64.4,36.9,1,0,0,0.3333333333333333,0
2026-07-05 13:00:00,西屯測站,臺中市,臺中市,西屯測站,51.3,30.3,0,0,0,0.0,0
2026-07-05 14:00:00,西屯測站,臺中市,臺中市,西屯測站,54.6,35.8,1,0,0,0.3333333333333333,0
2026-07-05 15:00:00,西屯測站,臺中市,臺中市,西屯測站,59.5,39.7,1,0,0,0.3333333333333333,0
2026-07-05 16:00:00,西屯測站,臺中市,臺中市,西屯測站,64.1,37.4,1,0,0,0.3333333333333333,0
2026-07-05 17:00:00,西屯測站,臺中市,臺中市,西屯測站,70.9,38.9,1,0,0,0.3333333333333333,0
2026-07-05 18:00:00,西屯測站,臺中市,臺中市,西屯測站,81.0,49.4,1,1,1,1.0,1
2026-07-05 19:00:00,西屯測站,臺中市,臺中市,西屯測站,69.7,42.0,1,0,0,0.3333333333333333,0
2026-07-05 20:00:00,西屯測站,臺中市,臺中市,西屯測站,59.8,38.6,1,0,0,0.3333333333333333,0
2026-07-05 21:00:00,西屯測站,臺中市,臺中市,西屯測站,62.7,40.8,1,1,0,0.6666666666666666,1
2026-07-05 22:00:00,西屯測站,臺中市,臺中市,西屯測站,56.9,41.0,1,0,0,0.3333333333333333,0
2026-07-05 23:00:00,西屯測站,臺中市,臺中市,西屯測站,63.8,40.8,1,0,0,0.3333333333333333,0
2026-07-06 00:00:00,西屯測站,臺中市,臺中市,西屯測站,72.2,45.6,1,0,0,0.3333333333333333,0
2026-07-06 01:00:00,西屯測站,臺中市,臺中市,西屯測站,68.9,36.3,1,0,0,0.3333333333333333,0
2026-07-06 02:00:00,西屯測站,臺中市,臺中市,西屯測站,66.6,40.7,1,0,0,0.3333333333333333,0
2026-07-06 03:00:00,西屯測站,臺中市,臺中市,西屯測站,65.3,28.6,0,1,0,0.3333333333333333,0
2026-07-06 04:00:00,西屯測站,臺中市,臺中市,西屯測站,69.0,44.7,1,1,0,0.6666666666666666,1
2026-07-06 05:00:00,西屯測站,臺中市,臺中市,西屯測站,69.5,42.5,1,0,0,0.3333333333333333,0
2026-07-06 06:00:00,西屯測站,臺中市,臺中市,西屯測站,75.4,38.6,1,0,0,0.3333333333333333,0
2026-07-06 07:00:00,西屯測站,臺中市,臺中市,西屯測站,79.8,47.0,1,0,0,0.3333333333333333,0
2026-07-06 08:00:00,西屯測站,臺中市,臺中市,西屯測站,79.1,41.2,1,0,0,0.3333333333333333,0
2026-07-06 09:00:00,西屯測站,臺中市,臺中市,西屯測站,79.5,47.3,1,0,0,0.3333333333333333,0
2026-07-06 10:00:00,西屯測站,臺中市,臺中市,西屯測站,85.9,41.2,1,0,0,0.3333333333333333,0
2026-07-06 11:00:00,西屯測站,臺中市,臺中市,西屯測站,72.5,34.8,0,0,0,0.0,0
2026-07-06 12:00:00,西屯測站,臺中市,臺中市,西屯測站,75.7,47.7,1,1,0,0.6666666666666666,1
2026-07-06 13:00:00,西屯測站,臺中市,臺中市,西屯測站,85.1,44.8,1,0,0,0.3333333333333333,0
2026-07-06 14:00:00,西屯測站,臺中市,臺中市,西屯測站,77.1,42.7,1,0,0,0.3333333333333333,0
2026-07-06 15:00:00,西屯測站,臺中市,臺中市,西屯測站,74.3,48.1,1,0,0,0.3333333333333333,0
2026-07-06 16:00:00,西屯測站,臺中市,臺中市,西屯測站,80.2,44.8,1,0,0,0.3333333333333333,0
2026-07-06 17:00:00,西屯測站,臺中市,臺中市,西屯測站,82.6,47.1,1,0,0,0.3333333333333333,0
2026-07-06 18:00:00,西屯測站,臺中市,臺中市,西屯測站,82.5,36.9,1,0,0,0.3333333333333333,0
2026-07-06 19:00:00,西屯測站,臺中市,臺中市,西屯測站,83.0,43.8,1,0,0,0.3333333333333333,0
2026-07-06 20:00:00,西屯測站,臺中市,臺中市,西屯測站,75.8,44.8,1,0,0,0.3333333333333333,0
2026-07-06 21:00:00,西屯測站,臺中市,臺中市,西屯測站,85.7,45.2,1,0,0,0.3333333333333333,0
2026-07-06 22:00:00,西屯測站,臺中市,臺中市,西屯測站,79.3,39.8,1,0,0,0.3333333333333333,0
2026-07-06 23:00:00,西屯測站,臺中市,臺中市,西屯測站,81.2,42.8,1,0,0,0.3333333333333333,0
2026-07-07 00:00:00,西屯測站,臺中市,臺中市,西屯測站,77.8,39.9,1,0,0,0.3333333333333333,0
2026-07-07 01:00:00,西屯測站,臺中市,臺中市,西屯測站,70.8,42.8,1,0,0,0.3333333333333333,0
2026-07-07 02:00:00,西屯測站,臺中市,臺中市,西屯測站,82.4,44.0,1,0,0,0.3333333333333333,0
2026-07-07 03:00:00,西屯測站,臺中市,臺中市,西屯測站,81.4,42.9,1,0,0,0.3333333333333333,0
2026-07-07 04:00:00,西屯測站,臺中市,臺中市,西屯測站,75.6,47.3,1,0,0,0.3333333333333333,0
2026-07-07 05:00:00,西屯測站,臺中市,臺中市,西屯測站,84.6,48.3,1,0,0,0.3333333333333333,0
2026-07-07 06:00:00,西屯測站,臺中市,臺中市,西屯測站,90.0,47.4,1,0,0,0.3333333333333333,0
2026-07-07 07:00:00,西屯測站,臺中市,臺中市,西屯測站,78.1,42.0,1,0,0,0.3333333333333333,0
2026-07-07 08:00:00,西屯測站,臺中市,臺中市,西屯測站,85.9,42.1,1,0,0,0.3333333333333333,0
2026-07-07 09:00:00,西屯測站,臺中市,臺中市,西屯測站,87.7,43.2,1,0,0,0.3333333333333333,0
2026-07-07 10:00:00,西屯測站,臺中市,臺中市,西屯測站,71.7,43.0,1,0,0,0.3333333333333333,0
2026-07-07 11:00:00,西屯測站,臺中市,臺中市,西屯測站,72.4,41.7,1,0,0,0.3333333333333333,0
2026-07-07 12:00:00,西屯測站,臺中市,臺中市,西屯測站,71.7,33.2,0,0,0,0.0,0
2026-07-07 13:00:00,西屯測站,臺中市,臺中市,西屯測站,82.1,39.1,1,0,0,0.3333333333333333,0
2026-07-07 14:00:00,西屯測站,臺中市,臺中市,西屯測站,81.1,43.2,1,0,0,0.3333333333333333,0
2026-07-07 15:00:00,西屯測站,臺中市,臺中市,西屯測站,84.3,41.4,1,0,0,0.3333333333333333,0
2026-07-07 16:00:00,西屯測站,臺中市,臺中市,西屯測站,78.3,41.0,1,0,0,0.3333333333333333,0
2026-07-07 17:00:00,西屯測站,臺中市,臺中市,西屯測站,87.4,43.8,1,0,0,0.3333333333333333,0
2026-07-07 18:00:00,西屯測站,臺中市,臺中市,西屯測站,88.1,42.8,1,0,0,0.3333333333333333,0
2026-07-07 19:00:00,西屯測站,臺中市,臺中市,西屯測站,82.5,45.1,1,0,0,0.3333333333333333,0
2026-07-07 20:00:00,西屯測站,臺中市,臺中市,西屯測站,84.2,41.1,1,0,0,0.3333333333333333,0
2026-07-07 21:00:00,西屯測站,臺中市,臺中市,西屯測站,76.1,42.7,1,0,0,0.3333333333333333,0
2026-07-07 22:00:00,西屯測站,臺中市,臺中市,西屯測站,78.3,40.6,1,0,0,0.3333333333333333,0
2026-07-07 23:00:00,西屯測站,臺中市,臺中市,西屯測站,74.7,36.4,1,0,0,0.3333333333333333,0
2026-07-08 00:00:00,西屯測站,臺中市,臺中市,西屯測站,73.9,43.5,1,0,0,0.3333333333333333,0
2026-07-08 01:00:00,西屯測站,臺中市,臺中市,西屯測站,56.9,33.9,0,0,0,0.0,0
2026-07-08 02:00:00,西屯測站,臺中市,臺中市,西屯測站,70.3,47.4,1,1,0,0.6666666666666666,1
2026-07-08 03:00:00,西屯測站,臺中市,臺中市,西屯測站,72.0,41.2,1,0,0,0.3333333333333333,0
2026-07-08 04:00:00,西屯測站,臺中市,臺中市,西屯測站,79.6,42.9,1,0,0,0.3333333333333333,0
2026-07-08 05:00:00,西屯測站,臺中市,臺中市,西屯測站,75.7,43.3,1,0,0,0.3333333333333333,0
2026-07-08 06:00:00,西屯測站,臺中市,臺中市,西屯測站,81.8,43.3,1,0,0,0.3333333333333333,0
2026-07-08 07:00:00,西屯測站,臺中市,臺中市,西屯測站,78.8,47.1,1,0,0,0.3333333333333333,0
2026-07-08 08:00:00,西屯測站,臺中市,臺中市,西屯測站,77.8,43.8,1,0,0,0.3333333333333333,0
2026-07-08 09:00:00,西屯測站,臺中市,臺中市,西屯測站,80.8,42.3,1,0,0,0.3333333333333333,0
2026-07-08 10:00:00,西屯測站,臺中市,臺中市,西屯測站,82.5,44.0,1,0,0,0.3333333333333333,0
2026-07-08 11:00:00,西屯測站,臺中市,臺中市,西屯測站,70.8,35.4,1,0,0,0.3333333333333333,0
2026-07-08 12:00:00,西屯測站,臺中市,臺中市,西屯測站,73.4,43.6,1,0,0,0.3333333333333333,0
2026-07-08 13:00:00,西屯測站,臺中市,臺中市,西屯測站,70.9,43.6,1,0,0,0.3333333333333333,0
2026-07-08 14:00:00,西屯測站,臺中市,臺中市,西屯測站,73.6,44.9,1,0,0,0.3333333333333333,0
2026-07-08 15:00:00,西屯測站,臺中市,臺中市,西屯測站,79.5,43.8,1,0,0,0.3333333333333333,0
2026-07-08 16:00:00,西屯測站,臺中市,臺中市,西屯測站,80.1,49.3,1,0,0,0.3333333333333333,0
2026-07-08 17:00:00,西屯測站,臺中市,臺中市,西屯測站,75.9,39.7,1,0,0,0.3333333333333333,0
2026-07-08 18:00:00,西屯測站,臺中市,臺中市,西屯測站,80.2,47.2,1,0,0,0.3333333333333333,0
2026-07-08 19:00:00,西屯測站,臺中市,臺中市,西屯測站,77.8,43.0,1,0,0,0.3333333333333333,0
2026-07-08 20:00:00,西屯測站,臺中市,臺中市,西屯測站,69.0,39.1,1,0,0,0.3333333333333333,0
2026-07-08 21:00:00,西屯測站,臺中市,臺中市,西屯測站,66.0,43.2,1,0,0,0.3333333333333333,0
2026-07-08 22:00:00,西屯測站,臺中市,臺中市,西屯測站,65.8,44.9,1,0,0,0.3333333333333333,0
2026-07-08 23:00:00,西屯測站,臺中市,臺中市,西屯測站,65.1,42.9,1,0,0,0.3333333333333333,0
2026-07-09 00:00:00,西屯測站,臺中市,臺中市,西屯測站,59.8,37.0,1,0,0,0.3333333333333333,0
2026-07-09 01:00:00,西屯測站,臺中市,臺中市,西屯測站,64.7,38.1,1,0,0,0.3333333333333333,0
2026-07-09 02:00:00,西屯測站,臺中市,臺中市,西屯測站,67.0,39.5,1,0,0,0.3333333333333333,0
2026-07-09 03:00:00,西屯測站,臺中市,臺中市,西屯測站,61.8,37.3,1,0,0,0.3333333333333333,0
2026-07-09 04:00:00,西屯測站,臺中市,臺中市,西屯測站,72.1,48.0,1,0,0,0.3333333333333333,0
2026-07-09 05:00:00,西屯測站,臺中市,臺中市,西屯測站,74.2,39.2,1,0,0,0.3333333333333333,0
2026-07-09 06:00:00,西屯測站,臺中市,臺中市,西屯測站,76.7,43.5,1,0,0,0.3333333333333333,0
2026-07-09 07:00:00,西屯測站,臺中市,臺中市,西屯測站,69.4,36.9,1,0,0,0.3333333333333333,0
2026-07-09 08:00:00,西屯測站,臺中市,臺中市,西屯測站,70.3,44.4,1,0,0,0.3333333333333333,0
2026-07-09 09:00:00,西屯測站,臺中市,臺中市,西屯測站,69.5,39.2,1,0,0,0.3333333333333333,0
2026-07-09 10:00:00,西屯測站,臺中市,臺中市,西屯測站,71.0,44.6,1,0,0,0.3333333333333333,0
2026-07-09 11:00:00,西屯測站,臺中市,臺中市,西屯測站,66.3,36.9,1,0,0,0.3333333333333333,0
2026-07-09 12:00:00,西屯測站,臺中市,臺中市,西屯測站,51.8,42.2,1,0,0,0.3333333333333333,0
2026-07-09 13:00:00,西屯測站,臺中市,臺中市,西屯測站,62.6,38.4,1,0,0,0.3333333333333333,0
2026-07-09 14:00:00,西屯測站,臺中市,臺中市,西屯測站,63.8,40.6,1,0,0,0.3333333333333333,0
2026-07-09 15:00:00,西屯測站,臺中市,臺中市,西屯測站,59.7,40.3,1,0,0,0.3333333333333333,0
2026-07-09 16:00:00,西屯測站,臺中市,臺中市,西屯測站,76.6,42.5,1,0,0,0.3333333333333333,0
2026-07-09 17:00:00,西屯測站,臺中市,臺中市,西屯測站,71.0,46.9,1,0,0,0.3333333333333333,0
2026-07-09 18:00:00,西屯測站,臺中市,臺中市,西屯測站,83.2,50.0,1,0,0,0.3333333333333333,0
2026-07-09 19:00:00,西屯測站,臺中市,臺中市,西屯測站,74.7,39.1,1,0,0,0.3333333333333333,0
2026-07-09 20:00:00,西屯測站,臺中市,臺中市,西屯測站,65.4,38.4,1,0,0,0.3333333333333333,0
2026-07-09 21:00:00,西屯測站,臺中市,臺中市,西屯測站,63.5,40.5,1,0,0,0.3333333333333333,0
2026-07-09 22:00:00,西屯測站,臺中市,臺中市,西屯測站,65.8,38.5,1,0,0,0.3333333333333333,0
2026-07-09 23:00:00,西屯測站,臺中市,臺中市,西屯測站,61.5,40.0,1,0,0,0.3333333333333333,0
2026-07-10 00:00:00,西屯測站,臺中市,臺中市,西屯測站,58.6,37.5,1,0,0,0.3333333333333333,0
2026-07-10 01:00:00,西屯測站,臺中市,臺中市,西屯測站,61.9,39.2,1,0,0,0.3333333333333333,0
2026-07-10 02:00:00,西屯測站,臺中市,臺中市,西屯測站,67.6,38.5,1,0,0,0.3333333333333333,0
2026-07-10 03:00:00,西屯測站,臺中市,臺中市,西屯測站,60.5,46.1,1,0,0,0.3333333333333333,0
2026-07-10 04:00:00,西屯測站,臺中市,臺中市,西屯測站,64.7,35.0,0,0,0,0.0,0
2026-07-10 05:00:00,西屯測站,臺中市,臺中市,西屯測站,69.7,44.9,1,0,0,0.3333333333333333,0
2026-07-10 06:00:00,西屯測站,臺中市,臺中市,西屯測站,81.6,41.0,1,0,0,0.3333333333333333,0
2026-07-10 07:00:00,西屯測站,臺中市,臺中市,西屯測站,67.3,41.0,1,0,0,0.3333333333333333,0
2026-07-10 08:00:00,西屯測站,臺中市,臺中市,西屯測站,83.9,46.1,1,0,0,0.3333333333333333,0
2026-07-10 09:00:00,西屯測站,臺中市,臺中市,西屯測站,70.3,43.2,1,0,0,0.3333333333333333,0
2026-07-10 10:00:00,西屯測站,臺中市,臺中市,西屯測站,67.8,37.4,1,0,0,0.3333333333333333,0
2026-07-10 11:00:00,西屯測站,臺中市,臺中市,西屯測站,72.8,41.3,1,0,0,0.3333333333333333,0
2026-07-10 12:00:00,西屯測站,臺中市,臺中市,西屯測站,61.4,41.0,1,0,0,0.3333333333333333,0
2026-07-10 13:00:00,西屯測站,臺中市,臺中市,西屯測站,60.6,40.9,1,0,0,0.3333333333333333,0
2026-07-10 14:00:00,西屯測站,臺中市,臺中市,西屯測站,63.9,42.7,1,0,0,0.3333333333333333,0
2026-07-10 15:00:00,西屯測站,臺中市,臺中市,西屯測站,68.3,46.2,1,0,0,0.3333333333333333,0
2026-07-10 16:00:00,西屯測站,臺中市,臺中市,西屯測站,79.7,46.5,1,0,0,0.3333333333333333,0
2026-07-10 17:00:00,西屯測站,臺中市,臺中市,西屯測站,85.0,44.5,1,0,0,0.3333333333333333,0
2026-07-10 18:00:00,西屯測站,臺中市,臺中市,西屯測站,69.6,35.9,1,0,0,0.3333333333333333,0
2026-07-10 19:00:00,西屯測站,臺中市,臺中市,西屯測站,86.8,46.1,1,0,0,0.3333333333333333,0
2026-07-10 20:00:00,西屯測站,臺中市,臺中市,西屯測站,75.1,38.3,1,0,0,0.3333333333333333,0
2026-07-10 21:00:00,西屯測站,臺中市,臺中市,西屯測站,74.3,43.6,1,0,0,0.3333333333333333,0
2026-07-10 22:00:00,西屯測站,臺中市,臺中市,西屯測站,67.0,40.7,1,0,0,0.3333333333333333,0
2026-07-10 23:00:00,西屯測站,臺中市,臺中市,西屯測站,65.3,41.8,1,0,0,0.3333333333333333,0
2026-07-11 00:00:00,西屯測站,臺中市,臺中市,西屯測站,74.0,43.2,1,0,0,0.3333333333333333,0
2026-07-11 01:00:00,西屯測站,臺中市,臺中市,西屯測站,56.9,39.6,1,0,0,0.3333333333333333,0
2026-07-11 02:00:00,西屯測站,臺中市,臺中市,西屯測站,62.2,34.9,0,0,0,0.0,0
2026-07-11 03:00:00,西屯測站,臺中市,臺中市,西屯測站,72.2,37.8,1,0,0,0.3333333333333333,0
2026-07-11 04:00:00,西屯測站,臺中市,臺中市,西屯測站,69.3,43.4,1,0,0,0.3333333333333333,0
2026-07-11 05:00:00,西屯測站,臺中市,臺中市,西屯測站,65.4,38.2,1,0,0,0.3333333333333333,0
2026-07-11 06:00:00,西屯測站,臺中市,臺中市,西屯測站,77.2,43.0,1,0,0,0.3333333333333333,0
2026-07-11 07:00:00,西屯測站,臺中市,臺中市,西屯測站,73.9,49.3,1,0,0,0.3333333333333333,0
2026-07-11 08:00:00,西屯測站,臺中市,臺中市,西屯測站,80.4,48.2,1,0,0,0.3333333333333333,0
2026-07-11 09:00:00,西屯測站,臺中市,臺中市,西屯測站,82.0,42.9,1,0,0,0.3333333333333333,0
2026-07-11 10:00:00,西屯測站,臺中市,臺中市,西屯測站,63.5,37.9,1,0,0,0.3333333333333333,0
2026-07-11 11:00:00,西屯測站,臺中市,臺中市,西屯測站,62.0,38.6,1,0,0,0.3333333333333333,0
2026-07-11 12:00:00,西屯測站,臺中市,臺中市,西屯測站,68.1,39.6,1,0,0,0.3333333333333333,0
2026-07-11 13:00:00,西屯測站,臺中市,臺中市,西屯測站,69.0,36.7,1,0,0,0.3333333333333333,0
2026-07-11 14:00:00,西屯測站,臺中市,臺中市,西屯測站,62.6,40.1,1,0,0,0.3333333333333333,0
2026-07-11 15:00:00,西屯測站,臺中市,臺中市,西屯測站,71.1,40.1,1,0,0,0.3333333333333333,0
2026-07-11 16:00:00,西屯測站,臺中市,臺中市,西屯測站,78.1,40.1,1,0,0,0.3333333333333333,0
2026-07-11 17:00:00,西屯測站,臺中市,臺中市,西屯測站,79.1,46.5,1,0,0,0.3333333333333333,0
2026-07-11 18:00:00,西屯測站,臺中市,臺中市,西屯測站,74.7,37.5,1,0,0,0.3333333333333333,0
2026-07-11 19:00:00,西屯測站,臺中市,臺中市,西屯測站,86.1,47.7,1,0,0,0.3333333333333333,0
2026-07-11 20:00:00,西屯測站,臺中市,臺中市,西屯測站,72.2,41.3,1,0,0,0.3333333333333333,0
2026-07-11 21:00:00,西屯測站,臺中市,臺中市,西屯測站,74.3,39.0,1,0,0,0.3333333333333333,0
2026-07-11 22:00:00,西屯測站,臺中市,臺中市,西屯測站,68.0,37.2,1,0,0,0.3333333333333333,0
2026-07-11 23:00:00,西屯測站,臺中市,臺中市,西屯測站,67.0,40.6,1,0,0,0.3333333333333333,0
2026-07-12 00:00:00,西屯測站,臺中市,臺中市,西屯測站,67.5,38.0,1,0,0,0.3333333333333333,0
2026-07-12 01:00:00,西屯測站,臺中市,臺中市,西屯測站,58.9,36.1,1,0,0,0.3333333333333333,0
2026-07-12 02:00:00,西屯測站,臺中市,臺中市,西屯測站,63.2,37.5,1,0,0,0.3333333333333333,0
2026-07-12 03:00:00,西屯測站,臺中市,臺中市,西屯測站,68.2,40.7,1,0,0,0.3333333333333333,0
2026-07-12 04:00:00,西屯測站,臺中市,臺中市,西屯測站,60.7,45.1,1,0,0,0.3333333333333333,0
2026-07-12 05:00:00,西屯測站,臺中市,臺中市,西屯測站,74.7,40.0,1,0,0,0.3333333333333333,0
2026-07-12 06:00:00,西屯測站,臺中市,臺中市,西屯測站,72.2,40.3,1,0,0,0.3333333333333333,0
2026-07-12 07:00:00,西屯測站,臺中市,臺中市,西屯測站,76.7,43.9,1,0,0,0.3333333333333333,0
2026-07-12 08:00:00,西屯測站,臺中市,臺中市,西屯測站,72.3,44.7,1,0,0,0.3333333333333333,0
2026-07-12 09:00:00,西屯測站,臺中市,臺中市,西屯測站,76.5,39.1,1,0,0,0.3333333333333333,0
2026-07-12 10:00:00,西屯測站,臺中市,臺中市,西屯測站,76.6,43.5,1,0,0,0.3333333333333333,0
2026-07-12 11:00:00,西屯測站,臺中市,臺中市,西屯測站,81.4,39.9,1,0,0,0.3333333333333333,0
2026-07-12 12:00:00,西屯測站,臺中市,臺中市,西屯測站,77.3,46.9,1,0,0,0.3333333333333333,0
2026-07-12 13:00:00,西屯測站,臺中市,臺中市,西屯測站,76.5,40.1,1,0,0,0.3333333333333333,0
2026-07-12 14:00:00,西屯測站,臺中市,臺中市,西屯測站,69.1,38.1,1,0,0,0.3333333333333333,0
2026-07-12 15:00:00,西屯測站,臺中市,臺中市,西屯測站,73.6,40.7,1,0,0,0.3333333333333333,0
2026-07-12 16:00:00,西屯測站,臺中市,臺中市,西屯測站,69.4,37.9,1,0,0,0.3333333333333333,0
2026-07-12 17:00:00,西屯測站,臺中市,臺中市,西屯測站,72.5,40.4,1,0,0,0.3333333333333333,0
2026-07-12 18:00:00,西屯測站,臺中市,臺中市,西屯測站,70.1,40.2,1,0,0,0.3333333333333333,0
2026-07-12 19:00:00,西屯測站,臺中市,臺中市,西屯測站,68.6,39.2,1,0,0,0.3333333333333333,0
2026-07-12 20:00:00,西屯測站,臺中市,臺中市,西屯測站,79.8,43.0,1,0,0,0.3333333333333333,0
2026-07-12 21:00:00,西屯測站,臺中市,臺中市,西屯測站,64.1,37.0,1,0,0,0.3333333333333333,0
2026-07-12 22:00:00,西屯測站,臺中市,臺中市,西屯測站,80.0,45.0,1,0,0,0.3333333333333333,0
2026-07-12 23:00:00,西屯測站,臺中市,臺中市,西屯測站,57.6,37.7,1,1,0,0.6666666666666666,1
2026-07-13 00:00:00,西屯測站,臺中市,臺中市,西屯測站,80.3,43.0,1,1,0,0.6666666666666666,1
2026-07-13 01:00:00,西屯測站,臺中市,臺中市,西屯測站,74.2,41.7,1,0,0,0.3333333333333333,0
2026-07-13 02:00:00,西屯測站,臺中市,臺中市,西屯測站,73.6,44.0,1,0,0,0.3333333333333333,0
2026-07-13 03:00:00,西屯測站,臺中市,臺中市,西屯測站,72.6,43.4,1,0,0,0.3333333333333333,0
2026-07-13 04:00:00,西屯測站,臺中市,臺中市,西屯測站,77.7,43.7,1,0,0,0.3333333333333333,0
2026-07-13 05:00:00,西屯測站,臺中市,臺中市,西屯測站,72.8,42.2,1,0,0,0.3333333333333333,0
2026-07-13 06:00:00,西屯測站,臺中市,臺中市,西屯測站,79.7,43.2,1,0,0,0.3333333333333333,0
2026-07-13 07:00:00,西屯測站,臺中市,臺中市,西屯測站,76.0,44.0,1,0,0,0.3333333333333333,0
2026-07-13 08:00:00,西屯測站,臺中市,臺中市,西屯測站,80.2,40.7,1,0,0,0.3333333333333333,0
2026-07-13 09:00:00,西屯測站,臺中市,臺中市,西屯測站,83.1,43.6,1,0,0,0.3333333333333333,0
2026-07-13 10:00:00,西屯測站,臺中市,臺中市,西屯測站,72.7,38.2,1,0,0,0.3333333333333333,0
2026-07-13 11:00:00,西屯測站,臺中市,臺中市,西屯測站,70.8,39.0,1,0,0,0.3333333333333333,0
2026-07-13 12:00:00,西屯測站,臺中市,臺中市,西屯測站,71.5,39.9,1,0,0,0.3333333333333333,0
2026-07-13 13:00:00,西屯測站,臺中市,臺中市,西屯測站,70.8,43.3,1,0,0,0.3333333333333333,0
2026-07-13 14:00:00,西屯測站,臺中市,臺中市,西屯測站,67.7,43.1,1,0,0,0.3333333333333333,0
2026-07-13 15:00:00,西屯測站,臺中市,臺中市,西屯測站,64.4,41.3,1,0,0,0.3333333333333333,0
2026-07-13 16:00:00,西屯測站,臺中市,臺中市,西屯測站,71.5,45.1,1,0,0,0.3333333333333333,0
2026-07-13 17:00:00,西屯測站,臺中市,臺中市,西屯測站,72.8,34.7,0,1,0,0.3333333333333333,0
2026-07-13 18:00:00,西屯測站,臺中市,臺中市,西屯測站,82.6,41.9,1,0,0,0.3333333333333333,0
2026-07-13 19:00:00,西屯測站,臺中市,臺中市,西屯測站,80.8,43.9,1,0,0,0.3333333333333333,0
2026-07-13 20:00:00,西屯測站,臺中市,臺中市,西屯測站,72.4,43.7,1,0,0,0.3333333333333333,0
2026-07-13 21:00:00,西屯測站,臺中市,臺中市,西屯測站,68.7,43.0,1,0,0,0.3333333333333333,0
2026-07-13 22:00:00,西屯測站,臺中市,臺中市,西屯測站,69.6,40.5,1,0,0,0.3333333333333333,0
2026-07-13 23:00:00,西屯測站,臺中市,臺中市,西屯測站,61.4,39.4,1,0,0,0.3333333333333333,0
2026-07-14 00:00:00,西屯測站,臺中市,臺中市,西屯測站,71.0,40.8,1,0,0,0.3333333333333333,0
2026-07-14 01:00:00,西屯測站,臺中市,臺中市,西屯測站,74.8,36.9,1,0,0,0.3333333333333333,0
2026-07-14 02:00:00,西屯測站,臺中市,臺中市,西屯測站,60.4,39.1,1,0,0,0.3333333333333333,0
2026-07-14 03:00:00,西屯測站,臺中市,臺中市,西屯測站,64.9,39.9,1,0,0,0.3333333333333333,0
2026-07-14 04:00:00,西屯測站,臺中市,臺中市,西屯測站,61.3,38.0,1,0,0,0.3333333333333333,0
2026-07-14 05:00:00,西屯測站,臺中市,臺中市,西屯測站,69.5,45.6,1,0,0,0.3333333333333333,0
2026-07-14 06:00:00,西屯測站,臺中市,臺中市,西屯測站,73.9,34.1,0,0,0,0.0,0
2026-07-14 07:00:00,西屯測站,臺中市,臺中市,西屯測站,77.3,42.2,1,0,0,0.3333333333333333,0
2026-07-14 08:00:00,西屯測站,臺中市,臺中市,西屯測站,70.4,42.9,1,0,0,0.3333333333333333,0
2026-07-14 09:00:00,西屯測站,臺中市,臺中市,西屯測站,74.3,46.9,1,0,0,0.3333333333333333,0
2026-07-14 10:00:00,西屯測站,臺中市,臺中市,西屯測站,73.3,39.3,1,0,0,0.3333333333333333,0
2026-07-14 11:00:00,西屯測站,臺中市,臺中市,西屯測站,63.6,38.6,1,0,0,0.3333333333333333,0
2026-07-14 12:00:00,西屯測站,臺中市,臺中市,西屯測站,64.7,38.1,1,0,0,0.3333333333333333,0
2026-07-14 13:00:00,西屯測站,臺中市,臺中市,西屯測站,67.5,40.6,1,0,0,0.3333333333333333,0
2026-07-14 14:00:00,西屯測站,臺中市,臺中市,西屯測站,66.4,38.2,1,0,0,0.3333333333333333,0
2026-07-14 15:00:00,西屯測站,臺中市,臺中市,西屯測站,62.7,41.0,1,0,0,0.3333333333333333,0
2026-07-14 16:00:00,西屯測站,臺中市,臺中市,西屯測站,60.9,38.2,1,0,0,0.3333333333333333,0
2026-07-14 17:00:00,西屯測站,臺中市,臺中市,西屯測站,75.3,44.2,1,0,0,0.3333333333333333,0
2026-07-14 18:00:00,西屯測站,臺中市,臺中市,西屯測站,73.3,41.4,1,0,0,0.3333333333333333,0
2026-07-14 19:00:00,西屯測站,臺中市,臺中市,西屯測站,71.9,43.7,1,0,0,0.3333333333333333,0
2026-07-14 20:00:00,西屯測站,臺中市,臺中市,西屯測站,78.1,49.6,1,0,0,0.3333333333333333,0
2026-07-14 21:00:00,西屯測站,臺中市,臺中市,西屯測站,62.1,35.7,1,1,0,0.6666666666666666,1
2026-07-14 22:00:00,西屯測站,臺中市,臺中市,西屯測站,52.8,33.6,0,0,0,0.0,0
2026-07-14 23:00:00,西屯測站,臺中市,臺中市,西屯測站,65.9,39.2,1,0,0,0.3333333333333333,0
2026-07-15 00:00:00,西屯測站,臺中市,臺中市,西屯測站,63.8,40.8,1,0,0,0.3333333333333333,0
2026-07-15 01:00:00,西屯測站,臺中市,臺中市,西屯測站,65.0,40.8,1,0,0,0.3333333333333333,0
2026-07-15 02:00:00,西屯測站,臺中市,臺中市,西屯測站,63.7,34.0,0,0,0,0.0,0
2026-07-15 03:00:00,西屯測站,臺中市,臺中市,西屯測站,65.2,37.3,1,0,0,0.3333333333333333,0
2026-07-15 04:00:00,西屯測站,臺中市,臺中市,西屯測站,63.8,42.7,1,0,0,0.3333333333333333,0
2026-07-15 05:00:00,西屯測站,臺中市,臺中市,西屯測站,74.4,42.7,1,0,0,0.3333333333333333,0
2026-07-15 06:00:00,西屯測站,臺中市,臺中市,西屯測站,63.1,33.8,0,0,0,0.0,0
2026-07-15 07:00:00,西屯測站,臺中市,臺中市,西屯測站,74.8,36.4,1,0,0,0.3333333333333333,0
2026-07-15 08:00:00,西屯測站,臺中市,臺中市,西屯測站,75.2,38.1,1,0,0,0.3333333333333333,0
2026-07-15 09:00:00,西屯測站,臺中市,臺中市,西屯測站,72.6,46.1,1,0,0,0.3333333333333333,0
2026-07-15 10:00:00,西屯測站,臺中市,臺中市,西屯測站,62.8,37.0,1,0,0,0.3333333333333333,0
2026-07-15 11:00:00,西屯測站,臺中市,臺中市,西屯測站,68.5,39.3,1,0,0,0.3333333333333333,0
2026-07-15 12:00:00,西屯測站,臺中市,臺中市,西屯測站,69.7,40.1,1,0,0,0.3333333333333333,0
2026-07-15 13:00:00,西屯測站,臺中市,臺中市,西屯測站,70.7,38.9,1,0,0,0.3333333333333333,0
2026-07-15 14:00:00,西屯測站,臺中市,臺中市,西屯測站,58.9,43.0,1,0,0,0.3333333333333333,0
2026-07-15 15:00:00,西屯測站,臺中市,臺中市,西屯測站,62.8,33.8,0,0,0,0.0,0
2026-07-15 16:00:00,西屯測站,臺中市,臺中市,西屯測站,73.6,41.1,1,0,0,0.3333333333333333,0
2026-07-15 17:00:00,西屯測站,臺中市,臺中市,西屯測站,75.1,46.5,1,0,0,0.3333333333333333,0
2026-07-15 18:00:00,西屯測站,臺中市,臺中市,西屯測站,76.6,38.6,1,0,0,0.3333333333333333,0
2026-07-15 19:00:00,西屯測站,臺中市,臺中市,西屯測站,80.7,43.3,1,0,0,0.3333333333333333,0
2026-07-15 20:00:00,西屯測站,臺中市,臺中市,西屯測站,69.1,38.4,1,0,0,0.3333333333333333,0
2026-07-15 21:00:00,西屯測站,臺中市,臺中市,西屯測站,73.9,42.2,1,0,0,0.3333333333333333,0
2026-07-15 22:00:00,西屯測站,臺中市,臺中市,西屯測站,72.8,46.6,1,0,0,0.3333333333333333,0
2026-07-15 23:00:00,西屯測站,臺中市,臺中市,西屯測站,76.8,39.0,1,0,0,0.3333333333333333,0
2026-07-16 00:00:00,西屯測站,臺中市,臺中市,西屯測站,76.9,42.5,1,0,0,0.3333333333333333,0
2026-07-16 01:00:00,西屯測站,臺中市,臺中市,西屯測站,72.9,35.2,1,0,0,0.3333333333333333,0
2026-07-16 02:00:00,西屯測站,臺中市,臺中市,西屯測站,63.8,42.0,1,0,0,0.3333333333333333,0
2026-07-16 03:00:00,西屯測站,臺中市,臺中市,西屯測站,77.0,36.9,1,0,0,0.3333333333333333,0
2026-07-16 04:00:00,西屯測站,臺中市,臺中市,西屯測站,74.9,43.8,1,0,0,0.3333333333333333,0
2026-07-16 05:00:00,西屯測站,臺中市,臺中市,西屯測站,74.9,38.8,1,0,0,0.3333333333333333,0
2026-07-16 06:00:00,西屯測站,臺中市,臺中市,西屯測站,80.2,41.1,1,0,0,0.3333333333333333,0
2026-07-16 07:00:00,西屯測站,臺中市,臺中市,西屯測站,76.3,41.2,1,0,0,0.3333333333333333,0
2026-07-16 08:00:00,西屯測站,臺中市,臺中市,西屯測站,76.9,40.5,1,0,0,0.3333333333333333,0
2026-07-16 09:00:00,西屯測站,臺中市,臺中市,西屯測站,80.6,50.6,1,0,0,0.3333333333333333,0
2026-07-16 10:00:00,西屯測站,臺中市,臺中市,西屯測站,65.0,43.5,1,0,0,0.3333333333333333,0
2026-07-16 11:00:00,西屯測站,臺中市,臺中市,西屯測站,70.7,38.4,1,0,0,0.3333333333333333,0
2026-07-16 12:00:00,西屯測站,臺中市,臺中市,西屯測站,77.4,45.8,1,0,0,0.3333333333333333,0
2026-07-16 13:00:00,西屯測站,臺中市,臺中市,西屯測站,82.7,41.1,1,0,0,0.3333333333333333,0
2026-07-16 14:00:00,西屯測站,臺中市,臺中市,西屯測站,78.5,45.0,1,0,0,0.3333333333333333,0
2026-07-16 15:00:00,西屯測站,臺中市,臺中市,西屯測站,79.7,43.0,1,0,0,0.3333333333333333,0
2026-07-16 16:00:00,西屯測站,臺中市,臺中市,西屯測站,78.0,41.3,1,0,0,0.3333333333333333,0
2026-07-16 17:00:00,西屯測站,臺中市,臺中市,西屯測站,84.4,45.7,1,0,0,0.3333333333333333,0
2026-07-16 18:00:00,西屯測站,臺中市,臺中市,西屯測站,75.5,41.6,1,0,0,0.3333333333333333,0
2026-07-16 19:00:00,西屯測站,臺中市,臺中市,西屯測站,82.5,48.1,1,0,0,0.3333333333333333,0
2026-07-16 20:00:00,西屯測站,臺中市,臺中市,西屯測站,77.4,40.5,1,0,0,0.3333333333333333,0
2026-07-16 21:00:00,西屯測站,臺中市,臺中市,西屯測站,78.1,43.5,1,0,0,0.3333333333333333,0
2026-07-16 22:00:00,西屯測站,臺中市,臺中市,西屯測站,75.2,46.6,1,0,0,0.3333333333333333,0
2026-07-16 23:00:00,西屯測站,臺中市,臺中市,西屯測站,78.2,43.9,1,0,0,0.3333333333333333,0
2026-07-17 00:00:00,西屯測站,臺中市,臺中市,西屯測站,73.1,44.4,1,0,0,0.3333333333333333,0
2026-07-17 01:00:00,西屯測站,臺中市,臺中市,西屯測站,75.4,43.6,1,0,0,0.3333333333333333,0
2026-07-17 02:00:00,西屯測站,臺中市,臺中市,西屯測站,72.7,42.7,1,0,0,0.3333333333333333,0
2026-07-17 03:00:00,西屯測站,臺中市,臺中市,西屯測站,64.5,37.1,1,0,0,0.3333333333333333,0
2026-07-17 04:00:00,西屯測站,臺中市,臺中市,西屯測站,64.5,41.9,1,0,0,0.3333333333333333,0
2026-07-17 05:00:00,西屯測站,臺中市,臺中市,西屯測站,80.4,44.2,1,0,0,0.3333333333333333,0
2026-07-17 06:00:00,西屯測站,臺中市,臺中市,西屯測站,79.8,39.9,1,0,0,0.3333333333333333,0
2026-07-17 07:00:00,西屯測站,臺中市,臺中市,西屯測站,93.8,48.7,1,0,1,0.6666666666666666,1
2026-07-17 08:00:00,西屯測站,臺中市,臺中市,西屯測站,93.4,50.0,1,0,0,0.3333333333333333,0
2026-07-17 09:00:00,西屯測站,臺中市,臺中市,西屯測站,85.4,46.1,1,0,0,0.3333333333333333,0
2026-07-17 10:00:00,西屯測站,臺中市,臺中市,西屯測站,83.6,47.4,1,0,0,0.3333333333333333,0
2026-07-17 11:00:00,西屯測站,臺中市,臺中市,西屯測站,85.0,37.4,1,0,0,0.3333333333333333,0
2026-07-17 12:00:00,西屯測站,臺中市,臺中市,西屯測站,84.4,45.4,1,0,0,0.3333333333333333,0
2026-07-17 13:00:00,西屯測站,臺中市,臺中市,西屯測站,73.9,44.9,1,0,0,0.3333333333333333,0
2026-07-17 14:00:00,西屯測站,臺中市,臺中市,西屯測站,68.5,41.1,1,0,0,0.3333333333333333,0
2026-07-17 15:00:00,西屯測站,臺中市,臺中市,西屯測站,75.8,38.8,1,0,0,0.3333333333333333,0
2026-07-17 16:00:00,西屯測站,臺中市,臺中市,西屯測站,75.0,42.0,1,0,0,0.3333333333333333,0
2026-07-17 17:00:00,西屯測站,臺中市,臺中市,西屯測站,84.7,44.9,1,0,0,0.3333333333333333,0
2026-07-17 18:00:00,西屯測站,臺中市,臺中市,西屯測站,85.7,45.3,1,0,0,0.3333333333333333,0
2026-07-17 19:00:00,西屯測站,臺中市,臺中市,西屯測站,81.7,41.8,1,0,0,0.3333333333333333,0
2026-07-17 20:00:00,西屯測站,臺中市,臺中市,西屯測站,86.9,46.3,1,0,0,0.3333333333333333,0
2026-07-17 21:00:00,西屯測站,臺中市,臺中市,西屯測站,78.8,44.0,1,0,0,0.3333333333333333,0
2026-07-17 22:00:00,西屯測站,臺中市,臺中市,西屯測站,76.6,40.1,1,0,0,0.3333333333333333,0
2026-07-17 23:00:00,西屯測站,臺中市,臺中市,西屯測站,63.5,40.1,1,0,0,0.3333333333333333,0
2026-07-18 00:00:00,西屯測站,臺中市,臺中市,西屯測站,63.2,39.4,1,0,0,0.3333333333333333,0
2026-07-18 01:00:00,西屯測站,臺中市,臺中市,西屯測站,62.1,37.7,1,0,0,0.3333333333333333,0
2026-07-18 02:00:00,西屯測站,臺中市,臺中市,西屯測站,67.3,36.0,1,0,0,0.3333333333333333,0
2026-07-18 03:00:00,西屯測站,臺中市,臺中市,西屯測站,57.7,42.1,1,0,0,0.3333333333333333,0
2026-07-18 04:00:00,西屯測站,臺中市,臺中市,西屯測站,80.1,42.9,1,1,0,0.6666666666666666,1
2026-07-18 05:00:00,西屯測站,臺中市,臺中市,西屯測站,72.6,38.2,1,0,0,0.3333333333333333,0
2026-07-18 06:00:00,西屯測站,臺中市,臺中市,西屯測站,77.9,44.8,1,0,0,0.3333333333333333,0
2026-07-18 07:00:00,西屯測站,臺中市,臺中市,西屯測站,79.5,41.9,1,0,0,0.3333333333333333,0
2026-07-18 08:00:00,西屯測站,臺中市,臺中市,西屯測站,71.6,41.7,1,0,0,0.3333333333333333,0
2026-07-18 09:00:00,西屯測站,臺中市,臺中市,西屯測站,74.1,43.5,1,0,0,0.3333333333333333,0
2026-07-18 10:00:00,西屯測站,臺中市,臺中市,西屯測站,72.0,44.4,1,0,0,0.3333333333333333,0
2026-07-18 11:00:00,西屯測站,臺中市,臺中市,西屯測站,53.2,34.3,0,0,0,0.0,0
2026-07-18 12:00:00,西屯測站,臺中市,臺中市,西屯測站,65.8,40.3,1,0,0,0.3333333333333333,0
2026-07-18 13:00:00,西屯測站,臺中市,臺中市,西屯測站,67.6,41.0,1,0,0,0.3333333333333333,0
2026-07-18 14:00:00,西屯測站,臺中市,臺中市,西屯測站,69.9,37.9,1,0,0,0.3333333333333333,0
2026-07-18 15:00:00,西屯測站,臺中市,臺中市,西屯測站,69.7,35.4,1,0,0,0.3333333333333333,0
2026-07-18 16:00:00,西屯測站,臺中市,臺中市,西屯測站,63.9,42.3,1,0,0,0.3333333333333333,0
2026-07-18 17:00:00,西屯測站,臺中市,臺中市,西屯測站,66.0,45.7,1,0,0,0.3333333333333333,0
2026-07-18 18:00:00,西屯測站,臺中市,臺中市,西屯測站,78.0,45.5,1,0,0,0.3333333333333333,0
2026-07-18 19:00:00,西屯測站,臺中市,臺中市,西屯測站,60.9,40.9,1,0,0,0.3333333333333333,0
2026-07-18 20:00:00,西屯測站,臺中市,臺中市,西屯測站,71.5,43.0,1,0,0,0.3333333333333333,0
2026-07-18 21:00:00,西屯測站,臺中市,臺中市,西屯測站,69.9,44.6,1,0,0,0.3333333333333333,0
2026-07-18 22:00:00,西屯測站,臺中市,臺中市,西屯測站,65.3,43.7,1,0,0,0.3333333333333333,0
2026-07-18 23:00:00,西屯測站,臺中市,臺中市,西屯測站,66.1,41.9,1,0,0,0.3333333333333333,0
2026-07-19 00:00:00,西屯測站,臺中市,臺中市,西屯測站,69.1,42.0,1,0,0,0.3333333333333333,0
2026-07-19 01:00:00,西屯測站,臺中市,臺中市,西屯測站,58.1,36.1,1,0,0,0.3333333333333333,0
2026-07-19 02:00:00,西屯測站,臺中市,臺中市,西屯測站,56.1,34.1,0,0,0,0.0,0
2026-07-19 03:00:00,西屯測站,臺中市,臺中市,西屯測站,50.5,37.3,1,0,0,0.3333333333333333,0
2026-07-19 04:00:00,西屯測站,臺中市,臺中市,西屯測站,60.9,35.5,1,0,0,0.3333333333333333,0
2026-07-19 05:00:00,西屯測站,臺中市,臺中市,西屯測站,56.3,42.0,1,0,0,0.3333333333333333,0
2026-07-19 06:00:00,西屯測站,臺中市,臺中市,西屯測站,67.7,38.8,1,0,0,0.3333333333333333,0
2026-07-19 07:00:00,西屯測站,臺中市,臺中市,西屯測站,66.7,41.6,1,0,0,0.3333333333333333,0
2026-07-19 08:00:00,西屯測站,臺中市,臺中市,西屯測站,66.2,37.5,1,0,0,0.3333333333333333,0
2026-07-19 09:00:00,西屯測站,臺中市,臺中市,西屯測站,67.8,41.1,1,0,0,0.3333333333333333,0
2026-07-19 10:00:00,西屯測站,臺中市,臺中市,西屯測站,64.5,37.4,1,0,0,0.3333333333333333,0
2026-07-19 11:00:00,西屯測站,臺中市,臺中市,西屯測站,56.8,32.5,0,0,0,0.0,0
2026-07-19 12:00:00,西屯測站,臺中市,臺中市,西屯測站,55.4,32.8,0,0,0,0.0,0
2026-07-19 13:00:00,西屯測站,臺中市,臺中市,西屯測站,56.6,36.7,1,0,0,0.3333333333333333,0
2026-07-19 14:00:00,西屯測站,臺中市,臺中市,西屯測站,59.6,41.4,1,0,0,0.3333333333333333,0
2026-07-19 15:00:00,西屯測站,臺中市,臺中市,西屯測站,58.9,37.3,1,0,0,0.3333333333333333,0
2026-07-19 16:00:00,西屯測站,臺中市,臺中市,西屯測站,64.3,42.0,1,0,0,0.3333333333333333,0
2026-07-19 17:00:00,西屯測站,臺中市,臺中市,西屯測站,63.2,37.3,1,0,0,0.3333333333333333,0
2026-07-19 18:00:00,西屯測站,臺中市,臺中市,西屯測站,70.5,41.7,1,0,0,0.3333333333333333,0
2026-07-19 19:00:00,西屯測站,臺中市,臺中市,西屯測站,73.2,44.7,1,0,0,0.3333333333333333,0
2026-07-19 20:00:00,西屯測站,臺中市,臺中市,西屯測站,50.2,36.0,1,1,0,0.6666666666666666,1
2026-07-19 21:00:00,西屯測站,臺中市,臺中市,西屯測站,64.3,38.2,1,0,0,0.3333333333333333,0
2026-07-19 22:00:00,西屯測站,臺中市,臺中市,西屯測站,53.1,32.5,0,0,0,0.0,0
2026-07-19 23:00:00,西屯測站,臺中市,臺中市,西屯測站,58.4,39.5,1,0,0,0.3333333333333333,0
2026-07-20 00:00:00,西屯測站,臺中市,臺中市,西屯測站,69.2,42.6,1,0,0,0.3333333333333333,0
2026-07-20 01:00:00,西屯測站,臺中市,臺中市,西屯測站,68.3,42.6,1,0,0,0.3333333333333333,0
2026-07-20 02:00:00,西屯測站,臺中市,臺中市,西屯測站,62.0,38.6,1,0,0,0.3333333333333333,0
2026-07-20 03:00:00,西屯測站,臺中市,臺中市,西屯測站,68.2,36.2,1,0,0,0.3333333333333333,0
2026-07-20 04:00:00,西屯測站,臺中市,臺中市,西屯測站,66.4,40.7,1,0,0,0.3333333333333333,0
2026-07-20 05:00:00,西屯測站,臺中市,臺中市,西屯測站,72.3,42.0,1,0,0,0.3333333333333333,0
2026-07-20 06:00:00,西屯測站,臺中市,臺中市,西屯測站,71.2,35.8,1,0,0,0.3333333333333333,0
2026-07-20 07:00:00,西屯測站,臺中市,臺中市,西屯測站,68.8,41.4,1,0,0,0.3333333333333333,0
2026-07-20 08:00:00,西屯測站,臺中市,臺中市,西屯測站,74.0,36.0,1,0,0,0.3333333333333333,0
2026-07-20 09:00:00,西屯測站,臺中市,臺中市,西屯測站,76.6,44.0,1,0,0,0.3333333333333333,0
2026-07-20 10:00:00,西屯測站,臺中市,臺中市,西屯測站,68.7,40.2,1,0,0,0.3333333333333333,0
2026-07-20 11:00:00,西屯測站,臺中市,臺中市,西屯測站,63.4,36.2,1,0,0,0.3333333333333333,0
2026-07-20 12:00:00,西屯測站,臺中市,臺中市,西屯測站,70.0,40.8,1,0,0,0.3333333333333333,0
2026-07-20 13:00:00,西屯測站,臺中市,臺中市,西屯測站,68.2,42.3,1,0,0,0.3333333333333333,0
2026-07-20 14:00:00,西屯測站,臺中市,臺中市,西屯測站,67.1,42.0,1,0,0,0.3333333333333333,0
2026-07-20 15:00:00,西屯測站,臺中市,臺中市,西屯測站,69.9,41.1,1,0,0,0.3333333333333333,0
2026-07-20 16:00:00,西屯測站,臺中市,臺中市,西屯測站,72.2,44.8,1,0,0,0.3333333333333333,0
2026-07-20 17:00:00,西屯測站,臺中市,臺中市,西屯測站,80.7,38.6,1,0,0,0.3333333333333333,0
2026-07-20 18:00:00,西屯測站,臺中市,臺中市,西屯測站,77.2,44.0,1,0,0,0.3333333333333333,0
2026-07-20 19:00:00,西屯測站,臺中市,臺中市,西屯測站,80.5,44.8,1,0,0,0.3333333333333333,0
2026-07-20 20:00:00,西屯測站,臺中市,臺中市,西屯測站,66.7,39.1,1,0,0,0.3333333333333333,0
2026-07-20 21:00:00,西屯測站,臺中市,臺中市,西屯測站,77.0,41.8,1,0,0,0.3333333333333333,0
2026-07-20 22:00:00,西屯測站,臺中市,臺中市,西屯測站,68.6,39.5,1,0,0,0.3333333333333333,0
2026-07-20 23:00:00,西屯測站,臺中市,臺中市,西屯測站,75.9,40.6,1,0,0,0.3333333333333333,0
2026-07-21 00:00:00,西屯測站,臺中市,臺中市,西屯測站,71.1,39.8,1,0,0,0.3333333333333333,0
2026-07-21 01:00:00,西屯測站,臺中市,臺中市,西屯測站,64.9,41.0,1,0,0,0.3333333333333333,0
2026-07-21 02:00:00,西屯測站,臺中市,臺中市,西屯測站,64.4,45.3,1,0,0,0.3333333333333333,0
2026-07-21 03:00:00,西屯測站,臺中市,臺中市,西屯測站,75.7,42.2,1,0,0,0.3333333333333333,0
2026-07-21 04:00:00,西屯測站,臺中市,臺中市,西屯測站,69.8,38.4,1,0,0,0.3333333333333333,0
2026-07-21 05:00:00,西屯測站,臺中市,臺中市,西屯測站,72.7,43.6,1,0,0,0.3333333333333333,0
2026-07-21 06:00:00,西屯測站,臺中市,臺中市,西屯測站,76.7,42.6,1,0,0,0.3333333333333333,0
2026-07-21 07:00:00,西屯測站,臺中市,臺中市,西屯測站,80.5,40.0,1,0,0,0.3333333333333333,0
2026-07-21 08:00:00,西屯測站,臺中市,臺中市,西屯測站,82.6,48.7,1,0,0,0.3333333333333333,0
2026-07-21 09:00:00,西屯測站,臺中市,臺中市,西屯測站,84.0,49.4,1,0,0,0.3333333333333333,0
2026-07-21 10:00:00,西屯測站,臺中市,臺中市,西屯測站,77.7,37.5,1,1,0,0.6666666666666666,1
2026-07-21 11:00:00,西屯測站,臺中市,臺中市,西屯測站,72.4,37.9,1,1,0,0.6666666666666666,1
2026-07-21 12:00:00,西屯測站,臺中市,臺中市,西屯測站,76.2,39.1,1,0,0,0.3333333333333333,0
2026-07-21 13:00:00,西屯測站,臺中市,臺中市,西屯測站,72.8,44.9,1,0,0,0.3333333333333333,0
2026-07-21 14:00:00,西屯測站,臺中市,臺中市,西屯測站,72.3,42.6,1,0,0,0.3333333333333333,0
2026-07-21 15:00:00,西屯測站,臺中市,臺中市,西屯測站,79.0,41.6,1,0,0,0.3333333333333333,0
2026-07-21 16:00:00,西屯測站,臺中市,臺中市,西屯測站,92.8,46.7,1,0,0,0.3333333333333333,0
2026-07-21 17:00:00,西屯測站,臺中市,臺中市,西屯測站,88.6,47.1,1,0,0,0.3333333333333333,0
2026-07-21 18:00:00,西屯測站,臺中市,臺中市,西屯測站,81.1,42.6,1,0,0,0.3333333333333333,0
2026-07-21 19:00:00,西屯測站,臺中市,臺中市,西屯測站,93.5,47.0,1,1,0,0.6666666666666666,1
2026-07-21 20:00:00,西屯測站,臺中市,臺中市,西屯測站,82.5,40.6,1,0,0,0.3333333333333333,0
2026-07-21 21:00:00,西屯測站,臺中市,臺中市,西屯測站,68.7,42.0,1,0,0,0.3333333333333333,0
2026-07-21 22:00:00,西屯測站,臺中市,臺中市,西屯測站,80.2,43.6,1,0,0,0.3333333333333333,0
2026-07-21 23:00:00,西屯測站,臺中市,臺中市,西屯測站,73.6,42.2,1,0,0,0.3333333333333333,0
2026-07-22 00:00:00,西屯測站,臺中市,臺中市,西屯測站,70.2,39.7,1,0,0,0.3333333333333333,0
2026-07-22 01:00:00,西屯測站,臺中市,臺中市,西屯測站,77.5,41.1,1,0,0,0.3333333333333333,0
2026-07-22 02:00:00,西屯測站,臺中市,臺中市,西屯測站,78.9,41.3,1,0,0,0.3333333333333333,0
2026-07-22 03:00:00,西屯測站,臺中市,臺中市,西屯測站,74.8,46.8,1,0,0,0.3333333333333333,0
2026-07-22 04:00:00,西屯測站,臺中市,臺中市,西屯測站,65.9,38.4,1,0,0,0.3333333333333333,0
2026-07-22 05:00:00,西屯測站,臺中市,臺中市,西屯測站,79.3,43.3,1,0,0,0.3333333333333333,0
2026-07-22 06:00:00,西屯測站,臺中市,臺中市,西屯測站,86.4,43.9,1,0,0,0.3333333333333333,0
2026-07-22 07:00:00,西屯測站,臺中市,臺中市,西屯測站,79.4,42.6,1,0,0,0.3333333333333333,0
2026-07-22 08:00:00,西屯測站,臺中市,臺中市,西屯測站,83.8,43.8,1,0,0,0.3333333333333333,0
2026-07-22 09:00:00,西屯測站,臺中市,臺中市,西屯測站,82.1,42.9,1,0,0,0.3333333333333333,0
2026-07-22 10:00:00,西屯測站,臺中市,臺中市,西屯測站,83.3,39.6,1,0,0,0.3333333333333333,0
2026-07-22 11:00:00,西屯測站,臺中市,臺中市,西屯測站,72.0,41.2,1,0,0,0.3333333333333333,0
2026-07-22 12:00:00,西屯測站,臺中市,臺中市,西屯測站,73.3,40.5,1,0,0,0.3333333333333333,0
2026-07-22 13:00:00,西屯測站,臺中市,臺中市,西屯測站,73.6,44.3,1,0,0,0.3333333333333333,0
2026-07-22 14:00:00,西屯測站,臺中市,臺中市,西屯測站,72.8,39.3,1,0,0,0.3333333333333333,0
2026-07-22 15:00:00,西屯測站,臺中市,臺中市,西屯測站,75.6,44.1,1,0,0,0.3333333333333333,0
2026-07-22 16:00:00,西屯測站,臺中市,臺中市,西屯測站,87.3,48.1,1,0,0,0.3333333333333333,0
2026-07-22 17:00:00,西屯測站,臺中市,臺中市,西屯測站,80.3,39.9,1,0,0,0.3333333333333333,0
2026-07-22 18:00:00,西屯測站,臺中市,臺中市,西屯測站,89.9,41.7,1,0,0,0.3333333333333333,0
2026-07-22 19:00:00,西屯測站,臺中市,臺中市,西屯測站,77.6,40.4,1,0,0,0.3333333333333333,0
2026-07-22 20:00:00,西屯測站,臺中市,臺中市,西屯測站,81.4,43.0,1,0,0,0.3333333333333333,0
2026-07-22 21:00:00,西屯測站,臺中市,臺中市,西屯測站,78.4,45.5,1,0,0,0.3333333333333333,0
2026-07-22 22:00:00,西屯測站,臺中市,臺中市,西屯測站,74.5,43.2,1,0,0,0.3333333333333333,0
2026-07-22 23:00:00,西屯測站,臺中市,臺中市,西屯測站,77.1,41.2,1,0,0,0.3333333333333333,0
2026-07-23 00:00:00,西屯測站,臺中市,臺中市,西屯測站,76.5,44.1,1,0,0,0.3333333333333333,0
2026-07-23 01:00:00,西屯測站,臺中市,臺中市,西屯測站,79.9,43.5,1,0,0,0.3333333333333333,0
2026-07-23 02:00:00,西屯測站,臺中市,臺中市,西屯測站,70.7,39.5,1,0,0,0.3333333333333333,0
2026-07-23 03:00:00,西屯測站,臺中市,臺中市,西屯測站,72.9,39.2,1,0,0,0.3333333333333333,0
2026-07-23 04:00:00,西屯測站,臺中市,臺中市,西屯測站,69.7,41.3,1,0,0,0.3333333333333333,0
2026-07-23 05:00:00,西屯測站,臺中市,臺中市,西屯測站,76.1,42.5,1,0,0,0.3333333333333333,0
2026-07-23 06:00:00,西屯測站,臺中市,臺中市,西屯測站,73.3,41.2,1,0,0,0.3333333333333333,0
2026-07-23 07:00:00,西屯測站,臺中市,臺中市,西屯測站,80.8,45.1,1,0,0,0.3333333333333333,0
2026-07-23 08:00:00,西屯測站,臺中市,臺中市,西屯測站,78.2,43.3,1,0,0,0.3333333333333333,0
2026-07-23 09:00:00,西屯測站,臺中市,臺中市,西屯測站,78.6,39.4,1,0,0,0.3333333333333333,0
2026-07-23 10:00:00,西屯測站,臺中市,臺中市,西屯測站,66.4,37.9,1,0,0,0.3333333333333333,0
2026-07-23 11:00:00,西屯測站,臺中市,臺中市,西屯測站,72.5,42.5,1,0,0,0.3333333333333333,0
2026-07-23 12:00:00,西屯測站,臺中市,臺中市,西屯測站,77.5,39.9,1,0,0,0.3333333333333333,0
2026-07-23 13:00:00,西屯測站,臺中市,臺中市,西屯測站,64.3,31.0,0,0,0,0.0,0
2026-07-23 14:00:00,西屯測站,臺中市,臺中市,西屯測站,66.7,40.0,1,0,0,0.3333333333333333,0
2026-07-23 15:00:00,西屯測站,臺中市,臺中市,西屯測站,70.8,42.6,1,0,0,0.3333333333333333,0
2026-07-23 16:00:00,西屯測站,臺中市,臺中市,西屯測站,85.5,40.1,1,0,0,0.3333333333333333,0
2026-07-23 17:00:00,西屯測站,臺中市,臺中市,西屯測站,80.1,42.4,1,0,0,0.3333333333333333,0
2026-07-23 18:00:00,西屯測站,臺中市,臺中市,西屯測站,75.6,38.9,1,0,0,0.3333333333333333,0
2026-07-23 19:00:00,西屯測站,臺中市,臺中市,西屯測站,70.9,41.9,1,0,0,0.3333333333333333,0
2026-07-23 20:00:00,西屯測站,臺中市,臺中市,西屯測站,69.2,38.8,1,0,0,0.3333333333333333,0
2026-07-23 21:00:00,西屯測站,臺中市,臺中市,西屯測站,72.6,41.4,1,0,0,0.3333333333333333,0
2026-07-23 22:00:00,西屯測站,臺中市,臺中市,西屯測站,78.5,38.9,1,0,0,0.3333333333333333,0
2026-07-23 23:00:00,西屯測站,臺中市,臺中市,西屯測站,66.3,35.2,1,0,0,0.3333333333333333,0
2026-07-24 00:00:00,西屯測站,臺中市,臺中市,西屯測站,65.7,41.9,1,0,0,0.3333333333333333,0
2026-07-24 01:00:00,西屯測站,臺中市,臺中市,西屯測站,61.0,41.4,1,0,0,0.3333333333333333,0
2026-07-24 02:00:00,西屯測站,臺中市,臺中市,西屯測站,69.4,41.1,1,0,0,0.3333333333333333,0
2026-07-24 03:00:00,西屯測站,臺中市,臺中市,西屯測站,64.1,34.8,0,0,0,0.0,0
2026-07-24 04:00:00,西屯測站,臺中市,臺中市,西屯測站,66.8,39.3,1,0,0,0.3333333333333333,0
2026-07-24 05:00:00,西屯測站,臺中市,臺中市,西屯測站,71.5,44.7,1,0,0,0.3333333333333333,0
2026-07-24 06:00:00,西屯測站,臺中市,臺中市,西屯測站,80.0,41.2,1,0,0,0.3333333333333333,0
2026-07-24 07:00:00,西屯測站,臺中市,臺中市,西屯測站,63.8,35.1,1,0,0,0.3333333333333333,0
2026-07-24 08:00:00,西屯測站,臺中市,臺中市,西屯測站,72.8,43.0,1,0,0,0.3333333333333333,0
2026-07-24 09:00:00,西屯測站,臺中市,臺中市,西屯測站,70.4,42.5,1,0,0,0.3333333333333333,0
2026-07-24 10:00:00,西屯測站,臺中市,臺中市,西屯測站,68.7,42.5,1,0,0,0.3333333333333333,0
2026-07-24 11:00:00,西屯測站,臺中市,臺中市,西屯測站,61.5,36.9,1,0,0,0.3333333333333333,0
2026-07-24 12:00:00,西屯測站,臺中市,臺中市,西屯測站,65.9,42.0,1,0,0,0.3333333333333333,0
2026-07-24 13:00:00,西屯測站,臺中市,臺中市,西屯測站,55.1,30.4,0,0,0,0.0,0
2026-07-24 14:00:00,西屯測站,臺中市,臺中市,西屯測站,71.9,37.3,1,0,0,0.3333333333333333,0
2026-07-24 15:00:00,西屯測站,臺中市,臺中市,西屯測站,71.5,39.2,1,0,0,0.3333333333333333,0
2026-07-24 16:00:00,西屯測站,臺中市,臺中市,西屯測站,74.6,45.7,1,0,0,0.3333333333333333,0
2026-07-24 17:00:00,西屯測站,臺中市,臺中市,西屯測站,81.0,41.3,1,0,0,0.3333333333333333,0
2026-07-24 18:00:00,西屯測站,臺中市,臺中市,西屯測站,71.8,37.3,1,0,0,0.3333333333333333,0
2026-07-24 19:00:00,西屯測站,臺中市,臺中市,西屯測站,71.6,40.3,1,0,0,0.3333333333333333,0
2026-07-24 20:00:00,西屯測站,臺中市,臺中市,西屯測站,75.6,41.2,1,0,0,0.3333333333333333,0
2026-07-24 21:00:00,西屯測站,臺中市,臺中市,西屯測站,72.2,38.9,1,0,0,0.3333333333333333,0
2026-07-24 22:00:00,西屯測站,臺中市,臺中市,西屯測站,62.3,39.1,1,0,0,0.3333333333333333,0
2026-07-24 23:00:00,西屯測站,臺中市,臺中市,西屯測站,57.1,36.6,1,0,0,0.3333333333333333,0
2026-07-25 00:00:00,西屯測站,臺中市,臺中市,西屯測站,62.7,32.4,0,0,0,0.0,0
2026-07-25 01:00:00,西屯測站,臺中市,臺中市,西屯測站,50.3,36.5,1,0,0,0.3333333333333333,0
2026-07-25 02:00:00,西屯測站,臺中市,臺中市,西屯測站,57.7,40.4,1,0,0,0.3333333333333333,0
2026-07-25 03:00:00,西屯測站,臺中市,臺中市,西屯測站,57.1,39.6,1,0,0,0.3333333333333333,0
2026-07-25 04:00:00,西屯測站,臺中市,臺中市,西屯測站,60.7,40.1,1,0,0,0.3333333333333333,0
2026-07-25 05:00:00,西屯測站,臺中市,臺中市,西屯測站,59.0,32.8,0,0,0,0.0,0
2026-07-25 06:00:00,西屯測站,臺中市,臺中市,西屯測站,64.1,36.2,1,0,0,0.3333333333333333,0
2026-07-25 07:00:00,西屯測站,臺中市,臺中市,西屯測站,68.6,40.3,1,0,0,0.3333333333333333,0
2026-07-25 08:00:00,西屯測站,臺中市,臺中市,西屯測站,68.8,46.7,1,0,0,0.3333333333333333,0
2026-07-25 09:00:00,西屯測站,臺中市,臺中市,西屯測站,67.4,47.7,1,0,0,0.3333333333333333,0
2026-07-25 10:00:00,西屯測站,臺中市,臺中市,西屯測站,68.1,39.3,1,0,0,0.3333333333333333,0
2026-07-25 11:00:00,西屯測站,臺中市,臺中市,西屯測站,61.2,34.9,0,0,0,0.0,0
2026-07-25 12:00:00,西屯測站,臺中市,臺中市,西屯測站,62.9,38.5,1,0,0,0.3333333333333333,0
2026-07-25 13:00:00,西屯測站,臺中市,臺中市,西屯測站,63.3,38.3,1,0,0,0.3333333333333333,0
2026-07-25 14:00:00,西屯測站,臺中市,臺中市,西屯測站,72.9,45.0,1,0,0,0.3333333333333333,0
2026-07-25 15:00:00,西屯測站,臺中市,臺中市,西屯測站,56.9,35.9,1,0,0,0.3333333333333333,0
2026-07-25 16:00:00,西屯測站,臺中市,臺中市,西屯測站,66.3,35.2,1,0,0,0.3333333333333333,0
2026-07-25 17:00:00,西屯測站,臺中市,臺中市,西屯測站,68.5,44.5,1,0,0,0.3333333333333333,0
2026-07-25 18:00:00,西屯測站,臺中市,臺中市,西屯測站,64.3,40.4,1,0,0,0.3333333333333333,0
2026-07-25 19:00:00,西屯測站,臺中市,臺中市,西屯測站,68.8,42.4,1,0,0,0.3333333333333333,0
2026-07-25 20:00:00,西屯測站,臺中市,臺中市,西屯測站,69.3,36.1,1,0,0,0.3333333333333333,0
2026-07-25 21:00:00,西屯測站,臺中市,臺中市,西屯測站,61.9,39.9,1,0,0,0.3333333333333333,0
2026-07-25 22:00:00,西屯測站,臺中市,臺中市,西屯測站,58.8,38.1,1,0,0,0.3333333333333333,0
