datetime,site_name,county,aqi,pm25,pm10,o3,co,wind_speed,wind_directions
2026-06-30 00:00:00,松山測站,臺北市,107.2,46.5,64.7,59.6,0.775,1.76,133.1
2026-06-30 01:00:00,松山測站,臺北市,60.6,34.9,67.4,47.0,0.526,2.65,130.3
2026-06-30 02:00:00,松山測站,臺北市,61.0,32.5,57.9,47.8,0.563,2.09,166.6
2026-06-30 03:00:00,松山測站,臺北市,59.7,33.4,53.0,49.0,0.544,2.04,144.2
2026-06-30 04:00:00,松山測站,臺北市,61.2,36.1,51.5,35.6,0.604,2.9,221.9
2026-06-30 05:00:00,松山測站,臺北市,57.0,32.4,54.7,39.9,0.563,2.92,198.7
2026-06-30 06:00:00,松山測站,臺北市,65.5,35.6,64.2,35.8,0.56,2.13,280.2
2026-06-30 07:00:00,松山測站,臺北市,64.0,36.3,62.5,37.6,0.614,2.85,244.6
2026-06-30 08:00:00,松山測站,臺北市,68.6,33.1,51.1,33.4,0.55,1.64,231.3
2026-06-30 09:00:00,松山測站,臺北市,69.6,36.8,65.2,42.1,0.596,2.59,170.6
2026-06-30 10:00:00,松山測站,臺北市,63.4,32.1,61.2,37.6,0.583,2.69,234.6
2026-06-30 11:00:00,松山測站,臺北市,65.4,33.4,,35.1,0.519,1.4,158.2
2026-06-30 12:00:00,松山測站,臺北市,62.6,30.3,53.6,41.9,0.615,1.71,204.7
2026-06-30 13:00:00,松山測站,臺北市,55.8,30.4,44.7,45.7,0.558,2.04,139.5
2026-06-30 14:00:00,松山測站,臺北市,62.0,31.3,52.9,54.2,0.563,1.66,231.9
2026-06-30 15:00:00,松山測站,臺北市,64.9,37.7,62.9,56.6,0.53,1.89,174.0
2026-06-30 16:00:00,松山測站,臺北市,64.8,29.4,51.4,46.7,0.538,2.55,274.1
2026-06-30 17:00:00,松山測站,臺北市,79.5,45.8,86.1,49.1,0.672,1.57,208.2
2026-06-30 18:00:00,松山測站,臺北市,67.7,33.8,65.1,55.0,0.551,1.12,207.3
2026-06-30 19:00:00,松山測站,臺北市,69.6,40.0,78.9,54.4,0.552,1.6,197.1
2026-06-30 20:00:00,松山測站,臺北市,78.2,34.3,61.4,62.0,0.671,2.05,237.8
2026-06-30 21:00:00,松山測站,臺北市,61.7,34.1,45.4,48.1,0.582,3.48,251.8
2026-06-30 22:00:00,松山測站,臺北市,62.5,33.9,55.9,50.3,0.633,2.67,330.5
2026-06-30 23:00:00,松山測站,臺北市,63.1,29.5,53.2,57.2,0.571,2.09,329.4
2026-07-01 00:00:00,松山測站,臺北市,56.1,28.8,52.5,46.3,0.539,2.69,329.4
2026-07-01 01:00:00,松山測站,臺北市,62.2,34.9,52.7,42.2,0.515,1.76,236.6
2026-07-01 02:00:00,松山測站,臺北市,66.4,30.0,43.7,43.0,0.646,2.69,331.6
2026-07-01 03:00:00,松山測站,臺北市,61.3,30.6,45.8,41.5,0.518,2.45,273.6
2026-07-01 04:00:00,松山測站,臺北市,75.4,41.7,80.8,36.6,0.609,2.42,330.3
2026-07-01 05:00:00,松山測站,臺北市,61.1,30.7,47.8,33.2,0.544,1.77,261.8
2026-07-01 06:00:00,松山測站,臺北市,59.5,27.9,39.1,31.8,0.655,4.44,205.6
2026-07-01 07:00:00,松山測站,臺北市,70.3,35.9,64.4,37.6,0.654,2.57,252.3
2026-07-01 08:00:00,松山測站,臺北市,73.2,31.4,44.9,40.5,0.601,2.55,331.7
2026-07-01 09:00:00,松山測站,臺北市,72.8,36.5,63.1,37.5,0.643,2.16,34.1
2026-07-01 10:00:00,松山測站,臺北市,76.0,37.4,50.8,47.4,0.655,2.52,186.0
2026-07-01 11:00:00,松山測站,臺北市,69.2,36.0,69.7,43.9,0.612,2.07,279.3
2026-07-01 12:00:00,松山測站,臺北市,61.5,,53.6,42.1,0.582,2.59,267.5
2026-07-01 13:00:00,松山測站,臺北市,53.6,31.8,44.1,46.8,0.519,2.44,233.1
2026-07-01 14:00:00,松山測站,臺北市,61.5,36.6,78.5,52.4,0.595,3.6,318.1
2026-07-01 15:00:00,松山測站,臺北市,69.1,33.7,57.8,55.7,0.55,2.83,286.5
2026-07-01 16:00:00,松山測站,臺北市,73.4,37.9,72.9,48.4,0.626,1.4,271.5
2026-07-01 17:00:00,松山測站,臺北市,77.5,38.5,68.6,57.3,0.588,1.7,320.2
2026-07-01 18:00:00,松山測站,臺北市,76.5,38.2,66.4,58.1,0.665,3.31,192.5
2026-07-01 19:00:00,松山測站,臺北市,66.6,35.7,60.0,57.1,0.639,1.91,353.8
2026-07-01 20:00:00,松山測站,臺北市,72.1,36.0,68.4,53.3,0.616,2.13,333.1
2026-07-01 21:00:00,松山測站,臺北市,68.8,31.3,58.0,52.0,0.567,2.42,1.4
2026-07-01 22:00:00,松山測站,臺北市,61.7,36.8,71.2,54.0,0.69,2.23,207.8
2026-07-01 23:00:00,松山測站,臺北市,68.3,33.0,53.4,45.2,0.543,1.17,277.3
2026-07-02 00:00:00,松山測站,臺北市,61.6,34.4,58.9,38.5,0.576,2.05,349.3
2026-07-02 01:00:00,松山測站,臺北市,62.7,33.5,51.1,47.8,0.543,2.24,337.8
2026-07-02 02:00:00,松山測站,臺北市,63.1,32.0,56.8,43.0,0.622,0.96,258.7
2026-07-02 03:00:00,松山測站,臺北市,51.4,23.3,37.6,37.2,0.535,3.28,46.0
2026-07-02 04:00:00,松山測站,臺北市,58.9,36.2,61.7,36.0,0.487,1.79,316.3
2026-07-02 05:00:00,松山測站,臺北市,64.9,38.7,70.8,34.3,0.613,2.24,238.3
2026-07-02 06:00:00,松山測站,臺北市,68.7,32.7,46.4,35.9,0.629,2.15,0.1
2026-07-02 07:00:00,松山測站,臺北市,69.5,38.6,56.5,42.6,0.594,3.05,6.1
2026-07-02 08:00:00,松山測站,臺北市,68.5,35.5,69.0,38.7,0.614,3.04,301.5
2026-07-02 09:00:00,松山測站,臺北市,68.7,34.4,54.4,33.0,0.504,1.5,325.8
2026-07-02 10:00:00,松山測站,臺北市,61.4,38.6,56.8,40.4,0.552,2.18,4.2
2026-07-02 11:00:00,松山測站,臺北市,62.2,31.9,51.3,41.1,0.706,2.53,75.8
2026-07-02 12:00:00,松山測站,臺北市,57.5,33.5,57.2,38.9,0.575,1.84,36.6
2026-07-02 13:00:00,松山測站,臺北市,61.9,33.9,56.3,44.2,0.621,1.09,344.5
2026-07-02 14:00:00,松山測站,臺北市,47.1,24.8,44.6,41.2,0.429,0.5,336.1
2026-07-02 15:00:00,松山測站,臺北市,70.8,36.3,60.7,45.9,0.602,2.33,4.3
2026-07-02 16:00:00,松山測站,臺北市,65.0,34.6,50.6,56.2,0.671,1.65,323.2
2026-07-02 17:00:00,松山測站,臺北市,70.0,34.2,56.3,61.1,0.62,2.45,101.1
2026-07-02 18:00:00,松山測站,臺北市,62.3,30.1,60.5,48.0,0.608,1.99,81.1
2026-07-02 19:00:00,松山測站,臺北市,50.7,27.8,40.8,52.7,0.513,2.35,12.2
2026-07-02 20:00:00,松山測站,臺北市,60.9,29.6,54.3,55.5,0.598,2.6,135.9
2026-07-02 21:00:00,松山測站,臺北市,56.4,30.6,50.2,46.9,0.504,2.4,45.4
2026-07-02 22:00:00,松山測站,臺北市,54.9,28.9,50.2,49.4,0.509,2.85,40.3
2026-07-02 23:00:00,松山測站,臺北市,46.0,28.8,42.6,46.8,0.426,3.52,101.6
2026-07-03 00:00:00,松山測站,臺北市,51.1,31.4,53.3,43.9,0.47,3.02,145.9
2026-07-03 01:00:00,松山測站,臺北市,46.3,26.6,54.6,36.7,0.513,3.86,308.2
2026-07-03 02:00:00,松山測站,臺北市,45.5,27.7,50.8,40.0,0.408,2.95,10.2
2026-07-03 03:00:00,松山測站,臺北市,58.3,30.1,59.1,43.1,0.58,1.24,74.6
2026-07-03 04:00:00,松山測站,臺北市,47.2,30.0,57.1,32.2,0.441,3.07,61.3
2026-07-03 05:00:00,松山測站,臺北市,51.0,34.6,66.6,36.0,0.492,2.85,21.7
2026-07-03 06:00:00,松山測站,臺北市,55.3,35.4,46.3,41.6,0.671,2.18,307.5
2026-07-03 07:00:00,松山測站,臺北市,59.6,31.4,56.5,38.2,0.59,1.36,95.5
2026-07-03 08:00:00,松山測站,臺北市,73.0,36.0,,42.0,0.541,2.34,38.5
2026-07-03 09:00:00,松山測站,臺北市,70.0,34.3,52.2,42.1,0.629,1.66,72.8
2026-07-03 10:00:00,松山測站,臺北市,62.8,32.1,63.4,35.7,0.562,2.31,332.2
2026-07-03 11:00:00,松山測站,臺北市,45.1,30.3,42.5,39.9,0.508,2.1,356.6
2026-07-03 12:00:00,松山測站,臺北市,55.5,32.4,64.0,43.2,0.564,2.34,116.9
2026-07-03 13:00:00,松山測站,臺北市,54.1,34.7,61.5,41.6,0.577,,49.8
2026-07-03 14:00:00,松山測站,臺北市,49.6,30.9,55.9,35.7,0.475,1.99,310.4
2026-07-03 15:00:00,松山測站,臺北市,48.9,27.0,51.2,45.7,0.461,2.51,138.7
2026-07-03 16:00:00,松山測站,臺北市,51.5,27.6,43.8,51.8,0.524,3.0,27.1
2026-07-03 17:00:00,松山測站,臺北市,58.8,31.5,47.9,55.2,0.543,1.7,81.7
2026-07-03 18:00:00,松山測站,臺北市,65.6,26.9,42.4,60.9,0.606,2.86,27.3
2026-07-03 19:00:00,松山測站,臺北市,53.3,32.1,51.4,51.6,0.548,2.6,135.8
2026-07-03 20:00:00,松山測站,臺北市,60.4,27.6,53.5,58.5,0.517,1.09,101.4
2026-07-03 21:00:00,松山測站,臺北市,58.3,37.4,56.1,48.8,0.558,2.21,43.2
2026-07-03 22:00:00,松山測站,臺北市,62.0,38.2,59.4,55.3,0.607,2.68,170.7
2026-07-03 23:00:00,松山測站,臺北市,53.9,33.2,50.9,40.8,0.541,2.09,34.6
2026-07-04 00:00:00,松山測站,臺北市,51.6,35.6,58.8,50.6,0.526,2.65,47.9
2026-07-04 01:00:00,松山測站,臺北市,45.3,29.1,57.8,41.0,0.586,3.22,111.6
2026-07-04 02:00:00,松山測站,臺北市,44.7,28.9,46.0,38.2,0.456,1.73,142.1
2026-07-04 03:00:00,松山測站,臺北市,45.7,23.6,38.5,41.2,0.549,2.62,70.5
2026-07-04 04:00:00,松山測站,臺北市,39.2,28.4,57.0,37.8,0.46,1.81,102.4
2026-07-04 05:00:00,松山測站,臺北市,47.8,28.9,55.5,32.1,0.476,2.78,100.9
2026-07-04 06:00:00,松山測站,臺北市,51.6,31.2,59.8,40.0,0.468,1.03,23.6
2026-07-04 07:00:00,松山測站,臺北市,54.6,31.2,59.0,24.0,0.56,3.56,67.0
2026-07-04 08:00:00,松山測站,臺北市,54.6,28.8,53.2,40.7,0.632,2.24,236.8
2026-07-04 09:00:00,松山測站,臺北市,55.1,36.5,71.2,37.4,0.701,3.06,96.1
2026-07-04 10:00:00,松山測站,臺北市,56.1,30.4,55.5,37.8,0.561,2.46,156.5
2026-07-04 11:00:00,松山測站,臺北市,50.1,24.2,43.9,32.3,0.516,2.59,102.9
2026-07-04 12:00:00,松山測站,臺北市,50.7,26.1,43.1,40.1,0.535,1.82,183.8
2026-07-04 13:00:00,松山測站,臺北市,46.8,23.6,35.5,40.8,0.498,2.56,159.4
2026-07-04 14:00:00,松山測站,臺北市,52.4,27.2,49.4,46.6,,2.2,12.4
2026-07-04 15:00:00,松山測站,臺北市,41.4,25.4,42.8,45.0,0.461,3.38,115.8
2026-07-04 16:00:00,松山測站,臺北市,48.6,31.1,53.0,48.9,0.504,3.66,121.8
2026-07-04 17:00:00,松山測站,臺北市,123.4,43.8,65.6,65.6,0.888,1.94,124.8
2026-07-04 18:00:00,松山測站,臺北市,62.0,36.4,66.3,56.3,0.643,1.06,144.5
2026-07-04 19:00:00,松山測站,臺北市,52.0,30.8,57.2,59.5,0.519,2.8,152.2
2026-07-04 20:00:00,松山測站,臺北市,54.5,31.1,66.0,58.9,0.555,2.89,104.7
2026-07-04 21:00:00,松山測站,臺北市,51.2,33.1,51.0,54.1,0.548,3.36,186.9
2026-07-04 22:00:00,松山測站,臺北市,48.2,30.6,62.5,33.8,0.423,2.87,200.3
2026-07-04 23:00:00,松山測站,臺北市,43.4,26.3,41.1,54.3,0.487,2.91,265.9
2026-07-05 00:00:00,松山測站,臺北市,49.6,26.9,48.3,39.3,0.503,2.02,230.8
2026-07-05 01:00:00,松山測站,臺北市,49.4,29.0,53.0,44.8,0.465,1.81,243.8
2026-07-05 02:00:00,松山測站,臺北市,47.5,25.2,44.9,33.4,0.518,3.08,206.6
2026-07-05 03:00:00,松山測站,臺北市,53.2,26.6,50.3,36.9,0.577,3.53,287.7
2026-07-05 04:00:00,松山測站,臺北市,57.7,31.5,58.5,38.5,0.561,3.01,188.7
2026-07-05 05:00:00,松山測站,臺北市,49.7,28.7,48.5,36.0,0.55,2.28,236.6
2026-07-05 06:00:00,松山測站,臺北市,59.0,28.5,42.3,29.4,0.509,1.7,200.9
2026-07-05 07:00:00,松山測站,臺北市,59.9,31.4,51.7,37.2,0.586,2.83,85.1
2026-07-05 08:00:00,松山測站,臺北市,61.5,26.2,41.7,40.9,0.632,2.52,176.5
2026-07-05 09:00:00,松山測站,臺北市,64.3,31.8,65.4,36.0,0.626,2.82,154.5
2026-07-05 10:00:00,松山測站,臺北市,63.1,35.2,60.3,36.0,0.554,2.74,157.4
2026-07-05 11:00:00,松山測站,臺北市,57.3,28.0,52.8,49.6,0.484,3.47,221.2
2026-07-05 12:00:00,松山測站,臺北市,55.6,31.7,55.6,47.4,0.522,3.25,180.6
2026-07-05 13:00:00,松山測站,臺北市,53.2,27.6,57.8,43.0,0.524,1.71,206.4
2026-07-05 14:00:00,松山測站,臺北市,46.7,26.5,45.9,55.2,0.473,3.58,235.4
2026-07-05 15:00:00,松山測站,臺北市,56.1,32.8,52.8,46.9,0.477,,260.9
2026-07-05 16:00:00,松山測站,臺北市,58.4,30.2,55.3,51.7,0.525,3.28,314.9
2026-07-05 17:00:00,松山測站,臺北市,65.0,36.5,63.9,56.5,0.619,2.7,170.6
2026-07-05 18:00:00,松山測站,臺北市,67.3,30.1,62.4,58.9,0.675,2.11,170.6
2026-07-05 19:00:00,松山測站,臺北市,61.7,33.1,68.6,53.0,0.591,1.69,261.8
2026-07-05 20:00:00,松山測站,臺北市,60.5,30.3,56.1,52.7,0.657,2.32,226.6
2026-07-05 21:00:00,松山測站,臺北市,47.5,26.7,43.9,55.2,0.498,3.47,246.4
2026-07-05 22:00:00,松山測站,臺北市,56.3,31.2,65.1,41.2,0.448,2.07,246.8
2026-07-05 23:00:00,松山測站,臺北市,58.6,33.5,55.9,53.3,0.568,3.09,264.0
2026-07-06 00:00:00,松山測站,臺北市,58.8,34.2,57.0,52.9,0.438,1.42,186.7
2026-07-06 01:00:00,松山測站,臺北市,59.9,31.6,,41.5,0.688,3.66,232.4
2026-07-06 02:00:00,松山測站,臺北市,60.0,29.0,49.3,38.7,0.561,1.28,216.1
2026-07-06 03:00:00,松山測站,臺北市,62.8,34.2,54.1,44.6,0.539,2.81,260.4
2026-07-06 04:00:00,松山測站,臺北市,55.9,30.5,57.5,37.1,0.623,3.16,249.9
2026-07-06 05:00:00,松山測站,臺北市,68.5,40.2,66.4,35.6,0.68,1.55,194.3
2026-07-06 06:00:00,松山測站,臺北市,65.8,35.1,50.8,35.1,0.558,1.71,35.5
2026-07-06 07:00:00,松山測站,臺北市,73.6,38.3,59.2,36.6,0.498,1.25,173.4
2026-07-06 08:00:00,松山測站,臺北市,62.6,29.4,56.3,42.1,0.599,2.91,226.5
2026-07-06 09:00:00,松山測站,臺北市,74.7,38.1,77.4,43.1,0.608,1.42,213.9
2026-07-06 10:00:00,松山測站,臺北市,68.6,35.4,62.9,43.1,0.637,3.37,352.2
2026-07-06 11:00:00,松山測站,臺北市,59.6,37.4,66.7,40.7,0.543,1.14,275.6
2026-07-06 12:00:00,松山測站,臺北市,54.9,34.1,56.9,42.6,0.505,2.03,330.6
2026-07-06 13:00:00,松山測站,臺北市,62.2,38.1,62.8,45.9,0.616,2.06,288.3
2026-07-06 14:00:00,松山測站,臺北市,62.5,30.5,62.4,50.3,0.655,3.38,273.4
2026-07-06 15:00:00,松山測站,臺北市,66.8,32.2,44.3,57.7,0.616,2.16,2.6
2026-07-06 16:00:00,松山測站,臺北市,56.7,25.6,43.8,51.5,0.484,2.43,50.2
2026-07-06 17:00:00,松山測站,臺北市,74.0,36.3,54.2,47.8,0.645,2.8,216.3
2026-07-06 18:00:00,松山測站,臺北市,67.5,30.7,54.8,47.2,0.632,2.83,292.2
2026-07-06 19:00:00,松山測站,臺北市,57.1,28.7,37.2,51.9,0.493,3.0,271.9
2026-07-06 20:00:00,松山測站,臺北市,68.8,36.2,69.1,57.4,0.533,3.12,270.2
2026-07-06 21:00:00,松山測站,臺北市,61.0,32.6,59.2,56.9,0.585,1.27,308.2
2026-07-06 22:00:00,松山測站,臺北市,65.3,28.0,45.7,53.8,0.612,3.63,343.8
2026-07-06 23:00:00,松山測站,臺北市,63.6,41.4,71.3,52.1,0.605,1.98,264.2
2026-07-07 00:00:00,松山測站,臺北市,71.0,36.0,69.9,49.6,0.605,2.65,252.9
2026-07-07 01:00:00,松山測站,臺北市,60.9,38.4,57.4,43.2,0.55,2.21,306.2
2026-07-07 02:00:00,松山測站,臺北市,63.5,28.0,,45.1,0.526,3.28,38.5
2026-07-07 03:00:00,松山測站,臺北市,63.7,28.7,58.7,35.0,0.582,2.61,3.6
2026-07-07 04:00:00,松山測站,臺北市,60.2,33.3,71.0,27.2,0.551,2.28,239.6
2026-07-07 05:00:00,松山測站,臺北市,61.4,36.5,55.8,33.9,0.539,3.42,309.2
2026-07-07 06:00:00,松山測站,臺北市,66.4,28.3,58.7,37.2,0.625,1.33,47.0
2026-07-07 07:00:00,松山測站,臺北市,66.1,33.2,47.0,40.3,0.607,2.78,344.5
2026-07-07 08:00:00,松山測站,臺北市,71.7,34.0,54.5,44.3,0.69,1.65,110.6
2026-07-07 09:00:00,松山測站,臺北市,72.1,38.2,62.5,39.4,0.643,3.22,1.0
2026-07-07 10:00:00,松山測站,臺北市,58.3,34.5,56.9,41.2,0.544,1.77,306.2
2026-07-07 11:00:00,松山測站,臺北市,50.9,30.9,51.7,26.4,0.46,3.31,320.4
2026-07-07 12:00:00,松山測站,臺北市,58.8,27.9,43.5,43.5,0.676,3.48,343.1
2026-07-07 13:00:00,松山測站,臺北市,53.5,29.9,56.4,41.8,0.608,2.41,129.5
2026-07-07 14:00:00,松山測站,臺北市,57.5,37.1,71.3,43.8,0.511,2.76,60.4
2026-07-07 15:00:00,松山測站,臺北市,58.9,28.3,42.4,42.1,0.566,3.2,8.3
2026-07-07 16:00:00,松山測站,臺北市,49.8,29.4,55.4,43.0,0.497,3.73,36.7
2026-07-07 17:00:00,松山測站,臺北市,66.1,34.2,67.0,51.1,0.639,1.36,33.1
2026-07-07 18:00:00,松山測站,臺北市,65.0,31.7,45.8,50.6,0.572,1.56,35.8
2026-07-07 19:00:00,松山測站,臺北市,57.0,33.8,55.1,50.7,0.618,2.67,9.4
2026-07-07 20:00:00,松山測站,臺北市,62.4,26.6,57.7,54.8,0.58,2.75,73.3
2026-07-07 21:00:00,松山測站,臺北市,46.9,24.2,42.4,54.8,0.487,1.22,317.3
2026-07-07 22:00:00,松山測站,臺北市,40.9,27.1,51.1,50.9,0.534,2.54,272.6
2026-07-07 23:00:00,松山測站,臺北市,56.4,33.2,62.4,43.9,0.649,1.78,74.2
2026-07-08 00:00:00,松山測站,臺北市,44.0,25.8,48.7,46.7,0.501,2.54,111.0
2026-07-08 01:00:00,松山測站,臺北市,51.0,24.9,45.9,44.3,0.444,2.01,7.0
2026-07-08 02:00:00,松山測站,臺北市,50.1,25.9,44.3,43.3,0.559,2.43,20.4
2026-07-08 03:00:00,松山測站,臺北市,52.6,28.2,49.7,36.1,0.472,2.61,85.1
2026-07-08 04:00:00,松山測站,臺北市,44.4,28.7,55.3,34.7,0.419,1.72,49.6
2026-07-08 05:00:00,松山測站,臺北市,59.2,25.6,42.4,36.4,0.59,1.92,44.4
2026-07-08 06:00:00,松山測站,臺北市,49.3,22.8,31.5,31.8,0.445,1.56,44.4
2026-07-08 07:00:00,松山測站,臺北市,57.5,32.9,56.5,36.3,0.633,1.69,54.0
2026-07-08 08:00:00,松山測站,臺北市,68.4,38.2,58.4,43.8,0.631,2.42,48.0
2026-07-08 09:00:00,松山測站,臺北市,58.9,33.0,52.6,37.2,0.526,2.79,223.3
2026-07-08 10:00:00,松山測站,臺北市,47.9,30.5,47.1,35.8,0.546,3.38,76.6
2026-07-08 11:00:00,松山測站,臺北市,58.9,25.1,41.0,44.5,0.499,1.83,77.0
2026-07-08 12:00:00,松山測站,臺北市,51.2,31.1,54.2,44.4,0.524,2.37,351.1
2026-07-08 13:00:00,松山測站,臺北市,53.5,23.6,29.8,43.6,0.529,3.31,65.2
2026-07-08 14:00:00,松山測站,臺北市,48.3,28.1,46.7,42.9,0.498,1.46,99.4
2026-07-08 15:00:00,松山測站,臺北市,44.9,31.0,70.2,41.3,0.489,3.86,146.5
2026-07-08 16:00:00,松山測站,臺北市,52.9,31.4,61.7,46.8,0.527,1.38,91.4
2026-07-08 17:00:00,松山測站,臺北市,61.1,32.0,56.3,54.5,0.535,2.19,4.5
2026-07-08 18:00:00,松山測站,臺北市,54.8,29.5,48.3,55.0,0.514,2.64,82.2
2026-07-08 19:00:00,松山測站,臺北市,63.2,31.6,58.2,49.3,0.555,1.48,115.6
2026-07-08 20:00:00,松山測站,臺北市,54.0,38.1,60.9,47.7,0.513,2.58,328.1
2026-07-08 21:00:00,松山測站,臺北市,54.9,36.9,63.6,55.6,0.533,2.06,333.8
2026-07-08 22:00:00,松山測站,臺北市,54.9,30.8,61.7,47.8,0.515,2.89,28.4
2026-07-08 23:00:00,松山測站,臺北市,56.0,27.2,48.3,53.0,0.551,1.8,75.9
2026-07-09 00:00:00,松山測站,臺北市,50.6,30.3,58.4,44.1,0.449,2.16,158.3
2026-07-09 01:00:00,松山測站,臺北市,43.5,27.9,53.1,39.3,0.561,2.97,38.9
2026-07-09 02:00:00,松山測站,臺北市,53.8,28.6,43.9,39.2,0.581,1.94,80.0
2026-07-09 03:00:00,松山測站,臺北市,47.5,27.7,47.1,44.2,0.62,1.85,120.9
2026-07-09 04:00:00,松山測站,臺北市,45.8,26.7,44.4,30.9,0.491,1.74,166.3
2026-07-09 05:00:00,松山測站,臺北市,49.1,38.2,59.2,32.7,0.518,1.64,216.8
2026-07-09 06:00:00,松山測站,臺北市,63.0,34.0,59.4,32.6,0.653,2.93,131.2
2026-07-09 07:00:00,松山測站,臺北市,49.3,26.9,51.1,37.8,0.435,2.75,184.9
2026-07-09 08:00:00,松山測站,臺北市,55.2,31.2,51.5,27.7,0.526,2.24,123.9
2026-07-09 09:00:00,松山測站,臺北市,59.1,30.9,57.1,35.8,0.541,2.48,29.3
2026-07-09 10:00:00,松山測站,臺北市,108.1,44.1,76.7,42.8,0.809,1.75,147.4
2026-07-09 11:00:00,松山測站,臺北市,52.7,32.6,67.1,37.6,0.426,3.04,208.2
2026-07-09 12:00:00,松山測站,臺北市,56.7,29.0,50.3,48.1,0.506,2.29,185.1
2026-07-09 13:00:00,松山測站,臺北市,53.8,27.6,50.6,43.8,0.547,2.3,228.3
2026-07-09 14:00:00,松山測站,臺北市,50.1,28.3,46.5,38.9,0.453,1.11,151.8
2026-07-09 15:00:00,松山測站,臺北市,51.3,29.2,44.8,48.2,0.509,2.99,179.1
2026-07-09 16:00:00,松山測站,臺北市,56.4,31.0,61.1,44.9,0.581,1.69,233.7
2026-07-09 17:00:00,松山測站,臺北市,67.8,35.1,50.3,57.5,0.584,2.46,207.0
2026-07-09 18:00:00,松山測站,臺北市,61.3,30.9,50.6,46.7,0.608,3.65,240.4
2026-07-09 19:00:00,松山測站,臺北市,55.2,33.4,53.1,53.2,0.442,2.65,106.5
2026-07-09 20:00:00,松山測站,臺北市,62.1,28.2,56.1,51.1,0.519,0.86,153.3
2026-07-09 21:00:00,松山測站,臺北市,55.7,26.7,43.0,47.4,0.518,3.21,204.2
2026-07-09 22:00:00,松山測站,臺北市,56.3,33.4,66.0,51.0,0.525,2.75,131.1
2026-07-09 23:00:00,松山測站,臺北市,58.8,33.8,69.5,37.0,0.529,3.13,159.5
2026-07-10 00:00:00,松山測站,臺北市,48.6,26.4,41.2,49.0,0.509,1.72,147.9
2026-07-10 01:00:00,松山測站,臺北市,51.1,32.9,44.0,41.2,0.48,3.42,108.7
2026-07-10 02:00:00,松山測站,臺北市,64.6,33.4,61.4,40.6,0.524,2.41,118.5
2026-07-10 03:00:00,松山測站,臺北市,46.2,27.9,38.9,33.4,0.456,3.99,192.1
2026-07-10 04:00:00,松山測站,臺北市,59.3,26.9,52.4,34.4,0.608,1.57,176.2
2026-07-10 05:00:00,松山測站,臺北市,57.4,32.3,54.4,35.6,0.517,2.77,208.1
2026-07-10 06:00:00,松山測站,臺北市,63.7,32.0,52.7,36.0,0.588,3.54,124.3
2026-07-10 07:00:00,松山測站,臺北市,72.1,29.6,49.5,41.0,0.632,1.85,202.7
2026-07-10 08:00:00,松山測站,臺北市,69.1,32.2,47.9,35.5,0.569,1.33,225.5
2026-07-10 09:00:00,松山測站,臺北市,71.6,35.9,64.2,41.7,0.636,2.18,177.8
2026-07-10 10:00:00,松山測站,臺北市,76.3,35.0,61.0,43.7,0.573,2.97,204.8
2026-07-10 11:00:00,松山測站,臺北市,56.5,35.1,52.1,46.7,0.582,2.44,300.5
2026-07-10 12:00:00,松山測站,臺北市,61.3,32.6,51.3,44.9,0.573,1.83,223.1
2026-07-10 13:00:00,松山測站,臺北市,60.2,28.4,50.5,34.6,0.577,2.06,291.0
2026-07-10 14:00:00,松山測站,臺北市,59.2,34.2,50.6,50.1,0.539,3.11,167.3
2026-07-10 15:00:00,松山測站,臺北市,65.3,36.4,67.5,47.8,0.522,1.63,261.3
2026-07-10 16:00:00,松山測站,臺北市,69.3,34.9,60.3,48.8,0.668,4.28,248.2
2026-07-10 17:00:00,松山測站,臺北市,72.4,33.9,58.1,51.5,0.553,3.44,246.0
2026-07-10 18:00:00,松山測站,臺北市,72.7,34.5,57.3,56.7,0.653,2.09,215.2
2026-07-10 19:00:00,松山測站,臺北市,62.9,27.2,43.7,49.6,0.578,2.4,118.4
2026-07-10 20:00:00,松山測站,臺北市,62.9,34.3,45.6,55.1,0.631,2.9,234.8
2026-07-10 21:00:00,松山測站,臺北市,62.6,31.1,59.2,56.0,0.585,2.94,248.2
2026-07-10 22:00:00,松山測站,臺北市,67.0,36.7,64.7,59.3,0.612,1.11,206.7
2026-07-10 23:00:00,松山測站,臺北市,66.0,33.0,68.0,46.8,0.554,2.47,270.5
2026-07-11 00:00:00,松山測站,臺北市,57.1,34.4,56.9,45.6,0.555,2.51,263.8
2026-07-11 01:00:00,松山測站,臺北市,58.6,33.7,55.0,44.9,0.558,2.55,16.4
2026-07-11 02:00:00,松山測站,臺北市,52.2,31.8,60.9,50.1,0.51,2.73,214.1
2026-07-11 03:00:00,松山測站,臺北市,53.3,31.5,50.0,43.9,0.529,2.26,49.7
2026-07-11 04:00:00,松山測站,臺北市,57.8,29.7,40.3,41.8,0.537,2.52,260.5
2026-07-11 05:00:00,松山測站,臺北市,61.4,30.2,60.2,40.0,0.589,1.81,304.3
2026-07-11 06:00:00,松山測站,臺北市,57.5,30.2,50.8,,0.584,3.31,64.7
2026-07-11 07:00:00,松山測站,臺北市,56.6,29.4,44.3,30.8,0.534,1.59,291.4
2026-07-11 08:00:00,松山測站,臺北市,67.1,35.6,55.3,36.6,0.706,2.47,173.6
2026-07-11 09:00:00,松山測站,臺北市,60.1,27.2,52.0,35.3,0.667,2.78,318.9
2026-07-11 10:00:00,松山測站,臺北市,56.5,28.6,46.1,30.3,0.54,2.46,270.2
2026-07-11 11:00:00,松山測站,臺北市,53.5,29.2,55.2,41.3,0.589,2.28,259.9
2026-07-11 12:00:00,松山測站,臺北市,57.9,33.7,60.0,46.1,0.62,3.67,240.3
2026-07-11 13:00:00,松山測站,臺北市,55.4,31.3,51.6,37.9,0.549,1.92,295.7
2026-07-11 14:00:00,松山測站,臺北市,52.2,27.2,40.6,47.7,0.638,2.7,320.7
2026-07-11 15:00:00,松山測站,臺北市,52.6,26.8,45.5,43.5,0.528,2.44,247.4
2026-07-11 16:00:00,松山測站,臺北市,59.0,35.8,60.4,54.9,0.586,1.98,213.0
2026-07-11 17:00:00,松山測站,臺北市,59.2,32.0,55.2,52.2,0.596,0.74,359.9
2026-07-11 18:00:00,松山測站,臺北市,57.9,32.9,59.8,55.4,0.437,1.88,313.6
2026-07-11 19:00:00,松山測站,臺北市,61.6,34.2,57.4,53.5,0.481,2.06,331.9
2026-07-11 20:00:00,松山測站,臺北市,54.3,32.9,49.7,40.0,0.475,3.8,281.9
2026-07-11 21:00:00,松山測站,臺北市,46.9,33.0,59.1,50.6,0.526,2.83,353.4
2026-07-11 22:00:00,松山測站,臺北市,66.0,36.8,56.5,57.4,0.654,2.02,22.1
2026-07-11 23:00:00,松山測站,臺北市,58.0,39.6,73.6,47.8,0.531,1.8,169.1
2026-07-12 00:00:00,松山測站,臺北市,50.3,31.2,66.6,44.9,0.584,2.71,9.5
2026-07-12 01:00:00,松山測站,臺北市,53.6,35.0,69.7,44.9,0.521,2.77,89.9
2026-07-12 02:00:00,松山測站,臺北市,50.6,31.4,55.7,40.4,0.402,2.89,207.9
2026-07-12 03:00:00,松山測站,臺北市,59.2,32.7,56.3,34.1,0.575,2.39,306.0
2026-07-12 04:00:00,松山測站,臺北市,52.7,39.0,61.6,40.2,0.605,2.36,223.0
2026-07-12 05:00:00,松山測站,臺北市,53.0,33.1,65.4,32.7,0.607,3.02,14.8
2026-07-12 06:00:00,松山測站,臺北市,60.2,32.3,58.0,27.6,0.574,2.62,48.5
2026-07-12 07:00:00,松山測站,臺北市,68.5,39.2,76.4,40.1,0.733,3.32,46.6
2026-07-12 08:00:00,松山測站,臺北市,60.2,29.8,54.1,35.4,0.561,3.51,328.5
2026-07-12 09:00:00,松山測站,臺北市,47.9,31.0,56.9,33.8,0.494,3.11,266.7
2026-07-12 10:00:00,松山測站,臺北市,53.3,32.8,58.5,39.6,0.59,2.46,246.2
2026-07-12 11:00:00,松山測站,臺北市,55.6,26.4,42.5,34.8,0.523,2.33,321.6
2026-07-12 12:00:00,松山測站,臺北市,53.0,29.4,55.4,38.1,0.489,1.34,16.0
2026-07-12 13:00:00,松山測站,臺北市,47.7,22.3,37.1,48.2,0.422,1.56,64.0
2026-07-12 14:00:00,松山測站,臺北市,56.8,29.4,50.6,37.2,0.457,2.25,91.2
2026-07-12 15:00:00,松山測站,臺北市,49.5,30.2,55.4,44.6,0.515,3.82,285.3
2026-07-12 16:00:00,松山測站,臺北市,59.2,29.2,47.5,47.3,0.513,2.6,66.8
2026-07-12 17:00:00,松山測站,臺北市,55.7,31.6,51.0,54.7,0.586,4.28,354.3
2026-07-12 18:00:00,松山測站,臺北市,54.8,33.5,61.6,50.8,0.568,1.89,355.4
2026-07-12 19:00:00,松山測站,臺北市,56.2,34.5,50.6,45.4,0.484,1.53,12.5
2026-07-12 20:00:00,松山測站,臺北市,46.9,27.2,40.8,55.7,0.537,2.59,358.6
2026-07-12 21:00:00,松山測站,臺北市,47.7,30.4,55.6,49.9,0.406,2.71,68.9
2026-07-12 22:00:00,松山測站,臺北市,46.2,34.5,62.1,47.8,0.495,2.5,35.9
2026-07-12 23:00:00,松山測站,臺北市,50.5,34.3,55.3,47.1,0.561,2.04,75.1
2026-07-13 00:00:00,松山測站,臺北市,48.6,32.9,56.3,35.7,0.484,3.41,66.4
2026-07-13 01:00:00,松山測站,臺北市,53.4,33.8,54.5,47.0,0.61,2.74,88.8
2026-07-13 02:00:00,松山測站,臺北市,50.4,28.3,43.4,43.5,0.526,2.12,42.6
2026-07-13 03:00:00,松山測站,臺北市,59.1,33.8,59.7,47.4,0.551,1.15,149.1
2026-07-13 04:00:00,松山測站,臺北市,55.8,31.2,57.2,35.4,0.603,2.84,61.5
2026-07-13 05:00:00,松山測站,臺北市,54.8,30.6,43.0,32.4,0.46,2.9,85.7
2026-07-13 06:00:00,松山測站,臺北市,59.8,33.6,64.2,36.1,0.54,2.18,165.1
2026-07-13 07:00:00,松山測站,臺北市,52.4,32.1,52.3,32.4,0.425,2.77,36.1
2026-07-13 08:00:00,松山測站,臺北市,52.2,33.1,69.5,35.8,0.531,3.43,152.5
2026-07-13 09:00:00,松山測站,臺北市,66.5,31.1,54.1,31.6,0.62,3.9,98.2
2026-07-13 10:00:00,松山測站,臺北市,64.1,33.9,62.5,36.4,0.537,3.23,141.5
2026-07-13 11:00:00,松山測站,臺北市,48.2,32.5,62.0,39.4,0.559,2.61,146.6
2026-07-13 12:00:00,松山測站,臺北市,52.9,32.6,71.0,42.8,0.567,1.37,26.8
2026-07-13 13:00:00,松山測站,臺北市,57.1,32.6,61.5,42.1,0.623,,86.3
2026-07-13 14:00:00,松山測站,臺北市,57.7,29.1,54.4,50.1,0.488,1.26,123.3
2026-07-13 15:00:00,松山測站,臺北市,50.7,29.0,46.8,47.1,0.568,1.98,172.2
2026-07-13 16:00:00,松山測站,臺北市,52.9,28.7,55.9,47.4,0.524,3.44,164.6
2026-07-13 17:00:00,松山測站,臺北市,54.8,31.0,49.8,51.3,0.541,3.27,153.4
2026-07-13 18:00:00,松山測站,臺北市,58.3,31.3,58.1,55.6,0.553,1.74,37.4
2026-07-13 19:00:00,松山測站,臺北市,66.1,33.4,50.6,56.7,0.714,1.58,348.6
2026-07-13 20:00:00,松山測站,臺北市,62.8,30.6,50.5,55.5,0.531,2.24,120.7
2026-07-13 21:00:00,松山測站,臺北市,48.6,27.6,36.8,48.3,0.517,2.27,84.1
2026-07-13 22:00:00,松山測站,臺北市,51.6,28.4,55.6,47.4,0.55,2.34,122.1
2026-07-13 23:00:00,松山測站,臺北市,58.6,33.6,52.2,54.1,0.548,3.12,67.0
2026-07-14 00:00:00,松山測站,臺北市,42.8,28.7,48.5,48.2,0.388,1.73,51.2
2026-07-14 01:00:00,松山測站,臺北市,50.0,28.9,59.6,44.5,0.525,2.81,63.6
2026-07-14 02:00:00,松山測站,臺北市,54.8,27.8,46.2,42.2,0.532,2.75,316.6
2026-07-14 03:00:00,松山測站,臺北市,107.3,43.6,64.1,47.8,0.784,1.82,123.3
2026-07-14 04:00:00,松山測站,臺北市,52.5,33.7,51.5,41.9,0.443,2.63,87.8
2026-07-14 05:00:00,松山測站,臺北市,51.9,27.7,53.5,30.1,0.469,1.6,218.0
2026-07-14 06:00:00,松山測站,臺北市,55.1,31.1,47.4,34.1,0.665,3.44,79.1
2026-07-14 07:00:00,松山測站,臺北市,64.7,31.0,53.3,41.8,0.64,2.01,119.8
2026-07-14 08:00:00,松山測站,臺北市,67.2,35.3,45.3,38.6,0.654,1.47,167.1
2026-07-14 09:00:00,松山測站,臺北市,63.6,35.5,49.8,31.6,0.556,2.97,105.2
2026-07-14 10:00:00,松山測站,臺北市,54.8,25.7,43.7,40.4,0.589,2.87,124.6
2026-07-14 11:00:00,松山測站,臺北市,54.2,29.7,51.4,37.2,0.561,1.77,223.7
2026-07-14 12:00:00,松山測站,臺北市,50.2,31.5,51.3,40.6,0.52,2.49,112.3
2026-07-14 13:00:00,松山測站,臺北市,51.2,,61.7,40.7,0.579,2.99,177.8
2026-07-14 14:00:00,松山測站,臺北市,53.4,32.5,48.0,49.5,0.578,1.8,102.9
2026-07-14 15:00:00,松山測站,臺北市,57.4,37.0,64.0,43.4,0.522,2.18,129.9
2026-07-14 16:00:00,松山測站,臺北市,57.2,31.8,43.0,53.8,0.59,,71.3
2026-07-14 17:00:00,松山測站,臺北市,64.2,35.4,53.5,53.4,0.678,3.69,67.5
2026-07-14 18:00:00,松山測站,臺北市,76.5,33.6,70.7,53.8,0.669,2.1,192.5
2026-07-14 19:00:00,松山測站,臺北市,64.5,,60.8,59.5,0.616,2.85,128.4
2026-07-14 20:00:00,松山測站,臺北市,55.9,29.7,54.9,56.6,0.538,3.46,243.3
2026-07-14 21:00:00,松山測站,臺北市,59.9,29.9,59.6,53.3,0.548,1.78,90.2
2026-07-14 22:00:00,松山測站,臺北市,60.1,30.1,45.3,46.4,0.592,3.47,177.6
2026-07-14 23:00:00,松山測站,臺北市,59.1,26.6,39.1,41.7,0.567,0.84,104.3
2026-07-15 00:00:00,松山測站,臺北市,53.2,28.3,46.6,49.2,0.571,3.29,179.9
2026-07-15 01:00:00,松山測站,臺北市,57.8,33.4,49.6,43.1,0.514,2.73,177.8
2026-07-15 02:00:00,松山測站,臺北市,53.3,28.8,47.3,41.3,0.49,3.06,155.2
2026-07-15 03:00:00,松山測站,臺北市,50.0,33.1,54.9,38.2,0.575,2.55,123.0
2026-07-15 04:00:00,松山測站,臺北市,60.8,31.1,57.4,29.9,0.587,3.75,278.7
2026-07-15 05:00:00,松山測站,臺北市,69.5,31.6,44.0,40.5,0.547,1.82,157.8
2026-07-15 06:00:00,松山測站,臺北市,68.6,36.9,59.5,37.2,0.569,2.89,262.8
2026-07-15 07:00:00,松山測站,臺北市,73.6,33.4,45.8,45.1,0.61,1.69,291.3
2026-07-15 08:00:00,松山測站,臺北市,76.7,36.5,58.2,41.4,0.725,2.47,243.9
2026-07-15 09:00:00,松山測站,臺北市,74.7,32.4,51.6,30.8,0.529,1.49,236.2
2026-07-15 10:00:00,松山測站,臺北市,65.8,34.3,61.0,40.0,0.609,1.81,211.6
2026-07-15 11:00:00,松山測站,臺北市,54.1,35.2,72.8,38.9,0.589,2.44,211.3
2026-07-15 12:00:00,松山測站,臺北市,57.6,32.2,51.5,41.6,0.524,4.04,211.1
2026-07-15 13:00:00,松山測站,臺北市,68.3,33.8,58.3,45.3,0.616,3.4,231.2
2026-07-15 14:00:00,松山測站,臺北市,68.6,36.4,57.4,59.0,0.582,1.75,155.4
2026-07-15 15:00:00,松山測站,臺北市,75.5,,61.3,56.1,0.738,1.11,210.4
2026-07-15 16:00:00,松山測站,臺北市,64.5,27.6,48.1,55.4,0.705,2.09,204.8
2026-07-15 17:00:00,松山測站,臺北市,70.1,37.8,56.5,59.6,0.633,0.83,163.6
2026-07-15 18:00:00,松山測站,臺北市,78.3,38.0,56.2,58.3,0.69,1.21,187.7
2026-07-15 19:00:00,松山測站,臺北市,71.3,34.8,58.5,58.2,0.674,2.59,244.7
2026-07-15 20:00:00,松山測站,臺北市,67.0,31.6,62.2,55.0,0.555,1.96,251.0
2026-07-15 21:00:00,松山測站,臺北市,63.1,34.6,60.0,59.3,0.63,1.71,193.3
2026-07-15 22:00:00,松山測站,臺北市,62.7,31.7,60.6,50.1,0.545,2.14,310.8
2026-07-15 23:00:00,松山測站,臺北市,63.1,40.6,58.9,50.3,0.593,2.66,3.2
2026-07-16 00:00:00,松山測站,臺北市,57.4,34.4,55.6,49.8,0.617,1.83,251.5
2026-07-16 01:00:00,松山測站,臺北市,53.1,27.0,39.1,38.8,0.544,2.13,229.1
2026-07-16 02:00:00,松山測站,臺北市,65.5,30.2,60.5,47.9,0.654,1.86,309.6
2026-07-16 03:00:00,松山測站,臺北市,58.1,37.4,72.0,37.4,0.658,2.84,205.1
2026-07-16 04:00:00,松山測站,臺北市,60.2,34.8,57.1,38.9,0.605,2.49,192.9
2026-07-16 05:00:00,松山測站,臺北市,60.7,33.3,56.2,40.5,0.583,2.92,230.3
2026-07-16 06:00:00,松山測站,臺北市,67.5,31.7,59.5,38.9,0.636,2.68,283.3
2026-07-16 07:00:00,松山測站,臺北市,74.9,35.9,67.3,41.2,0.67,1.73,275.9
2026-07-16 08:00:00,松山測站,臺北市,70.8,33.4,55.3,43.3,0.644,,265.6
2026-07-16 09:00:00,松山測站,臺北市,87.2,38.3,59.8,45.5,0.737,1.96,16.7
2026-07-16 10:00:00,松山測站,臺北市,69.3,35.4,66.3,40.4,0.58,1.73,68.9
2026-07-16 11:00:00,松山測站,臺北市,63.3,28.8,44.2,43.5,0.609,2.83,249.5
2026-07-16 12:00:00,松山測站,臺北市,64.4,30.8,56.6,39.0,0.64,2.82,341.7
2026-07-16 13:00:00,松山測站,臺北市,62.6,35.3,73.6,46.3,0.609,2.63,236.7
2026-07-16 14:00:00,松山測站,臺北市,55.6,29.2,54.2,40.8,0.496,1.95,274.3
2026-07-16 15:00:00,松山測站,臺北市,58.1,27.7,43.4,44.3,0.551,3.17,225.4
2026-07-16 16:00:00,松山測站,臺北市,66.5,37.0,65.7,,0.581,3.09,323.6
2026-07-16 17:00:00,松山測站,臺北市,68.2,35.8,61.4,52.6,0.607,2.25,341.7
2026-07-16 18:00:00,松山測站,臺北市,65.6,36.8,55.2,59.9,0.704,,24.5
2026-07-16 19:00:00,松山測站,臺北市,70.0,29.8,52.1,54.1,0.567,2.22,342.9
2026-07-16 20:00:00,松山測站,臺北市,59.5,30.9,50.8,57.1,0.539,2.79,12.4
2026-07-16 21:00:00,松山測站,臺北市,67.5,36.9,73.0,51.3,0.615,2.48,341.7
2026-07-16 22:00:00,松山測站,臺北市,63.3,30.7,58.1,52.9,0.639,2.32,240.7
2026-07-16 23:00:00,松山測站,臺北市,65.1,32.5,45.0,57.4,0.546,2.1,326.9
2026-07-17 00:00:00,松山測站,臺北市,54.0,31.9,50.3,47.4,0.4,2.45,306.8
2026-07-17 01:00:00,松山測站,臺北市,55.1,34.5,63.9,42.3,0.447,1.67,19.9
2026-07-17 02:00:00,松山測站,臺北市,48.4,27.3,55.0,42.8,0.483,3.47,289.3
2026-07-17 03:00:00,松山測站,臺北市,63.9,29.3,45.9,37.4,0.573,2.54,305.8
2026-07-17 04:00:00,松山測站,臺北市,62.1,31.1,61.6,38.9,0.553,2.48,6.3
2026-07-17 05:00:00,松山測站,臺北市,71.2,37.9,73.3,42.1,0.643,2.74,283.5
2026-07-17 06:00:00,松山測站,臺北市,61.9,31.3,52.3,37.3,0.629,2.98,333.1
2026-07-17 07:00:00,松山測站,臺北市,64.3,36.8,48.5,35.8,0.595,2.89,35.1
2026-07-17 08:00:00,松山測站,臺北市,70.6,36.7,68.2,37.9,0.617,2.23,244.3
2026-07-17 09:00:00,松山測站,臺北市,65.1,33.8,57.5,40.4,0.536,1.19,331.9
2026-07-17 10:00:00,松山測站,臺北市,66.7,39.1,69.3,39.4,0.61,2.44,23.7
2026-07-17 11:00:00,松山測站,臺北市,54.5,31.3,64.6,35.9,0.522,0.58,322.8
2026-07-17 12:00:00,松山測站,臺北市,54.4,28.0,45.3,32.2,0.55,1.82,26.7
2026-07-17 13:00:00,松山測站,臺北市,50.0,30.1,50.4,43.0,0.505,1.46,281.8
2026-07-17 14:00:00,松山測站,臺北市,54.1,31.0,48.0,44.7,0.489,2.28,18.4
2026-07-17 15:00:00,松山測站,臺北市,60.3,38.1,71.5,51.3,0.566,2.05,283.8
2026-07-17 16:00:00,松山測站,臺北市,58.5,28.8,53.9,46.8,0.588,2.84,322.3
2026-07-17 17:00:00,松山測站,臺北市,62.0,27.3,54.8,56.6,0.54,3.11,291.6
2026-07-17 18:00:00,松山測站,臺北市,57.8,34.0,61.9,59.8,0.58,2.4,257.3
2026-07-17 19:00:00,松山測站,臺北市,52.6,31.0,54.5,52.4,0.536,3.16,28.5
2026-07-17 20:00:00,松山測站,臺北市,66.0,33.9,65.4,51.3,,2.58,44.9
2026-07-17 21:00:00,松山測站,臺北市,59.5,37.9,63.3,58.3,0.546,2.48,316.6
2026-07-17 22:00:00,松山測站,臺北市,57.2,29.8,54.6,58.4,0.652,2.47,33.5
2026-07-17 23:00:00,松山測站,臺北市,51.4,33.7,50.0,51.3,0.498,2.49,306.0
2026-07-18 00:00:00,松山測站,臺北市,48.9,35.6,73.0,41.2,0.525,1.89,23.5
2026-07-18 01:00:00,松山測站,臺北市,49.0,30.1,42.1,36.7,0.538,3.99,113.9
2026-07-18 02:00:00,松山測站,臺北市,35.5,30.8,47.8,35.3,0.504,3.11,330.0
2026-07-18 03:00:00,松山測站,臺北市,47.9,23.1,44.6,37.6,0.483,3.18,98.6
2026-07-18 04:00:00,松山測站,臺北市,51.9,33.1,59.7,37.7,0.532,2.34,341.3
2026-07-18 05:00:00,松山測站,臺北市,42.3,27.3,51.2,32.6,0.532,3.39,38.3
2026-07-18 06:00:00,松山測站,臺北市,53.4,30.1,58.1,29.9,0.542,3.64,44.0
2026-07-18 07:00:00,松山測站,臺北市,56.3,33.2,56.1,29.5,0.517,3.2,76.6
2026-07-18 08:00:00,松山測站,臺北市,54.2,32.3,49.3,37.5,0.502,2.51,42.8
2026-07-18 09:00:00,松山測站,臺北市,45.9,26.2,42.9,28.4,0.421,2.51,148.9
2026-07-18 10:00:00,松山測站,臺北市,48.8,33.6,53.6,30.5,0.559,2.31,113.5
2026-07-18 11:00:00,松山測站,臺北市,42.1,28.6,49.7,37.7,0.467,2.18,157.3
2026-07-18 12:00:00,松山測站,臺北市,49.6,27.6,43.4,35.3,0.568,1.35,123.0
2026-07-18 13:00:00,松山測站,臺北市,42.7,27.6,42.8,37.4,0.519,2.71,5.9
2026-07-18 14:00:00,松山測站,臺北市,43.9,32.7,65.7,38.5,0.514,3.21,117.9
2026-07-18 15:00:00,松山測站,臺北市,50.6,31.2,52.3,44.7,0.426,2.76,91.2
2026-07-18 16:00:00,松山測站,臺北市,52.1,26.5,52.8,49.7,0.525,2.72,195.8
2026-07-18 17:00:00,松山測站,臺北市,46.8,29.8,46.7,49.3,0.57,3.84,111.6
2026-07-18 18:00:00,松山測站,臺北市,51.0,37.7,56.0,44.4,0.593,3.2,223.0
2026-07-18 19:00:00,松山測站,臺北市,44.9,33.2,58.3,43.6,0.567,3.15,90.9
2026-07-18 20:00:00,松山測站,臺北市,95.1,39.1,49.8,65.9,0.792,1.44,115.2
2026-07-18 21:00:00,松山測站,臺北市,45.3,29.9,47.0,53.3,0.493,4.01,101.5
2026-07-18 22:00:00,松山測站,臺北市,40.1,31.3,60.9,51.2,0.438,2.58,92.6
2026-07-18 23:00:00,松山測站,臺北市,37.3,26.2,50.7,38.4,0.38,3.87,100.0
2026-07-19 00:00:00,松山測站,臺北市,40.0,26.8,53.0,40.7,0.539,2.7,186.6
2026-07-19 01:00:00,松山測站,臺北市,44.6,31.3,51.5,42.5,0.481,3.95,61.1
2026-07-19 02:00:00,松山測站,臺北市,43.5,28.5,44.4,39.8,0.479,1.51,114.5
2026-07-19 03:00:00,松山測站,臺北市,38.3,22.0,37.0,37.2,0.491,1.34,42.1
2026-07-19 04:00:00,松山測站,臺北市,54.5,,38.7,37.6,0.508,2.87,127.5
2026-07-19 05:00:00,松山測站,臺北市,44.5,25.5,41.7,35.0,0.623,3.55,162.5
2026-07-19 06:00:00,松山測站,臺北市,50.0,24.2,41.3,30.6,0.483,2.42,67.6
2026-07-19 07:00:00,松山測站,臺北市,48.3,29.5,45.4,30.0,0.536,2.39,119.2
2026-07-19 08:00:00,松山測站,臺北市,59.4,31.8,59.4,38.8,0.556,2.46,89.0
2026-07-19 09:00:00,松山測站,臺北市,50.6,32.5,49.2,36.0,0.523,3.01,186.4
2026-07-19 10:00:00,松山測站,臺北市,55.8,31.1,55.6,40.1,0.56,2.63,97.5
2026-07-19 11:00:00,松山測站,臺北市,51.5,38.9,73.1,36.6,0.501,3.59,104.0
2026-07-19 12:00:00,松山測站,臺北市,44.1,23.8,40.0,41.2,0.63,2.35,52.3
2026-07-19 13:00:00,松山測站,臺北市,51.0,28.1,50.1,40.2,0.514,3.05,134.5
2026-07-19 14:00:00,松山測站,臺北市,45.2,28.2,53.9,36.5,0.473,3.13,166.7
2026-07-19 15:00:00,松山測站,臺北市,52.8,30.5,58.0,49.5,0.578,3.02,128.8
2026-07-19 16:00:00,松山測站,臺北市,46.2,30.3,59.6,44.2,0.455,2.91,152.1
2026-07-19 17:00:00,松山測站,臺北市,46.3,30.2,46.2,54.8,0.592,1.73,140.9
2026-07-19 18:00:00,松山測站,臺北市,57.3,37.1,52.3,59.2,0.534,2.94,80.8
2026-07-19 19:00:00,松山測站,臺北市,55.5,26.3,53.8,52.7,0.528,1.94,152.9
2026-07-19 20:00:00,松山測站,臺北市,55.6,34.3,58.1,53.2,0.54,2.74,182.7
2026-07-19 21:00:00,松山測站,臺北市,50.1,28.5,54.1,47.4,0.516,2.66,256.8
2026-07-19 22:00:00,松山測站,臺北市,48.5,32.5,62.4,47.6,0.494,2.37,221.0
2026-07-19 23:00:00,松山測站,臺北市,50.4,30.8,44.5,55.7,0.511,1.99,255.7
2026-07-20 00:00:00,松山測站,臺北市,57.3,33.5,49.8,46.0,0.484,2.37,196.3
2026-07-20 01:00:00,松山測站,臺北市,65.5,34.0,55.3,57.3,0.635,1.76,215.5
2026-07-20 02:00:00,松山測站,臺北市,52.9,26.6,41.6,33.4,0.474,2.5,163.6
2026-07-20 03:00:00,松山測站,臺北市,59.0,28.5,51.4,46.8,0.475,1.65,212.0
2026-07-20 04:00:00,松山測站,臺北市,66.4,34.9,56.7,36.1,0.572,1.47,121.7
2026-07-20 05:00:00,松山測站,臺北市,62.3,29.6,40.0,39.0,0.552,3.35,212.8
2026-07-20 06:00:00,松山測站,臺北市,70.3,32.6,45.8,37.2,0.602,1.75,131.1
2026-07-20 07:00:00,松山測站,臺北市,61.2,25.7,40.8,29.9,0.503,3.64,166.0
2026-07-20 08:00:00,松山測站,臺北市,72.0,37.2,54.5,38.4,0.542,3.95,116.3
2026-07-20 09:00:00,松山測站,臺北市,63.6,30.1,55.0,47.8,0.559,1.43,84.0
2026-07-20 10:00:00,松山測站,臺北市,64.0,32.4,58.8,41.2,0.601,2.12,149.4
2026-07-20 11:00:00,松山測站,臺北市,65.4,33.7,60.5,36.2,0.52,1.8,154.9
2026-07-20 12:00:00,松山測站,臺北市,64.3,34.5,69.6,44.6,0.646,2.67,219.7
2026-07-20 13:00:00,松山測站,臺北市,67.9,34.6,57.3,49.8,0.665,2.26,290.9
2026-07-20 14:00:00,松山測站,臺北市,51.8,30.3,43.2,54.8,0.523,2.22,223.4
2026-07-20 15:00:00,松山測站,臺北市,53.8,28.6,49.5,44.6,0.602,3.42,253.4
2026-07-20 16:00:00,松山測站,臺北市,64.5,32.8,57.9,48.3,0.556,1.62,142.0
2026-07-20 17:00:00,松山測站,臺北市,70.6,35.7,62.7,56.6,0.632,2.08,271.9
2026-07-20 18:00:00,松山測站,臺北市,74.6,36.9,60.3,51.9,0.595,1.77,172.2
2026-07-20 19:00:00,松山測站,臺北市,72.1,38.9,64.2,52.9,0.608,1.76,270.1
2026-07-20 20:00:00,松山測站,臺北市,64.1,36.4,65.5,49.7,0.598,2.97,255.0
2026-07-20 21:00:00,松山測站,臺北市,76.1,40.6,77.7,58.7,0.601,3.0,262.9
2026-07-20 22:00:00,松山測站,臺北市,64.4,35.5,66.4,52.0,0.662,3.02,228.3
2026-07-20 23:00:00,松山測站,臺北市,62.2,33.5,48.1,43.9,0.532,1.7,213.6
2026-07-21 00:00:00,松山測站,臺北市,64.8,33.0,50.0,46.7,0.618,2.75,212.1
2026-07-21 01:00:00,松山測站,臺北市,62.5,39.6,68.3,44.9,0.582,2.26,253.3
2026-07-21 02:00:00,松山測站,臺北市,54.6,28.2,52.6,39.1,0.531,2.51,306.9
2026-07-21 03:00:00,松山測站,臺北市,61.6,34.0,64.4,42.4,0.616,2.88,293.4
2026-07-21 04:00:00,松山測站,臺北市,62.3,33.7,47.6,36.7,0.586,2.66,218.7
2026-07-21 05:00:00,松山測站,臺北市,64.4,33.2,51.8,37.7,0.579,3.33,200.1
2026-07-21 06:00:00,松山測站,臺北市,64.1,25.6,39.6,35.3,0.641,2.95,274.3
2026-07-21 07:00:00,松山測站,臺北市,70.3,37.9,54.4,31.7,0.593,2.79,38.2
2026-07-21 08:00:00,松山測站,臺北市,74.2,33.5,59.9,32.8,0.661,2.78,300.0
2026-07-21 09:00:00,松山測站,臺北市,71.0,36.7,68.0,47.3,0.6,2.8,146.0
2026-07-21 10:00:00,松山測站,臺北市,74.5,40.3,77.3,44.5,0.603,2.59,237.5
2026-07-21 11:00:00,松山測站,臺北市,61.6,36.2,51.9,38.0,0.541,2.89,230.0
2026-07-21 12:00:00,松山測站,臺北市,64.5,35.7,56.1,42.6,0.577,1.66,343.9
2026-07-21 13:00:00,松山測站,臺北市,58.5,33.1,48.4,42.2,0.628,2.56,235.5
2026-07-21 14:00:00,松山測站,臺北市,64.7,33.1,62.9,49.6,0.569,3.33,192.7
2026-07-21 15:00:00,松山測站,臺北市,65.4,39.7,56.4,49.3,0.664,2.59,250.9
2026-07-21 16:00:00,松山測站,臺北市,64.1,31.7,60.6,56.6,0.608,1.41,227.0
2026-07-21 17:00:00,松山測站,臺北市,72.6,31.4,62.0,51.4,0.574,2.17,330.7
2026-07-21 18:00:00,松山測站,臺北市,76.1,38.1,68.1,53.4,0.617,2.47,324.5
2026-07-21 19:00:00,松山測站,臺北市,59.0,29.8,55.0,48.1,0.679,2.39,330.1
2026-07-21 20:00:00,松山測站,臺北市,68.8,33.4,60.9,59.9,0.649,2.69,256.8
2026-07-21 21:00:00,松山測站,臺北市,70.2,32.3,47.5,47.2,0.63,1.7,205.6
2026-07-21 22:00:00,松山測站,臺北市,64.3,39.8,64.3,52.5,0.631,3.13,299.1
2026-07-21 23:00:00,松山測站,臺北市,60.5,33.4,62.6,49.1,0.637,3.24,347.3
2026-07-22 00:00:00,松山測站,臺北市,68.0,33.2,65.3,62.4,0.544,1.81,347.0
2026-07-22 01:00:00,松山測站,臺北市,61.2,38.5,77.3,49.9,0.607,1.71,44.4
2026-07-22 02:00:00,松山測站,臺北市,65.1,35.4,52.6,43.6,0.622,2.35,283.3
2026-07-22 03:00:00,松山測站,臺北市,53.6,28.6,53.4,39.8,0.56,2.05,53.6
2026-07-22 04:00:00,松山測站,臺北市,57.9,30.6,52.1,35.0,0.605,1.21,37.5
2026-07-22 05:00:00,松山測站,臺北市,68.5,33.3,64.9,37.5,0.649,1.82,312.7
2026-07-22 06:00:00,松山測站,臺北市,60.1,33.5,50.0,31.2,0.512,2.67,83.4
2026-07-22 07:00:00,松山測站,臺北市,69.7,33.6,48.2,36.9,0.564,3.26,205.3
2026-07-22 08:00:00,松山測站,臺北市,73.2,34.2,59.2,36.7,0.594,,10.8
2026-07-22 09:00:00,松山測站,臺北市,64.9,28.8,53.9,38.7,0.611,2.15,314.7
2026-07-22 10:00:00,松山測站,臺北市,71.3,34.5,59.7,38.6,0.59,2.26,354.0
2026-07-22 11:00:00,松山測站,臺北市,60.4,38.8,47.8,41.9,0.57,2.42,10.5
2026-07-22 12:00:00,松山測站,臺北市,56.9,31.5,48.8,38.1,0.702,1.94,5.5
2026-07-22 13:00:00,松山測站,臺北市,49.0,30.1,45.8,46.4,0.537,2.95,265.6
2026-07-22 14:00:00,松山測站,臺北市,66.2,30.3,61.9,51.2,0.552,2.42,340.1
2026-07-22 15:00:00,松山測站,臺北市,58.8,31.4,51.9,48.9,0.536,2.02,28.7
2026-07-22 16:00:00,松山測站,臺北市,56.6,24.8,47.0,49.7,0.492,2.51,291.5
2026-07-22 17:00:00,松山測站,臺北市,58.2,29.7,48.5,50.5,0.655,2.67,33.6
2026-07-22 18:00:00,松山測站,臺北市,62.2,31.1,66.0,56.0,0.567,2.27,58.5
2026-07-22 19:00:00,松山測站,臺北市,54.9,29.4,58.4,56.2,0.431,1.41,13.7
2026-07-22 20:00:00,松山測站,臺北市,57.5,27.8,54.8,55.0,0.519,2.94,3.1
2026-07-22 21:00:00,松山測站,臺北市,55.5,33.1,72.6,52.4,0.608,1.71,336.2
2026-07-22 22:00:00,松山測站,臺北市,48.8,30.5,42.6,44.5,0.449,2.52,4.4
2026-07-22 23:00:00,松山測站,臺北市,49.8,34.6,69.6,44.8,0.53,2.5,299.6
2026-07-23 00:00:00,松山測站,臺北市,59.5,31.9,50.8,46.6,0.52,3.27,53.1
2026-07-23 01:00:00,松山測站,臺北市,54.0,35.0,68.0,37.8,0.502,1.78,79.0
2026-07-23 02:00:00,松山測站,臺北市,52.8,26.5,42.0,40.7,0.449,2.87,62.8
2026-07-23 03:00:00,松山測站,臺北市,61.4,35.3,55.0,35.3,0.524,2.61,286.3
2026-07-23 04:00:00,松山測站,臺北市,52.2,27.5,39.8,38.4,0.53,3.48,48.4
2026-07-23 05:00:00,松山測站,臺北市,50.3,29.3,55.8,37.1,0.643,2.09,36.3
2026-07-23 06:00:00,松山測站,臺北市,54.5,31.7,57.3,39.3,0.509,3.16,83.6
2026-07-23 07:00:00,松山測站,臺北市,61.0,31.7,49.1,37.5,0.533,3.64,105.8
2026-07-23 08:00:00,松山測站,臺北市,59.3,33.8,61.6,39.2,0.582,2.56,57.7
2026-07-23 09:00:00,松山測站,臺北市,63.0,33.8,62.9,44.7,0.527,2.66,45.4
2026-07-23 10:00:00,松山測站,臺北市,65.6,31.0,44.2,41.3,0.524,1.99,307.6
2026-07-23 11:00:00,松山測站,臺北市,54.4,29.6,52.4,33.9,0.579,1.98,157.1
2026-07-23 12:00:00,松山測站,臺北市,55.1,28.2,50.5,40.4,0.534,3.36,30.8
2026-07-23 13:00:00,松山測站,臺北市,91.8,42.5,75.3,46.0,0.664,2.2,67.4
2026-07-23 14:00:00,松山測站,臺北市,52.1,33.6,53.9,46.1,0.493,3.51,128.0
2026-07-23 15:00:00,松山測站,臺北市,55.1,36.6,57.1,49.7,0.497,2.68,20.1
2026-07-23 16:00:00,松山測站,臺北市,59.8,35.5,50.2,47.4,0.593,2.42,295.8
2026-07-23 17:00:00,松山測站,臺北市,65.1,34.0,55.3,51.4,0.556,2.58,185.0
2026-07-23 18:00:00,松山測站,臺北市,68.0,35.4,62.5,50.7,0.636,1.78,107.5
2026-07-23 19:00:00,松山測站,臺北市,57.7,33.4,38.7,54.1,0.587,2.74,87.4
2026-07-23 20:00:00,松山測站,臺北市,64.6,34.4,62.7,56.3,0.543,0.63,69.8
2026-07-23 21:00:00,松山測站,臺北市,57.5,30.7,56.5,57.3,0.539,2.76,126.8
2026-07-23 22:00:00,松山測站,臺北市,59.2,27.1,44.1,54.6,0.639,2.58,85.9
2026-07-23 23:00:00,松山測站,臺北市,54.5,33.7,66.9,52.9,0.634,2.99,107.4
2026-07-24 00:00:00,松山測站,臺北市,49.9,31.7,56.1,40.6,0.583,1.74,84.2
2026-07-24 01:00:00,松山測站,臺北市,50.8,36.2,57.9,40.5,0.605,0.55,55.8
2026-07-24 02:00:00,松山測站,臺北市,64.1,35.2,51.8,44.0,0.628,3.63,135.4
2026-07-24 03:00:00,松山測站,臺北市,48.1,31.9,42.8,30.5,0.431,1.93,52.2
2026-07-24 04:00:00,松山測站,臺北市,53.2,27.2,42.4,35.1,0.503,3.55,86.3
2026-07-24 05:00:00,松山測站,臺北市,58.1,31.9,51.7,36.5,0.519,2.54,110.0
2026-07-24 06:00:00,松山測站,臺北市,52.7,33.6,60.1,35.1,0.527,1.89,129.9
2026-07-24 07:00:00,松山測站,臺北市,58.4,29.2,42.2,37.9,0.523,4.19,177.7
2026-07-24 08:00:00,松山測站,臺北市,70.0,37.2,68.5,28.6,0.591,2.66,140.3
2026-07-24 09:00:00,松山測站,臺北市,63.3,37.1,63.5,34.3,0.527,3.49,140.5
2026-07-24 10:00:00,松山測站,臺北市,55.1,29.4,40.5,32.3,0.467,2.33,105.4
2026-07-24 11:00:00,松山測站,臺北市,60.6,33.4,55.0,,0.586,2.89,135.8
2026-07-24 12:00:00,松山測站,臺北市,58.9,32.2,54.2,35.1,0.574,2.92,175.6
2026-07-24 13:00:00,松山測站,臺北市,55.6,30.3,49.1,45.6,0.517,3.24,98.4
2026-07-24 14:00:00,松山測站,臺北市,51.7,35.3,56.2,46.4,0.534,0.59,100.1
2026-07-24 15:00:00,松山測站,臺北市,56.6,30.5,53.4,47.4,0.497,2.67,135.0
2026-07-24 16:00:00,松山測站,臺北市,59.1,31.3,39.9,49.6,0.561,1.87,205.5
2026-07-24 17:00:00,松山測站,臺北市,66.8,33.9,49.1,54.1,0.594,2.18,172.9
2026-07-24 18:00:00,松山測站,臺北市,67.8,30.6,42.3,59.1,0.615,2.65,83.4
2026-07-24 19:00:00,松山測站,臺北市,72.2,33.5,61.6,53.1,0.597,2.36,322.2
2026-07-24 20:00:00,松山測站,臺北市,62.6,37.8,68.9,50.4,0.631,1.32,256.0
2026-07-24 21:00:00,松山測站,臺北市,59.7,24.4,41.7,51.8,0.6,1.81,99.2
2026-07-24 22:00:00,松山測站,臺北市,56.6,31.7,64.7,47.1,0.565,2.49,88.4
2026-07-24 23:00:00,松山測站,臺北市,49.6,29.9,47.7,40.0,0.361,,171.7
2026-07-25 00:00:00,松山測站,臺北市,54.6,28.5,57.4,44.2,0.519,2.49,209.8
2026-07-25 01:00:00,松山測站,臺北市,49.2,32.7,48.3,50.2,0.484,2.15,179.4
2026-07-25 02:00:00,松山測站,臺北市,49.9,28.8,45.6,40.8,0.4,3.85,177.9
2026-07-25 03:00:00,松山測站,臺北市,53.0,26.6,36.6,44.6,0.503,3.02,153.2
2026-07-25 04:00:00,松山測站,臺北市,48.8,29.0,45.5,30.6,0.415,1.79,147.4
2026-07-25 05:00:00,松山測站,臺北市,45.2,26.7,38.1,38.3,0.516,2.73,139.8
2026-07-25 06:00:00,松山測站,臺北市,49.4,26.4,41.9,37.3,0.547,2.02,199.4
2026-07-25 07:00:00,松山測站,臺北市,59.7,31.7,54.2,35.0,0.625,1.38,165.6
2026-07-25 08:00:00,松山測站,臺北市,60.7,31.9,52.6,39.1,,1.78,208.8
2026-07-25 09:00:00,松山測站,臺北市,57.4,30.8,46.7,31.8,0.562,1.49,141.1
2026-07-25 10:00:00,松山測站,臺北市,53.0,29.4,52.6,39.0,0.478,2.11,225.0
2026-07-25 11:00:00,松山測站,臺北市,51.9,29.6,48.7,39.4,0.607,2.39,277.9
2026-07-25 12:00:00,松山測站,臺北市,56.3,27.1,46.8,38.3,0.544,2.88,285.0
2026-07-25 13:00:00,松山測站,臺北市,55.1,29.9,57.4,43.9,0.551,3.94,287.2
2026-07-25 14:00:00,松山測站,臺北市,58.6,29.2,42.3,43.9,0.584,2.67,162.1
2026-07-25 15:00:00,松山測站,臺北市,62.8,33.4,51.7,51.3,0.628,2.13,270.5
2026-07-25 16:00:00,松山測站,臺北市,60.7,28.6,61.7,56.3,0.585,3.44,286.1
2026-07-25 17:00:00,松山測站,臺北市,65.9,31.1,49.3,52.7,0.561,2.5,139.1
2026-07-25 18:00:00,松山測站,臺北市,67.3,31.3,46.0,54.5,0.562,2.19,337.9
2026-07-25 19:00:00,松山測站,臺北市,69.8,35.8,65.2,61.0,0.571,2.21,136.8
2026-07-25 20:00:00,松山測站,臺北市,66.1,40.1,52.9,57.7,0.55,1.85,274.5
2026-07-25 21:00:00,松山測站,臺北市,59.2,30.7,52.1,51.0,0.506,2.18,261.7
2026-07-25 22:00:00,松山測站,臺北市,55.2,27.0,33.6,48.4,0.512,2.57,276.9
2026-07-25 23:00:00,松山測站,臺北市,60.8,30.4,49.9,42.8,0.664,1.38,272.1
2026-07-26 00:00:00,松山測站,臺北市,56.6,32.4,65.2,40.2,0.546,2.05,214.7
2026-07-26 01:00:00,松山測站,臺北市,56.9,34.9,68.4,44.4,0.506,2.26,238.5
2026-07-26 02:00:00,松山測站,臺北市,51.3,31.6,40.2,33.9,0.546,1.94,274.6
2026-07-26 03:00:00,松山測站,臺北市,59.0,28.3,55.2,41.6,0.54,1.76,232.9
2026-07-26 04:00:00,松山測站,臺北市,49.9,32.6,57.4,34.5,0.465,2.24,119.7
2026-07-26 05:00:00,松山測站,臺北市,57.1,31.2,49.0,41.1,0.593,3.31,264.1
2026-07-26 06:00:00,松山測站,臺北市,66.3,29.5,47.1,31.3,0.54,2.32,224.7
2026-07-26 07:00:00,松山測站,臺北市,67.0,28.7,52.8,41.4,0.547,2.3,329.1
2026-07-26 08:00:00,松山測站,臺北市,69.0,35.0,48.8,38.7,0.608,2.09,254.6
2026-07-26 09:00:00,松山測站,臺北市,65.4,33.8,64.8,34.7,0.581,2.12,298.7
2026-07-26 10:00:00,松山測站,臺北市,50.5,32.8,64.7,34.4,0.518,3.87,266.7
2026-07-26 11:00:00,松山測站,臺北市,63.8,33.4,58.7,44.8,0.549,1.66,249.9
2026-07-26 12:00:00,松山測站,臺北市,56.2,30.8,65.7,37.8,0.511,1.44,39.7
2026-07-26 13:00:00,松山測站,臺北市,56.9,33.1,56.1,46.3,0.538,3.19,58.2
2026-07-26 14:00:00,松山測站,臺北市,51.4,27.3,47.5,49.3,0.518,2.54,249.1
2026-07-26 15:00:00,松山測站,臺北市,62.4,31.8,64.6,49.3,0.565,2.38,340.7
2026-07-26 16:00:00,松山測站,臺北市,68.8,36.3,63.0,50.7,0.64,2.4,221.8
2026-07-26 17:00:00,松山測站,臺北市,61.3,32.5,56.6,55.0,0.64,2.57,307.5
2026-07-26 18:00:00,松山測站,臺北市,59.1,32.2,56.8,51.3,0.545,2.7,331.4
2026-07-26 19:00:00,松山測站,臺北市,59.6,33.7,53.8,52.0,0.618,1.23,315.2
2026-07-26 20:00:00,松山測站,臺北市,67.7,32.0,56.5,62.1,0.598,2.33,26.5
2026-07-26 21:00:00,松山測站,臺北市,60.1,29.8,57.2,50.3,0.461,2.36,233.6
2026-07-26 22:00:00,松山測站,臺北市,62.7,33.6,56.1,44.5,0.524,3.08,80.7
2026-07-26 23:00:00,松山測站,臺北市,56.9,31.4,51.8,57.0,0.542,3.92,37.6
2026-07-27 00:00:00,松山測站,臺北市,50.7,28.2,45.7,44.8,0.671,1.77,336.6
2026-07-27 01:00:00,松山測站,臺北市,62.3,32.9,55.1,46.0,0.602,2.6,358.4
2026-07-27 02:00:00,松山測站,臺北市,66.0,36.7,61.2,41.8,0.583,2.5,303.7
2026-07-27 03:00:00,松山測站,臺北市,54.2,27.4,44.0,33.2,0.488,2.2,259.5
2026-07-27 04:00:00,松山測站,臺北市,61.2,34.9,61.6,41.1,0.536,1.84,41.8
2026-07-27 05:00:00,松山測站,臺北市,65.3,35.5,44.9,44.0,0.611,3.04,0.3
2026-07-27 06:00:00,松山測站,臺北市,64.3,32.6,57.7,40.9,0.507,1.96,94.5
2026-07-27 07:00:00,松山測站,臺北市,64.6,32.8,50.3,34.2,0.578,2.93,306.6
2026-07-27 08:00:00,松山測站,臺北市,73.1,38.0,62.3,52.5,0.681,2.45,299.8
2026-07-27 09:00:00,松山測站,臺北市,66.6,38.3,65.9,42.0,0.534,2.65,282.7
2026-07-27 10:00:00,松山測站,臺北市,55.4,32.0,51.6,39.5,0.571,1.77,348.2
2026-07-27 11:00:00,松山測站,臺北市,51.6,24.4,38.1,41.9,0.581,2.08,29.5
2026-07-27 12:00:00,松山測站,臺北市,53.7,25.4,40.2,39.3,0.635,1.42,21.1
2026-07-27 13:00:00,松山測站,臺北市,51.5,33.1,54.3,39.1,0.487,3.16,100.4
2026-07-27 14:00:00,松山測站,臺北市,59.4,29.6,55.0,47.6,0.636,1.89,3.7
2026-07-27 15:00:00,松山測站,臺北市,61.8,34.0,63.9,53.9,0.634,3.44,108.2
2026-07-27 16:00:00,松山測站,臺北市,61.8,31.9,61.9,47.9,0.522,2.72,2.2
2026-07-27 17:00:00,松山測站,臺北市,63.2,36.4,74.5,45.9,0.594,2.84,291.0
2026-07-27 18:00:00,松山測站,臺北市,60.8,30.1,50.2,62.0,0.529,2.76,48.7
2026-07-27 19:00:00,松山測站,臺北市,64.7,34.7,60.7,59.6,0.535,2.89,70.1
2026-07-27 20:00:00,松山測站,臺北市,61.5,36.1,69.0,54.5,0.472,2.32,347.2
2026-07-27 21:00:00,松山測站,臺北市,50.9,34.5,62.9,48.3,0.537,3.21,341.5
2026-07-27 22:00:00,松山測站,臺北市,54.6,33.7,55.4,48.3,0.533,2.12,37.6
2026-07-27 23:00:00,松山測站,臺北市,62.9,32.1,66.3,48.0,0.67,2.37,131.0
2026-07-28 00:00:00,松山測站,臺北市,56.1,32.4,49.0,46.7,0.592,2.44,18.6
2026-07-28 01:00:00,松山測站,臺北市,50.9,33.2,56.3,40.0,0.541,3.59,102.0
2026-07-28 02:00:00,松山測站,臺北市,45.7,28.2,42.8,45.5,0.426,1.46,356.4
2026-07-28 03:00:00,松山測站,臺北市,53.3,32.7,57.6,31.8,0.593,2.27,85.2
2026-07-28 04:00:00,松山測站,臺北市,45.8,29.0,51.4,28.7,0.499,1.83,75.8
2026-07-28 05:00:00,松山測站,臺北市,58.0,35.8,66.4,42.1,0.474,2.86,103.7
2026-07-28 06:00:00,松山測站,臺北市,92.7,43.1,65.9,44.3,0.757,1.53,16.3
2026-07-28 07:00:00,松山測站,臺北市,61.6,35.8,53.1,37.7,0.519,3.09,5.4
2026-07-28 08:00:00,松山測站,臺北市,59.3,30.5,60.2,38.1,0.562,1.48,100.0
2026-07-28 09:00:00,松山測站,臺北市,60.5,36.0,59.2,37.2,0.633,2.51,52.0
2026-07-28 10:00:00,松山測站,臺北市,52.4,35.9,67.8,39.0,0.437,3.39,100.3
2026-07-28 11:00:00,松山測站,臺北市,57.7,33.5,44.5,39.4,0.506,2.77,113.4
2026-07-28 12:00:00,松山測站,臺北市,58.7,33.2,48.2,40.4,0.583,2.15,86.8
2026-07-28 13:00:00,松山測站,臺北市,45.7,26.3,52.0,37.5,0.531,2.22,75.9
2026-07-28 14:00:00,松山測站,臺北市,58.9,34.5,73.6,44.2,0.511,1.91,64.0
2026-07-28 15:00:00,松山測站,臺北市,41.9,27.4,52.1,46.4,0.449,3.05,120.8
2026-07-28 16:00:00,松山測站,臺北市,52.5,29.1,39.0,46.5,0.534,1.84,55.8
2026-07-28 17:00:00,松山測站,臺北市,52.7,31.2,60.5,51.0,0.454,2.06,64.6
2026-07-28 18:00:00,松山測站,臺北市,57.9,32.1,57.7,49.2,0.59,2.88,45.7
2026-07-28 19:00:00,松山測站,臺北市,63.1,32.7,62.6,55.6,0.569,2.33,53.5
2026-07-28 20:00:00,松山測站,臺北市,59.4,32.1,63.8,48.9,0.518,0.86,127.1
2026-07-28 21:00:00,松山測站,臺北市,47.6,29.8,60.5,44.9,0.503,3.73,193.3
2026-07-28 22:00:00,松山測站,臺北市,56.7,32.6,60.6,49.9,0.578,2.0,92.5
2026-07-28 23:00:00,松山測站,臺北市,51.6,31.1,44.6,42.0,0.607,4.25,129.6
2026-07-29 00:00:00,松山測站,臺北市,43.6,26.1,55.1,38.4,0.481,2.76,155.6
2026-07-29 01:00:00,松山測站,臺北市,48.6,25.0,41.5,41.8,0.532,2.22,64.5
2026-07-29 02:00:00,松山測站,臺北市,55.6,32.5,67.9,37.4,,2.57,83.0
2026-07-29 03:00:00,松山測站,臺北市,54.7,30.6,58.0,39.9,0.587,2.75,142.4
2026-07-29 04:00:00,松山測站,臺北市,53.2,30.2,56.3,35.6,0.618,3.43,154.8
2026-07-29 05:00:00,松山測站,臺北市,55.6,31.1,56.5,36.5,0.556,2.79,173.7
2026-07-29 06:00:00,松山測站,臺北市,53.9,28.9,60.4,33.2,0.531,2.41,127.7
2026-07-29 07:00:00,松山測站,臺北市,63.8,40.9,65.2,30.2,0.56,3.21,151.1
2026-07-29 08:00:00,松山測站,臺北市,41.5,30.0,41.4,37.8,0.339,3.3,131.5
2026-07-29 09:00:00,松山測站,臺北市,50.1,31.4,50.8,37.1,0.498,1.23,173.1
2026-07-29 10:00:00,松山測站,臺北市,67.0,37.5,57.8,37.0,0.519,2.34,159.6
2026-07-29 11:00:00,松山測站,臺北市,47.9,31.8,58.3,36.8,0.41,2.33,141.4
2026-07-29 12:00:00,松山測站,臺北市,54.3,32.2,,42.4,0.589,2.41,161.5
2026-07-29 13:00:00,松山測站,臺北市,52.6,28.7,50.5,44.7,0.532,2.29,129.0
2026-07-29 14:00:00,松山測站,臺北市,52.1,25.6,45.4,48.8,0.502,3.83,129.1
2026-07-29 15:00:00,松山測站,臺北市,52.5,27.6,57.1,53.1,0.56,1.87,252.6
2026-07-29 16:00:00,松山測站,臺北市,58.1,31.1,59.3,59.7,0.569,2.15,122.4
2026-07-29 17:00:00,松山測站,臺北市,53.5,30.0,53.7,51.2,0.485,2.65,214.7
2026-07-29 18:00:00,松山測站,臺北市,66.2,34.4,71.1,42.7,0.614,4.12,79.0
2026-07-29 19:00:00,松山測站,臺北市,62.1,32.9,52.6,56.4,0.583,2.93,165.9
2026-07-29 20:00:00,松山測站,臺北市,77.0,36.9,59.8,55.8,0.704,1.24,49.3
2026-07-29 21:00:00,松山測站,臺北市,58.8,36.2,63.9,45.1,0.583,2.88,73.0
2026-07-29 22:00:00,松山測站,臺北市,62.6,35.3,67.4,54.6,0.604,2.97,74.0
2026-07-29 23:00:00,松山測站,臺北市,48.7,27.5,45.3,48.0,0.568,3.35,129.0
2026-06-30 00:00:00,板橋測站,新北市,58.5,33.5,49.2,56.6,0.587,2.0,286.0
2026-06-30 01:00:00,板橋測站,新北市,61.3,35.1,72.9,44.9,0.579,3.23,215.2
2026-06-30 02:00:00,板橋測站,新北市,63.1,38.5,59.3,43.9,0.589,3.28,153.0
2026-06-30 03:00:00,板橋測站,新北市,62.5,30.4,46.9,40.9,0.666,,138.8
2026-06-30 04:00:00,板橋測站,新北市,61.3,38.8,73.9,37.2,0.628,1.69,213.6
2026-06-30 05:00:00,板橋測站,新北市,78.5,39.5,64.0,39.9,0.584,2.64,256.5
2026-06-30 06:00:00,板橋測站,新北市,69.3,35.5,51.6,36.4,0.56,3.6,223.7
2026-06-30 07:00:00,板橋測站,新北市,78.0,41.4,68.7,41.6,0.638,2.47,219.8
2026-06-30 08:00:00,板橋測站,新北市,75.2,34.1,48.9,32.6,0.664,2.87,343.1
2026-06-30 09:00:00,板橋測站,新北市,73.7,36.1,65.5,41.4,0.59,2.09,98.2
2026-06-30 10:00:00,板橋測站,新北市,76.7,36.1,61.6,40.5,0.631,2.17,236.4
2026-06-30 11:00:00,板橋測站,新北市,76.1,40.5,79.3,46.8,0.64,2.89,272.0
2026-06-30 12:00:00,板橋測站,新北市,70.6,32.6,63.4,48.4,0.615,3.05,288.3
2026-06-30 13:00:00,板橋測站,新北市,73.3,41.2,72.0,45.9,0.547,2.02,291.9
2026-06-30 14:00:00,板橋測站,新北市,70.8,43.0,90.2,50.7,0.618,1.36,283.1
2026-06-30 15:00:00,板橋測站,新北市,68.1,34.4,68.6,56.1,0.586,2.26,221.7
2026-06-30 16:00:00,板橋測站,新北市,77.5,43.3,74.2,59.3,0.637,2.75,321.8
2026-06-30 17:00:00,板橋測站,新北市,86.3,44.3,84.7,61.7,0.775,2.35,256.0
2026-06-30 18:00:00,板橋測站,新北市,77.8,37.7,73.1,57.5,0.657,3.36,220.8
2026-06-30 19:00:00,板橋測站,新北市,77.0,35.9,68.2,64.7,0.657,2.58,228.6
2026-06-30 20:00:00,板橋測站,新北市,77.0,39.4,76.9,59.7,0.632,2.0,333.9
2026-06-30 21:00:00,板橋測站,新北市,85.3,36.9,54.2,58.7,0.731,2.48,252.5
2026-06-30 22:00:00,板橋測站,新北市,72.5,35.3,61.3,48.2,0.567,1.45,288.0
2026-06-30 23:00:00,板橋測站,新北市,70.2,38.7,51.9,54.7,0.475,3.12,148.7
2026-07-01 00:00:00,板橋測站,新北市,72.6,34.8,65.5,41.4,0.661,0.97,275.5
2026-07-01 01:00:00,板橋測站,新北市,67.5,36.6,67.3,41.1,0.663,2.01,177.9
2026-07-01 02:00:00,板橋測站,新北市,76.6,38.2,68.0,43.6,0.64,2.26,341.9
2026-07-01 03:00:00,板橋測站,新北市,71.0,37.6,62.3,48.5,0.619,1.98,230.0
2026-07-01 04:00:00,板橋測站,新北市,66.8,31.8,53.3,39.5,0.634,0.57,295.3
2026-07-01 05:00:00,板橋測站,新北市,70.7,35.5,54.7,31.4,0.663,2.43,249.7
2026-07-01 06:00:00,板橋測站,新北市,70.2,32.4,56.3,39.7,0.545,2.42,267.1
2026-07-01 07:00:00,板橋測站,新北市,83.3,41.8,79.6,37.8,0.605,1.96,295.6
2026-07-01 08:00:00,板橋測站,新北市,72.5,39.5,58.4,36.0,0.576,2.95,192.9
2026-07-01 09:00:00,板橋測站,新北市,84.2,39.7,65.0,42.7,0.712,1.14,306.4
2026-07-01 10:00:00,板橋測站,新北市,75.4,36.2,52.1,43.9,0.72,3.2,303.4
2026-07-01 11:00:00,板橋測站,新北市,69.9,34.9,68.3,39.7,0.651,3.76,281.6
2026-07-01 12:00:00,板橋測站,新北市,62.8,31.0,59.1,46.9,0.552,2.94,279.3
2026-07-01 13:00:00,板橋測站,新北市,65.5,34.5,66.7,46.0,0.624,1.95,233.1
2026-07-01 14:00:00,板橋測站,新北市,68.8,,54.9,50.1,0.632,3.43,313.5
2026-07-01 15:00:00,板橋測站,新北市,75.0,40.1,58.7,48.9,0.57,2.76,313.0
2026-07-01 16:00:00,板橋測站,新北市,74.7,30.2,48.2,63.3,0.563,1.64,178.8
2026-07-01 17:00:00,板橋測站,新北市,78.5,35.5,52.9,60.5,0.689,3.42,265.3
2026-07-01 18:00:00,板橋測站,新北市,78.7,35.0,49.4,60.2,0.705,2.84,259.6
2026-07-01 19:00:00,板橋測站,新北市,81.3,39.4,72.3,57.1,0.754,2.33,318.6
2026-07-01 20:00:00,板橋測站,新北市,72.3,44.7,73.8,55.7,0.613,2.34,273.4
2026-07-01 21:00:00,板橋測站,新北市,72.8,41.8,57.9,54.1,0.605,3.63,10.1
2026-07-01 22:00:00,板橋測站,新北市,73.1,36.8,48.2,57.8,0.653,3.12,306.4
2026-07-01 23:00:00,板橋測站,新北市,66.4,36.4,48.7,54.0,0.595,1.57,206.3
2026-07-02 00:00:00,板橋測站,新北市,65.6,40.1,80.0,56.6,0.59,2.99,299.2
2026-07-02 01:00:00,板橋測站,新北市,63.4,33.2,70.9,43.3,0.542,1.53,315.8
2026-07-02 02:00:00,板橋測站,新北市,74.6,44.2,79.9,42.2,0.685,2.41,295.0
2026-07-02 03:00:00,板橋測站,新北市,66.0,34.4,65.5,44.7,0.461,2.27,87.6
2026-07-02 04:00:00,板橋測站,新北市,72.7,31.9,44.7,48.7,0.638,1.69,337.9
2026-07-02 05:00:00,板橋測站,新北市,54.7,29.9,52.9,28.1,0.521,3.18,259.2
2026-07-02 06:00:00,板橋測站,新北市,72.0,37.5,62.8,38.6,0.666,1.31,329.9
2026-07-02 07:00:00,板橋測站,新北市,72.2,36.9,64.5,36.1,0.631,3.28,299.3
2026-07-02 08:00:00,板橋測站,新北市,76.7,37.8,51.0,46.1,0.606,2.9,313.8
2026-07-02 09:00:00,板橋測站,新北市,70.8,40.6,75.5,42.9,0.602,2.25,314.6
2026-07-02 10:00:00,板橋測站,新北市,74.2,35.7,67.7,42.3,0.671,2.23,337.6
2026-07-02 11:00:00,板橋測站,新北市,65.8,38.5,59.5,42.0,0.636,2.25,96.5
2026-07-02 12:00:00,板橋測站,新北市,63.0,34.4,47.6,39.3,0.554,3.15,358.2
2026-07-02 13:00:00,板橋測站,新北市,60.8,38.3,75.8,41.8,0.545,3.66,16.3
2026-07-02 14:00:00,板橋測站,新北市,62.5,37.1,70.9,48.8,0.624,1.55,6.7
2026-07-02 15:00:00,板橋測站,新北市,59.9,31.4,56.6,48.2,0.533,2.44,305.9
2026-07-02 16:00:00,板橋測站,新北市,70.0,40.2,60.5,55.4,0.512,2.64,182.6
2026-07-02 17:00:00,板橋測站,新北市,69.5,36.3,65.5,59.1,0.503,2.67,156.5
2026-07-02 18:00:00,板橋測站,新北市,74.0,34.3,47.5,62.1,0.584,2.27,330.8
2026-07-02 19:00:00,板橋測站,新北市,66.8,40.5,62.6,51.1,0.504,1.43,27.2
2026-07-02 20:00:00,板橋測站,新北市,71.6,35.5,63.0,55.6,0.567,,139.4
2026-07-02 21:00:00,板橋測站,新北市,54.9,32.1,51.5,53.8,0.602,2.52,57.3
2026-07-02 22:00:00,板橋測站,新北市,70.2,42.7,77.6,50.2,0.663,1.3,16.1
2026-07-02 23:00:00,板橋測站,新北市,60.6,33.0,58.5,49.2,0.547,3.1,46.2
2026-07-03 00:00:00,板橋測站,新北市,66.4,36.4,54.5,42.4,0.504,2.58,321.1
2026-07-03 01:00:00,板橋測站,新北市,65.2,35.7,63.7,48.8,0.55,1.64,104.4
2026-07-03 02:00:00,板橋測站,新北市,60.5,33.8,52.4,44.3,0.527,3.84,10.1
2026-07-03 03:00:00,板橋測站,新北市,66.5,35.4,73.1,46.7,,3.07,146.6
2026-07-03 04:00:00,板橋測站,新北市,57.9,34.0,49.5,45.0,0.505,1.77,136.6
2026-07-03 05:00:00,板橋測站,新北市,64.0,41.7,74.5,35.6,0.592,1.1,88.7
2026-07-03 06:00:00,板橋測站,新北市,65.8,35.6,64.6,40.7,0.535,2.68,168.1
2026-07-03 07:00:00,板橋測站,新北市,75.3,33.6,51.8,39.6,0.569,2.47,56.4
2026-07-03 08:00:00,板橋測站,新北市,79.1,38.2,57.8,37.0,0.693,2.9,7.3
2026-07-03 09:00:00,板橋測站,新北市,67.7,32.1,65.8,37.4,0.59,1.51,27.3
2026-07-03 10:00:00,板橋測站,新北市,72.4,37.6,73.3,35.3,0.574,3.19,58.2
2026-07-03 11:00:00,板橋測站,新北市,69.5,36.4,55.4,32.2,0.621,2.24,150.7
2026-07-03 12:00:00,板橋測站,新北市,62.9,31.7,56.8,48.4,0.567,1.73,82.8
2026-07-03 13:00:00,板橋測站,新北市,56.7,38.2,62.0,47.8,0.605,2.99,153.1
2026-07-03 14:00:00,板橋測站,新北市,61.6,35.3,64.7,47.9,0.659,3.51,77.6
2026-07-03 15:00:00,板橋測站,新北市,58.2,38.4,62.0,47.8,0.574,2.41,44.5
2026-07-03 16:00:00,板橋測站,新北市,63.8,36.1,68.7,57.5,0.632,2.16,125.6
2026-07-03 17:00:00,板橋測站,新北市,66.1,32.1,61.2,64.7,0.667,2.82,100.7
2026-07-03 18:00:00,板橋測站,新北市,67.5,33.2,48.4,55.4,0.496,1.92,76.4
2026-07-03 19:00:00,板橋測站,新北市,64.6,33.5,67.7,57.8,0.56,2.29,91.4
2026-07-03 20:00:00,板橋測站,新北市,59.3,31.9,58.5,49.1,0.56,2.49,347.5
2026-07-03 21:00:00,板橋測站,新北市,60.3,37.1,79.1,57.9,0.639,4.36,140.7
2026-07-03 22:00:00,板橋測站,新北市,59.4,37.2,68.3,48.6,0.583,1.95,64.2
2026-07-03 23:00:00,板橋測站,新北市,59.6,33.9,54.4,44.8,0.52,2.7,117.0
2026-07-04 00:00:00,板橋測站,新北市,55.3,35.5,62.8,47.0,0.598,3.11,128.7
2026-07-04 01:00:00,板橋測站,新北市,56.5,26.5,47.8,48.7,0.627,1.43,188.6
2026-07-04 02:00:00,板橋測站,新北市,44.4,27.2,40.7,32.5,0.524,3.08,172.0
2026-07-04 03:00:00,板橋測站,新北市,48.4,31.5,63.3,26.3,0.463,2.56,57.3
2026-07-04 04:00:00,板橋測站,新北市,50.2,31.7,53.4,38.7,0.507,2.21,110.9
2026-07-04 05:00:00,板橋測站,新北市,53.5,27.6,50.5,40.6,0.564,3.31,67.4
2026-07-04 06:00:00,板橋測站,新北市,55.3,29.6,60.7,41.1,0.486,2.14,121.8
2026-07-04 07:00:00,板橋測站,新北市,64.2,30.1,55.8,29.3,0.563,2.46,151.9
2026-07-04 08:00:00,板橋測站,新北市,62.5,33.9,58.5,34.4,0.58,2.63,226.5
2026-07-04 09:00:00,板橋測站,新北市,65.6,39.4,74.7,37.7,0.585,1.62,204.6
2026-07-04 10:00:00,板橋測站,新北市,62.5,34.1,56.8,42.1,0.51,2.27,134.8
2026-07-04 11:00:00,板橋測站,新北市,57.9,32.0,48.4,39.7,0.559,3.61,173.1
2026-07-04 12:00:00,板橋測站,新北市,53.7,32.8,53.4,40.5,0.481,3.48,165.6
2026-07-04 13:00:00,板橋測站,新北市,49.8,31.6,54.5,40.3,0.484,2.77,127.3
2026-07-04 14:00:00,板橋測站,新北市,52.2,28.5,46.6,44.1,0.538,3.03,188.6
2026-07-04 15:00:00,板橋測站,新北市,59.4,33.5,49.7,47.0,0.564,1.86,158.3
2026-07-04 16:00:00,板橋測站,新北市,54.9,28.2,54.0,46.7,0.487,2.76,231.6
2026-07-04 17:00:00,板橋測站,新北市,60.5,33.9,57.9,60.8,0.69,0.5,153.6
2026-07-04 18:00:00,板橋測站,新北市,60.3,33.7,55.1,53.3,0.521,2.28,190.3
2026-07-04 19:00:00,板橋測站,新北市,57.2,28.8,44.5,52.7,0.532,2.82,262.5
2026-07-04 20:00:00,板橋測站,新北市,63.8,30.8,55.0,53.6,0.498,2.92,108.3
2026-07-04 21:00:00,板橋測站,新北市,65.9,41.3,66.6,49.3,0.625,1.97,111.2
2026-07-04 22:00:00,板橋測站,新北市,55.3,31.9,61.4,47.1,0.63,,262.8
2026-07-04 23:00:00,板橋測站,新北市,50.9,32.2,45.8,50.4,0.598,3.35,154.7
2026-07-05 00:00:00,板橋測站,新北市,56.6,31.2,56.8,44.7,0.562,1.11,177.5
2026-07-05 01:00:00,板橋測站,新北市,63.6,38.6,51.8,47.7,0.467,3.13,171.3
2026-07-05 02:00:00,板橋測站,新北市,65.5,30.5,49.9,42.7,0.524,2.74,223.2
2026-07-05 03:00:00,板橋測站,新北市,65.8,38.8,73.3,36.5,0.667,1.78,270.4
2026-07-05 04:00:00,板橋測站,新北市,60.5,35.5,59.6,38.7,0.55,2.88,184.1
2026-07-05 05:00:00,板橋測站,新北市,56.1,35.3,58.1,34.4,0.487,3.67,280.1
2026-07-05 06:00:00,板橋測站,新北市,68.3,35.2,69.1,37.0,0.574,3.6,195.4
2026-07-05 07:00:00,板橋測站,新北市,76.9,34.3,68.3,40.4,0.633,1.36,260.5
2026-07-05 08:00:00,板橋測站,新北市,66.3,35.6,69.6,42.5,0.594,1.51,288.5
2026-07-05 09:00:00,板橋測站,新北市,66.8,32.7,51.4,33.1,0.567,2.83,186.4
2026-07-05 10:00:00,板橋測站,新北市,66.8,33.9,57.1,48.0,0.581,2.58,123.9
2026-07-05 11:00:00,板橋測站,新北市,69.5,35.2,61.5,45.3,0.644,1.96,273.1
2026-07-05 12:00:00,板橋測站,新北市,56.6,35.9,58.9,40.0,0.552,1.69,229.6
2026-07-05 13:00:00,板橋測站,新北市,60.6,32.9,50.6,42.7,0.562,1.69,348.0
2026-07-05 14:00:00,板橋測站,新北市,66.8,36.8,63.0,38.8,0.578,1.34,209.0
2026-07-05 15:00:00,板橋測站,新北市,64.7,38.3,74.2,50.7,0.605,1.97,301.1
2026-07-05 16:00:00,板橋測站,新北市,66.1,41.2,68.2,52.6,0.578,2.76,211.5
2026-07-05 17:00:00,板橋測站,新北市,56.0,24.3,44.6,59.3,0.546,1.55,207.9
2026-07-05 18:00:00,板橋測站,新北市,70.6,33.9,62.1,58.3,0.616,1.35,319.1
2026-07-05 19:00:00,板橋測站,新北市,70.1,36.0,62.8,57.1,0.542,3.03,231.3
2026-07-05 20:00:00,板橋測站,新北市,73.1,36.9,54.6,60.0,0.584,1.88,240.1
2026-07-05 21:00:00,板橋測站,新北市,65.3,30.6,49.9,52.6,0.58,2.44,236.1
2026-07-05 22:00:00,板橋測站,新北市,57.7,33.7,59.8,49.3,0.486,3.09,240.9
2026-07-05 23:00:00,板橋測站,新北市,57.7,34.1,60.3,43.1,0.501,3.38,208.7
2026-07-06 00:00:00,板橋測站,新北市,70.8,34.5,61.0,50.2,0.62,3.89,286.7
2026-07-06 01:00:00,板橋測站,新北市,65.6,37.8,58.2,43.0,0.58,2.03,236.7
2026-07-06 02:00:00,板橋測站,新北市,62.1,39.1,61.0,47.4,0.574,1.69,183.8
2026-07-06 03:00:00,板橋測站,新北市,67.7,34.0,55.7,45.7,0.608,2.43,340.3
2026-07-06 04:00:00,板橋測站,新北市,67.4,34.0,63.6,,0.56,0.88,233.1
2026-07-06 05:00:00,板橋測站,新北市,73.3,38.0,82.9,43.6,0.698,2.76,1.0
2026-07-06 06:00:00,板橋測站,新北市,84.3,43.1,72.3,42.2,0.665,2.51,230.4
2026-07-06 07:00:00,板橋測站,新北市,78.0,31.6,57.4,42.3,0.724,2.37,352.4
2026-07-06 08:00:00,板橋測站,新北市,74.5,45.1,74.6,45.6,0.576,2.0,355.4
2026-07-06 09:00:00,板橋測站,新北市,69.5,38.4,80.6,33.3,0.692,1.88,254.4
2026-07-06 10:00:00,板橋測站,新北市,68.8,33.3,54.2,43.8,0.575,1.43,253.0
2026-07-06 11:00:00,板橋測站,新北市,73.1,36.7,66.2,48.1,0.613,1.49,289.2
2026-07-06 12:00:00,板橋測站,新北市,71.9,32.9,61.5,44.8,0.584,2.74,199.7
2026-07-06 13:00:00,板橋測站,新北市,61.3,33.7,47.9,42.9,0.552,2.11,299.4
2026-07-06 14:00:00,板橋測站,新北市,66.6,40.4,73.1,49.4,0.603,3.16,261.0
2026-07-06 15:00:00,板橋測站,新北市,75.6,38.3,81.3,54.2,0.627,2.55,287.1
2026-07-06 16:00:00,板橋測站,新北市,82.7,40.1,73.6,52.2,0.702,1.52,0.4
2026-07-06 17:00:00,板橋測站,新北市,70.2,37.2,49.4,63.4,0.593,2.36,334.4
2026-07-06 18:00:00,板橋測站,新北市,81.2,40.3,67.6,66.0,0.693,3.49,355.6
2026-07-06 19:00:00,板橋測站,新北市,67.3,44.0,88.7,55.9,0.654,1.82,343.4
2026-07-06 20:00:00,板橋測站,新北市,72.3,42.1,83.8,48.1,0.62,2.52,324.3
2026-07-06 21:00:00,板橋測站,新北市,75.4,37.0,68.8,47.5,0.669,1.96,264.8
2026-07-06 22:00:00,板橋測站,新北市,70.1,40.5,59.3,57.4,0.657,2.2,279.9
2026-07-06 23:00:00,板橋測站,新北市,63.9,37.9,63.8,43.7,0.626,1.96,339.2
2026-07-07 00:00:00,板橋測站,新北市,72.4,33.5,61.8,52.0,0.687,1.3,355.3
2026-07-07 01:00:00,板橋測站,新北市,71.1,36.5,57.3,49.2,0.648,2.64,273.0
2026-07-07 02:00:00,板橋測站,新北市,70.7,40.5,58.6,44.9,0.626,1.46,310.2
2026-07-07 03:00:00,板橋測站,新北市,58.6,35.9,58.1,41.6,0.556,2.78,311.5
2026-07-07 04:00:00,板橋測站,新北市,62.1,32.6,61.4,39.7,0.566,2.08,316.7
2026-07-07 05:00:00,板橋測站,新北市,80.2,36.9,70.3,44.0,0.593,2.72,288.9
2026-07-07 06:00:00,板橋測站,新北市,75.4,37.5,79.9,42.4,0.688,2.5,317.6
2026-07-07 07:00:00,板橋測站,新北市,77.6,42.2,89.0,43.8,0.66,2.34,352.5
2026-07-07 08:00:00,板橋測站,新北市,69.7,36.5,69.3,40.1,0.613,2.81,24.5
2026-07-07 09:00:00,板橋測站,新北市,74.7,33.8,57.4,40.6,0.619,1.86,75.9
2026-07-07 10:00:00,板橋測站,新北市,76.6,39.7,68.5,43.1,0.635,2.42,329.7
2026-07-07 11:00:00,板橋測站,新北市,67.2,36.7,67.4,45.1,0.555,1.9,327.9
2026-07-07 12:00:00,板橋測站,新北市,58.5,37.1,68.1,47.3,0.53,2.29,304.3
2026-07-07 13:00:00,板橋測站,新北市,67.4,38.7,65.8,47.1,0.575,1.73,73.9
2026-07-07 14:00:00,板橋測站,新北市,67.6,34.2,50.7,44.7,0.611,2.01,313.6
2026-07-07 15:00:00,板橋測站,新北市,58.1,29.2,56.5,45.5,0.589,2.38,40.7
2026-07-07 16:00:00,板橋測站,新北市,67.0,33.7,44.1,55.3,0.552,2.95,353.4
2026-07-07 17:00:00,板橋測站,新北市,75.4,34.7,63.3,61.3,0.722,2.22,116.1
2026-07-07 18:00:00,板橋測站,新北市,69.4,40.0,64.0,46.7,0.554,2.6,305.8
2026-07-07 19:00:00,板橋測站,新北市,71.6,39.9,74.4,55.0,0.573,2.17,26.6
2026-07-07 20:00:00,板橋測站,新北市,65.2,40.7,72.5,50.8,0.594,3.16,86.2
2026-07-07 21:00:00,板橋測站,新北市,61.6,36.4,63.8,55.7,0.666,2.71,58.1
2026-07-07 22:00:00,板橋測站,新北市,64.8,31.2,50.3,50.2,0.697,2.16,349.3
2026-07-07 23:00:00,板橋測站,新北市,65.8,33.0,69.2,51.1,0.515,2.7,11.2
2026-07-08 00:00:00,板橋測站,新北市,66.9,34.2,72.1,45.6,0.589,2.58,348.8
2026-07-08 01:00:00,板橋測站,新北市,60.3,33.8,66.1,45.4,0.575,1.98,8.5
2026-07-08 02:00:00,板橋測站,新北市,58.1,33.8,53.3,,0.52,2.23,354.9
2026-07-08 03:00:00,板橋測站,新北市,66.8,36.1,63.5,42.1,0.538,2.19,353.5
2026-07-08 04:00:00,板橋測站,新北市,57.8,26.2,57.7,41.4,0.621,3.4,85.0
2026-07-08 05:00:00,板橋測站,新北市,58.6,31.0,57.3,46.8,0.541,3.8,42.4
2026-07-08 06:00:00,板橋測站,新北市,70.9,42.1,69.8,34.9,0.556,2.72,43.2
2026-07-08 07:00:00,板橋測站,新北市,68.2,38.0,62.6,36.6,0.631,2.73,132.4
2026-07-08 08:00:00,板橋測站,新北市,69.0,30.2,46.7,34.4,0.616,2.03,346.1
2026-07-08 09:00:00,板橋測站,新北市,71.0,35.3,59.7,44.9,0.616,2.31,38.8
2026-07-08 10:00:00,板橋測站,新北市,65.9,39.9,75.5,42.5,0.525,1.71,54.7
2026-07-08 11:00:00,板橋測站,新北市,56.4,30.3,40.6,38.6,0.545,1.89,73.3
2026-07-08 12:00:00,板橋測站,新北市,56.0,36.7,69.1,42.5,0.476,2.39,4.0
2026-07-08 13:00:00,板橋測站,新北市,57.2,31.5,40.6,44.4,0.581,3.07,33.0
2026-07-08 14:00:00,板橋測站,新北市,58.7,34.6,63.3,43.4,0.7,2.23,334.0
2026-07-08 15:00:00,板橋測站,新北市,57.6,25.5,52.7,45.2,0.531,3.08,344.7
2026-07-08 16:00:00,板橋測站,新北市,56.6,32.9,56.9,45.4,0.56,2.34,114.2
2026-07-08 17:00:00,板橋測站,新北市,66.7,36.6,70.0,53.1,0.589,3.04,47.4
2026-07-08 18:00:00,板橋測站,新北市,73.5,42.0,76.4,48.3,0.684,2.3,49.0
2026-07-08 19:00:00,板橋測站,新北市,71.5,34.6,69.4,52.4,0.615,3.01,104.6
2026-07-08 20:00:00,板橋測站,新北市,69.4,40.1,48.8,51.6,0.649,1.19,78.0
2026-07-08 21:00:00,板橋測站,新北市,62.2,39.3,69.7,53.1,0.594,2.26,156.7
2026-07-08 22:00:00,板橋測站,新北市,54.5,33.5,56.6,53.4,0.547,3.02,112.7
2026-07-08 23:00:00,板橋測站,新北市,59.4,32.4,59.4,51.9,0.512,2.53,334.4
2026-07-09 00:00:00,板橋測站,新北市,54.1,,65.0,33.8,0.518,2.71,133.6
2026-07-09 01:00:00,板橋測站,新北市,61.9,34.2,49.3,44.7,0.512,1.08,51.3
2026-07-09 02:00:00,板橋測站,新北市,64.8,34.7,48.8,36.7,0.635,0.82,83.5
2026-07-09 03:00:00,板橋測站,新北市,57.3,34.4,46.9,36.6,0.515,1.89,170.4
2026-07-09 04:00:00,板橋測站,新北市,52.4,33.5,62.1,36.2,0.569,2.38,143.9
2026-07-09 05:00:00,板橋測站,新北市,53.0,24.8,46.8,37.4,0.506,3.54,97.7
2026-07-09 06:00:00,板橋測站,新北市,66.3,37.7,70.6,35.3,0.521,3.4,149.2
2026-07-09 07:00:00,板橋測站,新北市,70.5,46.3,71.9,37.9,0.567,1.98,106.9
2026-07-09 08:00:00,板橋測站,新北市,67.3,32.0,51.8,37.2,0.638,2.63,147.2
2026-07-09 09:00:00,板橋測站,新北市,72.1,37.7,67.2,40.9,0.612,3.31,108.7
2026-07-09 10:00:00,板橋測站,新北市,67.0,37.3,67.5,39.0,0.574,1.29,102.2
2026-07-09 11:00:00,板橋測站,新北市,63.2,39.0,46.7,43.9,0.553,2.68,140.2
2026-07-09 12:00:00,板橋測站,新北市,59.3,33.9,54.7,42.4,0.617,3.07,180.7
2026-07-09 13:00:00,板橋測站,新北市,51.4,35.7,73.3,38.9,0.465,3.9,94.4
2026-07-09 14:00:00,板橋測站,新北市,67.2,36.5,58.6,43.9,0.599,1.55,128.3
2026-07-09 15:00:00,板橋測站,新北市,68.3,37.2,62.2,51.5,0.578,2.81,143.8
2026-07-09 16:00:00,板橋測站,新北市,60.9,40.1,77.2,50.0,0.629,2.02,71.0
2026-07-09 17:00:00,板橋測站,新北市,66.1,39.8,71.8,59.8,0.632,2.13,149.9
2026-07-09 18:00:00,板橋測站,新北市,72.5,34.9,56.7,50.1,0.616,2.02,218.5
2026-07-09 19:00:00,板橋測站,新北市,60.9,33.5,63.0,54.0,0.66,2.85,142.4
2026-07-09 20:00:00,板橋測站,新北市,69.1,35.5,49.8,52.7,0.632,3.14,46.9
2026-07-09 21:00:00,板橋測站,新北市,72.3,36.9,56.2,49.8,0.623,2.19,205.8
2026-07-09 22:00:00,板橋測站,新北市,61.0,31.3,50.3,52.5,0.531,3.02,139.8
2026-07-09 23:00:00,板橋測站,新北市,58.7,32.5,55.2,46.4,0.606,3.92,188.5
2026-07-10 00:00:00,板橋測站,新北市,68.9,39.6,58.4,44.4,0.598,1.84,157.8
2026-07-10 01:00:00,板橋測站,新北市,59.3,33.4,48.7,37.4,0.525,1.35,196.4
2026-07-10 02:00:00,板橋測站,新北市,65.9,36.6,73.1,42.3,0.537,2.84,231.0
2026-07-10 03:00:00,板橋測站,新北市,68.6,34.6,52.4,45.3,0.581,2.13,55.8
2026-07-10 04:00:00,板橋測站,新北市,63.4,35.5,71.3,34.8,0.554,1.72,161.0
2026-07-10 05:00:00,板橋測站,新北市,72.3,41.8,72.9,35.6,0.689,3.02,189.2
2026-07-10 06:00:00,板橋測站,新北市,63.9,31.4,50.2,29.0,0.568,3.48,186.0
2026-07-10 07:00:00,板橋測站,新北市,82.5,41.8,69.2,41.1,0.625,1.42,283.9
2026-07-10 08:00:00,板橋測站,新北市,72.3,40.6,68.6,41.6,0.594,2.63,91.4
2026-07-10 09:00:00,板橋測站,新北市,77.9,31.3,54.0,44.2,0.586,1.34,169.1
2026-07-10 10:00:00,板橋測站,新北市,73.0,31.4,51.1,40.7,0.654,2.38,180.2
2026-07-10 11:00:00,板橋測站,新北市,59.2,34.6,49.0,42.2,0.633,2.38,243.5
2026-07-10 12:00:00,板橋測站,新北市,60.1,35.2,60.9,40.5,0.554,3.14,210.9
2026-07-10 13:00:00,板橋測站,新北市,61.8,42.5,62.3,46.8,0.588,,208.8
2026-07-10 14:00:00,板橋測站,新北市,67.3,32.8,64.0,51.5,0.584,2.05,197.0
2026-07-10 15:00:00,板橋測站,新北市,62.9,34.6,58.7,45.4,0.551,1.73,304.3
2026-07-10 16:00:00,板橋測站,新北市,69.2,38.3,62.1,48.2,0.542,2.88,158.7
2026-07-10 17:00:00,板橋測站,新北市,78.3,39.1,59.2,53.6,0.604,2.66,196.4
2026-07-10 18:00:00,板橋測站,新北市,63.8,37.3,70.6,60.2,0.585,3.05,242.5
2026-07-10 19:00:00,板橋測站,新北市,84.6,37.1,69.3,59.4,0.741,1.77,350.8
2026-07-10 20:00:00,板橋測站,新北市,84.9,41.2,81.1,55.2,0.619,2.95,255.1
2026-07-10 21:00:00,板橋測站,新北市,70.6,37.0,70.5,52.4,0.662,2.96,274.7
2026-07-10 22:00:00,板橋測站,新北市,71.9,32.8,58.3,59.3,0.728,1.06,224.6
2026-07-10 23:00:00,板橋測站,新北市,65.2,36.2,66.5,54.9,0.536,1.6,192.7
2026-07-11 00:00:00,板橋測站,新北市,59.6,30.6,58.6,44.1,0.608,2.36,310.4
2026-07-11 01:00:00,板橋測站,新北市,60.5,34.5,57.8,48.0,0.548,2.76,210.3
2026-07-11 02:00:00,板橋測站,新北市,65.4,34.0,58.6,50.1,0.534,1.29,224.1
2026-07-11 03:00:00,板橋測站,新北市,54.9,29.0,51.3,37.3,0.522,2.05,351.8
2026-07-11 04:00:00,板橋測站,新北市,58.9,30.2,44.0,46.5,0.534,3.01,323.5
2026-07-11 05:00:00,板橋測站,新北市,61.9,32.6,66.3,32.0,0.519,0.6,299.7
2026-07-11 06:00:00,板橋測站,新北市,66.7,35.5,63.5,36.1,0.564,2.39,302.1
2026-07-11 07:00:00,板橋測站,新北市,83.3,39.9,75.2,35.1,0.659,0.97,273.8
2026-07-11 08:00:00,板橋測站,新北市,69.8,30.9,46.0,32.2,0.657,1.76,336.0
2026-07-11 09:00:00,板橋測站,新北市,68.2,34.7,70.0,42.3,0.6,2.66,320.0
2026-07-11 10:00:00,板橋測站,新北市,68.9,36.1,61.2,41.0,0.588,3.18,203.5
2026-07-11 11:00:00,板橋測站,新北市,72.6,37.4,56.8,37.0,0.619,2.47,322.2
2026-07-11 12:00:00,板橋測站,新北市,61.5,28.2,64.2,38.7,0.644,1.73,278.0
2026-07-11 13:00:00,板橋測站,新北市,65.3,33.2,52.5,48.2,0.577,2.79,17.8
2026-07-11 14:00:00,板橋測站,新北市,62.3,40.1,76.5,49.9,0.523,2.52,294.4
2026-07-11 15:00:00,板橋測站,新北市,60.5,35.6,59.0,49.3,0.563,2.14,304.7
2026-07-11 16:00:00,板橋測站,新北市,64.1,43.4,75.4,50.4,0.687,1.42,323.4
2026-07-11 17:00:00,板橋測站,新北市,70.9,38.0,67.3,60.4,0.595,2.39,200.5
2026-07-11 18:00:00,板橋測站,新北市,71.1,34.7,49.3,58.1,0.534,2.36,238.5
2026-07-11 19:00:00,板橋測站,新北市,65.1,39.1,75.6,61.5,0.551,3.38,228.4
2026-07-11 20:00:00,板橋測站,新北市,70.3,35.4,59.8,60.1,0.661,2.41,319.3
2026-07-11 21:00:00,板橋測站,新北市,66.3,36.8,73.4,57.7,0.514,2.22,238.9
2026-07-11 22:00:00,板橋測站,新北市,62.8,40.0,78.9,55.1,0.476,2.0,338.0
2026-07-11 23:00:00,板橋測站,新北市,45.6,28.0,59.2,47.4,0.541,2.74,351.5
2026-07-12 00:00:00,板橋測站,新北市,57.7,34.2,68.4,52.8,0.624,2.15,271.5
2026-07-12 01:00:00,板橋測站,新北市,65.4,37.3,68.6,48.0,0.537,2.77,42.8
2026-07-12 02:00:00,板橋測站,新北市,66.9,38.2,66.4,53.0,0.555,2.27,47.7
2026-07-12 03:00:00,板橋測站,新北市,61.7,42.3,78.8,45.8,0.514,2.24,329.4
2026-07-12 04:00:00,板橋測站,新北市,64.3,37.3,60.6,44.6,0.787,2.83,341.5
2026-07-12 05:00:00,板橋測站,新北市,54.2,31.1,54.5,35.7,0.627,3.35,330.3
2026-07-12 06:00:00,板橋測站,新北市,57.9,37.9,63.7,38.6,0.607,0.73,296.6
2026-07-12 07:00:00,板橋測站,新北市,66.9,38.3,52.8,40.6,0.575,2.69,283.9
2026-07-12 08:00:00,板橋測站,新北市,62.2,37.2,58.4,34.7,0.536,3.32,264.2
2026-07-12 09:00:00,板橋測站,新北市,73.1,41.5,75.7,37.2,0.618,1.32,298.1
2026-07-12 10:00:00,板橋測站,新北市,65.9,37.8,74.7,41.9,0.669,,52.2
2026-07-12 11:00:00,板橋測站,新北市,61.3,37.7,71.3,40.7,0.56,2.69,31.9
2026-07-12 12:00:00,板橋測站,新北市,58.8,33.6,,43.8,0.509,2.28,264.1
2026-07-12 13:00:00,板橋測站,新北市,56.4,32.9,70.4,39.5,0.584,3.98,62.2
2026-07-12 14:00:00,板橋測站,新北市,56.7,30.2,44.1,43.7,0.514,2.22,0.4
2026-07-12 15:00:00,板橋測站,新北市,60.9,30.9,58.4,48.9,0.662,2.55,280.3
2026-07-12 16:00:00,板橋測站,新北市,63.0,36.8,56.2,59.1,0.526,2.82,23.0
2026-07-12 17:00:00,板橋測站,新北市,66.1,41.0,73.0,58.7,0.563,2.43,303.9
2026-07-12 18:00:00,板橋測站,新北市,58.7,34.2,46.0,55.4,0.519,3.31,358.6
2026-07-12 19:00:00,板橋測站,新北市,56.9,33.9,66.9,53.2,0.543,2.86,325.7
2026-07-12 20:00:00,板橋測站,新北市,53.2,34.0,60.9,55.4,0.56,1.61,349.9
2026-07-12 21:00:00,板橋測站,新北市,52.2,37.8,64.7,53.1,0.461,2.03,32.8
2026-07-12 22:00:00,板橋測站,新北市,56.7,33.3,60.4,49.9,0.535,2.15,42.8
2026-07-12 23:00:00,板橋測站,新北市,55.1,33.8,50.8,49.9,0.616,2.57,10.4
2026-07-13 00:00:00,板橋測站,新北市,60.3,31.1,47.3,44.7,0.559,2.03,108.1
2026-07-13 01:00:00,板橋測站,新北市,57.9,34.4,57.3,45.3,0.57,1.34,52.9
2026-07-13 02:00:00,板橋測站,新北市,58.5,34.4,60.5,47.6,0.5,2.18,78.7
2026-07-13 03:00:00,板橋測站,新北市,61.1,36.0,59.3,45.3,0.556,1.69,27.7
2026-07-13 04:00:00,板橋測站,新北市,62.7,36.3,62.7,37.8,0.57,2.87,94.2
2026-07-13 05:00:00,板橋測站,新北市,55.9,35.7,71.9,35.4,0.624,2.16,60.8
2026-07-13 06:00:00,板橋測站,新北市,67.2,33.5,47.6,36.1,0.578,3.08,21.1
2026-07-13 07:00:00,板橋測站,新北市,70.7,37.9,62.1,33.0,0.648,1.9,57.5
2026-07-13 08:00:00,板橋測站,新北市,63.0,35.5,59.2,34.6,0.603,2.7,286.1
2026-07-13 09:00:00,板橋測站,新北市,77.7,40.2,66.9,34.2,0.684,1.77,92.9
2026-07-13 10:00:00,板橋測站,新北市,62.5,35.7,59.1,34.5,0.69,3.93,155.8
2026-07-13 11:00:00,板橋測站,新北市,66.4,35.7,54.9,35.9,0.671,3.11,67.3
2026-07-13 12:00:00,板橋測站,新北市,52.0,30.7,60.9,34.3,0.542,1.92,353.5
2026-07-13 13:00:00,板橋測站,新北市,59.0,33.1,55.3,41.7,0.441,0.88,173.9
2026-07-13 14:00:00,板橋測站,新北市,69.0,36.8,59.7,53.1,0.583,2.45,77.3
2026-07-13 15:00:00,板橋測站,新北市,57.6,32.3,50.0,50.7,0.531,2.52,157.1
2026-07-13 16:00:00,板橋測站,新北市,62.3,37.7,60.3,52.1,0.673,1.0,78.7
2026-07-13 17:00:00,板橋測站,新北市,73.0,35.2,64.6,56.8,0.706,2.54,160.0
2026-07-13 18:00:00,板橋測站,新北市,64.9,33.4,55.6,56.9,0.57,1.86,117.4
2026-07-13 19:00:00,板橋測站,新北市,60.0,36.7,66.3,52.4,0.597,2.53,133.9
2026-07-13 20:00:00,板橋測站,新北市,63.7,30.3,45.5,57.8,0.618,1.81,45.7
2026-07-13 21:00:00,板橋測站,新北市,63.7,34.4,52.9,57.8,0.605,2.55,78.4
2026-07-13 22:00:00,板橋測站,新北市,59.7,37.9,67.7,51.5,0.571,3.61,168.1
2026-07-13 23:00:00,板橋測站,新北市,57.9,34.5,59.6,50.2,0.598,2.95,44.0
2026-07-14 00:00:00,板橋測站,新北市,61.9,34.6,68.5,53.7,0.588,2.87,150.2
2026-07-14 01:00:00,板橋測站,新北市,64.1,37.6,69.6,50.3,0.56,1.62,138.8
2026-07-14 02:00:00,板橋測站,新北市,55.9,34.4,66.4,37.2,0.565,2.08,122.0
2026-07-14 03:00:00,板橋測站,新北市,50.9,31.5,49.2,35.1,0.464,2.53,147.9
2026-07-14 04:00:00,板橋測站,新北市,60.5,33.0,67.9,39.6,0.486,2.54,232.4
2026-07-14 05:00:00,板橋測站,新北市,54.1,33.1,62.5,36.5,0.595,2.54,193.2
2026-07-14 06:00:00,板橋測站,新北市,63.6,34.2,57.3,38.3,0.686,2.67,163.8
2026-07-14 07:00:00,板橋測站,新北市,66.2,35.2,63.1,43.5,0.636,2.34,140.5
2026-07-14 08:00:00,板橋測站,新北市,66.5,31.6,58.5,36.8,0.523,2.29,114.5
2026-07-14 09:00:00,板橋測站,新北市,62.8,34.0,56.7,41.6,0.484,0.97,135.2
2026-07-14 10:00:00,板橋測站,新北市,65.5,36.9,70.0,40.0,0.57,3.41,120.2
2026-07-14 11:00:00,板橋測站,新北市,61.6,42.2,81.1,43.5,0.61,2.58,151.7
2026-07-14 12:00:00,板橋測站,新北市,60.8,32.9,58.8,47.7,0.585,2.99,96.2
2026-07-14 13:00:00,板橋測站,新北市,59.0,37.0,65.3,42.8,0.67,2.48,247.3
2026-07-14 14:00:00,板橋測站,新北市,62.5,35.7,63.3,53.4,0.526,2.12,200.3
2026-07-14 15:00:00,板橋測站,新北市,63.0,33.6,68.0,48.5,0.591,1.51,103.7
2026-07-14 16:00:00,板橋測站,新北市,67.3,36.2,63.2,48.9,0.623,0.93,100.4
2026-07-14 17:00:00,板橋測站,新北市,60.2,35.7,70.7,59.4,0.65,1.13,175.4
2026-07-14 18:00:00,板橋測站,新北市,65.9,32.2,67.4,57.6,0.558,2.81,38.6
2026-07-14 19:00:00,板橋測站,新北市,66.3,33.5,50.2,55.0,0.587,2.33,194.7
2026-07-14 20:00:00,板橋測站,新北市,68.6,35.6,55.4,53.6,0.604,3.1,107.3
2026-07-14 21:00:00,板橋測站,新北市,74.5,33.9,63.0,65.2,0.609,1.86,150.6
2026-07-14 22:00:00,板橋測站,新北市,64.3,34.4,47.9,52.7,0.587,3.07,246.0
2026-07-14 23:00:00,板橋測站,新北市,62.1,37.3,58.5,47.7,0.516,2.24,254.0
2026-07-15 00:00:00,板橋測站,新北市,63.6,39.8,65.7,45.6,0.594,2.5,216.4
2026-07-15 01:00:00,板橋測站,新北市,64.3,33.2,69.9,43.7,0.494,2.69,164.8
2026-07-15 02:00:00,板橋測站,新北市,62.7,36.7,63.2,43.0,0.652,2.38,118.0
2026-07-15 03:00:00,板橋測站,新北市,57.9,34.3,59.6,42.5,0.59,2.17,205.2
2026-07-15 04:00:00,板橋測站,新北市,65.8,37.6,55.5,39.1,0.619,2.03,194.0
2026-07-15 05:00:00,板橋測站,新北市,70.9,37.3,73.3,39.4,0.608,0.26,177.0
2026-07-15 06:00:00,板橋測站,新北市,64.1,36.1,55.8,42.9,0.584,3.94,210.8
2026-07-15 07:00:00,板橋測站,新北市,68.5,34.8,58.6,34.3,0.591,2.17,176.4
2026-07-15 08:00:00,板橋測站,新北市,81.2,41.4,64.2,46.4,0.599,1.15,137.2
2026-07-15 09:00:00,板橋測站,新北市,75.7,41.8,68.0,40.3,0.669,1.86,177.7
2026-07-15 10:00:00,板橋測站,新北市,65.3,34.0,63.6,37.0,0.653,1.92,288.1
2026-07-15 11:00:00,板橋測站,新北市,75.9,38.4,72.2,46.0,0.625,2.86,251.6
2026-07-15 12:00:00,板橋測站,新北市,73.9,35.8,47.4,48.8,0.631,2.41,208.0
2026-07-15 13:00:00,板橋測站,新北市,66.1,33.3,55.2,44.3,0.622,2.62,219.4
2026-07-15 14:00:00,板橋測站,新北市,60.8,30.7,44.0,53.2,0.588,2.37,101.5
2026-07-15 15:00:00,板橋測站,新北市,61.5,34.8,61.1,53.3,0.549,2.42,291.8
2026-07-15 16:00:00,板橋測站,新北市,71.9,35.2,67.9,58.7,0.588,3.23,243.0
2026-07-15 17:00:00,板橋測站,新北市,78.5,39.2,72.4,55.6,0.702,2.01,148.7
2026-07-15 18:00:00,板橋測站,新北市,69.2,31.4,45.8,57.2,0.616,2.23,258.1
2026-07-15 19:00:00,板橋測站,新北市,77.5,30.5,53.1,64.9,0.733,1.21,217.8
2026-07-15 20:00:00,板橋測站,新北市,66.5,40.5,71.0,56.0,0.666,3.16,303.7
2026-07-15 21:00:00,板橋測站,新北市,74.0,36.7,65.6,55.5,0.615,3.01,334.5
2026-07-15 22:00:00,板橋測站,新北市,66.1,35.1,66.5,50.8,0.689,2.61,275.2
2026-07-15 23:00:00,板橋測站,新北市,77.7,37.3,64.7,53.2,0.576,2.69,272.1
2026-07-16 00:00:00,板橋測站,新北市,67.0,35.8,56.5,49.9,0.634,1.06,289.7
2026-07-16 01:00:00,板橋測站,新北市,60.1,34.1,62.0,40.4,0.484,2.49,232.2
2026-07-16 02:00:00,板橋測站,新北市,61.1,36.2,50.2,40.6,0.611,3.29,318.7
2026-07-16 03:00:00,板橋測站,新北市,68.1,29.1,48.6,47.5,0.627,1.46,232.1
2026-07-16 04:00:00,板橋測站,新北市,79.3,34.8,61.1,41.7,0.598,3.21,289.4
2026-07-16 05:00:00,板橋測站,新北市,69.6,33.3,61.7,45.2,0.656,1.91,238.8
2026-07-16 06:00:00,板橋測站,新北市,82.3,44.1,69.0,41.4,0.62,2.29,195.8
2026-07-16 07:00:00,板橋測站,新北市,76.6,36.0,65.0,36.1,0.723,2.52,11.7
2026-07-16 08:00:00,板橋測站,新北市,79.9,37.5,72.1,40.6,0.696,1.27,315.1
2026-07-16 09:00:00,板橋測站,新北市,81.8,43.4,78.9,42.2,0.626,3.59,195.0
2026-07-16 10:00:00,板橋測站,新北市,67.8,38.0,73.5,44.6,0.503,1.95,178.9
2026-07-16 11:00:00,板橋測站,新北市,75.3,33.4,56.9,48.6,0.631,2.6,314.6
2026-07-16 12:00:00,板橋測站,新北市,68.5,33.1,63.9,48.4,0.622,1.47,326.0
2026-07-16 13:00:00,板橋測站,新北市,69.2,35.1,51.0,50.8,0.538,1.58,272.9
2026-07-16 14:00:00,板橋測站,新北市,78.0,41.9,76.5,57.2,0.593,0.4,290.0
2026-07-16 15:00:00,板橋測站,新北市,77.4,43.3,91.6,44.9,0.63,1.88,0.4
2026-07-16 16:00:00,板橋測站,新北市,80.8,42.3,78.2,58.6,0.581,0.68,357.1
2026-07-16 17:00:00,板橋測站,新北市,75.8,34.3,51.7,56.4,0.563,3.51,358.2
2026-07-16 18:00:00,板橋測站,新北市,75.9,37.3,58.4,59.0,0.575,2.14,241.7
2026-07-16 19:00:00,板橋測站,新北市,70.7,41.9,79.0,48.6,0.587,2.58,319.7
2026-07-16 20:00:00,板橋測站,新北市,62.8,35.7,68.0,51.8,0.467,1.66,251.7
2026-07-16 21:00:00,板橋測站,新北市,74.3,29.7,49.2,56.4,0.679,1.06,226.9
2026-07-16 22:00:00,板橋測站,新北市,75.6,38.4,54.1,55.7,0.583,3.02,108.0
2026-07-16 23:00:00,板橋測站,新北市,69.5,34.8,62.4,58.1,0.56,2.01,357.0
2026-07-17 00:00:00,板橋測站,新北市,73.7,37.1,70.0,48.2,0.602,2.51,334.2
2026-07-17 01:00:00,板橋測站,新北市,76.6,39.7,61.2,51.3,0.609,2.45,4.9
2026-07-17 02:00:00,板橋測站,新北市,66.0,43.1,81.2,47.2,0.682,1.31,45.4
2026-07-17 03:00:00,板橋測站,新北市,60.7,32.9,66.7,36.1,0.543,2.46,322.7
2026-07-17 04:00:00,板橋測站,新北市,70.4,47.2,68.4,36.0,0.599,1.6,1.7
2026-07-17 05:00:00,板橋測站,新北市,70.0,35.4,65.4,39.2,0.645,2.89,49.3
2026-07-17 06:00:00,板橋測站,新北市,73.0,40.7,63.7,43.2,0.703,1.06,292.1
2026-07-17 07:00:00,板橋測站,新北市,78.6,30.9,50.8,38.3,0.633,1.4,316.3
2026-07-17 08:00:00,板橋測站,新北市,73.5,35.6,52.1,38.5,0.724,1.94,6.9
2026-07-17 09:00:00,板橋測站,新北市,71.0,35.3,52.0,35.1,0.627,3.01,252.7
2026-07-17 10:00:00,板橋測站,新北市,66.9,32.0,61.9,38.6,0.596,3.33,19.2
2026-07-17 11:00:00,板橋測站,新北市,62.1,35.4,59.5,43.1,0.507,2.49,350.5
2026-07-17 12:00:00,板橋測站,新北市,66.5,38.5,65.8,48.0,0.553,1.39,184.3
2026-07-17 13:00:00,板橋測站,新北市,62.9,32.6,51.2,43.1,0.603,1.64,25.5
2026-07-17 14:00:00,板橋測站,新北市,61.0,34.5,69.8,48.0,0.53,2.07,41.0
2026-07-17 15:00:00,板橋測站,新北市,60.4,34.0,63.3,45.6,0.475,2.76,62.0
2026-07-17 16:00:00,板橋測站,新北市,58.9,35.2,65.2,49.4,0.513,2.47,25.6
2026-07-17 17:00:00,板橋測站,新北市,70.6,36.4,68.5,57.3,0.626,2.34,107.4
2026-07-17 18:00:00,板橋測站,新北市,67.7,40.1,75.2,60.6,0.588,3.46,43.8
2026-07-17 19:00:00,板橋測站,新北市,65.1,34.5,63.1,51.0,0.583,2.47,353.1
2026-07-17 20:00:00,板橋測站,新北市,78.5,39.5,75.8,56.9,0.704,0.99,359.0
2026-07-17 21:00:00,板橋測站,新北市,68.9,41.3,74.0,57.3,0.577,2.09,75.2
2026-07-17 22:00:00,板橋測站,新北市,58.7,28.2,48.5,43.6,0.545,1.44,120.2
2026-07-17 23:00:00,板橋測站,新北市,70.9,33.8,52.7,51.0,0.708,1.93,17.3
2026-07-18 00:00:00,板橋測站,新北市,47.5,34.8,60.3,44.0,0.473,3.17,102.1
2026-07-18 01:00:00,板橋測站,新北市,44.9,37.1,70.8,41.8,0.469,2.31,37.2
2026-07-18 02:00:00,板橋測站,新北市,52.8,29.9,49.5,36.0,0.49,1.69,18.9
2026-07-18 03:00:00,板橋測站,新北市,53.9,33.3,44.0,40.8,0.537,3.05,84.4
2026-07-18 04:00:00,板橋測站,新北市,51.4,32.8,53.8,29.0,0.563,2.5,21.2
2026-07-18 05:00:00,板橋測站,新北市,52.7,32.2,76.9,40.3,0.503,2.94,88.0
2026-07-18 06:00:00,板橋測站,新北市,52.6,28.8,45.3,28.0,0.494,2.9,56.3
2026-07-18 07:00:00,板橋測站,新北市,68.0,32.1,57.4,29.9,0.601,1.5,54.9
2026-07-18 08:00:00,板橋測站,新北市,62.2,34.3,69.6,35.6,0.631,2.25,6.9
2026-07-18 09:00:00,板橋測站,新北市,52.2,32.0,42.4,37.4,0.439,3.49,71.8
2026-07-18 10:00:00,板橋測站,新北市,56.4,30.4,53.8,35.0,0.558,1.27,336.1
2026-07-18 11:00:00,板橋測站,新北市,47.4,32.4,55.7,33.7,0.534,2.49,17.1
2026-07-18 12:00:00,板橋測站,新北市,53.0,32.5,63.7,40.4,0.525,2.2,0.2
2026-07-18 13:00:00,板橋測站,新北市,51.1,29.9,55.7,45.7,0.533,2.15,43.6
2026-07-18 14:00:00,板橋測站,新北市,54.8,26.0,42.4,40.4,0.515,3.99,170.3
2026-07-18 15:00:00,板橋測站,新北市,57.0,34.8,,46.6,0.511,2.55,55.1
2026-07-18 16:00:00,板橋測站,新北市,60.5,28.7,48.1,49.9,0.583,1.61,93.0
2026-07-18 17:00:00,板橋測站,新北市,57.6,31.8,57.4,49.1,0.555,2.24,53.4
2026-07-18 18:00:00,板橋測站,新北市,67.7,37.5,56.5,51.5,0.58,2.07,21.4
2026-07-18 19:00:00,板橋測站,新北市,60.6,33.0,48.2,66.0,0.535,0.94,5.0
2026-07-18 20:00:00,板橋測站,新北市,60.0,38.4,77.9,56.6,0.556,2.22,105.9
2026-07-18 21:00:00,板橋測站,新北市,57.9,35.1,67.8,60.2,0.568,3.04,128.7
2026-07-18 22:00:00,板橋測站,新北市,52.9,33.0,54.3,50.6,0.497,2.76,98.3
2026-07-18 23:00:00,板橋測站,新北市,49.0,39.8,69.6,43.3,0.52,4.34,52.1
2026-07-19 00:00:00,板橋測站,新北市,46.4,31.1,58.8,41.8,0.534,1.65,8.6
2026-07-19 01:00:00,板橋測站,新北市,49.0,27.0,36.4,38.1,0.534,2.14,27.5
2026-07-19 02:00:00,板橋測站,新北市,60.5,31.5,56.0,45.6,0.591,1.81,96.1
2026-07-19 03:00:00,板橋測站,新北市,49.5,34.1,73.7,34.8,0.515,1.73,45.6
2026-07-19 04:00:00,板橋測站,新北市,47.1,28.4,39.8,38.2,0.465,1.95,98.4
2026-07-19 05:00:00,板橋測站,新北市,58.5,34.7,49.6,32.3,0.495,3.33,152.2
2026-07-19 06:00:00,板橋測站,新北市,52.9,31.0,57.9,36.4,0.517,3.95,194.8
2026-07-19 07:00:00,板橋測站,新北市,67.8,38.3,66.5,36.6,0.684,2.58,143.4
2026-07-19 08:00:00,板橋測站,新北市,63.9,40.6,85.4,36.5,0.514,1.82,41.2
2026-07-19 09:00:00,板橋測站,新北市,65.0,32.5,58.5,35.8,0.576,1.42,113.6
2026-07-19 10:00:00,板橋測站,新北市,70.9,39.4,60.7,41.2,0.624,1.96,167.2
2026-07-19 11:00:00,板橋測站,新北市,50.1,29.1,44.1,40.9,0.518,1.25,147.0
2026-07-19 12:00:00,板橋測站,新北市,44.9,32.8,55.2,43.2,0.441,1.19,102.5
2026-07-19 13:00:00,板橋測站,新北市,47.2,36.8,62.2,40.7,,2.55,207.9
2026-07-19 14:00:00,板橋測站,新北市,56.0,30.3,52.5,44.5,0.405,2.9,155.6
2026-07-19 15:00:00,板橋測站,新北市,57.2,32.5,57.2,50.6,0.584,2.28,205.2
2026-07-19 16:00:00,板橋測站,新北市,59.3,32.7,58.0,52.1,0.485,1.69,45.0
2026-07-19 17:00:00,板橋測站,新北市,61.6,39.6,79.3,62.6,0.594,1.84,124.5
2026-07-19 18:00:00,板橋測站,新北市,63.9,33.4,65.2,58.8,0.502,1.78,136.5
2026-07-19 19:00:00,板橋測站,新北市,66.1,39.3,57.7,53.9,0.624,1.84,157.2
2026-07-19 20:00:00,板橋測站,新北市,58.8,26.2,44.8,58.5,0.56,1.54,153.8
2026-07-19 21:00:00,板橋測站,新北市,48.0,27.9,40.0,53.5,0.41,2.39,144.8
2026-07-19 22:00:00,板橋測站,新北市,61.6,36.8,60.5,50.3,0.64,1.65,114.6
2026-07-19 23:00:00,板橋測站,新北市,59.8,29.8,50.9,53.7,0.562,2.44,205.0
2026-07-20 00:00:00,板橋測站,新北市,59.4,32.1,47.0,45.6,0.559,3.52,155.6
2026-07-20 01:00:00,板橋測站,新北市,60.7,29.4,51.6,48.5,0.574,3.06,223.2
2026-07-20 02:00:00,板橋測站,新北市,68.9,39.5,75.1,39.6,0.641,2.83,272.3
2026-07-20 03:00:00,板橋測站,新北市,70.3,42.7,67.2,37.5,0.63,1.88,200.6
2026-07-20 04:00:00,板橋測站,新北市,65.2,37.1,62.6,29.0,0.6,3.17,294.9
2026-07-20 05:00:00,板橋測站,新北市,70.8,42.0,73.0,42.0,0.617,1.71,166.7
2026-07-20 06:00:00,板橋測站,新北市,65.3,37.3,52.6,35.4,0.616,2.88,135.8
2026-07-20 07:00:00,板橋測站,新北市,68.7,39.3,77.9,44.6,0.688,2.8,240.0
2026-07-20 08:00:00,板橋測站,新北市,88.4,34.2,67.6,42.1,0.763,1.99,211.2
2026-07-20 09:00:00,板橋測站,新北市,74.3,36.3,70.1,37.7,0.681,2.67,267.5
2026-07-20 10:00:00,板橋測站,新北市,66.4,30.8,64.8,45.3,0.569,2.61,250.0
2026-07-20 11:00:00,板橋測站,新北市,62.0,39.0,69.8,41.1,0.633,1.84,119.1
2026-07-20 12:00:00,板橋測站,新北市,69.0,30.4,63.8,47.2,0.661,2.71,348.6
2026-07-20 13:00:00,板橋測站,新北市,64.4,36.6,57.6,45.9,0.673,1.97,296.4
2026-07-20 14:00:00,板橋測站,新北市,71.4,37.0,60.7,51.6,0.61,1.76,203.6
2026-07-20 15:00:00,板橋測站,新北市,62.2,37.5,65.3,52.6,0.618,1.13,219.9
2026-07-20 16:00:00,板橋測站,新北市,75.9,38.4,73.3,47.1,0.682,1.81,131.3
2026-07-20 17:00:00,板橋測站,新北市,75.5,41.8,77.7,53.3,0.644,1.34,233.3
2026-07-20 18:00:00,板橋測站,新北市,76.9,34.0,58.9,55.9,0.695,3.44,296.0
2026-07-20 19:00:00,板橋測站,新北市,70.7,37.6,60.4,50.1,0.576,2.26,261.5
2026-07-20 20:00:00,板橋測站,新北市,73.0,42.1,77.4,52.0,0.713,1.66,335.6
2026-07-20 21:00:00,板橋測站,新北市,81.9,41.2,55.2,57.5,0.725,2.76,175.9
2026-07-20 22:00:00,板橋測站,新北市,68.4,28.8,41.9,58.0,0.665,1.96,274.7
2026-07-20 23:00:00,板橋測站,新北市,67.9,37.0,76.1,44.9,0.512,2.21,237.4
2026-07-21 00:00:00,板橋測站,新北市,69.8,34.8,53.1,50.7,0.622,2.97,283.7
2026-07-21 01:00:00,板橋測站,新北市,70.7,39.2,71.1,47.4,0.607,2.66,256.1
2026-07-21 02:00:00,板橋測站,新北市,71.5,33.4,56.9,47.1,0.527,2.49,177.2
2026-07-21 03:00:00,板橋測站,新北市,66.9,38.8,49.9,39.5,0.524,1.12,267.5
2026-07-21 04:00:00,板橋測站,新北市,72.4,38.7,71.1,40.6,0.571,1.93,191.3
2026-07-21 05:00:00,板橋測站,新北市,67.3,36.4,72.8,33.7,0.594,1.31,245.7
2026-07-21 06:00:00,板橋測站,新北市,73.3,40.1,77.8,37.9,0.559,1.77,249.0
2026-07-21 07:00:00,板橋測站,新北市,79.3,40.7,75.9,33.9,0.685,1.66,314.1
2026-07-21 08:00:00,板橋測站,新北市,87.3,40.4,63.5,44.5,0.68,1.64,307.0
2026-07-21 09:00:00,板橋測站,新北市,81.4,38.5,68.2,39.5,0.678,2.22,175.1
2026-07-21 10:00:00,板橋測站,新北市,75.3,39.6,79.1,34.6,0.703,2.48,215.8
2026-07-21 11:00:00,板橋測站,新北市,67.5,36.9,57.3,45.7,0.512,1.57,171.5
2026-07-21 12:00:00,板橋測站,新北市,65.0,40.1,78.1,41.4,0.579,2.66,202.0
2026-07-21 13:00:00,板橋測站,新北市,66.3,40.2,60.3,46.6,0.61,1.88,295.2
2026-07-21 14:00:00,板橋測站,新北市,73.0,43.4,71.9,56.7,0.6,1.3,307.8
2026-07-21 15:00:00,板橋測站,新北市,77.1,39.6,83.3,48.0,0.644,3.03,229.1
2026-07-21 16:00:00,板橋測站,新北市,73.1,36.4,72.2,56.4,0.65,1.54,209.5
2026-07-21 17:00:00,板橋測站,新北市,78.0,37.2,68.4,65.3,0.604,2.56,350.9
2026-07-21 18:00:00,板橋測站,新北市,81.4,38.5,67.6,59.5,0.591,2.57,291.7
2026-07-21 19:00:00,板橋測站,新北市,78.7,39.6,60.4,61.8,0.645,1.13,340.3
2026-07-21 20:00:00,板橋測站,新北市,69.5,32.7,61.8,55.7,0.505,2.0,16.3
2026-07-21 21:00:00,板橋測站,新北市,68.4,35.9,57.0,59.0,0.467,3.5,350.0
2026-07-21 22:00:00,板橋測站,新北市,80.7,37.0,63.3,55.4,0.697,2.88,313.2
2026-07-21 23:00:00,板橋測站,新北市,65.9,37.4,68.7,55.1,0.657,3.08,311.7
2026-07-22 00:00:00,板橋測站,新北市,55.5,32.9,53.6,43.5,0.543,1.73,253.6
2026-07-22 01:00:00,板橋測站,新北市,72.1,34.4,53.7,51.7,0.663,2.45,6.8
2026-07-22 02:00:00,板橋測站,新北市,72.6,38.7,69.4,48.6,0.594,3.37,326.5
2026-07-22 03:00:00,板橋測站,新北市,66.1,39.2,63.5,45.6,0.521,2.12,18.6
2026-07-22 04:00:00,板橋測站,新北市,66.4,40.3,59.2,43.3,0.64,2.18,358.0
2026-07-22 05:00:00,板橋測站,新北市,71.4,34.7,69.8,43.7,0.562,2.11,325.6
2026-07-22 06:00:00,板橋測站,新北市,73.0,37.5,78.2,37.4,0.613,1.11,302.8
2026-07-22 07:00:00,板橋測站,新北市,77.1,39.5,65.7,48.6,0.61,1.04,287.2
2026-07-22 08:00:00,板橋測站,新北市,72.4,34.5,57.5,45.6,0.65,3.73,328.4
2026-07-22 09:00:00,板橋測站,新北市,65.7,38.9,73.9,,0.588,2.19,286.1
2026-07-22 10:00:00,板橋測站,新北市,69.6,39.7,70.7,36.1,0.571,2.55,12.9
2026-07-22 11:00:00,板橋測站,新北市,61.9,28.2,39.2,37.4,0.609,1.85,302.7
2026-07-22 12:00:00,板橋測站,新北市,64.6,42.6,78.7,45.3,0.5,1.55,221.9
2026-07-22 13:00:00,板橋測站,新北市,71.9,41.8,69.2,41.8,0.611,3.5,10.2
2026-07-22 14:00:00,板橋測站,新北市,61.0,29.4,45.8,40.6,0.524,1.49,358.8
2026-07-22 15:00:00,板橋測站,新北市,66.5,34.4,60.8,55.4,0.579,4.45,338.0
2026-07-22 16:00:00,板橋測站,新北市,63.4,32.1,53.4,,0.486,2.47,297.7
2026-07-22 17:00:00,板橋測站,新北市,68.2,38.2,58.6,54.2,0.569,1.68,335.7
2026-07-22 18:00:00,板橋測站,新北市,75.0,36.5,64.4,53.4,0.619,1.64,62.0
2026-07-22 19:00:00,板橋測站,新北市,61.3,30.7,60.6,59.3,0.641,2.75,16.4
2026-07-22 20:00:00,板橋測站,新北市,70.7,33.5,63.7,52.3,0.613,2.34,37.6
2026-07-22 21:00:00,板橋測站,新北市,68.4,38.9,55.1,55.3,0.576,2.15,171.0
2026-07-22 22:00:00,板橋測站,新北市,62.3,36.3,70.4,55.0,0.615,2.52,86.9
2026-07-22 23:00:00,板橋測站,新北市,66.4,36.8,75.1,47.5,0.56,2.28,297.2
2026-07-23 00:00:00,板橋測站,新北市,63.3,,57.5,48.3,0.564,2.31,32.7
2026-07-23 01:00:00,板橋測站,新北市,56.7,31.3,45.1,43.4,0.527,2.74,319.0
2026-07-23 02:00:00,板橋測站,新北市,56.2,33.2,60.7,37.0,0.523,3.07,336.0
2026-07-23 03:00:00,板橋測站,新北市,58.3,34.0,65.3,38.4,0.58,1.89,74.0
2026-07-23 04:00:00,板橋測站,新北市,63.5,33.5,52.0,34.9,0.634,1.97,275.3
2026-07-23 05:00:00,板橋測站,新北市,69.7,34.3,61.5,39.1,0.604,1.41,321.1
2026-07-23 06:00:00,板橋測站,新北市,63.4,,54.2,37.2,0.49,2.68,62.9
2026-07-23 07:00:00,板橋測站,新北市,77.8,38.7,74.2,39.1,0.672,2.18,347.7
2026-07-23 08:00:00,板橋測站,新北市,61.3,35.5,68.1,39.9,0.623,2.57,15.2
2026-07-23 09:00:00,板橋測站,新北市,68.6,40.1,62.2,37.5,0.596,2.2,60.2
2026-07-23 10:00:00,板橋測站,新北市,69.4,29.6,53.0,35.5,0.644,1.77,46.4
2026-07-23 11:00:00,板橋測站,新北市,69.2,39.6,74.2,42.2,0.71,2.84,27.8
2026-07-23 12:00:00,板橋測站,新北市,51.1,34.0,57.7,42.2,0.51,2.89,96.3
2026-07-23 13:00:00,板橋測站,新北市,54.7,35.0,56.9,41.6,0.597,2.27,150.5
2026-07-23 14:00:00,板橋測站,新北市,67.5,34.0,62.3,53.4,0.584,1.69,45.6
2026-07-23 15:00:00,板橋測站,新北市,58.4,37.9,70.7,51.1,0.543,2.15,111.9
2026-07-23 16:00:00,板橋測站,新北市,67.3,39.1,74.1,55.5,,1.51,39.7
2026-07-23 17:00:00,板橋測站,新北市,64.5,37.5,66.3,51.5,0.569,2.9,58.0
2026-07-23 18:00:00,板橋測站,新北市,64.6,31.3,45.2,52.2,0.574,3.13,34.7
2026-07-23 19:00:00,板橋測站,新北市,61.5,38.5,69.5,56.0,0.571,2.14,138.7
2026-07-23 20:00:00,板橋測站,新北市,69.0,39.8,83.4,54.5,0.571,2.16,141.7
2026-07-23 21:00:00,板橋測站,新北市,63.2,34.4,58.4,51.3,0.545,2.64,94.5
2026-07-23 22:00:00,板橋測站,新北市,51.7,34.9,70.2,43.7,0.517,2.02,48.4
2026-07-23 23:00:00,板橋測站,新北市,55.1,38.5,61.8,41.0,0.456,2.09,70.1
2026-07-24 00:00:00,板橋測站,新北市,55.9,26.6,53.8,52.8,0.451,1.89,61.0
2026-07-24 01:00:00,板橋測站,新北市,57.8,30.2,47.2,44.0,0.635,2.42,133.0
2026-07-24 02:00:00,板橋測站,新北市,53.5,28.7,62.7,43.6,0.549,1.8,164.1
2026-07-24 03:00:00,板橋測站,新北市,50.8,27.5,48.6,45.8,0.499,2.05,26.8
2026-07-24 04:00:00,板橋測站,新北市,58.8,34.6,55.2,37.6,0.588,1.93,149.5
2026-07-24 05:00:00,板橋測站,新北市,58.0,35.3,70.4,39.9,0.478,1.68,108.1
2026-07-24 06:00:00,板橋測站,新北市,57.0,32.5,60.2,36.1,0.603,2.65,96.5
2026-07-24 07:00:00,板橋測站,新北市,68.9,38.7,65.8,31.6,0.522,2.05,0.4
2026-07-24 08:00:00,板橋測站,新北市,79.2,40.8,55.4,45.2,0.602,1.43,89.9
2026-07-24 09:00:00,板橋測站,新北市,69.3,38.5,72.1,39.5,0.661,1.81,34.9
2026-07-24 10:00:00,板橋測站,新北市,61.7,32.4,58.2,37.2,0.605,3.58,43.1
2026-07-24 11:00:00,板橋測站,新北市,55.4,30.9,47.8,36.5,0.58,3.13,140.0
2026-07-24 12:00:00,板橋測站,新北市,56.2,34.3,56.5,39.7,0.594,2.63,201.0
2026-07-24 13:00:00,板橋測站,新北市,67.0,37.5,72.4,48.6,0.729,2.52,185.4
2026-07-24 14:00:00,板橋測站,新北市,62.9,34.8,66.3,50.1,0.637,2.58,124.5
2026-07-24 15:00:00,板橋測站,新北市,62.0,30.9,59.7,53.9,0.589,2.59,146.5
2026-07-24 16:00:00,板橋測站,新北市,62.7,32.2,64.5,56.6,0.648,2.08,179.3
2026-07-24 17:00:00,板橋測站,新北市,69.7,33.3,65.0,53.2,0.596,2.15,275.1
2026-07-24 18:00:00,板橋測站,新北市,61.7,36.3,53.3,53.0,0.607,2.88,172.2
2026-07-24 19:00:00,板橋測站,新北市,75.6,41.9,69.8,59.9,0.665,1.62,78.7
2026-07-24 20:00:00,板橋測站,新北市,57.8,34.1,50.2,57.3,0.563,3.37,188.4
2026-07-24 21:00:00,板橋測站,新北市,60.1,35.8,61.3,47.1,0.571,1.7,232.6
2026-07-24 22:00:00,板橋測站,新北市,61.7,40.0,72.2,57.5,0.529,2.27,151.8
2026-07-24 23:00:00,板橋測站,新北市,59.6,35.0,66.1,51.5,0.553,1.71,233.7
2026-07-25 00:00:00,板橋測站,新北市,59.4,31.1,56.2,49.4,0.576,2.96,162.1
2026-07-25 01:00:00,板橋測站,新北市,51.4,35.1,69.7,36.7,0.496,3.22,143.6
2026-07-25 02:00:00,板橋測站,新北市,60.5,27.5,50.2,49.8,0.509,2.86,244.1
2026-07-25 03:00:00,板橋測站,新北市,53.3,31.7,51.3,37.0,0.597,2.86,180.4
2026-07-25 04:00:00,板橋測站,新北市,58.5,35.8,63.1,44.4,0.624,2.89,145.6
2026-07-25 05:00:00,板橋測站,新北市,55.0,32.2,50.9,37.9,0.606,2.87,157.8
2026-07-25 06:00:00,板橋測站,新北市,59.9,35.3,62.8,38.7,0.62,1.61,210.2
2026-07-25 07:00:00,板橋測站,新北市,66.3,35.6,69.0,43.2,0.617,2.24,187.1
2026-07-25 08:00:00,板橋測站,新北市,61.5,38.8,64.0,39.4,0.511,1.73,289.1
2026-07-25 09:00:00,板橋測站,新北市,70.1,35.1,60.3,43.5,0.541,3.41,260.1
2026-07-25 10:00:00,板橋測站,新北市,64.3,31.9,62.0,43.9,0.61,1.32,197.2
2026-07-25 11:00:00,板橋測站,新北市,77.5,38.6,53.3,52.0,0.691,3.15,226.7
2026-07-25 12:00:00,板橋測站,新北市,66.6,33.4,63.6,49.9,0.613,1.87,219.5
2026-07-25 13:00:00,板橋測站,新北市,52.0,25.5,36.4,41.9,0.569,3.49,248.4
2026-07-25 14:00:00,板橋測站,新北市,71.1,38.6,70.7,45.0,0.666,0.54,189.8
2026-07-25 15:00:00,板橋測站,新北市,63.8,32.9,66.9,54.9,0.549,2.02,154.8
2026-07-25 16:00:00,板橋測站,新北市,70.1,36.1,59.9,55.6,0.662,2.21,207.5
2026-07-25 17:00:00,板橋測站,新北市,79.3,39.0,,60.4,0.585,1.82,164.5
2026-07-25 18:00:00,板橋測站,新北市,67.5,40.0,78.8,61.6,0.6,3.0,263.2
2026-07-25 19:00:00,板橋測站,新北市,70.3,39.1,75.0,52.7,0.564,2.96,299.1
2026-07-25 20:00:00,板橋測站,新北市,64.6,29.1,55.4,54.6,0.597,1.97,295.8
2026-07-25 21:00:00,板橋測站,新北市,66.5,37.7,75.2,56.2,0.55,2.58,286.5
2026-07-25 22:00:00,板橋測站,新北市,68.7,37.7,63.5,51.8,0.616,2.2,184.2
2026-07-25 23:00:00,板橋測站,新北市,56.3,27.2,53.7,48.0,0.664,3.71,195.2
2026-07-26 00:00:00,板橋測站,新北市,62.2,30.5,53.4,47.0,0.567,2.55,288.5
2026-07-26 01:00:00,板橋測站,新北市,59.8,34.5,63.0,39.0,0.597,2.17,152.1
2026-07-26 02:00:00,板橋測站,新北市,61.3,31.0,57.1,45.7,0.626,1.71,262.2
2026-07-26 03:00:00,板橋測站,新北市,64.6,35.9,60.2,43.9,0.563,2.58,311.6
2026-07-26 04:00:00,板橋測站,新北市,66.0,36.9,73.0,46.1,0.592,2.44,315.3
2026-07-26 05:00:00,板橋測站,新北市,62.1,30.9,59.5,32.9,0.601,,177.4
2026-07-26 06:00:00,板橋測站,新北市,73.2,29.9,55.5,38.3,0.633,2.76,175.6
2026-07-26 07:00:00,板橋測站,新北市,72.3,37.5,57.0,37.5,0.578,1.51,335.0
2026-07-26 08:00:00,板橋測站,新北市,73.8,36.0,51.6,37.9,0.568,2.03,256.2
2026-07-26 09:00:00,板橋測站,新北市,68.1,,59.9,38.6,0.712,3.78,221.0
2026-07-26 10:00:00,板橋測站,新北市,63.3,32.0,50.4,40.4,0.682,2.35,320.8
2026-07-26 11:00:00,板橋測站,新北市,67.0,34.3,59.7,47.6,0.57,1.97,225.1
2026-07-26 12:00:00,板橋測站,新北市,57.9,32.6,50.6,40.1,0.595,2.72,249.1
2026-07-26 13:00:00,板橋測站,新北市,59.9,33.7,61.4,42.1,0.509,1.36,307.9
2026-07-26 14:00:00,板橋測站,新北市,63.9,39.2,75.7,48.0,0.571,1.44,332.3
2026-07-26 15:00:00,板橋測站,新北市,65.3,37.6,63.5,51.7,0.598,1.85,2.4
2026-07-26 16:00:00,板橋測站,新北市,77.6,35.3,45.8,58.4,0.556,1.8,227.8
2026-07-26 17:00:00,板橋測站,新北市,68.6,39.0,76.0,52.9,0.686,2.59,238.3
2026-07-26 18:00:00,板橋測站,新北市,68.2,41.0,62.4,54.7,0.593,1.91,211.9
2026-07-26 19:00:00,板橋測站,新北市,65.9,40.0,72.8,56.0,0.705,2.33,9.2
2026-07-26 20:00:00,板橋測站,新北市,63.6,34.5,63.5,53.8,0.627,1.79,312.0
2026-07-26 21:00:00,板橋測站,新北市,67.2,33.7,60.0,53.9,0.5,2.04,335.4
2026-07-26 22:00:00,板橋測站,新北市,70.1,38.5,71.3,53.4,0.675,1.64,11.1
2026-07-26 23:00:00,板橋測站,新北市,63.8,36.1,48.8,57.5,0.615,2.59,298.3
2026-07-27 00:00:00,板橋測站,新北市,66.4,36.4,64.0,45.8,0.523,2.37,227.9
2026-07-27 01:00:00,板橋測站,新北市,64.4,33.9,60.2,38.3,0.7,2.18,346.1
2026-07-27 02:00:00,板橋測站,新北市,58.7,37.1,63.9,34.6,0.563,3.01,317.0
2026-07-27 03:00:00,板橋測站,新北市,71.5,40.6,68.7,43.6,0.623,2.32,336.8
2026-07-27 04:00:00,板橋測站,新北市,52.9,32.1,54.5,43.2,0.575,2.33,280.6
2026-07-27 05:00:00,板橋測站,新北市,64.4,41.3,51.8,42.4,0.662,3.5,36.1
2026-07-27 06:00:00,板橋測站,新北市,76.9,38.6,71.8,43.0,0.639,2.05,289.0
2026-07-27 07:00:00,板橋測站,新北市,69.5,42.2,72.6,39.5,0.562,2.72,81.8
2026-07-27 08:00:00,板橋測站,新北市,68.3,37.8,58.0,45.0,0.707,2.13,25.0
2026-07-27 09:00:00,板橋測站,新北市,74.3,35.9,60.5,41.6,0.59,1.88,325.9
2026-07-27 10:00:00,板橋測站,新北市,65.5,36.7,63.5,36.6,0.563,3.42,345.0
2026-07-27 11:00:00,板橋測站,新北市,66.1,35.3,61.9,46.5,0.596,1.71,102.9
2026-07-27 12:00:00,板橋測站,新北市,68.1,35.0,66.5,50.3,0.678,,32.0
2026-07-27 13:00:00,板橋測站,新北市,67.2,44.0,90.0,46.9,0.538,2.22,3.1
2026-07-27 14:00:00,板橋測站,新北市,58.5,35.0,68.0,44.8,0.551,2.42,18.0
2026-07-27 15:00:00,板橋測站,新北市,71.0,37.9,64.9,52.9,0.674,3.16,106.6
2026-07-27 16:00:00,板橋測站,新北市,68.5,38.7,63.2,49.2,0.603,4.41,28.7
2026-07-27 17:00:00,板橋測站,新北市,65.8,37.0,50.7,62.7,0.647,2.56,353.4
2026-07-27 18:00:00,板橋測站,新北市,69.3,41.3,48.3,65.7,0.619,2.52,77.8
2026-07-27 19:00:00,板橋測站,新北市,71.8,39.5,56.6,58.1,0.694,1.79,341.0
2026-07-27 20:00:00,板橋測站,新北市,72.8,36.1,59.2,56.6,0.548,1.85,36.7
2026-07-27 21:00:00,板橋測站,新北市,64.8,39.0,64.9,57.6,0.581,1.9,28.0
2026-07-27 22:00:00,板橋測站,新北市,64.3,37.9,71.2,55.6,0.649,2.96,28.2
2026-07-27 23:00:00,板橋測站,新北市,55.9,30.8,46.9,50.6,0.475,2.1,46.4
2026-07-28 00:00:00,板橋測站,新北市,54.7,34.4,57.1,46.2,0.56,1.88,22.7
2026-07-28 01:00:00,板橋測站,新北市,61.3,32.4,49.0,43.6,0.506,2.14,130.6
2026-07-28 02:00:00,板橋測站,新北市,51.8,31.6,64.4,39.2,0.519,2.81,135.3
2026-07-28 03:00:00,板橋測站,新北市,56.0,31.2,52.0,33.9,0.524,1.82,104.1
2026-07-28 04:00:00,板橋測站,新北市,56.6,34.8,65.0,38.3,0.49,2.15,169.6
2026-07-28 05:00:00,板橋測站,新北市,65.6,35.3,49.9,43.3,0.516,2.16,336.9
2026-07-28 06:00:00,板橋測站,新北市,65.5,35.9,57.1,35.4,0.608,2.9,332.4
2026-07-28 07:00:00,板橋測站,新北市,64.2,35.6,73.9,36.2,0.57,1.73,75.1
2026-07-28 08:00:00,板橋測站,新北市,68.0,35.5,58.7,36.1,0.565,2.6,253.6
2026-07-28 09:00:00,板橋測站,新北市,64.6,32.0,48.6,36.1,0.585,1.92,40.9
2026-07-28 10:00:00,板橋測站,新北市,64.1,34.1,70.3,37.9,0.535,1.54,69.3
2026-07-28 11:00:00,板橋測站,新北市,61.5,30.5,47.9,44.8,0.588,2.83,189.2
2026-07-28 12:00:00,板橋測站,新北市,56.6,30.4,61.6,48.9,0.503,1.94,54.2
2026-07-28 13:00:00,板橋測站,新北市,63.9,31.5,58.3,47.2,0.607,2.2,100.6
2026-07-28 14:00:00,板橋測站,新北市,51.0,29.7,34.3,43.9,0.505,2.31,47.7
2026-07-28 15:00:00,板橋測站,新北市,55.5,27.9,52.8,42.9,0.547,2.25,55.6
2026-07-28 16:00:00,板橋測站,新北市,52.4,34.6,52.8,46.2,0.51,3.31,113.2
2026-07-28 17:00:00,板橋測站,新北市,71.3,38.1,49.3,54.4,0.608,3.11,59.2
2026-07-28 18:00:00,板橋測站,新北市,68.0,37.0,65.4,59.0,0.519,1.16,324.4
2026-07-28 19:00:00,板橋測站,新北市,69.6,38.7,70.6,54.1,0.605,3.28,186.2
2026-07-28 20:00:00,板橋測站,新北市,67.1,37.1,59.9,53.9,0.593,1.62,86.4
2026-07-28 21:00:00,板橋測站,新北市,54.9,36.2,66.9,45.0,0.636,1.37,33.1
2026-07-28 22:00:00,板橋測站,新北市,55.4,37.2,56.9,47.1,0.475,3.25,145.9
2026-07-28 23:00:00,板橋測站,新北市,64.3,36.6,68.1,52.4,0.568,1.95,44.3
2026-07-29 00:00:00,板橋測站,新北市,61.7,36.2,61.0,48.5,0.507,2.29,329.0
2026-07-29 01:00:00,板橋測站,新北市,49.3,30.9,41.2,37.3,0.525,3.78,122.1
2026-07-29 02:00:00,板橋測站,新北市,60.8,33.6,54.1,40.2,0.606,1.27,162.9
2026-07-29 03:00:00,板橋測站,新北市,57.8,33.2,62.4,44.7,0.545,2.62,68.6
2026-07-29 04:00:00,板橋測站,新北市,58.3,29.9,,39.5,0.512,2.18,149.5
2026-07-29 05:00:00,板橋測站,新北市,59.5,33.4,49.0,41.4,0.505,2.87,161.9
2026-07-29 06:00:00,板橋測站,新北市,61.6,31.1,59.5,38.8,0.52,2.45,44.8
2026-07-29 07:00:00,板橋測站,新北市,67.1,32.7,54.5,33.0,0.567,1.65,56.7
2026-07-29 08:00:00,板橋測站,新北市,75.7,37.1,63.7,43.9,0.602,3.24,84.9
2026-07-29 09:00:00,板橋測站,新北市,71.2,40.2,64.5,36.2,0.678,1.69,188.7
2026-07-29 10:00:00,板橋測站,新北市,62.9,35.5,68.5,35.9,0.591,2.43,163.4
2026-07-29 11:00:00,板橋測站,新北市,59.4,31.5,56.9,44.7,0.557,2.18,166.4
2026-07-29 12:00:00,板橋測站,新北市,59.9,29.4,51.7,43.0,0.481,2.65,113.2
2026-07-29 13:00:00,板橋測站,新北市,55.9,30.0,49.5,40.6,0.552,3.56,177.5
2026-07-29 14:00:00,板橋測站,新北市,57.2,38.3,60.8,48.6,0.508,2.93,121.7
2026-07-29 15:00:00,板橋測站,新北市,67.2,30.6,49.3,55.9,0.598,3.18,180.9
2026-07-29 16:00:00,板橋測站,新北市,66.0,38.2,67.0,43.7,0.545,3.29,86.9
2026-07-29 17:00:00,板橋測站,新北市,73.9,39.9,56.6,54.0,0.736,1.61,115.3
2026-07-29 18:00:00,板橋測站,新北市,65.9,39.5,55.7,60.8,0.623,1.68,94.7
2026-07-29 19:00:00,板橋測站,新北市,75.9,38.3,68.7,53.5,0.579,0.76,104.5
2026-07-29 20:00:00,板橋測站,新北市,63.3,33.8,66.4,53.8,0.607,2.19,190.0
2026-07-29 21:00:00,板橋測站,新北市,66.9,36.4,73.7,50.2,0.617,1.75,195.5
2026-07-29 22:00:00,板橋測站,新北市,56.9,30.3,53.0,52.6,0.594,2.7,183.5
2026-07-29 23:00:00,板橋測站,新北市,60.5,37.0,65.3,49.2,0.648,2.38,181.2
2026-06-30 00:00:00,桃園測站,桃園市,69.0,36.1,52.7,56.9,0.648,1.86,220.1
2026-06-30 01:00:00,桃園測站,桃園市,71.3,43.0,79.7,47.4,0.622,1.63,214.7
2026-06-30 02:00:00,桃園測站,桃園市,72.2,43.2,75.8,48.9,0.584,3.0,245.6
2026-06-30 03:00:00,桃園測站,桃園市,76.9,41.6,67.4,46.2,0.618,3.11,220.9
2026-06-30 04:00:00,桃園測站,桃園市,67.2,43.8,71.6,37.1,0.674,3.58,247.5
2026-06-30 05:00:00,桃園測站,桃園市,80.4,45.0,84.4,44.5,0.7,1.61,235.3
2026-06-30 06:00:00,桃園測站,桃園市,84.9,41.8,77.5,39.9,0.619,,173.2
2026-06-30 07:00:00,桃園測站,桃園市,81.9,39.8,73.9,40.5,0.611,1.86,232.4
2026-06-30 08:00:00,桃園測站,桃園市,84.8,42.7,86.4,42.3,0.706,1.38,344.5
2026-06-30 09:00:00,桃園測站,桃園市,81.0,42.0,63.4,42.5,0.665,1.48,231.1
2026-06-30 10:00:00,桃園測站,桃園市,70.5,44.2,72.0,34.3,0.576,3.23,78.3
2026-06-30 11:00:00,桃園測站,桃園市,81.6,44.7,70.0,49.9,0.613,1.26,143.0
2026-06-30 12:00:00,桃園測站,桃園市,79.0,40.8,70.5,42.9,0.623,1.71,138.7
2026-06-30 13:00:00,桃園測站,桃園市,71.5,35.9,66.4,42.7,0.606,3.55,165.1
2026-06-30 14:00:00,桃園測站,桃園市,77.3,40.9,71.4,49.9,0.652,2.23,217.0
2026-06-30 15:00:00,桃園測站,桃園市,70.8,42.7,67.7,51.0,0.606,1.45,122.3
2026-06-30 16:00:00,桃園測站,桃園市,77.0,39.4,71.0,60.3,0.689,2.09,126.8
2026-06-30 17:00:00,桃園測站,桃園市,86.6,43.2,86.3,56.2,0.549,1.31,257.7
2026-06-30 18:00:00,桃園測站,桃園市,84.4,38.6,62.0,54.8,0.708,1.79,199.5
2026-06-30 19:00:00,桃園測站,桃園市,79.6,41.9,76.2,59.6,0.656,1.41,196.8
2026-06-30 20:00:00,桃園測站,桃園市,79.1,47.2,73.1,58.9,0.641,2.9,223.0
2026-06-30 21:00:00,桃園測站,桃園市,77.3,43.0,78.5,56.6,0.646,2.2,251.1
2026-06-30 22:00:00,桃園測站,桃園市,72.4,42.2,65.1,49.4,0.628,0.91,214.0
2026-06-30 23:00:00,桃園測站,桃園市,72.9,40.3,68.2,58.5,0.659,3.02,351.1
2026-07-01 00:00:00,桃園測站,桃園市,71.5,36.8,62.8,51.1,0.608,1.83,341.1
2026-07-01 01:00:00,桃園測站,桃園市,69.8,40.8,59.6,44.1,0.579,2.67,234.8
2026-07-01 02:00:00,桃園測站,桃園市,74.9,35.6,59.0,48.4,,1.74,3.2
2026-07-01 03:00:00,桃園測站,桃園市,66.0,38.7,62.0,39.5,0.545,2.34,119.8
2026-07-01 04:00:00,桃園測站,桃園市,74.8,39.7,73.6,40.0,0.624,1.79,259.5
2026-07-01 05:00:00,桃園測站,桃園市,84.8,49.8,101.6,50.3,0.696,3.17,310.6
2026-07-01 06:00:00,桃園測站,桃園市,82.5,42.9,77.8,35.8,0.592,2.24,208.7
2026-07-01 07:00:00,桃園測站,桃園市,85.6,43.0,62.3,46.0,0.683,2.37,207.2
2026-07-01 08:00:00,桃園測站,桃園市,86.5,46.1,84.0,40.8,0.643,1.59,199.1
2026-07-01 09:00:00,桃園測站,桃園市,84.9,44.3,81.0,42.6,0.737,1.64,247.4
2026-07-01 10:00:00,桃園測站,桃園市,77.4,37.2,71.9,43.2,0.712,3.1,191.5
2026-07-01 11:00:00,桃園測站,桃園市,81.4,42.2,72.6,38.9,0.741,2.48,237.4
2026-07-01 12:00:00,桃園測站,桃園市,73.3,34.5,48.9,40.7,0.668,3.12,286.5
2026-07-01 13:00:00,桃園測站,桃園市,74.4,41.2,75.2,46.0,0.619,2.38,291.5
2026-07-01 14:00:00,桃園測站,桃園市,77.7,36.1,64.5,62.0,0.631,2.39,89.6
2026-07-01 15:00:00,桃園測站,桃園市,79.5,40.9,68.0,49.7,0.68,1.81,286.6
2026-07-01 16:00:00,桃園測站,桃園市,73.9,43.8,74.1,59.9,0.607,2.45,346.3
2026-07-01 17:00:00,桃園測站,桃園市,85.8,36.0,55.1,57.9,0.683,0.93,313.6
2026-07-01 18:00:00,桃園測站,桃園市,77.5,39.7,76.4,62.4,0.608,,358.1
2026-07-01 19:00:00,桃園測站,桃園市,80.9,38.1,74.6,56.3,0.725,1.65,259.5
2026-07-01 20:00:00,桃園測站,桃園市,81.5,39.5,77.5,59.5,0.674,2.26,218.9
2026-07-01 21:00:00,桃園測站,桃園市,79.3,41.5,63.9,56.8,0.709,1.94,328.6
2026-07-01 22:00:00,桃園測站,桃園市,73.6,41.0,78.0,62.8,0.674,3.3,233.3
2026-07-01 23:00:00,桃園測站,桃園市,66.7,37.1,65.7,44.6,0.655,3.82,31.5
2026-07-02 00:00:00,桃園測站,桃園市,78.4,41.5,74.4,60.4,0.636,1.84,24.9
2026-07-02 01:00:00,桃園測站,桃園市,78.6,38.3,72.3,49.9,0.709,1.59,26.9
2026-07-02 02:00:00,桃園測站,桃園市,73.0,46.5,77.0,48.2,0.611,0.97,316.8
2026-07-02 03:00:00,桃園測站,桃園市,71.1,34.3,48.7,,0.631,2.32,310.4
2026-07-02 04:00:00,桃園測站,桃園市,72.4,37.0,69.2,38.1,0.638,2.42,326.9
2026-07-02 05:00:00,桃園測站,桃園市,86.6,42.4,78.3,40.0,0.726,1.57,307.8
2026-07-02 06:00:00,桃園測站,桃園市,74.9,37.0,71.9,43.5,0.647,3.29,23.3
2026-07-02 07:00:00,桃園測站,桃園市,83.9,47.8,69.9,41.9,0.756,2.08,309.3
2026-07-02 08:00:00,桃園測站,桃園市,85.6,40.1,80.0,42.0,0.716,1.02,357.0
2026-07-02 09:00:00,桃園測站,桃園市,78.3,49.4,83.2,36.3,0.718,1.91,307.5
2026-07-02 10:00:00,桃園測站,桃園市,78.1,42.7,64.0,43.8,0.663,2.39,17.4
2026-07-02 11:00:00,桃園測站,桃園市,78.1,40.9,65.8,48.0,0.563,0.91,47.5
2026-07-02 12:00:00,桃園測站,桃園市,78.2,37.0,62.3,46.2,0.667,1.25,299.1
2026-07-02 13:00:00,桃園測站,桃園市,68.5,38.0,73.6,45.4,0.585,2.48,355.9
2026-07-02 14:00:00,桃園測站,桃園市,74.7,37.1,72.1,51.3,0.574,1.23,16.0
2026-07-02 15:00:00,桃園測站,桃園市,68.4,34.1,59.9,56.2,0.607,2.49,357.4
2026-07-02 16:00:00,桃園測站,桃園市,61.3,33.3,52.4,44.5,0.569,1.6,24.9
2026-07-02 17:00:00,桃園測站,桃園市,76.8,42.7,83.2,60.4,0.628,4.15,308.0
2026-07-02 18:00:00,桃園測站,桃園市,75.0,42.7,83.7,60.1,0.533,3.31,6.8
2026-07-02 19:00:00,桃園測站,桃園市,82.5,35.7,57.3,61.9,0.689,2.36,322.8
2026-07-02 20:00:00,桃園測站,桃園市,73.1,39.0,75.3,57.6,0.564,2.3,167.6
2026-07-02 21:00:00,桃園測站,桃園市,78.6,31.9,65.5,56.7,0.631,1.96,57.4
2026-07-02 22:00:00,桃園測站,桃園市,62.4,40.5,66.3,56.5,0.5,1.98,358.6
2026-07-02 23:00:00,桃園測站,桃園市,77.5,38.6,74.7,55.7,0.688,3.76,110.4
2026-07-03 00:00:00,桃園測站,桃園市,66.9,35.4,54.0,46.4,0.578,1.43,10.4
2026-07-03 01:00:00,桃園測站,桃園市,64.5,39.7,56.6,39.7,0.598,2.39,8.5
2026-07-03 02:00:00,桃園測站,桃園市,63.1,38.3,59.2,43.8,0.629,1.81,41.1
2026-07-03 03:00:00,桃園測站,桃園市,65.2,33.7,58.6,44.0,0.531,2.34,121.0
2026-07-03 04:00:00,桃園測站,桃園市,76.3,44.2,82.1,40.8,0.658,1.64,313.8
2026-07-03 05:00:00,桃園測站,桃園市,65.9,40.0,73.9,39.5,0.614,2.69,35.9
2026-07-03 06:00:00,桃園測站,桃園市,71.3,44.4,86.7,39.6,0.609,1.94,65.5
2026-07-03 07:00:00,桃園測站,桃園市,72.1,38.9,61.8,41.4,0.613,0.83,89.5
2026-07-03 08:00:00,桃園測站,桃園市,76.9,37.5,51.1,44.7,0.643,0.59,69.8
2026-07-03 09:00:00,桃園測站,桃園市,72.3,37.7,71.6,38.3,0.531,3.13,49.6
2026-07-03 10:00:00,桃園測站,桃園市,66.6,34.6,60.4,40.8,0.568,1.94,5.3
2026-07-03 11:00:00,桃園測站,桃園市,63.6,37.3,60.9,38.3,0.578,2.97,337.6
2026-07-03 12:00:00,桃園測站,桃園市,64.8,34.7,67.5,41.7,0.528,3.26,122.6
2026-07-03 13:00:00,桃園測站,桃園市,54.8,30.7,47.1,49.7,0.572,2.68,18.8
2026-07-03 14:00:00,桃園測站,桃園市,67.8,34.4,67.9,46.0,0.643,3.87,66.0
2026-07-03 15:00:00,桃園測站,桃園市,70.0,37.5,66.5,52.0,0.615,3.53,342.3
2026-07-03 16:00:00,桃園測站,桃園市,68.5,42.3,71.3,50.2,0.56,1.01,49.4
2026-07-03 17:00:00,桃園測站,桃園市,67.5,38.5,66.2,52.9,0.599,1.93,28.6
2026-07-03 18:00:00,桃園測站,桃園市,73.9,42.9,65.9,56.7,0.529,2.12,68.0
2026-07-03 19:00:00,桃園測站,桃園市,67.7,36.0,64.1,60.3,0.556,1.93,65.9
2026-07-03 20:00:00,桃園測站,桃園市,73.9,40.2,74.9,54.8,0.7,2.21,48.9
2026-07-03 21:00:00,桃園測站,桃園市,66.1,41.5,70.7,51.8,0.556,2.78,50.9
2026-07-03 22:00:00,桃園測站,桃園市,69.4,39.7,66.7,51.5,0.628,3.6,81.6
2026-07-03 23:00:00,桃園測站,桃園市,66.9,38.1,67.8,47.8,0.616,2.11,55.2
2026-07-04 00:00:00,桃園測站,桃園市,61.8,37.1,64.7,40.4,0.638,1.76,119.6
2026-07-04 01:00:00,桃園測站,桃園市,53.9,32.2,71.6,42.6,0.554,2.52,206.2
2026-07-04 02:00:00,桃園測站,桃園市,46.4,34.3,48.2,37.8,0.594,2.12,157.5
2026-07-04 03:00:00,桃園測站,桃園市,63.3,37.2,60.0,38.5,0.627,2.4,137.2
2026-07-04 04:00:00,桃園測站,桃園市,58.8,42.7,86.7,38.9,0.645,1.56,130.2
2026-07-04 05:00:00,桃園測站,桃園市,58.3,36.4,69.1,41.7,0.524,1.85,123.9
2026-07-04 06:00:00,桃園測站,桃園市,63.7,36.7,64.4,35.8,0.655,,161.7
2026-07-04 07:00:00,桃園測站,桃園市,70.8,36.5,71.9,39.7,0.662,2.74,145.9
2026-07-04 08:00:00,桃園測站,桃園市,70.9,40.7,74.6,40.0,0.609,1.98,203.3
2026-07-04 09:00:00,桃園測站,桃園市,64.8,33.4,60.2,30.7,0.634,2.45,161.0
2026-07-04 10:00:00,桃園測站,桃園市,62.6,32.9,56.9,34.2,0.593,2.04,148.2
2026-07-04 11:00:00,桃園測站,桃園市,62.3,38.1,57.9,41.8,,0.67,176.6
2026-07-04 12:00:00,桃園測站,桃園市,60.8,38.3,58.5,38.5,0.607,1.41,92.9
2026-07-04 13:00:00,桃園測站,桃園市,62.7,35.2,58.5,49.5,0.615,2.96,134.3
2026-07-04 14:00:00,桃園測站,桃園市,60.2,34.5,50.6,45.6,0.596,3.23,171.9
2026-07-04 15:00:00,桃園測站,桃園市,72.4,37.3,76.9,49.5,0.611,1.0,103.5
2026-07-04 16:00:00,桃園測站,桃園市,58.9,34.8,53.7,56.1,0.594,1.28,189.4
2026-07-04 17:00:00,桃園測站,桃園市,69.8,38.5,72.5,52.5,0.603,3.1,120.3
2026-07-04 18:00:00,桃園測站,桃園市,65.4,37.5,64.6,53.7,0.664,2.3,171.8
2026-07-04 19:00:00,桃園測站,桃園市,59.2,37.5,62.3,54.5,0.57,1.67,183.3
2026-07-04 20:00:00,桃園測站,桃園市,73.6,39.0,57.9,60.5,0.569,2.62,130.7
2026-07-04 21:00:00,桃園測站,桃園市,66.4,36.2,60.6,48.8,0.62,3.53,208.7
2026-07-04 22:00:00,桃園測站,桃園市,56.9,31.8,59.3,51.5,0.487,1.83,129.4
2026-07-04 23:00:00,桃園測站,桃園市,61.9,42.8,66.2,45.4,0.606,2.35,127.7
2026-07-05 00:00:00,桃園測站,桃園市,60.6,34.2,75.3,49.7,0.564,1.93,106.1
2026-07-05 01:00:00,桃園測站,桃園市,66.4,40.0,78.7,46.7,0.635,2.52,173.3
2026-07-05 02:00:00,桃園測站,桃園市,58.3,35.6,63.1,44.0,0.504,2.97,203.2
2026-07-05 03:00:00,桃園測站,桃園市,57.6,35.2,47.9,35.6,0.551,3.93,152.0
2026-07-05 04:00:00,桃園測站,桃園市,67.1,38.9,73.7,38.6,0.582,1.14,190.7
2026-07-05 05:00:00,桃園測站,桃園市,71.3,39.3,79.5,42.4,0.617,1.81,168.3
2026-07-05 06:00:00,桃園測站,桃園市,63.3,36.4,72.3,39.2,0.538,1.35,186.6
2026-07-05 07:00:00,桃園測站,桃園市,78.9,40.3,58.5,43.6,0.576,3.27,139.8
2026-07-05 08:00:00,桃園測站,桃園市,80.9,40.6,61.0,40.6,0.678,2.44,262.2
2026-07-05 09:00:00,桃園測站,桃園市,82.4,42.8,79.9,47.1,0.694,1.72,217.0
2026-07-05 10:00:00,桃園測站,桃園市,74.3,39.7,81.5,42.1,0.487,3.38,193.6
2026-07-05 11:00:00,桃園測站,桃園市,64.5,34.1,50.6,38.7,0.553,2.71,324.7
2026-07-05 12:00:00,桃園測站,桃園市,71.2,42.5,65.4,47.2,0.586,1.95,263.0
2026-07-05 13:00:00,桃園測站,桃園市,72.5,39.6,61.5,42.4,0.629,2.41,204.1
2026-07-05 14:00:00,桃園測站,桃園市,69.4,39.9,72.8,48.7,0.631,3.38,207.0
2026-07-05 15:00:00,桃園測站,桃園市,73.1,42.2,80.9,57.6,0.697,2.55,354.8
2026-07-05 16:00:00,桃園測站,桃園市,70.2,45.2,79.0,52.6,0.657,3.26,168.2
2026-07-05 17:00:00,桃園測站,桃園市,75.2,33.6,64.3,55.9,0.598,2.04,31.8
2026-07-05 18:00:00,桃園測站,桃園市,85.9,38.3,75.3,58.8,0.698,2.25,159.9
2026-07-05 19:00:00,桃園測站,桃園市,71.3,39.6,65.7,53.6,0.615,2.87,232.8
2026-07-05 20:00:00,桃園測站,桃園市,82.2,39.6,69.9,61.6,0.632,3.45,147.0
2026-07-05 21:00:00,桃園測站,桃園市,80.1,41.5,66.9,61.2,0.625,2.55,345.7
2026-07-05 22:00:00,桃園測站,桃園市,65.2,44.0,68.7,49.1,0.579,0.96,223.2
2026-07-05 23:00:00,桃園測站,桃園市,67.4,34.9,65.7,48.8,0.585,2.55,253.0
2026-07-06 00:00:00,桃園測站,桃園市,71.7,39.6,55.6,49.1,0.65,2.65,239.4
2026-07-06 01:00:00,桃園測站,桃園市,78.6,37.9,71.6,55.6,0.663,1.96,339.9
2026-07-06 02:00:00,桃園測站,桃園市,73.9,46.4,64.7,45.5,0.62,1.65,41.1
2026-07-06 03:00:00,桃園測站,桃園市,77.2,41.9,73.9,48.9,0.564,1.37,247.4
2026-07-06 04:00:00,桃園測站,桃園市,83.1,40.8,60.1,49.6,0.596,2.61,253.1
2026-07-06 05:00:00,桃園測站,桃園市,82.9,39.4,65.0,38.9,0.611,1.69,274.1
2026-07-06 06:00:00,桃園測站,桃園市,78.0,39.7,66.7,44.9,0.687,2.1,283.4
2026-07-06 07:00:00,桃園測站,桃園市,81.5,46.4,93.2,51.7,0.634,1.24,234.0
2026-07-06 08:00:00,桃園測站,桃園市,86.3,49.7,92.9,39.3,0.748,2.75,249.3
2026-07-06 09:00:00,桃園測站,桃園市,76.2,36.9,61.2,41.5,0.736,3.55,277.0
2026-07-06 10:00:00,桃園測站,桃園市,81.6,39.8,72.2,38.1,0.582,2.87,196.1
2026-07-06 11:00:00,桃園測站,桃園市,87.9,40.9,79.5,41.2,0.763,3.01,235.2
2026-07-06 12:00:00,桃園測站,桃園市,74.6,37.2,57.3,44.9,0.544,1.8,326.7
2026-07-06 13:00:00,桃園測站,桃園市,74.9,39.0,60.6,54.3,0.579,2.71,293.6
2026-07-06 14:00:00,桃園測站,桃園市,77.9,38.5,57.0,49.7,0.667,2.48,53.5
2026-07-06 15:00:00,桃園測站,桃園市,79.9,35.4,60.1,62.5,0.734,1.78,336.7
2026-07-06 16:00:00,桃園測站,桃園市,78.1,40.7,74.4,59.5,0.656,3.9,279.9
2026-07-06 17:00:00,桃園測站,桃園市,75.4,35.9,61.4,57.3,0.612,1.88,259.7
2026-07-06 18:00:00,桃園測站,桃園市,86.7,42.5,63.8,58.7,0.62,0.96,112.5
2026-07-06 19:00:00,桃園測站,桃園市,90.5,47.7,90.3,58.4,0.645,1.58,21.9
2026-07-06 20:00:00,桃園測站,桃園市,84.5,39.4,71.9,57.5,0.686,2.35,333.5
2026-07-06 21:00:00,桃園測站,桃園市,78.6,38.9,71.9,51.2,,2.72,239.1
2026-07-06 22:00:00,桃園測站,桃園市,76.5,42.7,69.0,62.1,0.672,0.87,354.2
2026-07-06 23:00:00,桃園測站,桃園市,70.1,40.9,74.9,49.9,0.614,1.87,308.7
2026-07-07 00:00:00,桃園測站,桃園市,67.1,39.6,62.0,53.1,0.591,2.42,6.1
2026-07-07 01:00:00,桃園測站,桃園市,74.4,43.3,76.9,49.1,0.66,2.49,35.2
2026-07-07 02:00:00,桃園測站,桃園市,76.1,38.9,62.4,43.7,0.59,0.7,244.8
2026-07-07 03:00:00,桃園測站,桃園市,82.3,39.8,77.9,45.9,0.597,2.11,77.1
2026-07-07 04:00:00,桃園測站,桃園市,80.6,42.2,68.1,40.4,0.728,3.27,346.8
2026-07-07 05:00:00,桃園測站,桃園市,72.9,44.1,66.1,42.3,0.584,1.78,299.7
2026-07-07 06:00:00,桃園測站,桃園市,84.7,48.1,68.9,40.1,0.684,1.69,336.7
2026-07-07 07:00:00,桃園測站,桃園市,83.3,40.8,67.2,40.6,0.655,2.62,247.6
2026-07-07 08:00:00,桃園測站,桃園市,90.6,44.1,87.0,41.1,0.666,1.27,334.4
2026-07-07 09:00:00,桃園測站,桃園市,84.1,40.4,63.7,41.7,0.739,1.96,305.4
2026-07-07 10:00:00,桃園測站,桃園市,73.1,30.5,56.1,39.6,0.605,0.59,264.3
2026-07-07 11:00:00,桃園測站,桃園市,78.6,42.7,65.0,45.0,0.594,0.75,348.2
2026-07-07 12:00:00,桃園測站,桃園市,73.4,41.4,75.7,46.3,0.616,2.16,348.4
2026-07-07 13:00:00,桃園測站,桃園市,66.7,28.9,54.5,40.7,0.621,2.0,340.0
2026-07-07 14:00:00,桃園測站,桃園市,66.7,39.6,58.0,53.5,,2.21,44.1
2026-07-07 15:00:00,桃園測站,桃園市,68.9,37.1,53.8,52.6,0.57,2.88,39.1
2026-07-07 16:00:00,桃園測站,桃園市,76.7,35.6,61.5,50.8,0.643,0.56,287.3
2026-07-07 17:00:00,桃園測站,桃園市,82.8,43.0,80.0,54.2,0.684,1.86,100.1
2026-07-07 18:00:00,桃園測站,桃園市,76.7,40.6,67.1,58.6,0.626,1.84,36.0
2026-07-07 19:00:00,桃園測站,桃園市,83.8,42.6,78.7,64.3,0.649,1.94,9.8
2026-07-07 20:00:00,桃園測站,桃園市,76.2,42.7,65.7,55.5,0.687,2.9,61.3
2026-07-07 21:00:00,桃園測站,桃園市,71.1,41.2,65.0,56.8,0.552,2.58,318.3
2026-07-07 22:00:00,桃園測站,桃園市,66.0,38.0,56.8,53.1,0.553,2.72,348.0
2026-07-07 23:00:00,桃園測站,桃園市,78.2,40.5,69.9,49.4,0.603,2.96,10.5
2026-07-08 00:00:00,桃園測站,桃園市,59.1,38.7,62.1,50.8,0.575,4.09,301.1
2026-07-08 01:00:00,桃園測站,桃園市,61.6,36.0,73.9,50.6,0.534,1.9,353.4
2026-07-08 02:00:00,桃園測站,桃園市,61.6,41.3,63.2,46.2,0.49,,341.7
2026-07-08 03:00:00,桃園測站,桃園市,64.0,35.6,65.7,42.4,0.574,2.61,357.2
2026-07-08 04:00:00,桃園測站,桃園市,69.3,38.0,56.3,40.0,0.704,2.23,345.1
2026-07-08 05:00:00,桃園測站,桃園市,72.2,37.9,66.3,45.4,0.594,3.22,353.3
2026-07-08 06:00:00,桃園測站,桃園市,69.5,42.9,89.5,37.6,0.624,3.61,330.7
2026-07-08 07:00:00,桃園測站,桃園市,66.5,35.6,46.6,40.0,0.623,3.72,114.5
2026-07-08 08:00:00,桃園測站,桃園市,78.1,44.8,81.3,36.2,0.623,2.13,69.6
2026-07-08 09:00:00,桃園測站,桃園市,63.7,36.6,63.1,44.6,0.592,1.71,323.0
2026-07-08 10:00:00,桃園測站,桃園市,73.7,37.1,63.0,35.9,0.659,3.12,122.0
2026-07-08 11:00:00,桃園測站,桃園市,56.3,32.9,55.9,41.2,0.413,2.24,113.0
2026-07-08 12:00:00,桃園測站,桃園市,65.6,38.2,57.3,44.0,0.595,2.76,110.3
2026-07-08 13:00:00,桃園測站,桃園市,64.9,40.9,65.5,48.1,0.595,2.68,5.5
2026-07-08 14:00:00,桃園測站,桃園市,74.3,42.0,76.3,49.7,0.587,2.96,17.4
2026-07-08 15:00:00,桃園測站,桃園市,78.5,39.0,61.1,60.5,0.617,2.17,125.3
2026-07-08 16:00:00,桃園測站,桃園市,73.2,42.9,77.8,59.7,0.593,2.62,71.9
2026-07-08 17:00:00,桃園測站,桃園市,73.4,39.9,75.9,56.7,0.625,3.32,142.5
2026-07-08 18:00:00,桃園測站,桃園市,74.9,37.7,70.9,53.4,0.642,2.45,72.9
2026-07-08 19:00:00,桃園測站,桃園市,67.4,35.8,55.2,61.2,0.6,1.93,98.9
2026-07-08 20:00:00,桃園測站,桃園市,73.2,38.5,68.2,61.7,0.628,2.19,57.9
2026-07-08 21:00:00,桃園測站,桃園市,61.1,31.7,50.0,49.2,0.493,1.75,77.8
2026-07-08 22:00:00,桃園測站,桃園市,63.5,36.9,60.5,60.3,0.501,1.75,140.4
2026-07-08 23:00:00,桃園測站,桃園市,62.0,39.5,83.3,54.2,0.628,2.08,99.6
2026-07-09 00:00:00,桃園測站,桃園市,62.2,32.4,67.4,46.5,0.642,1.93,6.9
2026-07-09 01:00:00,桃園測站,桃園市,68.9,34.7,56.5,48.8,0.65,2.69,141.2
2026-07-09 02:00:00,桃園測站,桃園市,60.1,37.3,80.7,37.1,0.549,1.48,73.8
2026-07-09 03:00:00,桃園測站,桃園市,64.4,35.9,67.5,39.7,0.58,3.2,167.0
2026-07-09 04:00:00,桃園測站,桃園市,59.5,34.2,63.9,34.3,0.601,1.78,191.7
2026-07-09 05:00:00,桃園測站,桃園市,69.9,35.4,54.5,40.3,0.603,1.47,46.3
2026-07-09 06:00:00,桃園測站,桃園市,73.7,40.5,71.4,37.2,0.64,3.99,190.6
2026-07-09 07:00:00,桃園測站,桃園市,73.6,38.1,72.5,42.5,0.603,1.22,65.5
2026-07-09 08:00:00,桃園測站,桃園市,79.2,40.7,81.1,45.0,0.676,2.72,17.1
2026-07-09 09:00:00,桃園測站,桃園市,69.3,37.5,63.6,38.9,0.579,0.91,182.5
2026-07-09 10:00:00,桃園測站,桃園市,69.0,47.4,78.4,43.9,0.557,2.44,180.4
2026-07-09 11:00:00,桃園測站,桃園市,67.4,40.7,82.5,42.3,0.542,2.25,150.7
2026-07-09 12:00:00,桃園測站,桃園市,57.7,36.3,50.1,40.8,0.539,3.78,156.1
2026-07-09 13:00:00,桃園測站,桃園市,72.2,,61.3,45.4,0.607,1.5,151.0
2026-07-09 14:00:00,桃園測站,桃園市,73.5,42.4,90.7,42.5,0.57,0.95,184.8
2026-07-09 15:00:00,桃園測站,桃園市,66.9,36.6,70.3,45.3,0.536,2.31,218.9
2026-07-09 16:00:00,桃園測站,桃園市,73.3,37.2,62.0,51.7,0.572,1.02,76.8
2026-07-09 17:00:00,桃園測站,桃園市,71.4,38.4,60.2,54.7,0.731,1.05,167.9
2026-07-09 18:00:00,桃園測站,桃園市,78.5,37.7,66.0,58.7,0.723,0.63,115.7
2026-07-09 19:00:00,桃園測站,桃園市,84.2,44.9,74.1,52.4,0.721,2.82,128.8
2026-07-09 20:00:00,桃園測站,桃園市,87.8,43.7,67.8,57.8,0.756,2.41,135.1
2026-07-09 21:00:00,桃園測站,桃園市,79.7,43.9,86.8,59.8,0.641,1.9,173.0
2026-07-09 22:00:00,桃園測站,桃園市,65.2,30.9,45.9,48.7,0.502,1.18,197.4
2026-07-09 23:00:00,桃園測站,桃園市,68.6,37.7,64.8,53.2,0.604,2.86,230.1
2026-07-10 00:00:00,桃園測站,桃園市,68.2,32.8,64.2,46.3,0.552,2.34,313.7
2026-07-10 01:00:00,桃園測站,桃園市,67.3,38.2,78.3,50.3,0.641,3.25,159.5
2026-07-10 02:00:00,桃園測站,桃園市,68.6,43.6,61.2,46.6,0.578,2.91,208.5
2026-07-10 03:00:00,桃園測站,桃園市,61.9,37.7,61.8,43.3,0.65,2.66,190.3
2026-07-10 04:00:00,桃園測站,桃園市,77.4,47.3,94.1,44.7,0.661,2.18,311.1
2026-07-10 05:00:00,桃園測站,桃園市,70.1,42.3,59.1,39.0,0.586,2.67,200.0
2026-07-10 06:00:00,桃園測站,桃園市,72.5,43.8,83.4,40.4,0.624,2.73,166.2
2026-07-10 07:00:00,桃園測站,桃園市,82.5,41.3,66.0,39.9,0.661,2.35,271.0
2026-07-10 08:00:00,桃園測站,桃園市,79.6,40.1,57.4,38.8,0.649,2.55,221.6
2026-07-10 09:00:00,桃園測站,桃園市,77.1,44.4,63.0,46.4,0.664,2.06,226.7
2026-07-10 10:00:00,桃園測站,桃園市,78.7,42.5,66.4,35.2,0.681,1.89,252.8
2026-07-10 11:00:00,桃園測站,桃園市,78.0,39.7,65.8,45.7,0.645,3.34,173.8
2026-07-10 12:00:00,桃園測站,桃園市,72.5,35.7,63.9,43.9,0.599,2.28,147.2
2026-07-10 13:00:00,桃園測站,桃園市,62.9,38.5,72.1,51.9,,3.27,217.7
2026-07-10 14:00:00,桃園測站,桃園市,83.2,40.6,69.4,60.0,0.703,1.73,240.1
2026-07-10 15:00:00,桃園測站,桃園市,82.2,41.5,77.7,59.1,0.71,1.61,201.7
2026-07-10 16:00:00,桃園測站,桃園市,85.4,42.9,77.2,60.3,0.701,2.02,247.8
2026-07-10 17:00:00,桃園測站,桃園市,81.0,39.7,61.6,66.8,0.711,1.44,343.0
2026-07-10 18:00:00,桃園測站,桃園市,82.1,41.8,65.8,58.3,0.642,2.25,254.4
2026-07-10 19:00:00,桃園測站,桃園市,83.0,41.6,72.4,59.9,0.683,3.38,246.5
2026-07-10 20:00:00,桃園測站,桃園市,78.5,35.1,62.4,57.9,0.626,2.4,208.7
2026-07-10 21:00:00,桃園測站,桃園市,73.9,41.6,64.2,57.2,0.537,1.18,210.6
2026-07-10 22:00:00,桃園測站,桃園市,82.3,39.4,78.0,57.1,0.633,3.49,231.4
2026-07-10 23:00:00,桃園測站,桃園市,76.2,39.1,68.6,60.2,0.605,2.95,279.2
2026-07-11 00:00:00,桃園測站,桃園市,73.0,39.3,69.6,54.4,0.706,2.37,246.1
2026-07-11 01:00:00,桃園測站,桃園市,56.0,30.6,43.4,47.2,0.481,2.1,229.6
2026-07-11 02:00:00,桃園測站,桃園市,74.4,38.0,72.4,49.9,0.677,2.18,164.7
2026-07-11 03:00:00,桃園測站,桃園市,67.4,38.1,55.6,46.9,0.602,1.66,235.8
2026-07-11 04:00:00,桃園測站,桃園市,79.0,43.0,74.6,40.6,0.622,2.28,254.4
2026-07-11 05:00:00,桃園測站,桃園市,68.8,37.4,70.4,43.9,0.532,2.52,342.9
2026-07-11 06:00:00,桃園測站,桃園市,73.9,38.1,66.1,39.7,0.58,0.91,261.6
2026-07-11 07:00:00,桃園測站,桃園市,72.4,39.3,76.5,39.5,0.675,2.51,251.9
2026-07-11 08:00:00,桃園測站,桃園市,70.8,43.9,83.1,41.2,0.568,2.47,33.3
2026-07-11 09:00:00,桃園測站,桃園市,86.3,41.2,81.8,43.1,0.751,2.57,185.9
2026-07-11 10:00:00,桃園測站,桃園市,77.0,39.9,67.2,47.7,0.695,1.65,278.8
2026-07-11 11:00:00,桃園測站,桃園市,68.9,33.5,65.5,35.9,0.607,2.24,300.8
2026-07-11 12:00:00,桃園測站,桃園市,64.5,33.2,64.1,39.9,0.562,3.81,247.6
2026-07-11 13:00:00,桃園測站,桃園市,70.6,42.1,72.5,44.8,0.631,3.61,249.1
2026-07-11 14:00:00,桃園測站,桃園市,67.2,39.4,66.4,45.7,0.573,2.45,3.4
2026-07-11 15:00:00,桃園測站,桃園市,70.3,38.8,66.3,52.7,0.669,2.28,301.7
2026-07-11 16:00:00,桃園測站,桃園市,66.6,31.5,62.7,53.8,0.534,1.68,358.4
2026-07-11 17:00:00,桃園測站,桃園市,85.1,40.6,69.9,58.6,0.778,1.75,11.2
2026-07-11 18:00:00,桃園測站,桃園市,79.2,41.0,76.5,58.1,0.726,3.02,12.1
2026-07-11 19:00:00,桃園測站,桃園市,56.6,36.9,54.0,55.6,0.563,2.92,294.3
2026-07-11 20:00:00,桃園測站,桃園市,80.8,43.7,87.2,63.5,0.716,2.04,6.5
2026-07-11 21:00:00,桃園測站,桃園市,71.2,44.8,86.4,64.9,0.514,2.7,276.7
2026-07-11 22:00:00,桃園測站,桃園市,77.6,41.4,74.5,52.9,0.634,1.94,276.7
2026-07-11 23:00:00,桃園測站,桃園市,68.2,39.5,57.9,52.8,0.631,2.8,351.3
2026-07-12 00:00:00,桃園測站,桃園市,73.8,42.7,91.3,43.8,0.522,2.21,351.7
2026-07-12 01:00:00,桃園測站,桃園市,65.3,39.8,69.0,44.2,0.581,2.92,300.2
2026-07-12 02:00:00,桃園測站,桃園市,64.0,39.1,67.0,40.0,0.528,2.56,352.2
2026-07-12 03:00:00,桃園測站,桃園市,61.1,40.7,73.0,46.7,0.452,3.14,285.8
2026-07-12 04:00:00,桃園測站,桃園市,70.7,36.1,64.1,40.5,0.708,2.18,92.1
2026-07-12 05:00:00,桃園測站,桃園市,65.5,42.2,71.4,36.4,0.669,2.46,224.2
2026-07-12 06:00:00,桃園測站,桃園市,64.1,34.3,59.0,36.1,0.558,2.85,279.9
2026-07-12 07:00:00,桃園測站,桃園市,76.5,41.5,82.2,40.5,0.669,1.25,18.8
2026-07-12 08:00:00,桃園測站,桃園市,80.8,42.4,82.3,45.1,0.668,1.32,33.1
2026-07-12 09:00:00,桃園測站,桃園市,65.4,38.6,65.1,39.3,0.556,2.69,354.1
2026-07-12 10:00:00,桃園測站,桃園市,66.3,41.9,63.6,45.9,0.666,2.72,337.4
2026-07-12 11:00:00,桃園測站,桃園市,58.5,36.7,61.1,26.3,0.602,3.07,340.4
2026-07-12 12:00:00,桃園測站,桃園市,68.5,40.3,73.4,39.7,0.603,2.18,314.6
2026-07-12 13:00:00,桃園測站,桃園市,64.5,41.4,68.3,39.3,0.52,2.46,1.1
2026-07-12 14:00:00,桃園測站,桃園市,61.1,42.4,64.0,51.5,0.574,4.2,314.3
2026-07-12 15:00:00,桃園測站,桃園市,62.2,34.1,64.1,47.9,0.533,3.34,28.9
2026-07-12 16:00:00,桃園測站,桃園市,74.7,39.7,70.6,52.5,0.628,1.38,39.2
2026-07-12 17:00:00,桃園測站,桃園市,73.7,42.6,65.4,62.4,0.675,3.19,94.8
2026-07-12 18:00:00,桃園測站,桃園市,70.0,40.0,65.6,51.7,0.548,2.19,359.7
2026-07-12 19:00:00,桃園測站,桃園市,62.1,37.3,61.7,62.6,0.598,1.88,56.6
2026-07-12 20:00:00,桃園測站,桃園市,66.5,37.2,71.2,54.6,0.637,2.67,124.4
2026-07-12 21:00:00,桃園測站,桃園市,66.8,39.3,70.3,52.2,0.563,0.52,331.5
2026-07-12 22:00:00,桃園測站,桃園市,69.2,39.7,71.8,45.8,0.623,3.17,23.3
2026-07-12 23:00:00,桃園測站,桃園市,50.9,33.0,66.4,41.6,0.641,,19.6
2026-07-13 00:00:00,桃園測站,桃園市,60.7,33.5,59.0,52.7,,1.68,62.3
2026-07-13 01:00:00,桃園測站,桃園市,68.2,39.1,63.6,47.4,0.596,3.04,161.6
2026-07-13 02:00:00,桃園測站,桃園市,66.4,37.9,64.3,47.3,0.618,2.02,91.6
2026-07-13 03:00:00,桃園測站,桃園市,65.5,34.8,54.5,45.7,0.634,2.25,19.0
2026-07-13 04:00:00,桃園測站,桃園市,65.9,38.9,77.6,39.8,0.644,1.85,184.4
2026-07-13 05:00:00,桃園測站,桃園市,71.4,35.8,60.5,38.7,0.545,1.52,80.8
2026-07-13 06:00:00,桃園測站,桃園市,62.2,32.6,47.2,34.1,0.551,1.34,80.6
2026-07-13 07:00:00,桃園測站,桃園市,70.6,37.3,62.3,35.8,0.517,2.52,61.3
2026-07-13 08:00:00,桃園測站,桃園市,73.7,36.6,57.5,40.1,0.713,2.71,54.1
2026-07-13 09:00:00,桃園測站,桃園市,78.0,40.9,73.0,38.1,0.653,2.99,80.0
2026-07-13 10:00:00,桃園測站,桃園市,68.5,33.3,72.3,42.0,0.577,2.53,13.9
2026-07-13 11:00:00,桃園測站,桃園市,65.1,34.8,46.2,35.4,0.641,1.64,98.4
2026-07-13 12:00:00,桃園測站,桃園市,69.6,38.8,57.7,43.4,0.672,3.59,151.7
2026-07-13 13:00:00,桃園測站,桃園市,53.7,33.6,52.9,36.5,0.449,3.4,44.2
2026-07-13 14:00:00,桃園測站,桃園市,57.9,32.6,58.2,47.8,0.507,1.21,156.3
2026-07-13 15:00:00,桃園測站,桃園市,69.2,37.6,72.2,54.2,0.667,1.87,83.8
2026-07-13 16:00:00,桃園測站,桃園市,71.9,37.6,54.9,55.9,0.556,2.64,101.1
2026-07-13 17:00:00,桃園測站,桃園市,71.4,40.5,65.0,57.8,0.649,1.89,54.4
2026-07-13 18:00:00,桃園測站,桃園市,72.5,37.8,73.7,56.9,0.579,2.75,56.4
2026-07-13 19:00:00,桃園測站,桃園市,69.1,40.9,66.5,55.7,0.616,2.04,101.8
2026-07-13 20:00:00,桃園測站,桃園市,60.8,28.1,49.2,41.0,0.528,1.04,82.7
2026-07-13 21:00:00,桃園測站,桃園市,77.0,39.8,78.0,57.1,0.636,2.82,125.0
2026-07-13 22:00:00,桃園測站,桃園市,66.7,37.6,69.6,51.7,0.659,1.58,180.9
2026-07-13 23:00:00,桃園測站,桃園市,66.6,35.1,63.7,51.3,,2.22,156.8
2026-07-14 00:00:00,桃園測站,桃園市,66.3,34.5,53.0,50.3,0.562,3.43,152.7
2026-07-14 01:00:00,桃園測站,桃園市,60.7,34.4,63.3,50.2,0.618,2.41,148.3
2026-07-14 02:00:00,桃園測站,桃園市,68.1,38.5,59.0,46.7,0.565,1.82,98.1
2026-07-14 03:00:00,桃園測站,桃園市,60.8,32.2,60.0,35.3,0.557,2.26,127.0
2026-07-14 04:00:00,桃園測站,桃園市,59.8,32.3,54.6,37.6,0.548,2.32,133.9
2026-07-14 05:00:00,桃園測站,桃園市,75.3,35.3,47.3,46.6,0.536,3.9,101.6
2026-07-14 06:00:00,桃園測站,桃園市,77.4,43.8,68.8,37.3,0.688,1.87,81.0
2026-07-14 07:00:00,桃園測站,桃園市,77.7,38.0,61.4,37.9,0.625,3.24,117.8
2026-07-14 08:00:00,桃園測站,桃園市,75.2,39.5,67.4,41.8,0.651,0.95,230.7
2026-07-14 09:00:00,桃園測站,桃園市,82.7,39.5,78.2,37.2,0.742,1.77,224.2
2026-07-14 10:00:00,桃園測站,桃園市,67.7,37.9,60.5,41.6,0.657,1.91,68.6
2026-07-14 11:00:00,桃園測站,桃園市,61.3,38.5,63.1,39.7,0.5,0.74,298.7
2026-07-14 12:00:00,桃園測站,桃園市,69.7,39.1,62.9,41.9,0.699,2.73,102.0
2026-07-14 13:00:00,桃園測站,桃園市,60.9,35.1,71.5,44.5,0.51,2.35,161.5
2026-07-14 14:00:00,桃園測站,桃園市,61.8,38.0,70.8,44.6,0.548,1.22,142.6
2026-07-14 15:00:00,桃園測站,桃園市,72.0,36.6,58.4,45.3,0.534,1.55,239.5
2026-07-14 16:00:00,桃園測站,桃園市,77.9,45.6,71.5,50.8,0.668,2.02,143.1
2026-07-14 17:00:00,桃園測站,桃園市,84.3,41.9,73.4,69.6,0.663,2.57,206.6
2026-07-14 18:00:00,桃園測站,桃園市,75.1,42.5,60.8,54.7,0.64,2.12,238.6
2026-07-14 19:00:00,桃園測站,桃園市,80.4,41.1,72.2,56.6,0.677,2.91,176.0
2026-07-14 20:00:00,桃園測站,桃園市,81.9,44.3,68.6,60.8,0.648,3.18,107.0
2026-07-14 21:00:00,桃園測站,桃園市,73.8,41.9,73.8,55.9,0.672,1.87,112.2
2026-07-14 22:00:00,桃園測站,桃園市,76.3,41.5,79.0,64.2,0.699,1.68,199.9
2026-07-14 23:00:00,桃園測站,桃園市,67.0,36.7,67.1,53.4,0.596,1.54,93.2
2026-07-15 00:00:00,桃園測站,桃園市,80.0,42.2,80.2,61.1,0.692,0.2,325.9
2026-07-15 01:00:00,桃園測站,桃園市,60.5,35.9,63.7,46.3,0.465,2.33,246.1
2026-07-15 02:00:00,桃園測站,桃園市,65.9,33.6,56.8,41.8,0.534,2.68,218.7
2026-07-15 03:00:00,桃園測站,桃園市,65.3,34.9,63.9,42.5,0.664,2.29,122.3
2026-07-15 04:00:00,桃園測站,桃園市,73.6,39.1,77.7,44.8,0.632,2.18,305.5
2026-07-15 05:00:00,桃園測站,桃園市,79.9,43.7,67.0,38.1,0.717,2.24,163.3
2026-07-15 06:00:00,桃園測站,桃園市,76.4,37.4,74.1,41.1,0.642,1.7,80.8
2026-07-15 07:00:00,桃園測站,桃園市,74.8,37.7,58.2,42.9,0.63,3.19,157.9
2026-07-15 08:00:00,桃園測站,桃園市,83.2,41.8,80.5,42.6,0.594,1.46,264.3
2026-07-15 09:00:00,桃園測站,桃園市,72.0,43.3,75.9,36.9,0.718,3.23,200.4
2026-07-15 10:00:00,桃園測站,桃園市,79.5,39.1,54.2,43.2,0.749,2.07,152.4
2026-07-15 11:00:00,桃園測站,桃園市,68.8,38.9,77.5,36.2,0.642,1.54,215.5
2026-07-15 12:00:00,桃園測站,桃園市,72.4,44.5,91.1,48.0,0.696,2.09,235.0
2026-07-15 13:00:00,桃園測站,桃園市,80.2,44.0,68.0,49.4,0.719,3.07,186.4
2026-07-15 14:00:00,桃園測站,桃園市,71.5,36.4,57.4,53.5,0.648,1.87,308.0
2026-07-15 15:00:00,桃園測站,桃園市,70.1,43.8,58.5,58.4,0.662,1.97,171.9
2026-07-15 16:00:00,桃園測站,桃園市,72.5,46.6,68.0,55.6,0.543,1.55,282.7
2026-07-15 17:00:00,桃園測站,桃園市,85.4,41.3,61.1,58.9,0.649,1.66,197.4
2026-07-15 18:00:00,桃園測站,桃園市,80.7,44.5,74.9,54.1,0.656,3.63,177.5
2026-07-15 19:00:00,桃園測站,桃園市,82.6,42.1,76.9,64.3,0.696,2.69,269.4
2026-07-15 20:00:00,桃園測站,桃園市,85.5,47.3,89.8,64.9,0.654,2.65,279.1
2026-07-15 21:00:00,桃園測站,桃園市,88.1,40.2,56.5,61.9,0.689,2.36,165.4
2026-07-15 22:00:00,桃園測站,桃園市,80.6,42.0,83.7,55.0,0.681,2.2,256.9
2026-07-15 23:00:00,桃園測站,桃園市,86.8,43.0,70.6,,0.613,1.52,180.4
2026-07-16 00:00:00,桃園測站,桃園市,66.2,36.8,65.8,51.4,0.624,1.69,300.7
2026-07-16 01:00:00,桃園測站,桃園市,82.2,42.9,64.2,54.8,0.761,2.33,222.3
2026-07-16 02:00:00,桃園測站,桃園市,74.5,38.6,75.2,47.4,0.685,2.47,210.5
2026-07-16 03:00:00,桃園測站,桃園市,73.1,37.9,62.3,51.6,0.67,2.31,186.1
2026-07-16 04:00:00,桃園測站,桃園市,77.4,38.2,64.3,44.5,0.605,2.16,300.6
2026-07-16 05:00:00,桃園測站,桃園市,83.4,41.8,59.3,44.0,0.727,2.32,237.9
2026-07-16 06:00:00,桃園測站,桃園市,80.4,44.3,78.6,43.8,0.641,1.11,344.3
2026-07-16 07:00:00,桃園測站,桃園市,80.2,40.6,71.3,37.5,0.697,2.21,327.1
2026-07-16 08:00:00,桃園測站,桃園市,84.4,48.6,73.4,49.4,0.705,2.31,299.7
2026-07-16 09:00:00,桃園測站,桃園市,88.5,44.1,87.6,40.5,0.742,2.48,357.6
2026-07-16 10:00:00,桃園測站,桃園市,90.5,44.7,91.7,42.2,0.728,1.81,258.3
2026-07-16 11:00:00,桃園測站,桃園市,82.0,42.4,65.3,45.3,0.632,1.97,278.5
2026-07-16 12:00:00,桃園測站,桃園市,85.5,41.7,74.1,50.8,0.681,1.75,235.9
2026-07-16 13:00:00,桃園測站,桃園市,85.6,42.7,74.2,56.2,0.695,1.43,236.5
2026-07-16 14:00:00,桃園測站,桃園市,72.1,43.9,57.1,51.9,0.63,1.92,237.9
2026-07-16 15:00:00,桃園測站,桃園市,73.2,42.8,76.0,53.8,0.645,1.9,285.7
2026-07-16 16:00:00,桃園測站,桃園市,86.9,47.1,89.4,61.4,0.788,3.29,256.2
2026-07-16 17:00:00,桃園測站,桃園市,89.8,43.7,69.3,55.2,0.735,2.71,301.9
2026-07-16 18:00:00,桃園測站,桃園市,83.1,37.2,71.4,55.8,0.659,2.2,275.3
2026-07-16 19:00:00,桃園測站,桃園市,83.1,36.7,67.7,55.4,0.553,2.81,339.7
2026-07-16 20:00:00,桃園測站,桃園市,81.4,44.1,84.9,58.0,0.647,2.41,28.8
2026-07-16 21:00:00,桃園測站,桃園市,76.9,44.9,86.2,66.6,0.729,3.35,271.1
2026-07-16 22:00:00,桃園測站,桃園市,86.1,42.4,62.0,59.2,0.636,2.34,254.1
2026-07-16 23:00:00,桃園測站,桃園市,82.8,43.5,79.4,61.4,0.584,2.24,286.3
2026-07-17 00:00:00,桃園測站,桃園市,70.7,37.4,68.3,48.2,0.623,3.07,340.2
2026-07-17 01:00:00,桃園測站,桃園市,78.6,36.4,67.0,51.0,0.611,2.81,297.8
2026-07-17 02:00:00,桃園測站,桃園市,68.6,39.9,66.8,42.6,0.553,2.01,30.5
2026-07-17 03:00:00,桃園測站,桃園市,73.6,42.5,69.8,37.3,0.584,1.75,291.8
2026-07-17 04:00:00,桃園測站,桃園市,77.7,43.6,83.6,49.5,0.73,2.0,2.0
2026-07-17 05:00:00,桃園測站,桃園市,80.6,41.2,60.5,32.9,0.668,1.63,279.9
2026-07-17 06:00:00,桃園測站,桃園市,79.7,36.8,68.8,39.6,0.657,1.3,23.3
2026-07-17 07:00:00,桃園測站,桃園市,82.2,42.5,60.1,35.5,0.719,2.59,315.6
2026-07-17 08:00:00,桃園測站,桃園市,84.7,46.1,76.4,36.5,0.618,1.85,68.4
2026-07-17 09:00:00,桃園測站,桃園市,77.0,38.7,60.4,41.4,0.583,2.93,343.0
2026-07-17 10:00:00,桃園測站,桃園市,88.8,39.8,71.4,44.2,0.683,1.37,304.0
2026-07-17 11:00:00,桃園測站,桃園市,72.6,39.5,71.6,42.6,0.629,1.79,342.3
2026-07-17 12:00:00,桃園測站,桃園市,68.8,38.5,69.6,45.8,0.643,2.28,12.7
2026-07-17 13:00:00,桃園測站,桃園市,68.8,41.5,77.4,46.6,0.598,2.21,4.7
2026-07-17 14:00:00,桃園測站,桃園市,70.3,37.2,75.9,57.0,0.584,2.73,261.0
2026-07-17 15:00:00,桃園測站,桃園市,76.3,36.0,72.4,51.1,0.606,1.84,49.1
2026-07-17 16:00:00,桃園測站,桃園市,70.0,38.6,62.6,57.2,0.521,3.0,338.4
2026-07-17 17:00:00,桃園測站,桃園市,78.0,37.9,84.8,57.8,0.629,2.0,294.2
2026-07-17 18:00:00,桃園測站,桃園市,84.8,43.3,61.2,60.0,0.731,1.26,79.2
2026-07-17 19:00:00,桃園測站,桃園市,75.8,37.4,77.6,52.4,0.604,2.86,32.9
2026-07-17 20:00:00,桃園測站,桃園市,69.5,41.6,65.4,53.6,0.588,2.47,311.8
2026-07-17 21:00:00,桃園測站,桃園市,77.0,45.6,80.4,61.8,0.745,3.26,291.5
2026-07-17 22:00:00,桃園測站,桃園市,66.6,39.5,82.0,59.5,0.556,2.2,348.8
2026-07-17 23:00:00,桃園測站,桃園市,65.8,37.1,62.5,40.5,0.513,1.6,356.9
2026-07-18 00:00:00,桃園測站,桃園市,59.9,33.1,46.1,42.8,0.537,1.98,73.9
2026-07-18 01:00:00,桃園測站,桃園市,53.7,33.8,54.2,42.8,0.588,1.68,36.3
2026-07-18 02:00:00,桃園測站,桃園市,55.6,31.7,53.1,38.2,0.538,1.54,321.7
2026-07-18 03:00:00,桃園測站,桃園市,54.5,,51.1,32.5,0.508,2.82,330.3
2026-07-18 04:00:00,桃園測站,桃園市,57.1,36.6,66.1,31.8,0.597,2.69,51.1
2026-07-18 05:00:00,桃園測站,桃園市,66.3,36.9,64.9,46.1,0.561,2.24,108.5
2026-07-18 06:00:00,桃園測站,桃園市,63.5,39.0,66.5,38.9,0.582,1.5,359.6
2026-07-18 07:00:00,桃園測站,桃園市,64.4,40.2,68.6,38.9,0.607,,79.4
2026-07-18 08:00:00,桃園測站,桃園市,71.6,35.0,57.8,43.6,0.704,0.73,146.1
2026-07-18 09:00:00,桃園測站,桃園市,67.8,41.3,78.2,40.0,0.535,2.22,91.4
2026-07-18 10:00:00,桃園測站,桃園市,62.2,38.9,62.3,34.8,0.557,2.51,318.2
2026-07-18 11:00:00,桃園測站,桃園市,55.8,29.4,49.8,34.7,0.581,4.45,148.9
2026-07-18 12:00:00,桃園測站,桃園市,58.5,38.6,67.3,42.4,0.579,3.19,40.7
2026-07-18 13:00:00,桃園測站,桃園市,58.5,36.5,60.6,41.2,0.572,2.56,50.8
2026-07-18 14:00:00,桃園測站,桃園市,61.6,39.9,71.3,48.1,0.528,2.45,28.1
2026-07-18 15:00:00,桃園測站,桃園市,66.6,40.3,83.6,50.1,0.576,3.53,71.9
2026-07-18 16:00:00,桃園測站,桃園市,56.1,38.5,67.5,51.4,0.546,3.52,359.4
2026-07-18 17:00:00,桃園測站,桃園市,62.5,34.3,60.0,51.2,0.623,2.64,120.4
2026-07-18 18:00:00,桃園測站,桃園市,64.2,35.1,71.6,54.5,0.551,1.51,101.2
2026-07-18 19:00:00,桃園測站,桃園市,62.6,36.8,62.2,55.8,0.606,3.74,134.7
2026-07-18 20:00:00,桃園測站,桃園市,70.9,36.6,64.7,59.8,0.653,3.1,316.5
2026-07-18 21:00:00,桃園測站,桃園市,66.5,39.0,74.5,55.1,0.616,3.01,122.7
2026-07-18 22:00:00,桃園測站,桃園市,50.9,33.8,58.1,54.7,0.46,2.05,53.5
2026-07-18 23:00:00,桃園測站,桃園市,55.0,36.4,74.0,52.5,,1.68,181.2
2026-07-19 00:00:00,桃園測站,桃園市,64.1,42.0,64.2,44.4,0.53,2.35,154.6
2026-07-19 01:00:00,桃園測站,桃園市,63.4,35.8,53.9,43.3,0.619,2.61,118.8
2026-07-19 02:00:00,桃園測站,桃園市,58.8,38.0,71.4,46.0,0.573,2.11,126.9
2026-07-19 03:00:00,桃園測站,桃園市,59.0,39.4,82.7,40.4,0.536,2.04,61.9
2026-07-19 04:00:00,桃園測站,桃園市,49.5,35.9,52.6,32.2,0.553,2.51,165.9
2026-07-19 05:00:00,桃園測站,桃園市,59.8,34.6,51.6,32.6,0.612,3.24,200.3
2026-07-19 06:00:00,桃園測站,桃園市,66.1,31.1,66.1,44.3,0.663,2.15,54.1
2026-07-19 07:00:00,桃園測站,桃園市,67.8,38.3,76.5,38.0,0.607,2.58,163.5
2026-07-19 08:00:00,桃園測站,桃園市,66.4,34.8,52.7,44.5,0.501,1.91,185.5
2026-07-19 09:00:00,桃園測站,桃園市,68.4,34.5,55.7,38.5,0.575,2.26,103.0
2026-07-19 10:00:00,桃園測站,桃園市,76.9,39.7,56.2,50.0,0.564,2.43,124.8
2026-07-19 11:00:00,桃園測站,桃園市,54.4,32.6,44.3,40.1,0.626,2.59,61.1
2026-07-19 12:00:00,桃園測站,桃園市,55.8,34.5,58.4,42.9,0.632,2.45,80.6
2026-07-19 13:00:00,桃園測站,桃園市,65.8,41.6,66.3,48.9,0.583,0.88,178.0
2026-07-19 14:00:00,桃園測站,桃園市,65.6,42.1,73.3,45.8,0.604,2.5,154.7
2026-07-19 15:00:00,桃園測站,桃園市,64.0,37.5,76.3,55.4,0.547,2.23,129.8
2026-07-19 16:00:00,桃園測站,桃園市,63.6,32.4,49.0,51.6,0.582,2.64,233.6
2026-07-19 17:00:00,桃園測站,桃園市,67.2,34.6,72.1,49.9,0.632,3.12,28.9
2026-07-19 18:00:00,桃園測站,桃園市,72.6,41.2,74.8,54.5,0.61,2.02,135.0
2026-07-19 19:00:00,桃園測站,桃園市,68.1,41.9,76.3,60.9,0.595,2.02,158.9
2026-07-19 20:00:00,桃園測站,桃園市,68.7,36.9,53.0,54.7,0.496,3.11,158.3
2026-07-19 21:00:00,桃園測站,桃園市,68.5,39.9,75.4,56.5,0.558,1.47,165.4
2026-07-19 22:00:00,桃園測站,桃園市,60.1,40.7,59.8,50.3,0.573,2.35,188.9
2026-07-19 23:00:00,桃園測站,桃園市,63.1,33.0,48.4,52.5,0.562,3.22,174.4
2026-07-20 00:00:00,桃園測站,桃園市,76.2,43.8,82.1,51.5,0.704,2.37,210.5
2026-07-20 01:00:00,桃園測站,桃園市,62.8,42.8,61.2,44.3,0.457,1.6,323.7
2026-07-20 02:00:00,桃園測站,桃園市,68.2,34.1,59.9,48.2,0.56,2.48,122.9
2026-07-20 03:00:00,桃園測站,桃園市,83.6,43.6,74.9,44.2,0.64,1.53,281.3
2026-07-20 04:00:00,桃園測站,桃園市,68.9,32.1,59.0,39.8,0.601,3.1,149.3
2026-07-20 05:00:00,桃園測站,桃園市,77.0,38.5,68.9,40.5,0.688,2.7,185.9
2026-07-20 06:00:00,桃園測站,桃園市,75.3,44.9,80.9,37.5,0.69,2.28,189.0
2026-07-20 07:00:00,桃園測站,桃園市,82.4,42.8,67.0,46.6,0.699,3.06,201.5
2026-07-20 08:00:00,桃園測站,桃園市,87.3,46.0,81.9,45.7,0.794,1.66,195.5
2026-07-20 09:00:00,桃園測站,桃園市,81.3,40.4,75.1,38.4,0.676,1.12,241.1
2026-07-20 10:00:00,桃園測站,桃園市,74.9,36.6,68.1,40.1,0.645,2.76,165.0
2026-07-20 11:00:00,桃園測站,桃園市,70.7,39.0,82.1,38.9,0.601,3.08,321.5
2026-07-20 12:00:00,桃園測站,桃園市,69.1,36.4,50.9,41.9,0.621,3.36,144.0
2026-07-20 13:00:00,桃園測站,桃園市,81.6,39.9,81.2,51.7,0.654,2.62,209.5
2026-07-20 14:00:00,桃園測站,桃園市,77.8,40.1,65.9,47.7,0.58,2.12,137.9
2026-07-20 15:00:00,桃園測站,桃園市,73.9,36.4,55.6,47.8,0.644,3.4,218.6
2026-07-20 16:00:00,桃園測站,桃園市,80.1,45.1,84.3,54.1,0.684,1.18,193.7
2026-07-20 17:00:00,桃園測站,桃園市,90.2,47.6,66.2,55.5,0.676,1.88,162.2
2026-07-20 18:00:00,桃園測站,桃園市,83.1,47.2,92.8,55.4,0.594,1.23,141.6
2026-07-20 19:00:00,桃園測站,桃園市,83.8,43.3,86.4,65.8,0.777,2.62,227.4
2026-07-20 20:00:00,桃園測站,桃園市,84.8,46.4,97.5,57.7,0.657,1.82,257.6
2026-07-20 21:00:00,桃園測站,桃園市,72.9,38.6,73.5,57.5,0.611,2.71,301.1
2026-07-20 22:00:00,桃園測站,桃園市,81.6,42.9,67.7,67.5,0.73,2.05,195.9
2026-07-20 23:00:00,桃園測站,桃園市,74.4,38.9,71.2,57.9,0.565,1.07,241.6
2026-07-21 00:00:00,桃園測站,桃園市,70.9,35.3,66.5,50.1,0.587,1.88,251.7
2026-07-21 01:00:00,桃園測站,桃園市,80.3,45.7,83.1,49.3,0.687,2.4,327.9
2026-07-21 02:00:00,桃園測站,桃園市,65.9,37.1,72.1,40.4,0.529,2.89,216.4
2026-07-21 03:00:00,桃園測站,桃園市,66.8,40.6,73.7,38.5,0.593,3.16,172.2
2026-07-21 04:00:00,桃園測站,桃園市,68.5,36.6,51.1,43.3,0.661,2.48,294.8
2026-07-21 05:00:00,桃園測站,桃園市,79.6,41.1,71.4,36.7,0.652,2.3,187.3
2026-07-21 06:00:00,桃園測站,桃園市,82.1,39.1,58.0,37.4,0.701,1.99,314.8
2026-07-21 07:00:00,桃園測站,桃園市,83.5,40.8,61.9,49.4,0.596,2.99,4.0
2026-07-21 08:00:00,桃園測站,桃園市,91.2,42.9,66.5,41.3,0.695,1.58,223.9
2026-07-21 09:00:00,桃園測站,桃園市,91.2,41.6,68.8,45.1,0.656,1.16,273.0
2026-07-21 10:00:00,桃園測站,桃園市,86.9,44.2,65.6,44.0,0.734,1.65,327.9
2026-07-21 11:00:00,桃園測站,桃園市,84.3,39.7,76.5,40.7,0.658,2.99,227.5
2026-07-21 12:00:00,桃園測站,桃園市,82.9,40.6,64.3,47.8,0.629,1.61,1.6
2026-07-21 13:00:00,桃園測站,桃園市,78.3,43.9,74.7,45.7,0.586,2.32,303.6
2026-07-21 14:00:00,桃園測站,桃園市,76.9,42.6,84.2,46.8,0.721,3.49,273.9
2026-07-21 15:00:00,桃園測站,桃園市,70.1,34.7,73.6,52.1,0.583,1.79,224.3
2026-07-21 16:00:00,桃園測站,桃園市,85.4,42.2,83.6,61.0,0.675,1.3,252.0
2026-07-21 17:00:00,桃園測站,桃園市,76.6,43.1,72.7,57.5,0.63,1.36,319.6
2026-07-21 18:00:00,桃園測站,桃園市,83.2,44.7,78.2,66.1,0.69,2.64,337.5
2026-07-21 19:00:00,桃園測站,桃園市,92.6,45.3,76.1,59.0,0.66,2.85,253.5
2026-07-21 20:00:00,桃園測站,桃園市,84.1,43.4,80.7,56.5,0.699,1.87,244.3
2026-07-21 21:00:00,桃園測站,桃園市,87.1,40.5,68.6,64.6,0.586,2.86,264.9
2026-07-21 22:00:00,桃園測站,桃園市,76.5,38.3,74.2,52.7,0.629,2.24,327.8
2026-07-21 23:00:00,桃園測站,桃園市,76.0,40.2,78.6,55.9,0.609,2.66,322.7
2026-07-22 00:00:00,桃園測站,桃園市,71.9,42.8,,55.2,0.714,3.84,326.8
2026-07-22 01:00:00,桃園測站,桃園市,75.0,42.5,83.1,52.5,0.66,2.57,276.5
2026-07-22 02:00:00,桃園測站,桃園市,70.8,37.4,51.9,43.7,0.604,2.33,0.6
2026-07-22 03:00:00,桃園測站,桃園市,73.3,38.8,73.0,43.4,0.608,2.09,292.7
2026-07-22 04:00:00,桃園測站,桃園市,70.2,37.2,63.4,42.8,0.691,,83.6
2026-07-22 05:00:00,桃園測站,桃園市,77.2,42.2,77.2,38.9,0.574,3.24,270.3
2026-07-22 06:00:00,桃園測站,桃園市,79.8,38.5,66.2,43.4,0.722,2.14,104.9
2026-07-22 07:00:00,桃園測站,桃園市,85.0,39.7,62.5,41.2,0.602,2.34,268.8
2026-07-22 08:00:00,桃園測站,桃園市,70.1,37.8,53.1,26.4,0.571,2.14,313.1
2026-07-22 09:00:00,桃園測站,桃園市,82.6,46.0,81.1,47.3,0.622,2.41,45.7
2026-07-22 10:00:00,桃園測站,桃園市,74.2,37.4,67.4,37.8,0.6,2.53,6.0
2026-07-22 11:00:00,桃園測站,桃園市,77.8,37.9,76.8,41.8,0.62,0.86,13.0
2026-07-22 12:00:00,桃園測站,桃園市,78.3,37.7,66.1,40.2,0.608,1.49,342.6
2026-07-22 13:00:00,桃園測站,桃園市,72.1,44.8,77.1,44.4,0.56,2.31,3.1
2026-07-22 14:00:00,桃園測站,桃園市,61.5,36.8,57.6,52.8,0.596,2.5,336.9
2026-07-22 15:00:00,桃園測站,桃園市,72.5,41.1,64.6,53.5,0.56,1.72,47.9
2026-07-22 16:00:00,桃園測站,桃園市,78.8,41.2,67.3,55.1,0.594,3.16,54.4
2026-07-22 17:00:00,桃園測站,桃園市,85.8,49.1,88.7,47.8,0.735,2.52,20.4
2026-07-22 18:00:00,桃園測站,桃園市,71.5,38.9,65.2,57.7,0.654,2.16,83.0
2026-07-22 19:00:00,桃園測站,桃園市,79.4,37.5,68.8,60.7,0.672,3.3,291.2
2026-07-22 20:00:00,桃園測站,桃園市,79.6,39.7,59.8,53.6,0.634,2.85,12.4
2026-07-22 21:00:00,桃園測站,桃園市,67.3,36.3,75.9,46.1,0.741,2.45,58.9
2026-07-22 22:00:00,桃園測站,桃園市,66.0,37.8,53.7,49.6,0.653,1.23,54.3
2026-07-22 23:00:00,桃園測站,桃園市,65.0,34.7,60.4,46.2,0.58,1.8,33.4
2026-07-23 00:00:00,桃園測站,桃園市,66.7,38.7,67.1,51.6,0.592,1.96,117.4
2026-07-23 01:00:00,桃園測站,桃園市,65.1,40.9,80.3,49.0,0.59,2.29,25.6
2026-07-23 02:00:00,桃園測站,桃園市,54.6,37.3,77.0,40.9,0.573,1.51,337.7
2026-07-23 03:00:00,桃園測站,桃園市,53.0,34.3,54.0,40.1,0.511,1.49,185.0
2026-07-23 04:00:00,桃園測站,桃園市,65.7,34.5,60.5,39.4,0.658,2.27,150.0
2026-07-23 05:00:00,桃園測站,桃園市,65.5,39.0,77.3,43.8,0.578,2.32,274.6
2026-07-23 06:00:00,桃園測站,桃園市,69.9,42.1,68.0,45.6,0.594,1.77,28.3
2026-07-23 07:00:00,桃園測站,桃園市,69.0,40.4,61.5,36.6,0.606,0.75,77.7
2026-07-23 08:00:00,桃園測站,桃園市,76.8,37.1,63.4,47.6,0.592,2.41,0.0
2026-07-23 09:00:00,桃園測站,桃園市,71.5,40.0,67.2,41.4,0.596,2.86,46.2
2026-07-23 10:00:00,桃園測站,桃園市,69.8,39.8,74.5,42.4,0.636,2.04,7.2
2026-07-23 11:00:00,桃園測站,桃園市,59.6,31.3,51.3,45.2,0.523,3.24,307.9
2026-07-23 12:00:00,桃園測站,桃園市,63.7,41.6,78.4,35.8,0.517,3.32,52.8
2026-07-23 13:00:00,桃園測站,桃園市,64.1,38.2,69.0,44.4,0.6,1.94,348.5
2026-07-23 14:00:00,桃園測站,桃園市,63.2,39.1,65.1,51.7,0.571,2.4,51.6
2026-07-23 15:00:00,桃園測站,桃園市,72.0,40.2,66.7,56.9,0.586,2.29,210.4
2026-07-23 16:00:00,桃園測站,桃園市,73.9,44.6,80.7,54.9,0.65,3.63,68.7
2026-07-23 17:00:00,桃園測站,桃園市,72.5,36.7,67.8,60.0,0.543,2.62,51.6
2026-07-23 18:00:00,桃園測站,桃園市,77.1,40.5,63.7,54.6,0.689,1.44,75.3
2026-07-23 19:00:00,桃園測站,桃園市,74.1,44.6,66.8,58.6,0.529,1.37,72.4
2026-07-23 20:00:00,桃園測站,桃園市,66.3,33.1,63.5,55.8,0.561,2.37,124.3
2026-07-23 21:00:00,桃園測站,桃園市,65.9,39.1,63.9,58.8,0.655,3.25,114.7
2026-07-23 22:00:00,桃園測站,桃園市,65.4,36.4,51.6,52.0,0.586,3.32,174.3
2026-07-23 23:00:00,桃園測站,桃園市,60.8,39.1,76.8,52.9,0.632,2.04,160.8
2026-07-24 00:00:00,桃園測站,桃園市,54.4,38.9,67.2,37.8,0.52,3.42,84.5
2026-07-24 01:00:00,桃園測站,桃園市,67.4,38.3,71.5,43.1,0.604,3.42,138.4
2026-07-24 02:00:00,桃園測站,桃園市,63.4,44.0,77.8,44.8,0.619,2.89,353.9
2026-07-24 03:00:00,桃園測站,桃園市,66.3,37.4,60.1,35.9,0.505,3.19,142.4
2026-07-24 04:00:00,桃園測站,桃園市,53.1,33.0,62.2,41.9,0.585,1.54,112.1
2026-07-24 05:00:00,桃園測站,桃園市,65.0,33.4,46.6,35.9,0.604,3.06,151.3
2026-07-24 06:00:00,桃園測站,桃園市,74.7,39.1,64.9,38.2,0.73,0.57,23.0
2026-07-24 07:00:00,桃園測站,桃園市,76.9,39.7,64.1,36.5,0.691,3.02,219.2
2026-07-24 08:00:00,桃園測站,桃園市,69.0,34.5,56.8,40.2,0.613,2.44,128.9
2026-07-24 09:00:00,桃園測站,桃園市,69.8,40.3,64.9,42.0,0.591,2.43,128.1
2026-07-24 10:00:00,桃園測站,桃園市,76.2,41.0,76.9,44.1,0.669,2.91,104.1
2026-07-24 11:00:00,桃園測站,桃園市,71.9,34.1,49.1,49.3,0.615,2.67,44.1
2026-07-24 12:00:00,桃園測站,桃園市,65.3,35.1,67.6,44.3,0.597,1.22,115.1
2026-07-24 13:00:00,桃園測站,桃園市,69.1,38.8,62.0,51.3,0.638,3.13,92.8
2026-07-24 14:00:00,桃園測站,桃園市,74.6,39.8,60.1,42.8,0.678,1.9,129.3
2026-07-24 15:00:00,桃園測站,桃園市,63.1,42.0,75.2,48.6,0.534,3.28,149.0
2026-07-24 16:00:00,桃園測站,桃園市,73.1,35.7,68.8,49.4,0.601,1.93,159.7
2026-07-24 17:00:00,桃園測站,桃園市,83.6,41.2,83.0,57.0,0.669,1.83,143.8
2026-07-24 18:00:00,桃園測站,桃園市,78.0,43.5,76.9,62.4,0.662,2.42,223.0
2026-07-24 19:00:00,桃園測站,桃園市,71.3,46.6,83.3,52.0,0.56,2.93,289.9
2026-07-24 20:00:00,桃園測站,桃園市,71.8,40.3,79.8,65.5,0.698,2.08,197.1
2026-07-24 21:00:00,桃園測站,桃園市,75.3,40.0,64.5,61.2,0.701,2.05,185.4
2026-07-24 22:00:00,桃園測站,桃園市,76.5,35.2,71.7,56.7,0.588,2.26,230.2
2026-07-24 23:00:00,桃園測站,桃園市,57.0,36.2,64.3,49.1,0.545,2.42,157.8
2026-07-25 00:00:00,桃園測站,桃園市,57.3,31.4,58.0,43.9,0.596,2.6,176.2
2026-07-25 01:00:00,桃園測站,桃園市,57.6,34.7,67.5,42.5,0.424,1.96,156.5
2026-07-25 02:00:00,桃園測站,桃園市,58.6,34.8,68.3,46.3,0.484,2.21,79.4
2026-07-25 03:00:00,桃園測站,桃園市,61.5,33.6,59.0,44.9,0.551,1.67,131.2
2026-07-25 04:00:00,桃園測站,桃園市,66.0,43.3,64.9,39.4,0.593,3.74,259.8
2026-07-25 05:00:00,桃園測站,桃園市,68.1,38.7,61.4,37.6,0.562,3.01,196.2
2026-07-25 06:00:00,桃園測站,桃園市,75.4,45.0,79.9,53.0,0.649,1.43,182.5
2026-07-25 07:00:00,桃園測站,桃園市,82.6,37.9,76.5,40.6,0.668,2.85,161.6
2026-07-25 08:00:00,桃園測站,桃園市,69.6,34.5,69.1,35.9,0.553,2.08,265.4
2026-07-25 09:00:00,桃園測站,桃園市,71.2,37.1,64.2,38.5,0.636,3.73,219.0
2026-07-25 10:00:00,桃園測站,桃園市,71.5,41.8,59.1,50.7,0.619,2.41,240.3
2026-07-25 11:00:00,桃園測站,桃園市,70.3,43.5,88.5,43.7,0.664,2.11,193.7
2026-07-25 12:00:00,桃園測站,桃園市,70.8,40.1,64.3,48.3,0.613,1.93,236.0
2026-07-25 13:00:00,桃園測站,桃園市,70.4,34.1,52.6,38.2,0.625,2.75,250.9
2026-07-25 14:00:00,桃園測站,桃園市,72.2,38.3,60.5,54.8,0.659,3.06,182.1
2026-07-25 15:00:00,桃園測站,桃園市,74.4,35.3,65.8,55.8,0.718,2.04,177.4
2026-07-25 16:00:00,桃園測站,桃園市,68.7,36.4,72.8,58.0,0.595,2.28,266.5
2026-07-25 17:00:00,桃園測站,桃園市,73.5,38.8,60.9,56.4,0.589,2.42,246.7
2026-07-25 18:00:00,桃園測站,桃園市,76.4,37.9,58.6,58.0,0.699,1.3,353.5
2026-07-25 19:00:00,桃園測站,桃園市,76.1,41.5,72.6,57.5,0.623,1.78,222.2
2026-07-25 20:00:00,桃園測站,桃園市,76.2,40.8,62.0,54.7,0.62,2.51,276.4
2026-07-25 21:00:00,桃園測站,桃園市,75.5,40.1,75.0,49.7,0.629,1.93,185.9
2026-07-25 22:00:00,桃園測站,桃園市,66.8,38.4,54.8,59.3,0.518,2.18,181.9
2026-07-25 23:00:00,桃園測站,桃園市,64.9,37.0,75.2,56.1,0.631,3.05,173.1
2026-07-26 00:00:00,桃園測站,桃園市,66.9,39.5,70.9,53.3,0.644,4.15,257.3
2026-07-26 01:00:00,桃園測站,桃園市,66.8,38.6,70.8,39.8,0.572,2.23,307.2
2026-07-26 02:00:00,桃園測站,桃園市,73.9,36.8,55.5,47.1,0.551,1.78,315.7
2026-07-26 03:00:00,桃園測站,桃園市,69.4,39.0,62.2,42.5,0.681,3.03,254.1
2026-07-26 04:00:00,桃園測站,桃園市,77.2,36.7,70.1,45.2,0.633,2.13,219.6
2026-07-26 05:00:00,桃園測站,桃園市,72.7,40.0,53.4,41.4,0.6,1.54,336.7
2026-07-26 06:00:00,桃園測站,桃園市,85.6,48.4,94.7,42.4,0.708,1.76,342.5
2026-07-26 07:00:00,桃園測站,桃園市,68.5,37.6,63.7,37.2,0.636,3.35,201.8
2026-07-26 08:00:00,桃園測站,桃園市,73.6,36.8,52.0,35.8,0.692,2.0,277.7
2026-07-26 09:00:00,桃園測站,桃園市,73.8,41.6,76.8,47.6,0.65,2.23,301.0
2026-07-26 10:00:00,桃園測站,桃園市,76.6,46.0,88.2,41.1,0.687,1.51,288.0
2026-07-26 11:00:00,桃園測站,桃園市,85.6,35.0,59.3,46.0,0.677,2.12,271.1
2026-07-26 12:00:00,桃園測站,桃園市,70.4,37.4,73.4,47.5,0.582,2.91,328.3
2026-07-26 13:00:00,桃園測站,桃園市,71.0,36.0,70.4,44.7,0.65,1.59,346.5
2026-07-26 14:00:00,桃園測站,桃園市,66.2,35.0,61.4,50.5,0.599,1.55,292.5
2026-07-26 15:00:00,桃園測站,桃園市,65.8,39.7,70.5,52.0,0.681,2.21,245.1
2026-07-26 16:00:00,桃園測站,桃園市,77.0,37.1,64.4,52.8,0.634,2.8,0.8
2026-07-26 17:00:00,桃園測站,桃園市,81.1,42.5,70.0,59.5,0.552,0.77,294.1
2026-07-26 18:00:00,桃園測站,桃園市,78.6,39.5,59.5,60.2,0.642,3.12,32.1
2026-07-26 19:00:00,桃園測站,桃園市,78.6,38.5,61.6,58.5,0.602,1.92,323.3
2026-07-26 20:00:00,桃園測站,桃園市,63.4,33.4,62.9,52.6,0.568,1.86,232.3
2026-07-26 21:00:00,桃園測站,桃園市,67.7,37.6,55.3,56.4,0.636,1.85,228.3
2026-07-26 22:00:00,桃園測站,桃園市,74.5,41.0,81.5,59.3,0.721,2.38,16.3
2026-07-26 23:00:00,桃園測站,桃園市,60.8,36.5,60.1,56.1,0.582,1.73,251.5
2026-07-27 00:00:00,桃園測站,桃園市,81.2,43.0,67.6,53.7,0.617,2.39,259.4
2026-07-27 01:00:00,桃園測站,桃園市,70.9,37.1,59.8,44.1,0.607,2.26,64.2
2026-07-27 02:00:00,桃園測站,桃園市,74.0,40.8,77.9,48.0,0.647,2.71,196.5
2026-07-27 03:00:00,桃園測站,桃園市,82.8,46.7,75.4,51.1,0.64,2.47,262.4
2026-07-27 04:00:00,桃園測站,桃園市,84.0,37.8,56.8,44.5,0.659,2.88,312.6
2026-07-27 05:00:00,桃園測站,桃園市,80.1,38.2,70.8,44.2,0.68,2.64,353.7
2026-07-27 06:00:00,桃園測站,桃園市,80.9,38.7,68.3,34.8,0.69,2.59,62.4
2026-07-27 07:00:00,桃園測站,桃園市,84.9,42.7,60.9,40.7,0.617,3.11,9.8
2026-07-27 08:00:00,桃園測站,桃園市,78.1,41.6,68.6,37.1,0.495,2.44,299.2
2026-07-27 09:00:00,桃園測站,桃園市,83.7,44.9,92.7,48.1,0.766,3.05,71.6
2026-07-27 10:00:00,桃園測站,桃園市,76.2,36.4,73.0,47.6,0.615,2.86,219.5
2026-07-27 11:00:00,桃園測站,桃園市,70.6,38.6,69.4,38.8,0.649,3.12,126.0
2026-07-27 12:00:00,桃園測站,桃園市,74.1,38.4,77.6,49.1,0.632,1.08,308.8
2026-07-27 13:00:00,桃園測站,桃園市,73.1,40.6,77.7,42.0,0.696,2.37,337.5
2026-07-27 14:00:00,桃園測站,桃園市,75.5,41.2,62.5,51.8,0.625,2.38,99.4
2026-07-27 15:00:00,桃園測站,桃園市,69.7,40.7,63.4,52.8,0.63,2.19,286.7
2026-07-27 16:00:00,桃園測站,桃園市,76.1,41.1,58.9,54.4,0.675,2.48,323.6
2026-07-27 17:00:00,桃園測站,桃園市,77.5,43.3,67.8,62.5,0.585,2.98,104.1
2026-07-27 18:00:00,桃園測站,桃園市,76.5,39.3,61.5,48.4,0.639,2.51,58.7
2026-07-27 19:00:00,桃園測站,桃園市,71.8,38.4,59.4,50.8,0.684,2.09,81.0
2026-07-27 20:00:00,桃園測站,桃園市,66.4,37.6,60.6,50.6,0.477,3.38,37.6
2026-07-27 21:00:00,桃園測站,桃園市,76.2,43.1,63.1,58.8,0.715,2.24,131.6
2026-07-27 22:00:00,桃園測站,桃園市,60.6,31.7,54.9,59.7,0.636,3.5,78.6
2026-07-27 23:00:00,桃園測站,桃園市,62.2,31.9,42.4,56.4,0.61,2.32,57.3
2026-07-28 00:00:00,桃園測站,桃園市,68.3,37.8,70.1,50.0,0.575,3.2,284.8
2026-07-28 01:00:00,桃園測站,桃園市,67.9,40.5,83.4,46.9,0.576,2.97,339.3
2026-07-28 02:00:00,桃園測站,桃園市,69.8,32.8,57.3,43.0,0.632,2.21,100.0
2026-07-28 03:00:00,桃園測站,桃園市,68.2,39.7,61.7,41.4,0.617,2.17,106.1
2026-07-28 04:00:00,桃園測站,桃園市,66.4,39.1,67.2,37.9,0.544,3.47,86.4
2026-07-28 05:00:00,桃園測站,桃園市,72.5,40.8,69.4,43.5,0.682,2.19,165.0
2026-07-28 06:00:00,桃園測站,桃園市,69.9,34.6,62.1,37.1,0.601,2.75,52.4
2026-07-28 07:00:00,桃園測站,桃園市,78.9,41.1,65.7,46.4,0.579,2.36,47.0
2026-07-28 08:00:00,桃園測站,桃園市,80.2,41.2,72.8,46.9,0.662,3.51,75.0
2026-07-28 09:00:00,桃園測站,桃園市,74.4,39.4,69.0,41.4,0.635,2.44,82.3
2026-07-28 10:00:00,桃園測站,桃園市,72.3,39.6,79.5,48.0,0.645,4.06,68.7
2026-07-28 11:00:00,桃園測站,桃園市,71.5,37.0,55.0,45.2,0.607,2.56,56.1
2026-07-28 12:00:00,桃園測站,桃園市,60.9,35.8,63.1,37.7,0.625,1.76,112.9
2026-07-28 13:00:00,桃園測站,桃園市,67.3,40.0,,49.3,0.663,1.85,34.0
2026-07-28 14:00:00,桃園測站,桃園市,63.9,38.3,73.4,42.7,0.649,2.71,183.2
2026-07-28 15:00:00,桃園測站,桃園市,70.6,38.0,68.2,52.0,0.675,1.61,192.1
2026-07-28 16:00:00,桃園測站,桃園市,76.3,39.7,65.1,56.3,0.579,3.48,353.4
2026-07-28 17:00:00,桃園測站,桃園市,65.2,35.7,70.1,54.6,0.641,2.25,110.2
2026-07-28 18:00:00,桃園測站,桃園市,81.7,40.9,62.2,62.1,0.675,2.81,78.9
2026-07-28 19:00:00,桃園測站,桃園市,73.0,40.7,68.6,63.7,0.646,2.01,122.0
2026-07-28 20:00:00,桃園測站,桃園市,74.9,42.3,61.9,47.5,0.701,2.51,94.8
2026-07-28 21:00:00,桃園測站,桃園市,70.7,44.7,84.0,51.9,0.579,0.59,133.8
2026-07-28 22:00:00,桃園測站,桃園市,70.8,42.6,68.8,51.8,0.576,2.14,48.2
2026-07-28 23:00:00,桃園測站,桃園市,73.1,35.6,56.9,54.0,0.628,1.98,53.7
2026-07-29 00:00:00,桃園測站,桃園市,63.8,35.7,62.4,49.0,0.61,2.02,64.9
2026-07-29 01:00:00,桃園測站,桃園市,63.7,44.8,78.0,42.6,0.446,1.8,241.9
2026-07-29 02:00:00,桃園測站,桃園市,67.0,43.0,56.7,40.0,0.619,2.47,113.4
2026-07-29 03:00:00,桃園測站,桃園市,61.7,39.6,75.7,41.7,0.555,1.76,93.5
2026-07-29 04:00:00,桃園測站,桃園市,74.6,43.2,70.4,36.5,0.69,2.84,127.5
2026-07-29 05:00:00,桃園測站,桃園市,65.4,33.3,67.4,,0.553,3.2,87.7
2026-07-29 06:00:00,桃園測站,桃園市,79.8,40.8,72.2,39.7,0.716,2.76,185.8
2026-07-29 07:00:00,桃園測站,桃園市,75.9,38.9,73.4,45.9,0.692,2.12,78.0
2026-07-29 08:00:00,桃園測站,桃園市,84.7,42.7,86.0,40.4,0.667,1.91,59.6
2026-07-29 09:00:00,桃園測站,桃園市,77.0,38.2,59.9,39.1,0.605,2.35,126.4
2026-07-29 10:00:00,桃園測站,桃園市,72.0,46.3,79.8,44.5,0.62,2.43,139.1
2026-07-29 11:00:00,桃園測站,桃園市,69.6,36.9,70.1,35.0,0.686,3.78,150.4
2026-07-29 12:00:00,桃園測站,桃園市,70.4,42.1,68.9,43.6,0.73,2.13,194.0
2026-07-29 13:00:00,桃園測站,桃園市,66.1,44.5,79.1,49.0,0.615,2.48,110.3
2026-07-29 14:00:00,桃園測站,桃園市,55.3,38.5,62.0,47.5,0.603,3.02,14.4
2026-07-29 15:00:00,桃園測站,桃園市,73.5,38.6,65.6,55.3,0.616,1.58,129.2
2026-07-29 16:00:00,桃園測站,桃園市,64.4,35.7,48.2,52.9,0.613,2.32,128.6
2026-07-29 17:00:00,桃園測站,桃園市,71.5,38.2,66.4,49.6,0.656,1.85,179.7
2026-07-29 18:00:00,桃園測站,桃園市,82.0,42.7,58.4,57.2,0.726,2.46,263.7
2026-07-29 19:00:00,桃園測站,桃園市,85.4,43.4,80.4,58.4,0.666,1.65,114.5
2026-07-29 20:00:00,桃園測站,桃園市,76.6,45.5,69.6,61.9,0.662,2.15,162.3
2026-07-29 21:00:00,桃園測站,桃園市,71.2,41.0,68.2,52.5,0.634,2.55,153.8
2026-07-29 22:00:00,桃園測站,桃園市,64.9,41.3,56.6,57.9,0.578,2.47,236.6
2026-07-29 23:00:00,桃園測站,桃園市,78.0,43.7,61.2,45.9,0.695,3.1,132.2
2026-06-30 00:00:00,西屯測站,臺中市,66.4,38.2,66.4,48.0,0.729,1.31,210.1
2026-06-30 01:00:00,西屯測站,臺中市,64.3,39.0,70.8,45.0,0.568,2.15,123.6
2026-06-30 02:00:00,西屯測站,臺中市,73.0,42.4,63.9,47.7,0.624,2.09,250.7
2026-06-30 03:00:00,西屯測站,臺中市,75.5,46.4,92.9,42.7,0.629,3.03,235.4
2026-06-30 04:00:00,西屯測站,臺中市,69.9,37.6,60.2,48.0,0.651,1.73,134.5
2026-06-30 05:00:00,西屯測站,臺中市,69.7,39.1,72.1,35.8,0.726,1.61,117.5
2026-06-30 06:00:00,西屯測站,臺中市,85.8,48.6,73.0,44.4,0.695,1.15,61.5
2026-06-30 07:00:00,西屯測站,臺中市,77.3,48.0,80.7,36.5,0.662,2.48,234.0
2026-06-30 08:00:00,西屯測站,臺中市,71.0,50.5,85.4,36.2,0.667,2.6,209.1
2026-06-30 09:00:00,西屯測站,臺中市,84.4,43.9,88.9,44.7,0.697,3.05,119.2
2026-06-30 10:00:00,西屯測站,臺中市,74.5,42.0,68.7,47.4,0.627,0.93,186.7
2026-06-30 11:00:00,西屯測站,臺中市,75.6,42.3,84.9,43.9,0.581,1.88,178.7
2026-06-30 12:00:00,西屯測站,臺中市,72.4,43.5,88.0,44.2,0.7,2.71,222.2
2026-06-30 13:00:00,西屯測站,臺中市,76.8,40.4,57.7,52.2,0.65,2.08,172.4
2026-06-30 14:00:00,西屯測站,臺中市,65.2,43.9,71.4,45.9,0.653,2.95,168.8
2026-06-30 15:00:00,西屯測站,臺中市,82.9,43.5,78.2,52.1,0.609,2.64,212.9
2026-06-30 16:00:00,西屯測站,臺中市,83.1,44.8,67.3,53.7,0.704,1.2,248.5
2026-06-30 17:00:00,西屯測站,臺中市,75.8,42.3,75.4,49.4,0.684,3.46,24.8
2026-06-30 18:00:00,西屯測站,臺中市,86.4,40.6,80.2,59.6,0.744,1.46,254.5
2026-06-30 19:00:00,西屯測站,臺中市,70.7,38.1,64.3,51.5,0.592,2.49,232.3
2026-06-30 20:00:00,西屯測站,臺中市,81.1,45.7,72.1,55.0,0.763,2.9,220.4
2026-06-30 21:00:00,西屯測站,臺中市,76.8,43.0,77.0,59.4,0.7,1.24,267.1
2026-06-30 22:00:00,西屯測站,臺中市,65.8,39.3,56.2,46.4,0.604,3.29,263.9
2026-06-30 23:00:00,西屯測站,臺中市,65.9,34.8,62.5,51.5,0.604,1.98,348.8
2026-07-01 00:00:00,西屯測站,臺中市,77.8,46.3,84.0,51.0,0.636,2.64,216.2
2026-07-01 01:00:00,西屯測站,臺中市,83.6,41.8,61.4,49.1,0.787,1.78,238.2
2026-07-01 02:00:00,西屯測站,臺中市,71.8,41.3,64.1,43.9,0.652,2.96,259.3
2026-07-01 03:00:00,西屯測站,臺中市,75.6,41.1,77.6,38.2,0.605,2.82,237.7
2026-07-01 04:00:00,西屯測站,臺中市,74.4,40.7,66.4,43.3,0.631,2.26,277.4
2026-07-01 05:00:00,西屯測站,臺中市,78.3,45.2,91.2,42.0,0.568,2.6,288.6
2026-07-01 06:00:00,西屯測站,臺中市,81.7,42.8,68.3,48.3,0.64,2.79,181.8
2026-07-01 07:00:00,西屯測站,臺中市,80.2,45.3,77.5,41.0,,1.65,207.3
2026-07-01 08:00:00,西屯測站,臺中市,94.2,51.3,83.9,43.5,0.745,1.82,303.5
2026-07-01 09:00:00,西屯測站,臺中市,85.1,44.1,67.0,50.0,0.758,2.42,173.1
2026-07-01 10:00:00,西屯測站,臺中市,81.6,42.0,74.1,47.0,0.718,2.93,261.0
2026-07-01 11:00:00,西屯測站,臺中市,72.6,42.5,76.1,45.5,0.614,1.88,321.2
2026-07-01 12:00:00,西屯測站,臺中市,75.5,43.3,77.3,48.8,0.597,1.55,285.7
2026-07-01 13:00:00,西屯測站,臺中市,75.5,40.6,82.2,53.6,0.71,1.27,227.0
2026-07-01 14:00:00,西屯測站,臺中市,75.0,42.2,74.1,49.8,0.661,1.27,62.9
2026-07-01 15:00:00,西屯測站,臺中市,78.3,46.0,85.9,54.5,0.696,2.02,22.3
2026-07-01 16:00:00,西屯測站,臺中市,73.3,44.4,63.7,62.5,0.722,0.77,309.7
2026-07-01 17:00:00,西屯測站,臺中市,86.7,46.1,74.7,60.5,0.807,2.7,283.7
2026-07-01 18:00:00,西屯測站,臺中市,81.3,47.2,90.7,58.1,0.685,1.98,233.6
2026-07-01 19:00:00,西屯測站,臺中市,88.6,44.1,85.6,66.2,0.734,2.94,340.4
2026-07-01 20:00:00,西屯測站,臺中市,81.2,46.8,72.6,62.2,0.667,2.47,314.3
2026-07-01 21:00:00,西屯測站,臺中市,66.3,39.3,56.0,58.1,0.605,2.18,4.8
2026-07-01 22:00:00,西屯測站,臺中市,78.3,44.1,77.7,60.0,0.663,1.0,297.2
2026-07-01 23:00:00,西屯測站,臺中市,64.6,41.5,65.7,52.6,0.636,1.24,315.1
2026-07-02 00:00:00,西屯測站,臺中市,65.6,38.7,76.0,51.4,0.584,1.63,334.3
2026-07-02 01:00:00,西屯測站,臺中市,78.0,44.0,72.9,41.9,0.692,1.67,259.7
2026-07-02 02:00:00,西屯測站,臺中市,76.3,44.0,94.2,49.3,0.611,2.55,314.3
2026-07-02 03:00:00,西屯測站,臺中市,78.5,43.7,67.6,45.4,0.651,1.44,320.8
2026-07-02 04:00:00,西屯測站,臺中市,74.7,41.9,65.0,40.4,0.646,2.26,313.4
2026-07-02 05:00:00,西屯測站,臺中市,71.9,41.5,66.0,45.9,0.679,3.29,54.3
2026-07-02 06:00:00,西屯測站,臺中市,85.2,41.0,79.6,48.2,0.647,2.52,346.1
2026-07-02 07:00:00,西屯測站,臺中市,90.2,41.5,68.7,44.1,0.823,1.97,350.6
2026-07-02 08:00:00,西屯測站,臺中市,85.2,44.1,89.3,39.2,0.681,2.58,39.1
2026-07-02 09:00:00,西屯測站,臺中市,86.8,45.9,77.1,41.5,0.662,1.95,280.9
2026-07-02 10:00:00,西屯測站,臺中市,78.2,45.9,88.3,40.7,0.601,3.6,298.9
2026-07-02 11:00:00,西屯測站,臺中市,66.0,40.5,62.5,50.0,0.555,1.92,85.5
2026-07-02 12:00:00,西屯測站,臺中市,75.0,44.4,88.1,49.6,0.647,1.79,5.9
2026-07-02 13:00:00,西屯測站,臺中市,78.0,39.4,72.3,47.8,0.65,2.83,28.4
2026-07-02 14:00:00,西屯測站,臺中市,70.6,41.8,54.7,54.3,0.575,1.95,24.7
2026-07-02 15:00:00,西屯測站,臺中市,71.6,42.6,75.6,58.5,0.656,2.46,47.1
2026-07-02 16:00:00,西屯測站,臺中市,70.8,47.5,75.2,52.9,0.601,1.94,329.6
2026-07-02 17:00:00,西屯測站,臺中市,82.5,40.2,79.1,56.9,0.7,1.99,314.4
2026-07-02 18:00:00,西屯測站,臺中市,71.9,43.2,65.1,55.1,0.613,2.01,281.9
2026-07-02 19:00:00,西屯測站,臺中市,76.3,43.9,79.9,54.1,0.61,,34.4
2026-07-02 20:00:00,西屯測站,臺中市,63.7,41.1,52.3,54.1,0.543,2.03,310.4
2026-07-02 21:00:00,西屯測站,臺中市,72.2,46.6,75.4,57.0,0.614,1.47,46.4
2026-07-02 22:00:00,西屯測站,臺中市,72.3,39.3,59.1,51.8,0.616,1.88,352.4
2026-07-02 23:00:00,西屯測站,臺中市,69.4,42.0,70.3,49.2,0.556,1.91,0.5
2026-07-03 00:00:00,西屯測站,臺中市,55.4,35.7,60.9,48.3,0.55,3.48,337.7
2026-07-03 01:00:00,西屯測站,臺中市,60.6,41.9,66.8,47.4,0.547,1.81,351.4
2026-07-03 02:00:00,西屯測站,臺中市,66.8,40.7,63.1,43.1,0.67,3.0,50.0
2026-07-03 03:00:00,西屯測站,臺中市,57.4,35.3,69.7,37.8,0.633,1.34,341.1
2026-07-03 04:00:00,西屯測站,臺中市,66.9,41.6,64.5,39.3,0.666,3.63,25.2
2026-07-03 05:00:00,西屯測站,臺中市,66.5,37.5,77.2,43.9,0.595,1.73,51.5
2026-07-03 06:00:00,西屯測站,臺中市,77.6,41.4,72.5,39.6,0.558,2.33,81.8
2026-07-03 07:00:00,西屯測站,臺中市,83.7,40.1,62.9,44.0,0.628,1.34,62.3
2026-07-03 08:00:00,西屯測站,臺中市,76.4,40.7,75.6,32.8,0.633,2.52,78.8
2026-07-03 09:00:00,西屯測站,臺中市,75.7,46.7,68.1,47.3,0.542,2.15,130.6
2026-07-03 10:00:00,西屯測站,臺中市,76.1,44.2,79.7,48.2,0.582,1.39,87.3
2026-07-03 11:00:00,西屯測站,臺中市,64.0,40.0,79.5,43.2,0.554,2.82,23.3
2026-07-03 12:00:00,西屯測站,臺中市,69.2,40.8,52.5,36.0,0.534,3.5,8.9
2026-07-03 13:00:00,西屯測站,臺中市,67.9,38.4,58.5,53.5,0.633,2.56,146.3
2026-07-03 14:00:00,西屯測站,臺中市,61.9,42.1,86.9,47.2,0.553,1.77,33.6
2026-07-03 15:00:00,西屯測站,臺中市,62.4,40.1,62.9,52.0,0.524,1.61,68.4
2026-07-03 16:00:00,西屯測站,臺中市,65.8,37.1,64.1,60.9,0.608,3.01,131.8
2026-07-03 17:00:00,西屯測站,臺中市,75.2,47.0,79.4,53.2,0.553,1.73,190.0
2026-07-03 18:00:00,西屯測站,臺中市,72.3,47.3,99.4,64.4,0.742,2.46,102.6
2026-07-03 19:00:00,西屯測站,臺中市,73.6,41.7,69.5,55.5,0.562,2.47,54.9
2026-07-03 20:00:00,西屯測站,臺中市,66.7,39.6,76.4,54.7,0.656,2.46,91.1
2026-07-03 21:00:00,西屯測站,臺中市,67.7,36.4,67.0,58.7,0.535,1.23,69.5
2026-07-03 22:00:00,西屯測站,臺中市,71.9,41.9,78.0,51.6,0.585,2.9,157.7
2026-07-03 23:00:00,西屯測站,臺中市,58.8,40.4,63.3,48.9,0.577,2.53,10.9
2026-07-04 00:00:00,西屯測站,臺中市,57.1,39.6,71.1,44.4,0.542,2.64,113.3
2026-07-04 01:00:00,西屯測站,臺中市,59.6,34.9,62.7,44.3,0.649,1.43,95.6
2026-07-04 02:00:00,西屯測站,臺中市,50.4,36.5,70.8,39.8,0.586,2.76,159.1
2026-07-04 03:00:00,西屯測站,臺中市,60.6,29.9,49.6,37.3,0.642,2.13,221.1
2026-07-04 04:00:00,西屯測站,臺中市,50.9,33.0,56.6,37.6,0.517,2.42,103.3
2026-07-04 05:00:00,西屯測站,臺中市,60.9,40.5,60.0,35.9,0.544,3.42,161.0
2026-07-04 06:00:00,西屯測站,臺中市,54.2,31.2,57.5,34.7,0.564,2.35,202.9
2026-07-04 07:00:00,西屯測站,臺中市,71.6,41.4,75.9,38.6,0.628,2.67,34.7
2026-07-04 08:00:00,西屯測站,臺中市,68.4,41.6,74.2,41.5,0.603,2.76,120.9
2026-07-04 09:00:00,西屯測站,臺中市,68.9,42.9,78.6,43.3,0.644,3.14,263.1
2026-07-04 10:00:00,西屯測站,臺中市,68.0,38.9,64.9,43.1,0.679,1.11,221.3
2026-07-04 11:00:00,西屯測站,臺中市,70.6,42.6,80.1,43.2,0.651,2.7,180.6
2026-07-04 12:00:00,西屯測站,臺中市,62.9,41.8,60.2,46.7,0.672,2.34,226.5
2026-07-04 13:00:00,西屯測站,臺中市,55.2,37.2,,50.4,0.538,3.28,237.8
2026-07-04 14:00:00,西屯測站,臺中市,60.8,39.0,70.5,48.0,0.676,2.04,197.0
2026-07-04 15:00:00,西屯測站,臺中市,65.8,39.3,78.0,53.2,0.629,3.44,137.1
2026-07-04 16:00:00,西屯測站,臺中市,60.9,43.9,77.4,48.5,0.59,1.62,159.5
2026-07-04 17:00:00,西屯測站,臺中市,65.7,37.1,53.5,49.6,0.632,2.57,99.9
2026-07-04 18:00:00,西屯測站,臺中市,73.1,38.9,75.7,55.7,0.623,4.02,120.3
2026-07-04 19:00:00,西屯測站,臺中市,70.7,43.3,79.7,54.3,0.655,2.02,152.3
2026-07-04 20:00:00,西屯測站,臺中市,71.9,38.8,50.5,58.0,0.634,2.8,105.0
2026-07-04 21:00:00,西屯測站,臺中市,64.0,35.5,65.2,52.5,0.516,1.87,82.4
2026-07-04 22:00:00,西屯測站,臺中市,56.8,39.6,74.2,50.7,0.524,2.6,122.4
2026-07-04 23:00:00,西屯測站,臺中市,66.7,37.9,,53.9,0.625,0.48,191.0
2026-07-05 00:00:00,西屯測站,臺中市,53.5,35.8,53.3,47.7,0.571,1.95,135.5
2026-07-05 01:00:00,西屯測站,臺中市,62.3,34.3,70.7,39.6,0.56,1.95,293.3
2026-07-05 02:00:00,西屯測站,臺中市,60.2,37.0,61.0,43.8,0.522,3.09,200.9
2026-07-05 03:00:00,西屯測站,臺中市,67.6,39.2,62.1,48.2,0.608,2.3,163.8
2026-07-05 04:00:00,西屯測站,臺中市,61.8,39.5,75.0,39.6,0.583,2.63,98.1
2026-07-05 05:00:00,西屯測站,臺中市,62.0,34.8,56.4,35.7,0.515,2.09,133.2
2026-07-05 06:00:00,西屯測站,臺中市,74.2,43.2,68.1,31.7,0.61,1.68,211.6
2026-07-05 07:00:00,西屯測站,臺中市,77.7,43.6,63.5,38.0,0.702,2.28,187.4
2026-07-05 08:00:00,西屯測站,臺中市,85.9,46.3,65.5,48.1,0.699,2.07,241.2
2026-07-05 09:00:00,西屯測站,臺中市,79.5,44.7,89.8,44.3,0.622,3.41,139.1
2026-07-05 10:00:00,西屯測站,臺中市,73.1,37.5,62.5,41.5,0.599,2.32,228.8
2026-07-05 11:00:00,西屯測站,臺中市,63.6,39.2,56.3,38.0,0.626,2.41,221.3
2026-07-05 12:00:00,西屯測站,臺中市,71.9,38.9,63.2,44.3,0.69,1.05,150.3
2026-07-05 13:00:00,西屯測站,臺中市,60.0,42.6,82.0,38.5,0.552,3.01,232.9
2026-07-05 14:00:00,西屯測站,臺中市,67.4,35.5,62.3,45.2,0.634,2.92,192.9
2026-07-05 15:00:00,西屯測站,臺中市,73.7,41.4,83.6,48.6,0.67,3.13,171.6
2026-07-05 16:00:00,西屯測站,臺中市,70.2,39.1,58.4,53.1,0.656,0.94,174.4
2026-07-05 17:00:00,西屯測站,臺中市,79.2,44.7,74.3,62.9,0.654,1.44,279.1
2026-07-05 18:00:00,西屯測站,臺中市,85.7,41.9,79.6,60.6,0.601,2.37,180.2
2026-07-05 19:00:00,西屯測站,臺中市,69.8,35.6,52.3,57.8,0.641,2.38,253.3
2026-07-05 20:00:00,西屯測站,臺中市,75.7,42.6,78.0,57.2,0.634,2.49,300.6
2026-07-05 21:00:00,西屯測站,臺中市,72.9,39.1,69.0,50.7,0.591,2.4,247.6
2026-07-05 22:00:00,西屯測站,臺中市,78.7,44.3,71.9,60.4,0.637,1.4,221.3
2026-07-05 23:00:00,西屯測站,臺中市,68.4,38.5,74.6,47.6,0.529,1.5,236.1
2026-07-06 00:00:00,西屯測站,臺中市,69.9,40.1,75.6,47.2,0.548,1.86,288.1
2026-07-06 01:00:00,西屯測站,臺中市,79.4,44.1,94.0,47.9,0.733,1.96,311.1
2026-07-06 02:00:00,西屯測站,臺中市,78.6,36.9,60.0,40.2,0.698,3.6,243.8
2026-07-06 03:00:00,西屯測站,臺中市,79.6,47.6,89.3,44.4,0.686,2.75,286.4
2026-07-06 04:00:00,西屯測站,臺中市,78.2,42.6,82.3,38.1,0.683,,201.3
2026-07-06 05:00:00,西屯測站,臺中市,75.0,48.4,75.5,44.2,0.598,0.86,295.6
2026-07-06 06:00:00,西屯測站,臺中市,76.9,43.4,67.4,41.3,0.517,2.44,254.1
2026-07-06 07:00:00,西屯測站,臺中市,92.5,47.4,91.7,41.0,0.719,1.71,346.6
2026-07-06 08:00:00,西屯測站,臺中市,86.4,41.1,64.5,42.2,0.68,2.79,225.7
2026-07-06 09:00:00,西屯測站,臺中市,74.2,39.2,72.3,34.5,0.684,2.33,300.4
2026-07-06 10:00:00,西屯測站,臺中市,83.5,40.1,81.8,49.1,0.714,2.45,186.4
2026-07-06 11:00:00,西屯測站,臺中市,77.8,39.8,81.4,41.1,0.648,2.34,334.5
2026-07-06 12:00:00,西屯測站,臺中市,67.6,33.6,43.4,45.2,0.632,3.16,253.8
2026-07-06 13:00:00,西屯測站,臺中市,76.4,44.3,84.5,50.2,0.614,2.28,283.3
2026-07-06 14:00:00,西屯測站,臺中市,80.3,42.2,74.4,48.7,0.671,1.5,338.0
2026-07-06 15:00:00,西屯測站,臺中市,81.2,41.2,74.1,48.4,0.637,2.08,325.7
2026-07-06 16:00:00,西屯測站,臺中市,81.5,46.3,77.0,63.3,0.572,1.8,241.1
2026-07-06 17:00:00,西屯測站,臺中市,82.2,42.4,60.8,59.4,0.606,1.69,303.0
2026-07-06 18:00:00,西屯測站,臺中市,87.7,52.4,73.9,60.3,0.707,1.67,331.9
2026-07-06 19:00:00,西屯測站,臺中市,71.4,42.8,71.3,62.7,0.557,2.44,352.7
2026-07-06 20:00:00,西屯測站,臺中市,80.9,38.6,75.1,56.8,0.65,1.85,246.5
2026-07-06 21:00:00,西屯測站,臺中市,77.9,40.9,63.5,63.8,0.641,1.6,234.2
2026-07-06 22:00:00,西屯測站,臺中市,85.9,46.6,79.0,63.3,0.621,1.53,310.7
2026-07-06 23:00:00,西屯測站,臺中市,68.2,40.1,54.7,52.7,0.663,2.57,316.8
2026-07-07 00:00:00,西屯測站,臺中市,69.4,43.1,86.9,49.8,0.667,1.87,296.6
2026-07-07 01:00:00,西屯測站,臺中市,66.3,41.2,,43.5,0.622,1.54,271.2
2026-07-07 02:00:00,西屯測站,臺中市,76.7,41.9,73.4,46.8,0.653,3.15,41.8
2026-07-07 03:00:00,西屯測站,臺中市,77.9,40.8,72.2,50.5,0.709,2.17,13.0
2026-07-07 04:00:00,西屯測站,臺中市,76.3,42.8,83.3,39.6,0.609,1.69,248.0
2026-07-07 05:00:00,西屯測站,臺中市,74.9,41.9,75.8,46.2,0.708,1.67,260.2
2026-07-07 06:00:00,西屯測站,臺中市,82.0,47.8,93.4,33.8,0.689,2.5,50.9
2026-07-07 07:00:00,西屯測站,臺中市,88.1,47.9,66.8,45.2,0.66,3.06,251.2
2026-07-07 08:00:00,西屯測站,臺中市,85.3,45.4,63.4,34.4,0.659,1.7,49.1
2026-07-07 09:00:00,西屯測站,臺中市,76.4,43.7,85.3,32.4,0.749,2.08,197.3
2026-07-07 10:00:00,西屯測站,臺中市,72.6,38.8,69.2,39.1,0.585,1.42,39.2
2026-07-07 11:00:00,西屯測站,臺中市,78.4,42.1,59.4,45.4,0.665,2.0,18.8
2026-07-07 12:00:00,西屯測站,臺中市,71.8,38.1,70.0,52.3,0.643,3.62,64.6
2026-07-07 13:00:00,西屯測站,臺中市,70.9,38.8,73.5,48.3,0.588,2.84,5.1
2026-07-07 14:00:00,西屯測站,臺中市,74.5,39.0,66.2,55.7,0.684,2.15,356.9
2026-07-07 15:00:00,西屯測站,臺中市,80.9,42.5,75.8,47.3,0.604,2.41,47.6
2026-07-07 16:00:00,西屯測站,臺中市,76.4,45.8,84.5,57.8,0.652,1.78,38.0
2026-07-07 17:00:00,西屯測站,臺中市,77.0,40.7,84.7,62.6,0.656,2.21,296.2
2026-07-07 18:00:00,西屯測站,臺中市,85.9,47.7,65.5,60.3,0.683,2.53,353.2
2026-07-07 19:00:00,西屯測站,臺中市,74.8,43.8,83.8,58.5,0.703,2.77,80.1
2026-07-07 20:00:00,西屯測站,臺中市,73.5,46.1,93.8,65.7,0.653,2.8,21.9
2026-07-07 21:00:00,西屯測站,臺中市,69.1,38.8,58.5,56.7,0.708,2.35,305.1
2026-07-07 22:00:00,西屯測站,臺中市,76.1,38.6,76.4,57.1,0.57,1.66,308.6
2026-07-07 23:00:00,西屯測站,臺中市,69.7,44.3,82.8,55.6,0.579,0.88,334.1
2026-07-08 00:00:00,西屯測站,臺中市,62.7,43.7,77.6,48.6,0.514,2.72,342.2
2026-07-08 01:00:00,西屯測站,臺中市,61.3,39.8,80.2,41.2,0.542,2.74,103.3
2026-07-08 02:00:00,西屯測站,臺中市,54.4,37.3,57.3,35.9,0.511,2.52,97.4
2026-07-08 03:00:00,西屯測站,臺中市,66.9,42.9,59.5,41.5,0.634,3.03,36.9
2026-07-08 04:00:00,西屯測站,臺中市,61.0,39.7,69.6,36.2,0.537,2.92,25.6
2026-07-08 05:00:00,西屯測站,臺中市,65.1,43.4,73.0,36.0,0.633,2.26,65.9
2026-07-08 06:00:00,西屯測站,臺中市,69.4,43.2,74.1,45.9,0.612,1.8,332.0
2026-07-08 07:00:00,西屯測站,臺中市,83.7,42.4,74.3,42.5,0.687,3.64,296.4
2026-07-08 08:00:00,西屯測站,臺中市,77.1,41.7,67.5,39.5,0.656,2.16,347.8
2026-07-08 09:00:00,西屯測站,臺中市,76.0,44.4,94.3,46.5,0.684,2.77,64.7
2026-07-08 10:00:00,西屯測站,臺中市,75.8,46.9,86.9,42.4,0.669,2.78,61.7
2026-07-08 11:00:00,西屯測站,臺中市,63.6,44.0,67.6,36.1,0.536,3.22,139.4
2026-07-08 12:00:00,西屯測站,臺中市,64.2,40.9,54.6,52.6,0.655,2.59,24.9
2026-07-08 13:00:00,西屯測站,臺中市,63.1,37.1,58.1,44.4,0.508,3.85,88.1
2026-07-08 14:00:00,西屯測站,臺中市,67.3,38.9,74.6,47.9,0.636,2.94,120.1
2026-07-08 15:00:00,西屯測站,臺中市,71.9,46.7,73.0,54.4,0.527,2.13,33.3
2026-07-08 16:00:00,西屯測站,臺中市,70.8,38.6,72.2,58.9,0.698,1.08,18.1
2026-07-08 17:00:00,西屯測站,臺中市,86.8,47.9,93.0,59.3,0.597,1.5,80.8
2026-07-08 18:00:00,西屯測站,臺中市,69.6,39.0,65.8,57.2,0.624,2.68,63.7
2026-07-08 19:00:00,西屯測站,臺中市,78.4,44.1,81.5,57.9,0.642,2.51,127.9
2026-07-08 20:00:00,西屯測站,臺中市,72.2,42.3,55.9,59.9,0.648,1.55,111.4
2026-07-08 21:00:00,西屯測站,臺中市,70.2,44.4,76.0,59.1,0.599,2.55,64.8
2026-07-08 22:00:00,西屯測站,臺中市,70.6,36.1,56.0,57.9,0.577,2.32,105.3
2026-07-08 23:00:00,西屯測站,臺中市,66.2,36.7,51.9,48.4,0.517,2.9,127.0
2026-07-09 00:00:00,西屯測站,臺中市,65.8,44.2,68.9,49.0,0.589,3.24,222.5
2026-07-09 01:00:00,西屯測站,臺中市,61.4,41.2,62.0,46.3,0.556,0.2,195.4
2026-07-09 02:00:00,西屯測站,臺中市,60.3,37.7,54.8,43.7,0.565,1.89,122.2
2026-07-09 03:00:00,西屯測站,臺中市,63.9,42.1,80.8,44.4,0.552,1.72,84.5
2026-07-09 04:00:00,西屯測站,臺中市,64.4,39.2,72.7,42.8,0.653,1.0,34.6
2026-07-09 05:00:00,西屯測站,臺中市,72.0,46.0,94.4,46.8,0.58,3.35,113.2
2026-07-09 06:00:00,西屯測站,臺中市,72.2,39.2,61.8,46.3,0.696,2.23,297.0
2026-07-09 07:00:00,西屯測站,臺中市,81.5,45.2,61.4,35.6,0.621,3.08,155.8
2026-07-09 08:00:00,西屯測站,臺中市,73.7,41.3,83.6,36.2,0.648,2.43,85.3
2026-07-09 09:00:00,西屯測站,臺中市,83.1,43.1,85.6,43.2,0.696,1.26,179.7
2026-07-09 10:00:00,西屯測站,臺中市,82.4,40.0,66.4,55.0,0.734,2.3,70.5
2026-07-09 11:00:00,西屯測站,臺中市,63.4,41.4,74.2,41.4,0.588,2.62,116.8
2026-07-09 12:00:00,西屯測站,臺中市,71.4,38.5,77.2,47.9,0.679,1.93,107.6
2026-07-09 13:00:00,西屯測站,臺中市,58.3,31.9,57.7,40.2,0.514,3.49,195.2
2026-07-09 14:00:00,西屯測站,臺中市,61.6,37.5,57.8,44.5,0.556,3.14,215.0
2026-07-09 15:00:00,西屯測站,臺中市,66.5,41.3,75.8,49.9,0.533,3.13,238.4
2026-07-09 16:00:00,西屯測站,臺中市,71.1,39.1,65.2,49.7,0.611,2.21,113.6
2026-07-09 17:00:00,西屯測站,臺中市,77.9,40.6,75.9,51.3,0.548,2.8,118.3
2026-07-09 18:00:00,西屯測站,臺中市,88.0,51.0,104.9,64.4,0.667,0.22,199.8
2026-07-09 19:00:00,西屯測站,臺中市,76.7,43.7,65.8,56.5,0.681,1.93,145.2
2026-07-09 20:00:00,西屯測站,臺中市,66.8,40.3,67.4,52.4,0.583,3.82,151.1
2026-07-09 21:00:00,西屯測站,臺中市,69.7,42.5,86.6,59.2,0.638,0.2,156.7
2026-07-09 22:00:00,西屯測站,臺中市,63.9,42.7,76.7,47.5,0.659,2.16,273.3
2026-07-09 23:00:00,西屯測站,臺中市,70.8,42.5,86.5,54.6,0.689,2.38,174.4
2026-07-10 00:00:00,西屯測站,臺中市,72.2,45.6,84.6,42.9,0.664,1.23,181.9
2026-07-10 01:00:00,西屯測站,臺中市,68.9,36.3,79.9,46.0,0.647,3.93,230.4
2026-07-10 02:00:00,西屯測站,臺中市,66.6,40.7,83.1,49.2,0.459,1.71,182.1
2026-07-10 03:00:00,西屯測站,臺中市,65.3,28.6,52.0,39.7,0.541,2.36,207.9
2026-07-10 04:00:00,西屯測站,臺中市,69.0,44.7,86.9,37.4,0.552,2.13,253.2
2026-07-10 05:00:00,西屯測站,臺中市,69.5,42.5,90.3,41.1,0.576,2.79,237.4
2026-07-10 06:00:00,西屯測站,臺中市,75.4,38.6,57.1,34.1,0.652,1.75,114.6
2026-07-10 07:00:00,西屯測站,臺中市,79.8,47.0,87.1,42.0,0.69,2.2,140.2
2026-07-10 08:00:00,西屯測站,臺中市,79.1,41.2,65.5,36.8,0.659,1.86,195.5
2026-07-10 09:00:00,西屯測站,臺中市,79.5,47.3,82.5,43.0,0.607,2.22,265.4
2026-07-10 10:00:00,西屯測站,臺中市,85.9,41.2,75.5,49.5,0.707,2.53,135.2
2026-07-10 11:00:00,西屯測站,臺中市,72.5,34.8,41.9,49.0,0.703,2.33,129.8
2026-07-10 12:00:00,西屯測站,臺中市,75.7,47.7,81.9,44.7,0.597,2.14,110.0
2026-07-10 13:00:00,西屯測站,臺中市,85.1,44.8,71.0,45.1,0.757,1.28,238.2
2026-07-10 14:00:00,西屯測站,臺中市,77.1,42.7,75.4,47.8,0.688,2.57,220.8
2026-07-10 15:00:00,西屯測站,臺中市,74.3,48.1,69.1,52.7,0.621,2.98,260.5
2026-07-10 16:00:00,西屯測站,臺中市,80.2,44.8,91.5,57.4,0.628,2.27,84.0
2026-07-10 17:00:00,西屯測站,臺中市,82.6,47.1,83.8,61.1,0.729,3.1,255.6
2026-07-10 18:00:00,西屯測站,臺中市,82.5,36.9,62.2,59.9,0.638,2.78,219.9
2026-07-10 19:00:00,西屯測站,臺中市,83.0,43.8,62.7,62.0,0.639,1.61,285.7
2026-07-10 20:00:00,西屯測站,臺中市,75.8,44.8,64.9,63.1,0.657,2.46,295.4
2026-07-10 21:00:00,西屯測站,臺中市,85.7,45.2,83.3,57.9,0.609,2.21,318.8
2026-07-10 22:00:00,西屯測站,臺中市,79.3,39.8,61.7,47.8,0.708,1.48,343.9
2026-07-10 23:00:00,西屯測站,臺中市,81.2,42.8,87.7,58.8,0.678,4.14,255.5
2026-07-11 00:00:00,西屯測站,臺中市,70.8,38.2,58.3,50.2,0.634,1.26,288.3
2026-07-11 01:00:00,西屯測站,臺中市,63.8,41.1,76.8,42.1,0.661,2.96,263.4
2026-07-11 02:00:00,西屯測站,臺中市,75.4,42.4,64.5,46.1,0.678,3.17,259.3
2026-07-11 03:00:00,西屯測站,臺中市,74.4,41.2,77.1,42.1,0.571,3.61,285.2
2026-07-11 04:00:00,西屯測站,臺中市,68.6,45.6,83.6,48.8,0.599,4.0,307.2
2026-07-11 05:00:00,西屯測站,臺中市,77.6,46.6,84.9,41.1,0.6,2.12,266.8
2026-07-11 06:00:00,西屯測站,臺中市,83.0,45.7,69.9,37.2,0.657,3.14,264.0
2026-07-11 07:00:00,西屯測站,臺中市,71.1,40.3,58.2,46.8,0.601,2.37,267.9
2026-07-11 08:00:00,西屯測站,臺中市,78.9,40.4,66.7,46.7,0.703,1.29,330.4
2026-07-11 09:00:00,西屯測站,臺中市,80.7,41.5,65.7,42.6,0.688,1.52,28.6
2026-07-11 10:00:00,西屯測站,臺中市,64.7,41.3,74.4,37.0,0.647,2.26,216.8
2026-07-11 11:00:00,西屯測站,臺中市,65.4,40.1,87.1,46.0,0.683,3.53,265.6
2026-07-11 12:00:00,西屯測站,臺中市,64.7,31.5,66.9,40.5,0.577,1.95,308.6
2026-07-11 13:00:00,西屯測站,臺中市,75.1,37.4,78.1,51.7,0.624,3.39,215.9
2026-07-11 14:00:00,西屯測站,臺中市,74.1,41.6,72.9,49.8,0.669,2.17,3.0
2026-07-11 15:00:00,西屯測站,臺中市,77.3,39.7,55.7,54.0,0.681,1.58,340.3
2026-07-11 16:00:00,西屯測站,臺中市,71.3,39.4,67.9,50.6,0.671,2.33,220.0
2026-07-11 17:00:00,西屯測站,臺中市,80.4,42.1,74.0,61.5,0.62,1.26,338.2
2026-07-11 18:00:00,西屯測站,臺中市,81.1,41.1,71.8,64.3,0.726,2.34,281.6
2026-07-11 19:00:00,西屯測站,臺中市,75.5,43.4,65.2,52.2,0.651,2.25,273.1
2026-07-11 20:00:00,西屯測站,臺中市,77.2,39.4,67.2,61.7,0.608,2.33,269.2
2026-07-11 21:00:00,西屯測站,臺中市,69.1,41.0,70.6,56.2,0.555,2.55,345.3
2026-07-11 22:00:00,西屯測站,臺中市,71.3,39.0,55.6,52.5,0.606,1.37,302.0
2026-07-11 23:00:00,西屯測站,臺中市,67.7,34.8,71.3,44.4,0.704,2.45,327.9
2026-07-12 00:00:00,西屯測站,臺中市,66.9,41.9,56.1,54.3,0.661,2.26,317.5
2026-07-12 01:00:00,西屯測站,臺中市,49.9,32.3,58.7,45.4,0.514,3.88,22.3
2026-07-12 02:00:00,西屯測站,臺中市,63.3,45.7,68.7,41.8,0.543,2.1,13.9
2026-07-12 03:00:00,西屯測站,臺中市,65.0,39.6,54.0,35.7,0.57,1.74,320.3
2026-07-12 04:00:00,西屯測站,臺中市,72.6,41.2,58.9,48.6,0.702,2.65,250.1
2026-07-12 05:00:00,西屯測站,臺中市,68.7,41.6,72.5,37.9,0.575,1.48,54.1
2026-07-12 06:00:00,西屯測站,臺中市,74.8,,83.2,49.4,0.68,2.79,344.1
2026-07-12 07:00:00,西屯測站,臺中市,71.8,45.4,76.0,35.6,0.645,2.83,229.7
2026-07-12 08:00:00,西屯測站,臺中市,70.8,42.1,76.8,37.9,0.642,2.63,75.0
2026-07-12 09:00:00,西屯測站,臺中市,73.8,40.6,62.5,43.5,0.669,2.4,21.1
2026-07-12 10:00:00,西屯測站,臺中市,75.5,42.4,75.9,42.2,0.616,2.75,298.2
2026-07-12 11:00:00,西屯測站,臺中市,63.8,33.7,60.5,45.1,0.624,2.94,35.5
2026-07-12 12:00:00,西屯測站,臺中市,66.4,42.0,75.9,44.5,0.579,1.22,292.1
2026-07-12 13:00:00,西屯測站,臺中市,63.9,,80.7,42.3,0.606,3.25,61.6
2026-07-12 14:00:00,西屯測站,臺中市,66.6,43.2,87.2,54.1,0.554,2.54,280.9
2026-07-12 15:00:00,西屯測站,臺中市,72.5,42.1,79.8,45.2,0.757,2.32,314.0
2026-07-12 16:00:00,西屯測站,臺中市,73.1,47.6,75.8,55.6,0.572,1.74,110.0
2026-07-12 17:00:00,西屯測站,臺中市,68.9,38.0,60.4,47.1,0.621,4.0,126.7
2026-07-12 18:00:00,西屯測站,臺中市,73.2,45.5,68.6,60.7,0.718,1.34,49.7
2026-07-12 19:00:00,西屯測站,臺中市,70.8,41.3,72.2,58.0,0.673,2.59,11.2
2026-07-12 20:00:00,西屯測站,臺中市,62.0,37.5,65.1,58.0,0.597,3.17,348.9
2026-07-12 21:00:00,西屯測站,臺中市,59.0,41.6,62.6,55.3,0.594,1.53,103.2
2026-07-12 22:00:00,西屯測站,臺中市,58.8,43.2,72.0,50.3,0.461,2.88,284.2
2026-07-12 23:00:00,西屯測站,臺中市,58.1,41.3,68.4,52.2,0.544,2.14,103.1
2026-07-13 00:00:00,西屯測站,臺中市,59.8,37.0,68.4,54.4,0.554,3.01,84.0
2026-07-13 01:00:00,西屯測站,臺中市,64.7,38.1,73.9,42.2,0.528,3.38,358.6
2026-07-13 02:00:00,西屯測站,臺中市,67.0,39.5,71.3,44.1,0.581,2.12,14.3
2026-07-13 03:00:00,西屯測站,臺中市,61.8,37.3,59.3,39.6,0.623,1.26,120.7
2026-07-13 04:00:00,西屯測站,臺中市,72.1,48.0,94.2,46.8,0.592,1.96,44.5
2026-07-13 05:00:00,西屯測站,臺中市,74.2,39.2,62.2,43.6,0.598,2.68,126.3
2026-07-13 06:00:00,西屯測站,臺中市,76.7,43.5,70.1,40.5,0.692,3.55,99.9
2026-07-13 07:00:00,西屯測站,臺中市,69.4,36.9,61.9,40.1,0.721,2.58,39.0
2026-07-13 08:00:00,西屯測站,臺中市,70.3,44.4,76.7,39.0,0.565,1.96,60.3
2026-07-13 09:00:00,西屯測站,臺中市,69.5,39.2,56.4,35.6,0.587,1.65,95.3
2026-07-13 10:00:00,西屯測站,臺中市,71.0,44.6,87.9,43.2,0.655,2.58,68.8
2026-07-13 11:00:00,西屯測站,臺中市,66.3,36.9,54.7,47.9,0.642,1.88,137.6
2026-07-13 12:00:00,西屯測站,臺中市,51.8,42.2,79.8,42.3,0.583,2.28,314.0
2026-07-13 13:00:00,西屯測站,臺中市,62.6,38.4,66.0,41.3,0.611,2.19,182.9
2026-07-13 14:00:00,西屯測站,臺中市,63.8,40.6,58.4,47.5,0.621,2.77,61.9
2026-07-13 15:00:00,西屯測站,臺中市,59.7,40.3,79.4,48.3,0.48,2.78,80.5
2026-07-13 16:00:00,西屯測站,臺中市,76.6,42.5,75.1,53.1,0.612,2.11,33.4
2026-07-13 17:00:00,西屯測站,臺中市,71.0,46.9,91.3,61.8,0.577,4.0,61.7
2026-07-13 18:00:00,西屯測站,臺中市,83.2,50.0,87.8,58.4,0.648,2.46,34.6
2026-07-13 19:00:00,西屯測站,臺中市,74.7,39.1,62.4,59.2,0.618,2.58,15.6
2026-07-13 20:00:00,西屯測站,臺中市,65.4,38.4,77.7,57.2,0.59,1.78,177.8
2026-07-13 21:00:00,西屯測站,臺中市,63.5,40.5,80.7,51.2,0.635,3.32,153.5
2026-07-13 22:00:00,西屯測站,臺中市,65.8,38.5,62.2,56.3,0.61,2.28,112.2
2026-07-13 23:00:00,西屯測站,臺中市,61.5,40.0,71.9,54.1,0.598,2.78,206.2
2026-07-14 00:00:00,西屯測站,臺中市,58.6,37.5,61.6,50.4,0.509,3.42,68.5
2026-07-14 01:00:00,西屯測站,臺中市,61.9,39.2,55.7,46.6,0.613,2.77,144.3
2026-07-14 02:00:00,西屯測站,臺中市,67.6,38.5,68.3,43.6,0.669,1.86,131.6
2026-07-14 03:00:00,西屯測站,臺中市,60.5,46.1,82.0,42.7,0.568,2.15,123.6
2026-07-14 04:00:00,西屯測站,臺中市,64.7,35.0,65.2,41.1,0.584,2.08,168.1
2026-07-14 05:00:00,西屯測站,臺中市,69.7,44.9,74.5,42.1,0.513,3.74,138.1
2026-07-14 06:00:00,西屯測站,臺中市,81.6,41.0,69.0,43.2,0.685,2.24,91.5
2026-07-14 07:00:00,西屯測站,臺中市,67.3,41.0,66.8,36.3,0.622,3.69,182.9
2026-07-14 08:00:00,西屯測站,臺中市,83.9,46.1,78.2,37.0,0.659,1.85,181.1
2026-07-14 09:00:00,西屯測站,臺中市,70.3,43.2,81.4,43.0,0.692,2.23,164.2
2026-07-14 10:00:00,西屯測站,臺中市,67.8,37.4,55.2,43.2,0.63,3.12,46.8
2026-07-14 11:00:00,西屯測站,臺中市,72.8,41.3,77.8,47.8,0.663,2.14,78.3
2026-07-14 12:00:00,西屯測站,臺中市,61.4,41.0,81.0,53.8,0.596,2.9,85.6
2026-07-14 13:00:00,西屯測站,臺中市,60.6,40.9,64.3,45.7,0.747,2.06,168.4
2026-07-14 14:00:00,西屯測站,臺中市,63.9,42.7,74.6,47.4,0.658,3.29,77.7
2026-07-14 15:00:00,西屯測站,臺中市,68.3,46.2,68.2,56.1,0.544,1.7,140.7
2026-07-14 16:00:00,西屯測站,臺中市,79.7,46.5,78.6,61.2,0.657,2.61,211.7
2026-07-14 17:00:00,西屯測站,臺中市,85.0,44.5,89.5,64.9,0.662,1.36,231.5
2026-07-14 18:00:00,西屯測站,臺中市,69.6,35.9,62.7,51.9,0.623,2.46,135.6
2026-07-14 19:00:00,西屯測站,臺中市,86.8,46.1,69.4,54.8,0.716,3.34,109.5
2026-07-14 20:00:00,西屯測站,臺中市,75.1,38.3,68.6,55.5,0.572,1.27,64.3
2026-07-14 21:00:00,西屯測站,臺中市,74.3,43.6,60.3,60.4,0.669,2.21,162.4
2026-07-14 22:00:00,西屯測站,臺中市,67.0,40.7,65.9,52.1,0.626,1.54,214.2
2026-07-14 23:00:00,西屯測站,臺中市,65.3,41.8,66.6,62.5,0.616,1.8,133.2
2026-07-15 00:00:00,西屯測站,臺中市,81.0,44.9,77.9,54.3,0.665,2.36,277.5
2026-07-15 01:00:00,西屯測站,臺中市,63.9,41.3,63.8,50.3,0.511,0.69,195.3
2026-07-15 02:00:00,西屯測站,臺中市,69.2,36.5,,46.8,0.61,3.81,242.2
2026-07-15 03:00:00,西屯測站,臺中市,79.2,39.5,74.5,47.0,0.72,1.0,227.7
2026-07-15 04:00:00,西屯測站,臺中市,76.3,45.1,80.8,39.6,0.629,1.45,150.3
2026-07-15 05:00:00,西屯測站,臺中市,72.4,39.9,71.2,48.1,0.6,2.47,98.3
2026-07-15 06:00:00,西屯測站,臺中市,84.2,44.7,76.1,45.8,0.533,1.5,191.5
2026-07-15 07:00:00,西屯測站,臺中市,80.9,50.9,99.7,48.5,0.699,1.65,130.4
2026-07-15 08:00:00,西屯測站,臺中市,87.4,49.9,102.6,53.5,0.738,1.26,206.8
2026-07-15 09:00:00,西屯測站,臺中市,89.0,44.6,88.8,45.8,,2.13,218.7
2026-07-15 10:00:00,西屯測站,臺中市,70.5,39.6,68.6,38.1,0.666,2.98,240.8
2026-07-15 11:00:00,西屯測站,臺中市,69.0,40.3,78.5,45.3,0.658,2.61,282.2
2026-07-15 12:00:00,西屯測站,臺中市,75.1,41.3,84.8,44.4,0.657,1.99,105.5
2026-07-15 13:00:00,西屯測站,臺中市,76.0,38.4,63.4,46.1,0.62,3.03,189.7
2026-07-15 14:00:00,西屯測站,臺中市,69.6,41.8,81.6,45.7,0.622,4.0,208.8
2026-07-15 15:00:00,西屯測站,臺中市,78.1,,61.2,52.7,0.682,2.46,152.5
2026-07-15 16:00:00,西屯測站,臺中市,85.1,,77.8,63.9,0.635,2.17,236.6
2026-07-15 17:00:00,西屯測站,臺中市,86.1,48.2,94.5,64.6,0.779,2.4,239.7
2026-07-15 18:00:00,西屯測站,臺中市,81.7,39.2,60.8,58.7,0.699,1.09,224.0
2026-07-15 19:00:00,西屯測站,臺中市,93.1,49.3,81.8,60.8,0.636,2.28,102.3
2026-07-15 20:00:00,西屯測站,臺中市,79.2,43.0,92.5,65.8,0.709,1.5,345.7
2026-07-15 21:00:00,西屯測站,臺中市,81.3,40.7,68.7,55.7,0.674,2.34,182.5
2026-07-15 22:00:00,西屯測站,臺中市,75.0,38.9,69.6,56.3,0.568,1.41,181.0
2026-07-15 23:00:00,西屯測站,臺中市,74.0,42.3,61.9,52.3,0.595,2.59,234.3
2026-07-16 00:00:00,西屯測站,臺中市,74.5,39.6,60.1,49.4,0.64,2.03,210.0
2026-07-16 01:00:00,西屯測站,臺中市,65.9,37.7,77.0,55.5,0.591,1.34,295.6
2026-07-16 02:00:00,西屯測站,臺中市,70.2,39.2,74.4,43.8,0.549,1.77,314.1
2026-07-16 03:00:00,西屯測站,臺中市,75.2,42.4,68.2,41.6,0.694,2.31,230.1
2026-07-16 04:00:00,西屯測站,臺中市,67.7,46.8,95.1,47.8,0.614,3.24,237.7
2026-07-16 05:00:00,西屯測站,臺中市,81.7,41.7,73.5,37.6,0.686,1.89,157.7
2026-07-16 06:00:00,西屯測站,臺中市,79.2,42.0,77.8,46.9,0.683,1.76,266.8
2026-07-16 07:00:00,西屯測站,臺中市,83.7,45.5,79.7,42.0,0.701,1.38,290.4
2026-07-16 08:00:00,西屯測站,臺中市,79.3,46.3,93.8,36.7,0.714,2.8,266.0
2026-07-16 09:00:00,西屯測站,臺中市,83.5,40.8,63.7,38.0,0.757,1.04,287.2
2026-07-16 10:00:00,西屯測站,臺中市,83.6,45.1,86.9,42.7,0.682,1.88,353.6
2026-07-16 11:00:00,西屯測站,臺中市,88.4,41.6,71.0,51.9,0.799,2.54,1.8
2026-07-16 12:00:00,西屯測站,臺中市,84.3,48.6,,48.7,,2.01,285.9
2026-07-16 13:00:00,西屯測站,臺中市,83.5,41.8,67.2,47.4,0.624,0.9,317.7
2026-07-16 14:00:00,西屯測站,臺中市,76.1,39.8,69.6,50.7,0.607,1.51,280.9
2026-07-16 15:00:00,西屯測站,臺中市,80.6,42.3,75.1,58.8,0.666,2.17,279.1
2026-07-16 16:00:00,西屯測站,臺中市,76.4,39.6,72.1,57.3,0.648,2.39,318.7
2026-07-16 17:00:00,西屯測站,臺中市,79.5,42.1,75.0,61.7,0.667,3.1,11.2
2026-07-16 18:00:00,西屯測站,臺中市,77.1,41.8,83.3,57.1,0.642,1.85,3.7
2026-07-16 19:00:00,西屯測站,臺中市,75.6,40.9,76.6,59.2,0.657,1.97,10.8
2026-07-16 20:00:00,西屯測站,臺中市,86.8,44.6,75.6,62.9,0.634,3.3,14.7
2026-07-16 21:00:00,西屯測站,臺中市,71.1,38.7,61.0,57.8,0.601,3.32,315.5
2026-07-16 22:00:00,西屯測站,臺中市,87.0,46.7,78.5,62.5,0.713,2.49,252.6
2026-07-16 23:00:00,西屯測站,臺中市,64.6,39.4,66.8,57.5,0.654,2.35,26.1
2026-07-17 00:00:00,西屯測站,臺中市,80.3,43.0,66.4,42.8,0.677,2.63,331.9
2026-07-17 01:00:00,西屯測站,臺中市,74.2,41.7,75.4,47.1,0.602,3.16,20.8
2026-07-17 02:00:00,西屯測站,臺中市,73.6,44.0,76.8,51.2,0.597,1.52,334.3
2026-07-17 03:00:00,西屯測站,臺中市,72.6,43.4,63.2,47.3,0.572,1.8,212.9
2026-07-17 04:00:00,西屯測站,臺中市,77.7,43.7,74.4,34.8,0.601,1.85,294.8
2026-07-17 05:00:00,西屯測站,臺中市,72.8,42.2,57.4,40.4,0.662,1.58,328.4
2026-07-17 06:00:00,西屯測站,臺中市,79.7,43.2,67.0,40.0,0.601,2.31,347.5
2026-07-17 07:00:00,西屯測站,臺中市,76.0,44.0,66.6,37.1,0.604,1.01,95.2
2026-07-17 08:00:00,西屯測站,臺中市,80.2,40.7,59.5,38.6,0.734,1.26,263.4
2026-07-17 09:00:00,西屯測站,臺中市,83.1,43.6,69.4,43.5,0.673,1.11,259.3
2026-07-17 10:00:00,西屯測站,臺中市,72.7,38.2,51.2,40.0,0.617,2.2,15.9
2026-07-17 11:00:00,西屯測站,臺中市,70.8,39.0,73.9,48.9,0.601,2.25,349.4
2026-07-17 12:00:00,西屯測站,臺中市,71.5,39.9,75.7,49.7,0.673,1.31,295.1
2026-07-17 13:00:00,西屯測站,臺中市,70.8,43.3,62.5,53.3,0.651,3.0,338.7
2026-07-17 14:00:00,西屯測站,臺中市,67.7,43.1,71.1,46.8,0.557,1.94,54.1
2026-07-17 15:00:00,西屯測站,臺中市,64.4,41.3,64.6,50.0,0.576,2.14,344.6
2026-07-17 16:00:00,西屯測站,臺中市,71.5,45.1,83.6,51.7,0.6,1.8,54.1
2026-07-17 17:00:00,西屯測站,臺中市,72.8,34.7,63.7,53.7,0.672,0.32,101.7
2026-07-17 18:00:00,西屯測站,臺中市,82.6,41.9,83.9,61.5,0.642,0.97,134.3
2026-07-17 19:00:00,西屯測站,臺中市,80.8,43.9,78.5,62.2,0.56,1.88,356.0
2026-07-17 20:00:00,西屯測站,臺中市,72.4,43.7,81.9,54.1,0.632,2.82,113.7
2026-07-17 21:00:00,西屯測站,臺中市,68.7,43.0,70.1,54.9,0.587,1.54,324.8
2026-07-17 22:00:00,西屯測站,臺中市,69.6,40.5,62.5,53.0,0.566,2.09,75.1
2026-07-17 23:00:00,西屯測站,臺中市,61.4,39.4,70.8,48.7,0.494,2.46,317.9
2026-07-18 00:00:00,西屯測站,臺中市,64.0,39.1,81.0,44.2,0.548,1.07,108.0
2026-07-18 01:00:00,西屯測站,臺中市,67.8,35.2,63.2,44.9,0.601,2.21,61.4
2026-07-18 02:00:00,西屯測站,臺中市,53.4,37.4,57.0,34.1,0.514,2.09,93.9
2026-07-18 03:00:00,西屯測站,臺中市,57.9,38.3,60.2,32.0,0.54,2.62,32.1
2026-07-18 04:00:00,西屯測站,臺中市,54.3,36.3,59.1,40.1,0.511,2.44,63.2
2026-07-18 05:00:00,西屯測站,臺中市,62.5,44.0,71.5,33.2,0.546,0.87,59.3
2026-07-18 06:00:00,西屯測站,臺中市,66.9,32.4,56.8,40.2,0.539,2.85,54.5
2026-07-18 07:00:00,西屯測站,臺中市,70.3,40.5,84.9,37.8,0.629,3.14,49.7
2026-07-18 08:00:00,西屯測站,臺中市,63.4,41.2,77.6,40.0,0.465,1.91,27.8
2026-07-18 09:00:00,西屯測站,臺中市,67.3,45.2,79.4,37.5,0.562,2.89,113.8
2026-07-18 10:00:00,西屯測站,臺中市,66.3,37.6,70.0,37.0,0.591,1.74,123.9
2026-07-18 11:00:00,西屯測站,臺中市,56.6,36.9,74.5,37.0,0.607,3.19,44.5
2026-07-18 12:00:00,西屯測站,臺中市,57.7,36.4,62.9,40.4,0.557,1.32,67.8
2026-07-18 13:00:00,西屯測站,臺中市,60.5,38.9,69.5,43.3,0.512,2.11,183.1
2026-07-18 14:00:00,西屯測站,臺中市,59.4,36.5,65.9,43.9,0.601,2.11,25.3
2026-07-18 15:00:00,西屯測站,臺中市,55.7,39.3,73.5,47.2,0.656,3.31,161.8
2026-07-18 16:00:00,西屯測站,臺中市,53.9,36.5,74.0,54.1,0.553,1.87,47.6
2026-07-18 17:00:00,西屯測站,臺中市,68.3,42.5,80.5,55.1,0.618,2.79,121.7
2026-07-18 18:00:00,西屯測站,臺中市,66.3,39.8,65.7,52.1,0.623,1.82,134.8
2026-07-18 19:00:00,西屯測站,臺中市,64.9,42.0,83.8,53.3,0.609,2.85,7.7
2026-07-18 20:00:00,西屯測站,臺中市,71.1,47.9,88.7,58.8,0.603,2.17,149.0
2026-07-18 21:00:00,西屯測站,臺中市,55.1,34.0,55.0,48.1,0.531,2.39,43.3
2026-07-18 22:00:00,西屯測站,臺中市,45.8,31.9,55.7,49.8,0.529,2.15,55.8
2026-07-18 23:00:00,西屯測站,臺中市,58.9,37.5,76.3,54.4,0.537,3.16,216.9
2026-07-19 00:00:00,西屯測站,臺中市,56.8,39.1,64.6,50.1,0.607,2.1,140.2
2026-07-19 01:00:00,西屯測站,臺中市,58.0,39.1,62.3,43.9,0.598,3.21,80.5
2026-07-19 02:00:00,西屯測站,臺中市,56.7,32.3,61.8,,0.557,2.29,92.9
2026-07-19 03:00:00,西屯測站,臺中市,58.2,35.6,56.0,42.4,0.569,2.12,119.0
2026-07-19 04:00:00,西屯測站,臺中市,56.8,41.1,76.9,35.0,0.591,3.17,179.6
2026-07-19 05:00:00,西屯測站,臺中市,67.4,41.0,73.3,34.6,0.571,1.25,181.4
2026-07-19 06:00:00,西屯測站,臺中市,56.1,32.1,41.6,36.4,0.493,1.27,123.7
2026-07-19 07:00:00,西屯測站,臺中市,67.8,34.7,50.7,36.5,0.587,3.12,247.1
2026-07-19 08:00:00,西屯測站,臺中市,68.2,36.4,69.2,38.1,0.635,3.84,37.8
2026-07-19 09:00:00,西屯測站,臺中市,65.6,44.4,85.2,41.1,0.654,3.66,153.3
2026-07-19 10:00:00,西屯測站,臺中市,55.8,35.3,47.8,39.6,0.42,1.51,186.8
2026-07-19 11:00:00,西屯測站,臺中市,61.5,37.6,65.6,43.6,0.559,1.31,142.7
2026-07-19 12:00:00,西屯測站,臺中市,62.7,38.4,61.3,40.5,0.581,2.88,200.9
2026-07-19 13:00:00,西屯測站,臺中市,63.7,37.3,59.3,43.1,0.56,2.83,222.7
2026-07-19 14:00:00,西屯測站,臺中市,51.9,41.4,77.4,44.3,0.546,2.06,140.2
2026-07-19 15:00:00,西屯測站,臺中市,55.8,32.2,53.1,49.3,0.544,1.88,136.1
2026-07-19 16:00:00,西屯測站,臺中市,66.6,39.4,71.2,53.8,0.617,2.81,146.6
2026-07-19 17:00:00,西屯測站,臺中市,68.1,44.8,68.7,57.1,0.573,1.54,207.7
2026-07-19 18:00:00,西屯測站,臺中市,69.6,36.9,67.3,55.7,0.517,2.46,126.7
2026-07-19 19:00:00,西屯測站,臺中市,73.7,41.6,59.9,51.0,0.643,2.04,64.9
2026-07-19 20:00:00,西屯測站,臺中市,62.1,36.7,75.1,52.8,0.599,0.94,136.9
2026-07-19 21:00:00,西屯測站,臺中市,66.9,40.6,62.1,55.9,0.598,2.91,188.5
2026-07-19 22:00:00,西屯測站,臺中市,65.8,44.9,80.3,50.1,0.514,2.22,161.6
2026-07-19 23:00:00,西屯測站,臺中市,69.8,37.4,64.0,52.3,0.604,2.52,236.4
2026-07-20 00:00:00,西屯測站,臺中市,76.9,42.5,69.8,47.2,0.736,3.12,261.9
2026-07-20 01:00:00,西屯測站,臺中市,72.9,35.2,53.6,45.5,0.612,2.66,173.7
2026-07-20 02:00:00,西屯測站,臺中市,63.8,42.0,75.0,46.5,0.588,3.28,194.3
2026-07-20 03:00:00,西屯測站,臺中市,77.0,36.9,60.7,41.3,0.704,2.8,78.6
2026-07-20 04:00:00,西屯測站,臺中市,74.9,43.8,73.1,36.0,0.62,2.08,235.8
2026-07-20 05:00:00,西屯測站,臺中市,74.9,38.8,71.8,37.2,0.557,2.64,219.6
2026-07-20 06:00:00,西屯測站,臺中市,80.2,41.1,66.0,37.4,0.663,2.31,108.4
2026-07-20 07:00:00,西屯測站,臺中市,76.3,41.2,59.3,40.6,0.656,2.01,215.7
2026-07-20 08:00:00,西屯測站,臺中市,76.9,40.5,66.7,43.9,0.701,0.9,151.8
2026-07-20 09:00:00,西屯測站,臺中市,80.6,50.6,81.1,43.9,0.682,2.11,141.0
2026-07-20 10:00:00,西屯測站,臺中市,65.0,43.5,69.8,41.6,0.611,2.87,271.4
2026-07-20 11:00:00,西屯測站,臺中市,70.7,38.4,66.4,34.8,0.623,2.91,262.0
2026-07-20 12:00:00,西屯測站,臺中市,77.4,45.8,75.0,48.3,0.715,1.35,119.5
2026-07-20 13:00:00,西屯測站,臺中市,82.7,41.1,79.0,53.8,0.728,2.25,161.0
2026-07-20 14:00:00,西屯測站,臺中市,78.5,45.0,83.0,42.0,0.705,1.71,260.8
2026-07-20 15:00:00,西屯測站,臺中市,79.7,43.0,74.6,57.3,0.769,1.2,49.7
2026-07-20 16:00:00,西屯測站,臺中市,78.0,41.3,74.0,59.3,0.582,2.48,263.1
2026-07-20 17:00:00,西屯測站,臺中市,84.4,45.7,78.0,57.5,0.706,2.5,279.9
2026-07-20 18:00:00,西屯測站,臺中市,75.5,41.6,81.9,60.5,0.626,1.68,266.8
2026-07-20 19:00:00,西屯測站,臺中市,82.5,48.1,96.7,60.6,0.764,2.27,210.6
2026-07-20 20:00:00,西屯測站,臺中市,77.4,40.5,60.6,52.4,0.626,2.32,275.4
2026-07-20 21:00:00,西屯測站,臺中市,78.1,43.5,82.1,57.1,0.677,2.32,196.3
2026-07-20 22:00:00,西屯測站,臺中市,75.2,46.6,79.0,51.1,0.602,2.2,261.2
2026-07-20 23:00:00,西屯測站,臺中市,78.2,43.9,70.3,62.2,0.625,1.25,158.9
2026-07-21 00:00:00,西屯測站,臺中市,73.1,44.4,80.8,50.6,0.684,1.69,211.2
2026-07-21 01:00:00,西屯測站,臺中市,75.4,43.6,76.9,51.2,0.568,1.96,226.5
2026-07-21 02:00:00,西屯測站,臺中市,72.7,42.7,66.6,44.9,0.573,2.58,302.3
2026-07-21 03:00:00,西屯測站,臺中市,64.5,37.1,51.2,44.7,0.639,2.23,218.4
2026-07-21 04:00:00,西屯測站,臺中市,64.5,41.9,70.7,39.0,0.533,2.93,257.0
2026-07-21 05:00:00,西屯測站,臺中市,80.4,44.2,80.5,46.6,0.637,1.48,129.5
2026-07-21 06:00:00,西屯測站,臺中市,79.8,39.9,60.2,40.3,0.701,2.41,263.6
2026-07-21 07:00:00,西屯測站,臺中市,93.8,48.7,,47.6,0.737,1.16,322.2
2026-07-21 08:00:00,西屯測站,臺中市,93.4,50.0,96.9,51.6,0.742,1.81,175.4
2026-07-21 09:00:00,西屯測站,臺中市,85.4,46.1,62.5,42.4,0.719,1.34,288.1
2026-07-21 10:00:00,西屯測站,臺中市,83.6,47.4,88.9,45.3,0.689,2.54,311.6
2026-07-21 11:00:00,西屯測站,臺中市,85.0,37.4,60.5,45.8,0.572,2.02,245.9
2026-07-21 12:00:00,西屯測站,臺中市,84.4,45.4,80.9,51.1,0.717,1.92,321.2
2026-07-21 13:00:00,西屯測站,臺中市,73.9,44.9,76.5,42.9,0.733,2.87,221.6
2026-07-21 14:00:00,西屯測站,臺中市,68.5,41.1,72.3,49.3,0.602,3.07,34.9
2026-07-21 15:00:00,西屯測站,臺中市,75.8,38.8,79.4,51.8,0.684,1.6,298.2
2026-07-21 16:00:00,西屯測站,臺中市,75.0,42.0,84.5,62.2,0.618,0.8,288.9
2026-07-21 17:00:00,西屯測站,臺中市,84.7,44.9,86.9,59.5,0.678,1.53,206.9
2026-07-21 18:00:00,西屯測站,臺中市,85.7,45.3,89.5,59.5,0.657,1.5,328.3
2026-07-21 19:00:00,西屯測站,臺中市,81.7,41.8,65.3,63.1,0.679,1.95,326.0
2026-07-21 20:00:00,西屯測站,臺中市,86.9,46.3,90.2,59.8,0.703,1.7,226.7
2026-07-21 21:00:00,西屯測站,臺中市,78.8,44.0,80.7,54.6,0.567,1.66,230.2
2026-07-21 22:00:00,西屯測站,臺中市,76.6,40.1,69.1,51.8,0.604,2.55,11.9
2026-07-21 23:00:00,西屯測站,臺中市,63.5,40.1,71.8,54.8,0.733,2.19,252.4
2026-07-22 00:00:00,西屯測站,臺中市,70.2,41.0,61.0,48.2,0.634,2.15,275.5
2026-07-22 01:00:00,西屯測站,臺中市,69.1,39.3,70.0,49.9,0.598,1.05,23.4
2026-07-22 02:00:00,西屯測站,臺中市,74.3,37.7,67.9,49.0,0.615,2.16,319.6
2026-07-22 03:00:00,西屯測站,臺中市,64.7,43.8,63.3,42.5,0.637,2.38,58.6
2026-07-22 04:00:00,西屯測站,臺中市,87.1,44.5,70.9,36.6,0.757,1.79,24.1
2026-07-22 05:00:00,西屯測站,臺中市,79.6,39.9,85.4,41.8,0.626,1.41,331.2
2026-07-22 06:00:00,西屯測站,臺中市,84.9,46.4,86.7,48.1,0.701,4.01,328.4
2026-07-22 07:00:00,西屯測站,臺中市,86.5,43.6,85.1,44.5,0.811,2.71,11.2
2026-07-22 08:00:00,西屯測站,臺中市,78.6,43.4,75.1,44.4,0.645,3.32,71.8
2026-07-22 09:00:00,西屯測站,臺中市,81.1,45.2,87.5,38.2,0.642,2.05,259.7
2026-07-22 10:00:00,西屯測站,臺中市,79.0,46.0,62.3,42.4,0.587,1.72,73.9
2026-07-22 11:00:00,西屯測站,臺中市,60.2,36.0,51.7,,0.668,2.66,48.4
2026-07-22 12:00:00,西屯測站,臺中市,72.8,42.0,72.6,39.1,0.625,2.2,336.4
2026-07-22 13:00:00,西屯測站,臺中市,74.6,42.7,69.1,54.1,0.575,1.64,323.2
2026-07-22 14:00:00,西屯測站,臺中市,76.9,39.6,70.6,62.6,0.639,2.55,303.3
2026-07-22 15:00:00,西屯測站,臺中市,76.7,37.1,54.9,54.6,0.606,3.24,36.7
2026-07-22 16:00:00,西屯測站,臺中市,70.9,44.0,68.4,57.7,0.495,2.77,332.8
2026-07-22 17:00:00,西屯測站,臺中市,73.0,47.4,76.9,57.2,0.647,2.05,358.4
2026-07-22 18:00:00,西屯測站,臺中市,85.0,47.2,65.3,57.6,0.734,2.89,48.5
2026-07-22 19:00:00,西屯測站,臺中市,67.9,42.6,75.9,63.9,0.537,2.77,324.9
2026-07-22 20:00:00,西屯測站,臺中市,78.5,44.7,81.8,56.7,0.629,1.98,355.9
2026-07-22 21:00:00,西屯測站,臺中市,76.9,46.3,92.1,57.3,0.607,2.48,107.3
2026-07-22 22:00:00,西屯測站,臺中市,72.3,45.4,88.7,51.4,0.636,2.47,82.8
2026-07-22 23:00:00,西屯測站,臺中市,73.1,43.6,65.0,54.9,0.703,2.21,309.0
2026-07-23 00:00:00,西屯測站,臺中市,76.1,43.7,62.2,51.4,0.677,2.54,358.6
2026-07-23 01:00:00,西屯測站,臺中市,65.1,37.8,79.0,44.2,0.532,2.53,11.9
2026-07-23 02:00:00,西屯測站,臺中市,63.1,35.7,68.3,42.4,0.705,2.77,338.7
2026-07-23 03:00:00,西屯測站,臺中市,57.5,39.0,81.5,41.0,0.455,1.72,7.9
2026-07-23 04:00:00,西屯測站,臺中市,67.9,37.1,48.7,40.6,0.622,3.32,61.5
2026-07-23 05:00:00,西屯測站,臺中市,63.3,43.7,85.9,35.6,0.586,1.8,68.7
2026-07-23 06:00:00,西屯測站,臺中市,74.7,40.4,,36.7,0.56,2.45,48.1
2026-07-23 07:00:00,西屯測站,臺中市,73.7,43.3,80.6,34.9,0.599,2.63,64.5
2026-07-23 08:00:00,西屯測站,臺中市,73.2,39.2,62.2,42.6,0.673,2.0,112.2
2026-07-23 09:00:00,西屯測站,臺中市,74.8,42.7,78.3,37.2,0.62,2.28,71.5
2026-07-23 10:00:00,西屯測站,臺中市,71.5,39.1,73.5,40.1,,1.77,70.7
2026-07-23 11:00:00,西屯測站,臺中市,63.8,34.1,71.1,46.6,0.664,2.51,14.5
2026-07-23 12:00:00,西屯測站,臺中市,62.4,34.5,62.9,45.4,0.675,2.31,357.3
2026-07-23 13:00:00,西屯測站,臺中市,63.6,38.4,71.1,41.0,0.59,2.81,153.1
2026-07-23 14:00:00,西屯測站,臺中市,66.6,43.1,66.5,54.4,0.529,2.03,140.1
2026-07-23 15:00:00,西屯測站,臺中市,65.9,39.0,68.2,55.3,0.64,2.33,141.1
2026-07-23 16:00:00,西屯測站,臺中市,71.3,43.7,75.1,55.1,0.482,3.41,84.3
2026-07-23 17:00:00,西屯測站,臺中市,70.2,39.0,71.0,53.0,0.586,2.06,58.7
2026-07-23 18:00:00,西屯測站,臺中市,77.5,43.4,81.7,57.7,0.598,3.43,141.0
2026-07-23 19:00:00,西屯測站,臺中市,80.2,46.4,65.2,54.1,0.694,2.06,69.9
2026-07-23 20:00:00,西屯測站,臺中市,57.2,37.7,65.8,56.4,0.501,1.78,106.2
2026-07-23 21:00:00,西屯測站,臺中市,71.3,39.9,60.5,49.8,0.543,1.09,117.5
2026-07-23 22:00:00,西屯測站,臺中市,60.1,34.2,45.2,54.7,0.619,3.01,51.5
2026-07-23 23:00:00,西屯測站,臺中市,65.4,41.2,68.1,45.8,0.56,2.59,187.9
2026-07-24 00:00:00,西屯測站,臺中市,69.2,42.6,73.4,43.8,0.568,1.71,139.6
2026-07-24 01:00:00,西屯測站,臺中市,68.3,42.6,76.1,43.1,0.603,1.78,147.2
2026-07-24 02:00:00,西屯測站,臺中市,62.0,38.6,61.7,47.0,0.508,2.59,109.0
2026-07-24 03:00:00,西屯測站,臺中市,68.2,36.2,74.5,41.0,0.6,1.83,167.2
2026-07-24 04:00:00,西屯測站,臺中市,66.4,40.7,77.5,36.3,0.563,1.36,111.4
2026-07-24 05:00:00,西屯測站,臺中市,72.3,42.0,76.8,40.7,0.628,2.36,65.8
2026-07-24 06:00:00,西屯測站,臺中市,71.2,35.8,56.1,43.8,0.497,,35.8
2026-07-24 07:00:00,西屯測站,臺中市,68.8,41.4,59.8,41.8,0.568,2.0,112.4
2026-07-24 08:00:00,西屯測站,臺中市,74.0,36.0,66.6,44.1,0.568,1.77,198.2
2026-07-24 09:00:00,西屯測站,臺中市,76.6,44.0,76.1,48.7,0.65,1.47,170.1
2026-07-24 10:00:00,西屯測站,臺中市,68.7,40.2,69.3,38.8,0.631,1.9,191.5
2026-07-24 11:00:00,西屯測站,臺中市,63.4,36.2,50.9,41.2,0.674,2.34,215.1
2026-07-24 12:00:00,西屯測站,臺中市,70.0,40.8,51.0,43.9,0.625,2.43,279.6
2026-07-24 13:00:00,西屯測站,臺中市,68.2,42.3,82.2,46.7,0.601,2.05,171.4
2026-07-24 14:00:00,西屯測站,臺中市,67.1,42.0,72.9,55.3,0.588,3.6,159.0
2026-07-24 15:00:00,西屯測站,臺中市,69.9,41.1,70.6,55.5,0.722,2.6,182.8
2026-07-24 16:00:00,西屯測站,臺中市,72.2,44.8,66.1,48.2,0.598,2.49,205.9
2026-07-24 17:00:00,西屯測站,臺中市,80.7,38.6,65.5,55.0,0.709,0.98,153.6
2026-07-24 18:00:00,西屯測站,臺中市,77.2,44.0,75.5,58.7,0.674,2.88,142.3
2026-07-24 19:00:00,西屯測站,臺中市,80.5,44.8,70.5,52.2,0.66,2.19,193.5
2026-07-24 20:00:00,西屯測站,臺中市,66.7,39.1,60.0,54.1,0.693,1.56,235.8
2026-07-24 21:00:00,西屯測站,臺中市,77.0,41.8,77.8,57.8,0.617,1.87,151.5
2026-07-24 22:00:00,西屯測站,臺中市,68.6,39.5,79.1,51.4,0.514,2.04,153.0
2026-07-24 23:00:00,西屯測站,臺中市,75.9,40.6,65.5,51.0,0.639,3.4,189.6
2026-07-25 00:00:00,西屯測站,臺中市,64.1,38.2,61.7,41.0,0.567,1.52,186.2
2026-07-25 01:00:00,西屯測站,臺中市,57.9,39.3,54.8,42.5,0.587,3.23,133.4
2026-07-25 02:00:00,西屯測站,臺中市,57.4,43.6,72.6,39.1,0.564,3.64,200.0
2026-07-25 03:00:00,西屯測站,臺中市,68.7,40.6,74.5,38.2,0.618,3.14,197.9
2026-07-25 04:00:00,西屯測站,臺中市,62.8,36.7,59.3,34.8,0.624,2.17,175.6
2026-07-25 05:00:00,西屯測站,臺中市,65.7,42.0,58.3,35.8,0.583,2.54,193.0
2026-07-25 06:00:00,西屯測站,臺中市,69.7,40.9,61.8,43.2,0.588,2.36,84.7
2026-07-25 07:00:00,西屯測站,臺中市,73.5,38.3,74.4,40.4,0.691,2.82,255.1
2026-07-25 08:00:00,西屯測站,臺中市,75.6,47.0,83.2,41.3,0.633,2.23,201.6
2026-07-25 09:00:00,西屯測站,臺中市,77.0,47.7,85.2,40.0,0.71,1.94,229.7
2026-07-25 10:00:00,西屯測站,臺中市,70.7,35.8,54.8,41.7,0.564,,198.7
2026-07-25 11:00:00,西屯測站,臺中市,65.4,36.2,56.6,42.3,0.585,0.59,184.2
2026-07-25 12:00:00,西屯測站,臺中市,69.2,37.4,69.9,40.9,0.609,2.86,167.8
2026-07-25 13:00:00,西屯測站,臺中市,65.8,43.2,81.5,42.1,0.585,2.64,86.8
2026-07-25 14:00:00,西屯測站,臺中市,65.3,41.0,66.1,44.2,0.622,2.1,252.0
2026-07-25 15:00:00,西屯測站,臺中市,72.0,39.9,63.3,57.3,0.689,2.97,215.1
2026-07-25 16:00:00,西屯測站,臺中市,85.8,45.0,78.2,53.3,0.753,1.66,278.6
2026-07-25 17:00:00,西屯測站,臺中市,81.6,45.4,81.0,47.5,0.663,2.67,217.9
2026-07-25 18:00:00,西屯測站,臺中市,74.1,40.9,63.3,64.6,0.604,2.36,210.2
2026-07-25 19:00:00,西屯測站,臺中市,86.5,45.3,79.4,66.7,0.698,2.63,169.9
2026-07-25 20:00:00,西屯測站,臺中市,75.5,38.9,56.1,57.2,0.694,2.58,172.1
2026-07-25 21:00:00,西屯測站,臺中市,61.7,40.3,59.8,61.6,0.574,1.01,157.2
2026-07-25 22:00:00,西屯測站,臺中市,73.2,42.0,78.3,55.1,0.629,2.12,225.0
2026-07-25 23:00:00,西屯測站,臺中市,66.6,40.5,80.3,56.0,0.537,1.04,304.9
2026-07-26 00:00:00,西屯測站,臺中市,63.2,38.0,59.4,42.3,0.552,2.81,251.8
2026-07-26 01:00:00,西屯測站,臺中市,70.5,39.4,71.4,51.2,0.59,0.78,272.4
2026-07-26 02:00:00,西屯測站,臺中市,71.9,39.6,64.0,48.3,0.71,2.27,245.5
2026-07-26 03:00:00,西屯測站,臺中市,67.8,45.2,90.9,43.6,0.57,1.89,264.4
2026-07-26 04:00:00,西屯測站,臺中市,58.9,36.7,61.1,46.1,0.563,1.07,213.7
2026-07-26 05:00:00,西屯測站,臺中市,72.3,41.6,66.7,44.0,0.614,3.0,217.7
2026-07-26 06:00:00,西屯測站,臺中市,79.4,42.2,68.8,46.7,0.638,3.24,178.9
2026-07-26 07:00:00,西屯測站,臺中市,72.4,40.9,63.3,39.6,0.598,1.98,288.3
2026-07-26 08:00:00,西屯測站,臺中市,76.8,42.1,60.5,43.6,0.731,2.92,294.2
2026-07-26 09:00:00,西屯測站,臺中市,75.1,41.2,58.5,39.5,,1.4,302.3
2026-07-26 10:00:00,西屯測站,臺中市,76.3,37.9,57.7,45.4,0.663,2.23,297.9
2026-07-26 11:00:00,西屯測站,臺中市,65.0,39.5,76.1,44.5,0.624,3.53,266.9
2026-07-26 12:00:00,西屯測站,臺中市,66.3,38.8,57.7,46.7,0.526,1.56,282.4
2026-07-26 13:00:00,西屯測站,臺中市,66.6,42.6,76.4,50.5,0.633,1.32,304.9
2026-07-26 14:00:00,西屯測站,臺中市,65.8,37.6,69.8,47.9,0.598,2.93,255.4
2026-07-26 15:00:00,西屯測站,臺中市,68.6,42.4,73.4,45.2,0.594,1.17,238.9
2026-07-26 16:00:00,西屯測站,臺中市,80.3,46.4,70.7,52.2,0.679,2.63,256.0
2026-07-26 17:00:00,西屯測站,臺中市,73.3,38.2,65.6,56.2,0.633,3.0,250.6
2026-07-26 18:00:00,西屯測站,臺中市,82.9,40.1,53.8,59.0,0.756,2.58,329.2
2026-07-26 19:00:00,西屯測站,臺中市,70.6,38.7,70.5,60.2,0.62,2.06,351.2
2026-07-26 20:00:00,西屯測站,臺中市,74.4,41.3,80.4,59.0,0.604,3.03,325.4
2026-07-26 21:00:00,西屯測站,臺中市,71.4,43.8,83.6,54.9,0.719,1.73,356.0
2026-07-26 22:00:00,西屯測站,臺中市,67.5,41.6,60.2,55.6,0.615,1.85,27.2
2026-07-26 23:00:00,西屯測站,臺中市,70.1,39.5,68.9,51.9,0.593,2.79,294.6
2026-07-27 00:00:00,西屯測站,臺中市,76.5,44.1,81.3,48.5,0.574,2.78,205.8
2026-07-27 01:00:00,西屯測站,臺中市,79.9,43.5,72.5,43.4,0.68,1.21,354.6
2026-07-27 02:00:00,西屯測站,臺中市,70.7,39.5,68.7,49.9,0.585,2.24,295.1
2026-07-27 03:00:00,西屯測站,臺中市,72.9,39.2,55.7,44.9,0.628,2.58,327.1
2026-07-27 04:00:00,西屯測站,臺中市,69.7,41.3,64.4,39.9,0.622,2.43,64.1
2026-07-27 05:00:00,西屯測站,臺中市,76.1,42.5,66.2,40.1,0.566,2.05,349.5
2026-07-27 06:00:00,西屯測站,臺中市,73.3,41.2,76.9,39.4,0.691,1.3,93.9
2026-07-27 07:00:00,西屯測站,臺中市,80.8,45.1,65.0,37.0,0.639,2.82,268.9
2026-07-27 08:00:00,西屯測站,臺中市,78.2,43.3,69.7,36.9,0.572,2.54,66.8
2026-07-27 09:00:00,西屯測站,臺中市,78.6,39.4,72.8,40.9,0.725,2.8,1.1
2026-07-27 10:00:00,西屯測站,臺中市,66.4,37.9,56.2,41.0,0.607,1.14,38.3
2026-07-27 11:00:00,西屯測站,臺中市,72.5,42.5,71.2,48.7,0.618,3.29,307.8
2026-07-27 12:00:00,西屯測站,臺中市,77.5,39.9,59.4,51.3,0.631,2.67,357.8
2026-07-27 13:00:00,西屯測站,臺中市,64.3,31.0,62.1,34.3,0.601,2.83,323.7
2026-07-27 14:00:00,西屯測站,臺中市,66.7,40.0,76.9,54.9,0.654,2.15,279.6
2026-07-27 15:00:00,西屯測站,臺中市,70.8,42.6,79.0,55.7,0.644,2.06,37.6
2026-07-27 16:00:00,西屯測站,臺中市,85.5,40.1,86.5,53.0,0.737,2.85,290.8
2026-07-27 17:00:00,西屯測站,臺中市,80.1,42.4,69.0,63.1,0.656,1.81,350.4
2026-07-27 18:00:00,西屯測站,臺中市,75.6,38.9,65.3,59.2,0.7,2.36,351.9
2026-07-27 19:00:00,西屯測站,臺中市,70.9,41.9,75.4,57.8,0.644,2.44,11.6
2026-07-27 20:00:00,西屯測站,臺中市,69.2,38.8,55.7,50.6,0.667,1.62,25.9
2026-07-27 21:00:00,西屯測站,臺中市,72.6,41.4,67.4,57.5,0.692,2.78,270.2
2026-07-27 22:00:00,西屯測站,臺中市,78.5,38.9,64.6,57.8,0.658,1.75,103.2
2026-07-27 23:00:00,西屯測站,臺中市,66.3,35.2,65.3,55.5,0.625,3.99,16.0
2026-07-28 00:00:00,西屯測站,臺中市,65.7,41.9,75.0,37.0,0.589,2.25,28.3
2026-07-28 01:00:00,西屯測站,臺中市,61.0,41.4,82.3,45.1,0.596,3.39,49.7
2026-07-28 02:00:00,西屯測站,臺中市,69.4,41.1,65.2,43.9,0.639,2.35,358.3
2026-07-28 03:00:00,西屯測站,臺中市,64.1,34.8,63.6,48.7,0.652,1.62,56.1
2026-07-28 04:00:00,西屯測站,臺中市,66.8,39.3,75.5,47.8,0.577,2.55,268.9
2026-07-28 05:00:00,西屯測站,臺中市,71.5,44.7,83.9,41.9,0.621,2.57,35.2
2026-07-28 06:00:00,西屯測站,臺中市,80.0,41.2,75.6,44.6,0.609,2.77,87.2
2026-07-28 07:00:00,西屯測站,臺中市,63.8,35.1,63.3,34.9,0.638,1.73,32.0
2026-07-28 08:00:00,西屯測站,臺中市,72.8,43.0,79.8,32.6,0.611,2.74,100.7
2026-07-28 09:00:00,西屯測站,臺中市,70.4,42.5,87.9,39.3,0.467,2.89,37.7
2026-07-28 10:00:00,西屯測站,臺中市,68.7,,65.8,42.9,0.625,1.87,120.6
2026-07-28 11:00:00,西屯測站,臺中市,61.5,36.9,62.6,39.6,0.634,2.59,73.2
2026-07-28 12:00:00,西屯測站,臺中市,65.9,42.0,62.7,48.5,0.6,2.8,49.7
2026-07-28 13:00:00,西屯測站,臺中市,55.1,30.4,60.2,49.0,0.557,1.73,31.9
2026-07-28 14:00:00,西屯測站,臺中市,71.9,37.3,79.5,58.8,0.641,2.0,97.6
2026-07-28 15:00:00,西屯測站,臺中市,71.5,39.2,57.1,49.3,0.682,1.82,86.3
2026-07-28 16:00:00,西屯測站,臺中市,74.6,45.7,86.9,50.9,0.686,3.09,341.1
2026-07-28 17:00:00,西屯測站,臺中市,81.0,41.3,69.7,57.8,0.655,1.43,115.8
2026-07-28 18:00:00,西屯測站,臺中市,71.8,37.3,50.4,54.5,0.646,1.75,143.6
2026-07-28 19:00:00,西屯測站,臺中市,71.6,40.3,69.6,51.4,0.704,2.92,91.8
2026-07-28 20:00:00,西屯測站,臺中市,75.6,41.2,75.0,61.4,0.604,2.16,133.4
2026-07-28 21:00:00,西屯測站,臺中市,72.2,38.9,64.8,47.2,0.586,2.82,98.3
2026-07-28 22:00:00,西屯測站,臺中市,62.3,39.1,64.7,45.5,0.572,2.46,26.9
2026-07-28 23:00:00,西屯測站,臺中市,57.1,36.6,70.8,46.6,0.522,2.16,121.4
2026-07-29 00:00:00,西屯測站,臺中市,69.7,34.1,50.0,51.9,0.671,1.74,159.9
2026-07-29 01:00:00,西屯測站,臺中市,57.3,38.1,74.2,40.4,0.575,3.55,57.5
2026-07-29 02:00:00,西屯測站,臺中市,64.7,42.1,66.7,42.1,0.582,1.64,121.0
2026-07-29 03:00:00,西屯測站,臺中市,64.1,41.3,78.9,43.4,0.655,2.79,218.6
2026-07-29 04:00:00,西屯測站,臺中市,67.7,41.8,67.6,45.5,0.548,2.86,134.6
2026-07-29 05:00:00,西屯測站,臺中市,66.0,34.5,55.2,32.9,0.577,2.82,91.0
2026-07-29 06:00:00,西屯測站,臺中市,71.1,37.8,57.8,33.4,0.581,1.37,154.0
2026-07-29 07:00:00,西屯測站,臺中市,75.6,42.0,62.6,41.3,0.615,1.75,125.8
2026-07-29 08:00:00,西屯測站,臺中市,75.8,48.4,94.9,42.1,0.711,1.62,205.7
2026-07-29 09:00:00,西屯測站,臺中市,74.4,49.4,91.2,40.0,0.701,2.26,131.7
2026-07-29 10:00:00,西屯測站,臺中市,75.1,41.0,67.8,49.3,0.577,2.32,164.4
2026-07-29 11:00:00,西屯測站,臺中市,68.2,36.6,60.2,39.4,0.501,2.56,93.0
2026-07-29 12:00:00,西屯測站,臺中市,69.9,40.2,73.9,40.6,0.572,2.09,81.1
2026-07-29 13:00:00,西屯測站,臺中市,70.3,40.0,77.3,48.0,0.593,2.54,178.6
2026-07-29 14:00:00,西屯測站,臺中市,79.9,46.6,84.1,51.2,0.689,1.48,120.8
2026-07-29 15:00:00,西屯測站,臺中市,63.9,37.5,56.6,45.7,0.634,2.68,73.3
2026-07-29 16:00:00,西屯測站,臺中市,73.3,36.9,69.3,54.5,0.586,1.76,131.0
2026-07-29 17:00:00,西屯測站,臺中市,75.5,46.2,73.6,57.3,0.582,1.65,162.3
2026-07-29 18:00:00,西屯測站,臺中市,71.3,42.0,73.7,58.5,0.526,3.18,75.8
2026-07-29 19:00:00,西屯測站,臺中市,75.8,44.1,62.6,53.6,0.655,2.55,104.1
2026-07-29 20:00:00,西屯測站,臺中市,76.3,37.8,,58.1,0.639,2.99,181.3
2026-07-29 21:00:00,西屯測站,臺中市,68.9,41.6,74.5,54.8,0.567,1.85,208.4
2026-07-29 22:00:00,西屯測站,臺中市,65.8,39.8,66.2,48.5,0.702,3.56,201.6
2026-07-29 23:00:00,西屯測站,臺中市,75.9,41.4,80.7,48.0,0.771,1.2,193.4
2026-06-30 00:00:00,安南測站,臺南市,79.4,45.8,89.2,54.1,0.658,2.09,107.3
2026-06-30 01:00:00,安南測站,臺南市,87.2,49.5,90.8,47.8,0.738,1.92,217.2
2026-06-30 02:00:00,安南測站,臺南市,70.8,48.6,75.8,47.2,0.654,1.32,278.3
2026-06-30 03:00:00,安南測站,臺南市,80.4,44.2,69.5,46.5,0.687,2.15,133.8
2026-06-30 04:00:00,安南測站,臺南市,81.6,46.0,76.3,47.5,0.715,4.02,213.2
2026-06-30 05:00:00,安南測站,臺南市,81.9,44.6,57.7,45.8,0.606,2.74,192.6
2026-06-30 06:00:00,安南測站,臺南市,85.7,47.4,82.4,42.6,0.643,2.7,144.4
2026-06-30 07:00:00,安南測站,臺南市,81.5,48.0,84.5,43.0,0.647,2.62,261.2
2026-06-30 08:00:00,安南測站,臺南市,90.0,45.5,91.0,39.3,0.727,2.54,176.4
2026-06-30 09:00:00,安南測站,臺南市,89.0,51.4,78.9,43.5,0.768,3.14,201.6
2026-06-30 10:00:00,安南測站,臺南市,82.6,50.0,93.9,44.1,0.738,3.07,158.2
2026-06-30 11:00:00,安南測站,臺南市,83.9,45.4,81.1,45.1,0.689,2.75,296.3
2026-06-30 12:00:00,安南測站,臺南市,82.9,47.3,93.5,50.4,0.682,2.15,235.8
2026-06-30 13:00:00,安南測站,臺南市,85.3,50.2,97.3,58.4,0.739,2.02,127.3
2026-06-30 14:00:00,安南測站,臺南市,83.0,51.6,80.1,53.7,0.722,1.82,174.2
2026-06-30 15:00:00,安南測站,臺南市,87.6,45.8,85.7,60.1,0.791,2.64,262.4
2026-06-30 16:00:00,安南測站,臺南市,89.6,47.9,84.7,54.5,0.69,2.91,160.2
2026-06-30 17:00:00,安南測站,臺南市,84.4,49.0,87.2,62.9,0.705,1.63,301.6
2026-06-30 18:00:00,安南測站,臺南市,95.4,50.0,84.3,61.3,0.653,2.45,272.0
2026-06-30 19:00:00,安南測站,臺南市,79.3,47.6,83.7,58.5,0.649,3.3,298.7
2026-06-30 20:00:00,安南測站,臺南市,84.1,48.2,77.1,59.7,0.706,1.65,337.0
2026-06-30 21:00:00,安南測站,臺南市,83.5,42.9,68.7,55.5,0.693,2.48,176.5
2026-06-30 22:00:00,安南測站,臺南市,81.2,47.5,68.6,57.3,0.653,2.63,274.6
2026-06-30 23:00:00,安南測站,臺南市,81.2,47.9,85.1,56.7,0.785,1.88,241.2
2026-07-01 00:00:00,安南測站,臺南市,79.3,42.9,69.8,55.1,0.673,1.94,224.9
2026-07-01 01:00:00,安南測站,臺南市,78.1,44.1,72.0,56.9,0.555,2.36,270.0
2026-07-01 02:00:00,安南測站,臺南市,83.8,45.3,69.4,52.8,0.642,1.11,281.9
2026-07-01 03:00:00,安南測站,臺南市,78.2,48.9,92.3,42.6,0.636,2.34,282.8
2026-07-01 04:00:00,安南測站,臺南市,87.0,50.1,88.5,50.9,0.678,1.94,245.7
2026-07-01 05:00:00,安南測站,臺南市,87.5,45.1,61.3,42.5,0.75,1.93,261.7
2026-07-01 06:00:00,安南測站,臺南市,90.6,45.7,79.4,45.2,0.76,2.88,306.4
2026-07-01 07:00:00,安南測站,臺南市,89.5,47.4,95.3,44.1,0.663,1.94,312.4
2026-07-01 08:00:00,安南測站,臺南市,94.9,48.2,91.9,47.7,0.759,2.24,210.9
2026-07-01 09:00:00,安南測站,臺南市,94.4,52.9,95.6,48.0,0.771,1.98,327.8
2026-07-01 10:00:00,安南測站,臺南市,81.7,46.7,89.4,48.5,0.661,1.73,191.9
2026-07-01 11:00:00,安南測站,臺南市,84.2,48.8,86.3,51.2,0.632,1.99,253.7
2026-07-01 12:00:00,安南測站,臺南市,85.8,47.9,88.4,50.7,0.66,2.38,35.0
2026-07-01 13:00:00,安南測站,臺南市,86.6,50.6,87.9,50.6,0.658,2.03,297.0
2026-07-01 14:00:00,安南測站,臺南市,80.9,47.0,93.9,53.5,0.684,2.81,324.5
2026-07-01 15:00:00,安南測站,臺南市,85.9,41.3,63.4,55.6,0.707,2.99,38.3
2026-07-01 16:00:00,安南測站,臺南市,83.9,43.2,64.2,52.5,0.679,2.5,232.3
2026-07-01 17:00:00,安南測站,臺南市,85.9,45.7,75.9,58.0,0.692,3.63,250.4
2026-07-01 18:00:00,安南測站,臺南市,88.4,50.3,97.7,68.0,0.717,0.64,311.3
2026-07-01 19:00:00,安南測站,臺南市,87.6,52.2,82.3,66.3,0.744,1.8,304.7
2026-07-01 20:00:00,安南測站,臺南市,94.7,43.8,78.3,62.0,0.763,2.01,268.9
2026-07-01 21:00:00,安南測站,臺南市,80.7,48.5,69.5,58.5,0.639,1.28,318.9
2026-07-01 22:00:00,安南測站,臺南市,86.4,47.8,94.1,62.1,0.802,3.06,262.7
2026-07-01 23:00:00,安南測站,臺南市,85.5,48.3,82.8,63.6,0.747,1.35,321.8
2026-07-02 00:00:00,安南測站,臺南市,82.8,41.7,74.4,53.7,0.583,2.37,23.8
2026-07-02 01:00:00,安南測站,臺南市,79.0,46.1,85.8,43.1,0.611,1.87,279.7
2026-07-02 02:00:00,安南測站,臺南市,87.2,49.8,94.4,54.0,,2.63,46.1
2026-07-02 03:00:00,安南測站,臺南市,85.9,48.2,83.9,56.9,0.701,2.86,313.1
2026-07-02 04:00:00,安南測站,臺南市,82.7,48.5,81.6,43.5,0.729,0.82,316.0
2026-07-02 05:00:00,安南測站,臺南市,88.4,44.5,77.0,40.6,0.694,3.33,303.8
2026-07-02 06:00:00,安南測站,臺南市,76.4,41.1,66.9,45.2,,2.16,358.4
2026-07-02 07:00:00,安南測站,臺南市,84.6,47.7,90.7,38.0,0.705,1.35,315.7
2026-07-02 08:00:00,安南測站,臺南市,88.2,57.1,103.2,41.6,0.625,1.91,89.8
2026-07-02 09:00:00,安南測站,臺南市,89.7,51.2,86.0,45.4,0.671,2.28,24.8
2026-07-02 10:00:00,安南測站,臺南市,86.5,47.3,89.3,43.9,0.764,1.27,260.3
2026-07-02 11:00:00,安南測站,臺南市,75.7,46.3,89.8,51.7,0.642,2.11,310.3
2026-07-02 12:00:00,安南測站,臺南市,87.7,47.6,88.0,51.2,0.738,3.21,33.8
2026-07-02 13:00:00,安南測站,臺南市,82.3,46.9,77.1,50.5,0.678,1.83,30.7
2026-07-02 14:00:00,安南測站,臺南市,80.5,48.8,85.2,56.7,0.653,2.44,83.7
2026-07-02 15:00:00,安南測站,臺南市,74.9,51.0,79.5,53.2,0.634,1.29,58.9
2026-07-02 16:00:00,安南測站,臺南市,75.6,40.8,71.8,52.6,0.69,2.75,7.0
2026-07-02 17:00:00,安南測站,臺南市,90.9,48.3,70.9,55.7,0.771,2.37,7.2
2026-07-02 18:00:00,安南測站,臺南市,94.5,55.4,87.4,61.9,0.689,2.0,326.5
2026-07-02 19:00:00,安南測站,臺南市,77.7,38.9,58.3,57.1,0.685,1.66,321.3
2026-07-02 20:00:00,安南測站,臺南市,80.5,43.8,77.9,58.4,0.646,2.12,113.9
2026-07-02 21:00:00,安南測站,臺南市,78.8,47.4,93.6,56.4,0.657,2.6,359.5
2026-07-02 22:00:00,安南測站,臺南市,73.6,43.2,73.0,53.3,0.705,4.09,358.8
2026-07-02 23:00:00,安南測站,臺南市,75.7,48.3,66.5,60.4,0.675,2.41,112.8
2026-07-03 00:00:00,安南測站,臺南市,77.2,45.4,84.3,56.4,0.682,2.04,133.2
2026-07-03 01:00:00,安南測站,臺南市,72.3,47.3,80.4,51.1,0.627,2.11,38.2
2026-07-03 02:00:00,安南測站,臺南市,69.3,39.5,64.4,42.8,0.605,2.31,42.4
2026-07-03 03:00:00,安南測站,臺南市,81.5,48.6,75.1,49.0,0.649,1.72,163.0
2026-07-03 04:00:00,安南測站,臺南市,69.5,37.0,46.7,37.2,0.568,2.3,295.3
2026-07-03 05:00:00,安南測站,臺南市,81.0,40.8,75.4,45.8,0.683,2.95,31.1
2026-07-03 06:00:00,安南測站,臺南市,76.0,46.5,89.2,41.6,0.654,2.16,76.5
2026-07-03 07:00:00,安南測站,臺南市,92.2,48.4,72.4,45.6,0.613,1.88,105.4
2026-07-03 08:00:00,安南測站,臺南市,81.0,47.0,92.0,32.6,0.595,1.94,15.8
2026-07-03 09:00:00,安南測站,臺南市,82.3,45.9,68.1,41.9,0.683,2.34,71.1
2026-07-03 10:00:00,安南測站,臺南市,65.7,43.0,69.6,42.9,0.605,2.54,140.4
2026-07-03 11:00:00,安南測站,臺南市,79.9,47.0,71.3,40.7,0.66,1.87,293.4
2026-07-03 12:00:00,安南測站,臺南市,69.0,44.6,70.8,45.1,0.615,2.78,36.7
2026-07-03 13:00:00,安南測站,臺南市,76.3,42.0,83.3,45.0,0.61,1.31,29.5
2026-07-03 14:00:00,安南測站,臺南市,73.4,46.7,79.5,45.7,0.593,1.14,118.5
2026-07-03 15:00:00,安南測站,臺南市,78.6,45.8,91.2,54.6,0.724,1.43,61.8
2026-07-03 16:00:00,安南測站,臺南市,75.0,46.9,88.5,57.4,0.724,2.17,53.7
2026-07-03 17:00:00,安南測站,臺南市,83.1,50.0,73.1,51.3,0.689,3.17,15.5
2026-07-03 18:00:00,安南測站,臺南市,79.5,45.0,98.5,60.3,0.703,2.75,19.6
2026-07-03 19:00:00,安南測站,臺南市,83.3,43.9,71.9,60.2,0.732,3.0,356.4
2026-07-03 20:00:00,安南測站,臺南市,66.4,46.4,73.7,56.9,0.641,2.93,79.3
2026-07-03 21:00:00,安南測站,臺南市,79.4,45.0,88.1,54.2,0.621,3.71,49.9
2026-07-03 22:00:00,安南測站,臺南市,74.5,46.6,86.8,56.3,0.591,2.58,72.0
2026-07-03 23:00:00,安南測站,臺南市,80.4,47.6,72.7,50.9,0.676,1.97,59.5
2026-07-04 00:00:00,安南測站,臺南市,60.0,48.7,82.9,44.9,0.589,,47.8
2026-07-04 01:00:00,安南測站,臺南市,64.1,42.3,70.4,44.5,0.562,1.92,126.2
2026-07-04 02:00:00,安南測站,臺南市,75.5,49.1,84.8,53.3,0.651,2.88,139.2
2026-07-04 03:00:00,安南測站,臺南市,63.0,44.3,71.2,40.8,0.624,2.55,142.8
2026-07-04 04:00:00,安南測站,臺南市,61.8,42.6,81.3,38.3,0.54,3.02,139.0
2026-07-04 05:00:00,安南測站,臺南市,68.9,49.7,92.2,40.5,0.59,1.54,136.3
2026-07-04 06:00:00,安南測站,臺南市,58.0,41.7,78.9,35.4,0.494,3.4,107.5
2026-07-04 07:00:00,安南測站,臺南市,70.6,45.6,80.5,36.8,0.616,3.2,154.8
2026-07-04 08:00:00,安南測站,臺南市,77.2,48.1,74.7,41.2,0.677,1.86,69.3
2026-07-04 09:00:00,安南測站,臺南市,80.4,50.8,84.3,40.5,0.707,2.3,318.0
2026-07-04 10:00:00,安南測站,臺南市,70.7,48.6,84.7,41.5,0.621,2.26,200.3
2026-07-04 11:00:00,安南測站,臺南市,64.6,42.0,57.2,45.1,0.641,1.89,197.7
2026-07-04 12:00:00,安南測站,臺南市,59.5,41.4,74.8,42.9,0.56,2.13,138.0
2026-07-04 13:00:00,安南測站,臺南市,74.2,43.1,74.2,49.5,0.662,2.01,223.0
2026-07-04 14:00:00,安南測站,臺南市,71.3,43.5,63.4,47.9,0.648,2.81,167.7
2026-07-04 15:00:00,安南測站,臺南市,70.2,43.1,65.1,48.6,0.568,3.32,113.5
2026-07-04 16:00:00,安南測站,臺南市,75.2,49.1,72.6,51.1,0.732,1.47,125.6
2026-07-04 17:00:00,安南測站,臺南市,78.5,45.2,82.7,56.6,0.688,2.63,127.5
2026-07-04 18:00:00,安南測站,臺南市,72.9,45.1,91.2,57.5,0.592,1.49,127.2
2026-07-04 19:00:00,安南測站,臺南市,69.4,45.2,68.2,58.5,0.659,2.45,226.9
2026-07-04 20:00:00,安南測站,臺南市,82.0,47.4,83.5,55.2,0.734,2.53,205.8
2026-07-04 21:00:00,安南測站,臺南市,69.6,48.6,74.5,52.9,0.69,1.49,129.7
2026-07-04 22:00:00,安南測站,臺南市,85.4,50.3,85.6,51.0,0.692,2.57,257.5
2026-07-04 23:00:00,安南測站,臺南市,60.7,37.6,74.3,53.2,0.588,1.53,60.4
2026-07-05 00:00:00,安南測站,臺南市,70.1,43.5,80.2,46.8,0.565,3.24,131.2
2026-07-05 01:00:00,安南測站,臺南市,68.8,43.4,79.2,51.1,0.579,2.17,273.4
2026-07-05 02:00:00,安南測站,臺南市,65.7,44.9,87.0,43.6,0.699,2.31,197.2
2026-07-05 03:00:00,安南測站,臺南市,69.3,44.1,76.6,34.4,0.636,1.52,229.8
2026-07-05 04:00:00,安南測站,臺南市,72.0,47.1,74.2,40.3,0.549,3.02,102.6
2026-07-05 05:00:00,安南測站,臺南市,79.7,47.4,73.9,43.4,0.64,2.35,235.2
2026-07-05 06:00:00,安南測站,臺南市,73.3,45.6,83.0,41.9,0.608,1.63,195.1
2026-07-05 07:00:00,安南測站,臺南市,80.3,43.3,69.2,44.0,0.641,2.81,177.2
2026-07-05 08:00:00,安南測站,臺南市,86.1,47.3,85.2,41.0,0.628,2.59,291.6
2026-07-05 09:00:00,安南測站,臺南市,91.1,47.2,74.0,44.3,0.711,1.29,125.6
2026-07-05 10:00:00,安南測站,臺南市,79.4,35.5,52.2,39.7,0.697,2.87,268.9
2026-07-05 11:00:00,安南測站,臺南市,74.3,41.4,76.5,37.5,0.703,1.98,240.5
2026-07-05 12:00:00,安南測站,臺南市,65.6,40.0,72.4,43.4,0.621,2.37,241.8
2026-07-05 13:00:00,安南測站,臺南市,72.8,43.9,83.5,49.9,0.767,3.41,121.2
2026-07-05 14:00:00,安南測站,臺南市,74.9,43.8,71.1,52.9,0.52,,337.1
2026-07-05 15:00:00,安南測站,臺南市,78.0,42.7,68.3,52.9,0.579,1.61,202.1
2026-07-05 16:00:00,安南測站,臺南市,86.3,49.1,73.2,61.2,0.647,1.54,250.4
2026-07-05 17:00:00,安南測站,臺南市,82.1,46.7,89.2,63.5,0.64,0.87,191.9
2026-07-05 18:00:00,安南測站,臺南市,80.2,48.7,87.8,55.7,0.588,2.22,231.5
2026-07-05 19:00:00,安南測站,臺南市,87.8,49.6,71.0,58.4,0.745,1.65,147.5
2026-07-05 20:00:00,安南測站,臺南市,85.5,45.8,78.0,59.0,0.755,1.15,318.9
2026-07-05 21:00:00,安南測站,臺南市,75.7,45.7,68.5,53.7,0.622,1.48,350.9
2026-07-05 22:00:00,安南測站,臺南市,74.6,48.4,91.2,54.5,0.645,2.61,251.5
2026-07-05 23:00:00,安南測站,臺南市,68.2,37.9,49.4,52.3,0.593,2.4,186.3
2026-07-06 00:00:00,安南測站,臺南市,84.3,47.9,89.0,58.8,,2.79,264.4
2026-07-06 01:00:00,安南測站,臺南市,84.0,48.0,82.5,47.9,0.649,2.65,279.6
2026-07-06 02:00:00,安南測站,臺南市,75.1,46.6,84.4,43.2,0.624,1.82,341.5
2026-07-06 03:00:00,安南測站,臺南市,85.0,51.2,87.9,52.8,0.65,2.94,216.6
2026-07-06 04:00:00,安南測站,臺南市,83.7,48.7,87.6,41.1,0.709,1.83,187.1
2026-07-06 05:00:00,安南測站,臺南市,85.3,47.1,78.0,45.4,0.648,1.77,318.0
2026-07-06 06:00:00,安南測站,臺南市,86.5,46.6,82.6,44.3,0.593,,191.8
2026-07-06 07:00:00,安南測站,臺南市,97.0,44.5,89.0,46.0,0.72,2.15,330.0
2026-07-06 08:00:00,安南測站,臺南市,94.3,42.9,72.3,44.7,0.63,1.73,227.8
2026-07-06 09:00:00,安南測站,臺南市,86.9,47.5,68.4,46.9,0.707,1.69,244.8
2026-07-06 10:00:00,安南測站,臺南市,86.8,47.1,79.3,51.2,0.723,0.2,286.7
2026-07-06 11:00:00,安南測站,臺南市,90.7,49.9,81.9,48.9,0.751,1.0,251.7
2026-07-06 12:00:00,安南測站,臺南市,91.9,49.1,89.4,48.7,0.658,1.79,348.4
2026-07-06 13:00:00,安南測站,臺南市,89.5,55.3,82.2,49.5,0.581,1.98,227.5
2026-07-06 14:00:00,安南測站,臺南市,87.3,42.3,84.3,55.6,0.693,3.34,20.3
2026-07-06 15:00:00,安南測站,臺南市,82.5,51.6,94.8,55.3,0.67,1.65,267.0
2026-07-06 16:00:00,安南測站,臺南市,95.1,51.1,74.8,57.1,0.724,2.57,252.7
2026-07-06 17:00:00,安南測站,臺南市,95.3,50.5,77.5,65.0,0.664,1.17,290.4
2026-07-06 18:00:00,安南測站,臺南市,93.5,53.5,107.2,59.2,0.698,,261.1
2026-07-06 19:00:00,安南測站,臺南市,96.3,41.8,67.6,61.8,0.792,3.45,313.4
2026-07-06 20:00:00,安南測站,臺南市,93.6,56.7,102.3,65.7,0.785,1.93,285.4
2026-07-06 21:00:00,安南測站,臺南市,93.4,48.6,77.8,68.4,0.682,,2.0
2026-07-06 22:00:00,安南測站,臺南市,76.9,45.8,61.5,57.2,0.707,2.16,267.0
2026-07-06 23:00:00,安南測站,臺南市,79.9,43.7,83.3,52.4,0.684,3.24,339.0
2026-07-07 00:00:00,安南測站,臺南市,87.1,52.6,97.5,52.4,0.621,2.29,266.1
2026-07-07 01:00:00,安南測站,臺南市,82.6,42.1,61.4,53.3,0.653,1.76,29.0
2026-07-07 02:00:00,安南測站,臺南市,78.3,46.1,,51.4,0.695,1.83,36.5
2026-07-07 03:00:00,安南測站,臺南市,75.2,42.8,81.8,39.6,0.683,2.16,309.1
2026-07-07 04:00:00,安南測站,臺南市,85.7,45.2,86.4,45.7,0.765,2.18,41.4
2026-07-07 05:00:00,安南測站,臺南市,72.1,43.0,67.3,43.3,0.657,2.98,5.1
2026-07-07 06:00:00,安南測站,臺南市,74.3,49.2,95.1,40.6,0.636,1.43,235.4
2026-07-07 07:00:00,安南測站,臺南市,83.6,49.5,94.0,43.6,0.627,1.7,349.5
2026-07-07 08:00:00,安南測站,臺南市,91.5,45.8,72.1,39.1,0.727,1.48,354.8
2026-07-07 09:00:00,安南測站,臺南市,91.6,48.5,92.6,48.7,0.737,2.75,12.2
2026-07-07 10:00:00,安南測站,臺南市,75.5,42.7,82.9,43.9,0.599,3.6,348.4
2026-07-07 11:00:00,安南測站,臺南市,80.0,44.2,71.8,45.6,0.657,3.29,350.1
2026-07-07 12:00:00,安南測站,臺南市,77.5,48.1,75.4,41.9,0.586,2.25,347.3
2026-07-07 13:00:00,安南測站,臺南市,73.3,45.0,72.2,46.3,0.64,1.51,329.8
2026-07-07 14:00:00,安南測站,臺南市,80.6,46.3,67.5,48.4,0.657,3.54,37.1
2026-07-07 15:00:00,安南測站,臺南市,72.9,46.6,69.5,50.4,0.728,1.43,26.2
2026-07-07 16:00:00,安南測站,臺南市,78.6,48.1,95.7,58.9,0.62,4.19,42.5
2026-07-07 17:00:00,安南測站,臺南市,81.5,47.2,91.7,60.2,0.716,2.72,328.4
2026-07-07 18:00:00,安南測站,臺南市,95.5,55.8,87.5,62.8,0.719,1.79,257.7
2026-07-07 19:00:00,安南測站,臺南市,91.3,52.4,82.7,61.8,0.705,2.33,285.1
2026-07-07 20:00:00,安南測站,臺南市,126.1,57.5,114.9,74.4,0.901,1.36,171.9
2026-07-07 21:00:00,安南測站,臺南市,73.2,46.9,80.4,57.6,0.659,2.58,328.8
2026-07-07 22:00:00,安南測站,臺南市,71.2,43.3,71.4,53.3,0.688,0.86,318.7
2026-07-07 23:00:00,安南測站,臺南市,61.7,45.4,82.5,49.5,0.625,2.29,55.5
2026-07-08 00:00:00,安南測站,臺南市,74.6,45.9,84.6,50.7,0.645,2.24,14.1
2026-07-08 01:00:00,安南測站,臺南市,70.4,48.5,100.3,49.7,0.601,2.65,45.0
2026-07-08 02:00:00,安南測站,臺南市,79.6,42.6,68.3,50.9,0.673,2.61,70.9
2026-07-08 03:00:00,安南測站,臺南市,65.4,43.5,71.5,36.6,0.575,2.72,143.8
2026-07-08 04:00:00,安南測站,臺南市,63.5,43.3,69.8,41.9,0.571,2.79,110.7
2026-07-08 05:00:00,安南測站,臺南市,74.2,40.8,71.9,46.5,0.675,2.61,13.0
2026-07-08 06:00:00,安南測站,臺南市,83.3,53.1,92.7,37.9,0.64,1.34,61.2
2026-07-08 07:00:00,安南測站,臺南市,80.3,47.4,83.9,37.3,0.672,0.99,65.3
2026-07-08 08:00:00,安南測站,臺南市,82.3,47.3,83.7,40.7,0.683,0.79,351.6
2026-07-08 09:00:00,安南測站,臺南市,79.8,50.3,98.5,38.5,0.605,2.33,101.5
2026-07-08 10:00:00,安南測站,臺南市,78.8,51.0,84.5,36.6,0.666,3.18,8.7
2026-07-08 11:00:00,安南測站,臺南市,78.4,50.1,89.0,51.4,0.665,2.71,331.4
2026-07-08 12:00:00,安南測站,臺南市,75.2,46.6,85.2,48.9,0.623,2.98,89.1
2026-07-08 13:00:00,安南測站,臺南市,72.2,43.8,70.9,50.2,0.603,3.11,111.2
2026-07-08 14:00:00,安南測站,臺南市,74.6,45.2,60.4,52.0,0.717,2.36,82.6
2026-07-08 15:00:00,安南測站,臺南市,71.6,45.7,84.3,49.0,0.599,1.82,181.9
2026-07-08 16:00:00,安南測站,臺南市,76.4,43.7,74.4,57.6,0.67,1.73,51.2
2026-07-08 17:00:00,安南測站,臺南市,89.1,56.5,118.7,67.2,0.815,1.8,38.7
2026-07-08 18:00:00,安南測站,臺南市,90.0,45.7,75.8,60.7,0.609,1.0,55.8
2026-07-08 19:00:00,安南測站,臺南市,73.8,47.9,88.3,59.3,0.621,2.91,117.9
2026-07-08 20:00:00,安南測站,臺南市,75.7,40.1,74.4,59.1,0.644,1.24,110.2
2026-07-08 21:00:00,安南測站,臺南市,75.6,45.7,64.7,59.1,0.605,1.44,136.1
2026-07-08 22:00:00,安南測站,臺南市,77.4,47.4,81.2,61.6,0.551,2.58,218.1
2026-07-08 23:00:00,安南測站,臺南市,72.4,45.3,76.7,62.0,0.583,1.56,87.0
2026-07-09 00:00:00,安南測站,臺南市,79.9,44.4,91.7,55.4,0.711,3.13,125.0
2026-07-09 01:00:00,安南測站,臺南市,69.0,44.0,93.3,45.1,0.633,1.23,118.3
2026-07-09 02:00:00,安南測站,臺南市,70.0,45.8,73.4,50.5,0.61,1.61,68.5
2026-07-09 03:00:00,安南測站,臺南市,73.2,45.1,82.0,49.6,0.555,1.81,57.8
2026-07-09 04:00:00,安南測站,臺南市,71.5,47.9,70.2,44.2,0.604,2.51,133.8
2026-07-09 05:00:00,安南測站,臺南市,69.0,42.2,87.2,44.6,0.713,2.62,100.3
2026-07-09 06:00:00,安南測站,臺南市,78.0,45.4,85.0,42.5,0.593,2.92,25.0
2026-07-09 07:00:00,安南測站,臺南市,81.3,50.0,96.1,49.2,0.645,0.71,153.9
2026-07-09 08:00:00,安南測站,臺南市,75.5,42.6,61.3,42.5,0.582,2.79,39.0
2026-07-09 09:00:00,安南測站,臺南市,89.4,47.0,73.9,52.3,0.658,0.75,137.4
2026-07-09 10:00:00,安南測站,臺南市,85.3,49.9,87.9,41.7,0.725,2.13,99.0
2026-07-09 11:00:00,安南測站,臺南市,76.9,45.3,87.7,42.5,0.611,3.5,105.7
2026-07-09 12:00:00,安南測站,臺南市,80.9,43.3,87.1,52.8,0.72,2.18,114.5
2026-07-09 13:00:00,安南測站,臺南市,82.6,44.9,69.9,44.2,0.703,3.65,34.8
2026-07-09 14:00:00,安南測站,臺南市,71.7,44.5,73.1,52.6,0.609,4.07,157.9
2026-07-09 15:00:00,安南測站,臺南市,79.6,46.4,94.0,49.8,0.559,2.03,197.9
2026-07-09 16:00:00,安南測站,臺南市,77.9,46.3,95.5,58.5,0.652,2.28,79.4
2026-07-09 17:00:00,安南測站,臺南市,76.9,45.1,81.3,55.6,0.684,3.17,154.1
2026-07-09 18:00:00,安南測站,臺南市,86.6,47.1,75.7,67.1,0.738,2.62,137.0
2026-07-09 19:00:00,安南測站,臺南市,134.8,63.1,107.5,82.5,0.943,2.04,69.3
2026-07-09 20:00:00,安南測站,臺南市,80.8,48.9,75.1,60.2,0.662,3.13,159.2
2026-07-09 21:00:00,安南測站,臺南市,79.2,48.1,68.7,61.4,0.631,,207.9
2026-07-09 22:00:00,安南測站,臺南市,82.1,47.7,76.4,56.1,0.72,2.42,187.3
2026-07-09 23:00:00,安南測站,臺南市,77.1,46.4,95.4,57.2,0.63,2.48,82.6
2026-07-10 00:00:00,安南測站,臺南市,77.8,45.3,88.3,55.2,0.631,,167.6
2026-07-10 01:00:00,安南測站,臺南市,78.2,46.2,68.7,48.2,0.596,0.76,177.1
2026-07-10 02:00:00,安南測站,臺南市,73.8,48.0,90.3,54.6,0.622,2.21,209.4
2026-07-10 03:00:00,安南測站,臺南市,80.5,45.1,82.2,38.0,0.705,1.85,189.2
2026-07-10 04:00:00,安南測站,臺南市,76.4,49.6,85.6,41.3,0.636,3.86,119.6
2026-07-10 05:00:00,安南測站,臺南市,86.7,49.5,79.6,43.9,0.744,,236.5
2026-07-10 06:00:00,安南測站,臺南市,92.2,49.4,83.4,46.2,0.675,1.73,144.8
2026-07-10 07:00:00,安南測站,臺南市,91.8,46.8,69.6,41.7,0.693,2.15,192.1
2026-07-10 08:00:00,安南測站,臺南市,93.1,50.7,79.2,40.1,0.751,2.11,257.7
2026-07-10 09:00:00,安南測站,臺南市,82.1,45.3,76.6,42.9,0.694,2.03,282.5
2026-07-10 10:00:00,安南測站,臺南市,94.6,46.4,80.0,49.6,0.71,2.12,122.9
2026-07-10 11:00:00,安南測站,臺南市,82.9,42.5,64.3,46.9,0.691,2.15,178.2
2026-07-10 12:00:00,安南測站,臺南市,80.4,49.8,94.0,45.6,,2.18,174.0
2026-07-10 13:00:00,安南測站,臺南市,81.5,45.8,90.1,44.8,0.693,3.36,284.8
2026-07-10 14:00:00,安南測站,臺南市,77.1,44.7,64.8,53.1,0.63,1.53,274.3
2026-07-10 15:00:00,安南測站,臺南市,79.2,43.6,68.4,54.7,0.701,1.59,156.1
2026-07-10 16:00:00,安南測站,臺南市,85.5,47.0,81.3,59.7,0.642,1.61,292.6
2026-07-10 17:00:00,安南測站,臺南市,79.6,47.1,77.0,55.9,0.72,3.51,289.6
2026-07-10 18:00:00,安南測站,臺南市,101.1,,77.6,67.2,0.669,1.2,189.2
2026-07-10 19:00:00,安南測站,臺南市,92.6,49.9,95.0,57.6,0.7,1.08,228.7
2026-07-10 20:00:00,安南測站,臺南市,84.5,49.3,94.5,66.9,0.701,1.82,207.9
2026-07-10 21:00:00,安南測站,臺南市,80.0,46.0,72.7,52.3,0.635,1.36,245.4
2026-07-10 22:00:00,安南測站,臺南市,84.9,47.0,86.4,57.4,0.634,2.27,250.2
2026-07-10 23:00:00,安南測站,臺南市,77.1,45.0,85.4,55.0,0.611,2.71,277.8
2026-07-11 00:00:00,安南測站,臺南市,71.9,40.8,69.3,51.1,0.682,3.24,192.1
2026-07-11 01:00:00,安南測站,臺南市,79.6,46.4,78.4,48.1,0.72,1.53,286.0
2026-07-11 02:00:00,安南測站,臺南市,75.2,40.7,74.8,45.8,0.684,2.79,233.3
2026-07-11 03:00:00,安南測站,臺南市,69.6,40.2,66.7,36.0,0.653,1.02,215.6
2026-07-11 04:00:00,安南測站,臺南市,77.2,53.1,95.0,43.0,0.693,3.17,250.4
2026-07-11 05:00:00,安南測站,臺南市,77.6,43.1,86.7,33.9,0.63,1.32,275.3
2026-07-11 06:00:00,安南測站,臺南市,76.0,41.3,72.7,40.1,0.663,2.87,247.0
2026-07-11 07:00:00,安南測站,臺南市,84.1,46.0,68.3,40.9,0.7,3.36,277.1
2026-07-11 08:00:00,安南測站,臺南市,86.5,53.6,84.9,40.9,0.662,0.76,329.1
2026-07-11 09:00:00,安南測站,臺南市,86.4,42.3,62.4,42.9,0.616,2.39,306.6
2026-07-11 10:00:00,安南測站,臺南市,81.8,45.4,67.0,41.2,0.705,1.4,222.1
2026-07-11 11:00:00,安南測站,臺南市,84.2,49.0,98.3,43.8,0.668,2.02,331.5
2026-07-11 12:00:00,安南測站,臺南市,78.8,43.1,63.2,46.1,0.598,1.55,34.0
2026-07-11 13:00:00,安南測站,臺南市,68.9,41.1,73.0,47.9,0.68,2.74,265.2
2026-07-11 14:00:00,安南測站,臺南市,76.4,46.9,100.0,51.5,0.662,2.43,288.9
2026-07-11 15:00:00,安南測站,臺南市,75.9,47.4,80.8,50.2,0.617,2.05,3.2
2026-07-11 16:00:00,安南測站,臺南市,97.5,43.0,78.5,60.0,0.771,2.01,280.1
2026-07-11 17:00:00,安南測站,臺南市,84.0,48.8,86.1,56.5,0.821,2.33,344.9
2026-07-11 18:00:00,安南測站,臺南市,82.2,47.3,80.9,56.4,0.635,1.68,247.2
2026-07-11 19:00:00,安南測站,臺南市,83.7,51.3,73.4,55.8,0.66,1.09,325.7
2026-07-11 20:00:00,安南測站,臺南市,87.5,46.3,71.9,58.0,0.706,1.57,267.5
2026-07-11 21:00:00,安南測站,臺南市,69.7,43.9,84.6,61.2,0.578,2.87,254.4
2026-07-11 22:00:00,安南測站,臺南市,79.1,50.9,106.6,53.7,0.65,1.5,319.9
2026-07-11 23:00:00,安南測站,臺南市,75.6,45.2,64.4,54.8,0.632,1.39,216.6
2026-07-12 00:00:00,安南測站,臺南市,70.4,39.8,75.9,49.3,0.582,3.8,254.6
2026-07-12 01:00:00,安南測站,臺南市,79.2,45.5,91.3,48.0,0.617,3.4,206.3
2026-07-12 02:00:00,安南測站,臺南市,71.7,44.8,74.2,56.2,0.659,0.59,250.0
2026-07-12 03:00:00,安南測站,臺南市,74.0,41.3,76.8,39.2,0.584,2.81,221.7
2026-07-12 04:00:00,安南測站,臺南市,78.5,49.1,90.2,45.5,0.629,1.09,81.0
2026-07-12 05:00:00,安南測站,臺南市,70.4,39.5,69.6,45.8,0.596,2.0,357.4
2026-07-12 06:00:00,安南測站,臺南市,79.0,46.7,85.0,39.4,0.698,1.89,26.2
2026-07-12 07:00:00,安南測站,臺南市,88.6,46.2,83.1,40.3,0.729,2.33,348.9
2026-07-12 08:00:00,安南測站,臺南市,87.2,48.7,73.1,39.7,0.668,2.37,14.7
2026-07-12 09:00:00,安南測站,臺南市,82.1,44.1,91.8,42.8,0.761,2.71,113.0
2026-07-12 10:00:00,安南測站,臺南市,79.2,46.4,73.7,45.1,0.724,2.72,352.3
2026-07-12 11:00:00,安南測站,臺南市,74.1,47.0,79.0,45.4,0.591,1.75,22.4
2026-07-12 12:00:00,安南測站,臺南市,75.1,47.1,91.4,41.8,0.568,2.26,74.7
2026-07-12 13:00:00,安南測站,臺南市,70.9,49.7,79.8,43.8,0.6,1.42,278.0
2026-07-12 14:00:00,安南測站,臺南市,65.1,42.9,82.9,50.2,0.513,2.39,52.6
2026-07-12 15:00:00,安南測站,臺南市,77.3,47.1,78.8,53.5,0.731,2.36,3.1
2026-07-12 16:00:00,安南測站,臺南市,77.8,45.8,78.5,54.2,0.7,0.8,38.3
2026-07-12 17:00:00,安南測站,臺南市,74.9,39.3,59.2,56.9,0.674,2.77,289.9
2026-07-12 18:00:00,安南測站,臺南市,79.9,48.4,92.4,50.9,0.611,3.09,2.6
2026-07-12 19:00:00,安南測站,臺南市,87.8,44.2,73.1,64.4,0.683,2.11,53.8
2026-07-12 20:00:00,安南測站,臺南市,70.8,46.4,81.2,45.8,0.6,3.14,62.2
2026-07-12 21:00:00,安南測站,臺南市,75.2,45.2,76.0,54.0,0.681,2.84,61.6
2026-07-12 22:00:00,安南測站,臺南市,66.5,43.8,85.5,47.1,0.565,1.84,348.5
2026-07-12 23:00:00,安南測站,臺南市,56.7,46.3,71.6,40.9,0.593,2.38,13.7
2026-07-13 00:00:00,安南測站,臺南市,71.8,46.0,81.6,45.1,0.555,2.43,87.2
2026-07-13 01:00:00,安南測站,臺南市,80.4,41.4,,61.8,0.732,3.32,83.1
2026-07-13 02:00:00,安南測站,臺南市,74.8,43.7,80.3,48.8,0.714,1.95,2.3
2026-07-13 03:00:00,安南測站,臺南市,65.4,43.4,79.4,47.4,0.612,2.39,115.5
2026-07-13 04:00:00,安南測站,臺南市,67.8,41.9,58.0,40.4,0.634,2.35,111.2
2026-07-13 05:00:00,安南測站,臺南市,82.7,48.3,82.5,42.2,0.794,3.46,340.8
2026-07-13 06:00:00,安南測站,臺南市,78.3,46.2,76.6,48.2,0.655,2.94,89.7
2026-07-13 07:00:00,安南測站,臺南市,81.9,41.6,69.8,43.0,0.621,3.48,65.4
2026-07-13 08:00:00,安南測站,臺南市,78.0,41.8,72.8,38.9,0.674,2.63,67.7
2026-07-13 09:00:00,安南測站,臺南市,78.2,48.7,98.5,38.4,0.586,2.21,114.1
2026-07-13 10:00:00,安南測站,臺南市,82.9,48.7,89.0,44.3,0.674,2.87,39.6
2026-07-13 11:00:00,安南測站,臺南市,72.2,50.5,72.7,49.4,0.568,1.93,51.4
2026-07-13 12:00:00,安南測站,臺南市,71.9,46.1,83.2,44.0,0.641,2.3,355.6
2026-07-13 13:00:00,安南測站,臺南市,74.3,45.1,80.6,47.0,0.622,3.44,190.0
2026-07-13 14:00:00,安南測站,臺南市,59.1,42.6,83.3,50.8,0.644,1.45,85.4
2026-07-13 15:00:00,安南測站,臺南市,84.4,43.5,73.7,59.8,0.741,2.19,82.8
2026-07-13 16:00:00,安南測站,臺南市,68.7,47.8,77.7,57.4,0.617,2.99,117.2
2026-07-13 17:00:00,安南測站,臺南市,80.8,47.3,93.2,62.3,0.62,1.62,38.6
2026-07-13 18:00:00,安南測站,臺南市,81.6,50.8,87.5,61.7,0.647,2.47,81.8
2026-07-13 19:00:00,安南測站,臺南市,75.5,44.9,85.5,54.3,0.583,2.71,154.0
2026-07-13 20:00:00,安南測站,臺南市,80.2,44.3,78.6,62.3,0.621,2.75,131.0
2026-07-13 21:00:00,安南測站,臺南市,80.8,49.6,67.5,60.4,0.671,1.86,173.9
2026-07-13 22:00:00,安南測站,臺南市,71.9,42.7,65.8,52.0,0.566,1.67,61.6
2026-07-13 23:00:00,安南測站,臺南市,74.8,41.9,73.2,50.7,0.635,3.1,108.9
2026-07-14 00:00:00,安南測站,臺南市,78.7,45.7,69.8,52.4,0.608,1.58,95.6
2026-07-14 01:00:00,安南測站,臺南市,64.6,43.0,74.5,40.9,0.623,3.53,192.8
2026-07-14 02:00:00,安南測站,臺南市,80.9,46.6,90.9,47.0,0.578,2.69,101.1
2026-07-14 03:00:00,安南測站,臺南市,64.4,40.9,73.7,41.7,0.655,1.44,108.6
2026-07-14 04:00:00,安南測站,臺南市,68.2,47.1,69.3,44.9,0.671,3.32,29.6
2026-07-14 05:00:00,安南測站,臺南市,77.1,46.3,70.7,46.6,0.699,2.8,134.4
2026-07-14 06:00:00,安南測站,臺南市,89.7,47.3,80.4,44.0,0.772,1.65,153.0
2026-07-14 07:00:00,安南測站,臺南市,75.0,48.3,79.0,48.3,0.691,1.47,123.0
2026-07-14 08:00:00,安南測站,臺南市,98.1,56.5,98.9,51.2,0.715,2.82,92.3
2026-07-14 09:00:00,安南測站,臺南市,85.3,45.5,88.3,38.3,0.805,1.34,75.4
2026-07-14 10:00:00,安南測站,臺南市,82.3,50.6,83.5,40.5,0.62,2.32,134.2
2026-07-14 11:00:00,安南測站,臺南市,78.1,46.8,87.0,42.1,0.66,2.12,154.9
2026-07-14 12:00:00,安南測站,臺南市,70.9,45.9,70.0,49.9,0.561,2.99,66.5
2026-07-14 13:00:00,安南測站,臺南市,66.5,38.5,74.7,51.8,0.657,,101.3
2026-07-14 14:00:00,安南測站,臺南市,71.4,46.5,78.1,55.4,0.524,2.52,144.3
2026-07-14 15:00:00,安南測站,臺南市,76.8,45.5,85.4,53.9,0.692,3.29,160.0
2026-07-14 16:00:00,安南測站,臺南市,76.7,42.0,78.6,59.1,0.648,2.75,227.7
2026-07-14 17:00:00,安南測站,臺南市,80.6,46.4,91.1,64.1,0.718,2.22,10.9
2026-07-14 18:00:00,安南測站,臺南市,81.7,46.9,87.9,60.1,0.642,2.11,153.8
2026-07-14 19:00:00,安南測站,臺南市,80.7,51.9,88.5,66.3,0.622,2.75,127.6
2026-07-14 20:00:00,安南測站,臺南市,84.9,47.2,92.0,57.3,0.697,1.8,61.9
2026-07-14 21:00:00,安南測站,臺南市,76.6,54.0,107.2,56.0,0.737,1.4,176.6
2026-07-14 22:00:00,安南測站,臺南市,81.4,46.0,80.5,55.5,0.652,2.77,196.2
2026-07-14 23:00:00,安南測站,臺南市,79.9,47.2,75.0,53.3,0.702,1.23,53.1
2026-07-15 00:00:00,安南測站,臺南市,86.0,46.6,80.2,48.7,0.654,2.5,151.6
2026-07-15 01:00:00,安南測站,臺南市,75.5,42.9,70.5,46.9,0.674,2.02,164.4
2026-07-15 02:00:00,安南測站,臺南市,77.3,47.5,96.8,57.0,0.657,2.19,181.4
2026-07-15 03:00:00,安南測站,臺南市,80.4,41.5,86.0,43.0,0.664,1.74,205.5
2026-07-15 04:00:00,安南測站,臺南市,79.3,46.7,77.9,48.1,0.631,0.29,183.7
2026-07-15 05:00:00,安南測站,臺南市,93.3,51.9,83.0,48.3,0.637,1.36,216.9
2026-07-15 06:00:00,安南測站,臺南市,93.0,48.0,89.1,31.0,0.76,2.34,238.5
2026-07-15 07:00:00,安南測站,臺南市,92.7,49.8,89.0,42.3,0.701,0.7,134.2
2026-07-15 08:00:00,安南測站,臺南市,90.5,42.0,67.9,43.4,0.695,0.33,289.4
2026-07-15 09:00:00,安南測站,臺南市,82.6,44.4,87.4,44.5,0.65,1.72,216.9
2026-07-15 10:00:00,安南測站,臺南市,80.0,47.3,88.5,45.6,0.631,0.7,196.4
2026-07-15 11:00:00,安南測站,臺南市,75.8,45.4,86.2,39.3,0.7,1.87,342.4
2026-07-15 12:00:00,安南測站,臺南市,81.7,47.7,80.4,52.5,0.724,0.87,263.1
2026-07-15 13:00:00,安南測站,臺南市,84.0,47.3,100.2,54.6,0.653,1.25,260.5
2026-07-15 14:00:00,安南測站,臺南市,89.4,42.4,83.1,47.4,0.729,2.64,202.7
2026-07-15 15:00:00,安南測站,臺南市,79.5,51.2,87.8,48.3,0.679,2.41,273.0
2026-07-15 16:00:00,安南測站,臺南市,95.2,47.4,74.6,54.7,0.704,2.22,320.2
2026-07-15 17:00:00,安南測站,臺南市,99.8,49.9,81.2,65.8,0.747,1.92,224.9
2026-07-15 18:00:00,安南測站,臺南市,90.7,47.7,91.1,56.8,0.755,2.35,337.2
2026-07-15 19:00:00,安南測站,臺南市,92.7,48.0,96.1,64.4,0.709,0.94,196.4
2026-07-15 20:00:00,安南測站,臺南市,88.6,50.5,80.7,61.7,0.679,1.61,199.5
2026-07-15 21:00:00,安南測站,臺南市,86.6,51.2,90.7,58.7,0.583,2.12,275.9
2026-07-15 22:00:00,安南測站,臺南市,91.9,43.7,68.2,52.9,0.726,2.41,175.5
2026-07-15 23:00:00,安南測站,臺南市,83.7,43.5,69.1,52.9,0.617,2.36,323.7
2026-07-16 00:00:00,安南測站,臺南市,78.7,44.6,73.6,44.4,0.719,1.89,248.1
2026-07-16 01:00:00,安南測站,臺南市,81.0,47.1,81.5,54.6,0.616,2.59,235.4
2026-07-16 02:00:00,安南測站,臺南市,83.0,51.5,105.6,50.3,0.666,2.35,271.7
2026-07-16 03:00:00,安南測站,臺南市,77.2,43.7,64.2,50.2,0.677,1.17,246.0
2026-07-16 04:00:00,安南測站,臺南市,84.9,49.6,88.5,44.6,0.713,2.23,215.3
2026-07-16 05:00:00,安南測站,臺南市,94.5,49.4,89.6,50.2,0.758,2.16,203.7
2026-07-16 06:00:00,安南測站,臺南市,94.7,52.0,85.1,44.7,0.722,3.53,240.2
2026-07-16 07:00:00,安南測站,臺南市,87.1,46.8,80.4,37.4,0.667,2.17,342.8
2026-07-16 08:00:00,安南測站,臺南市,98.4,55.5,93.6,49.3,0.68,0.69,329.7
2026-07-16 09:00:00,安南測站,臺南市,94.1,52.5,98.5,48.4,0.726,2.09,298.1
2026-07-16 10:00:00,安南測站,臺南市,84.8,46.2,76.4,39.0,0.698,2.65,340.8
2026-07-16 11:00:00,安南測站,臺南市,88.2,50.6,93.2,39.1,0.758,1.4,222.8
2026-07-16 12:00:00,安南測站,臺南市,78.2,53.2,74.6,44.5,0.652,2.54,303.4
2026-07-16 13:00:00,安南測站,臺南市,78.7,46.8,92.4,49.9,0.617,2.63,312.1
2026-07-16 14:00:00,安南測站,臺南市,81.7,48.8,97.3,55.6,0.658,0.93,304.3
2026-07-16 15:00:00,安南測站,臺南市,87.6,48.2,88.8,52.8,0.731,3.22,283.1
2026-07-16 16:00:00,安南測站,臺南市,90.7,48.9,79.2,57.0,0.666,3.1,324.1
2026-07-16 17:00:00,安南測站,臺南市,95.0,51.0,73.7,61.9,0.758,2.84,90.0
2026-07-16 18:00:00,安南測站,臺南市,93.7,47.5,76.7,59.0,0.581,1.48,345.4
2026-07-16 19:00:00,安南測站,臺南市,90.8,48.0,99.1,63.8,0.712,0.45,282.0
2026-07-16 20:00:00,安南測站,臺南市,89.9,48.5,93.5,61.8,0.741,1.41,244.7
2026-07-16 21:00:00,安南測站,臺南市,87.2,50.0,88.3,58.3,0.706,2.3,339.2
2026-07-16 22:00:00,安南測站,臺南市,95.6,47.2,76.0,61.8,0.675,2.14,12.0
2026-07-16 23:00:00,安南測站,臺南市,81.4,49.5,88.9,57.4,0.669,1.78,298.4
2026-07-17 00:00:00,安南測站,臺南市,82.4,44.3,71.0,61.2,0.743,2.21,338.2
2026-07-17 01:00:00,安南測站,臺南市,78.1,44.4,83.4,51.0,0.604,3.12,309.3
2026-07-17 02:00:00,安南測站,臺南市,85.3,45.4,73.1,46.5,0.608,1.33,17.1
2026-07-17 03:00:00,安南測站,臺南市,83.6,44.8,85.1,51.7,0.675,2.47,21.0
2026-07-17 04:00:00,安南測站,臺南市,91.0,45.4,80.6,49.7,0.701,2.21,342.7
2026-07-17 05:00:00,安南測站,臺南市,81.9,47.0,72.7,42.1,0.609,2.27,328.2
2026-07-17 06:00:00,安南測站,臺南市,90.4,48.7,91.0,50.8,0.632,1.56,344.0
2026-07-17 07:00:00,安南測站,臺南市,85.5,49.0,89.0,42.8,0.682,1.16,354.7
2026-07-17 08:00:00,安南測站,臺南市,81.3,44.5,73.5,51.0,0.646,1.51,16.7
2026-07-17 09:00:00,安南測站,臺南市,97.4,55.0,108.7,50.0,0.79,2.32,326.3
2026-07-17 10:00:00,安南測站,臺南市,86.7,50.6,106.2,49.3,0.656,2.69,38.7
2026-07-17 11:00:00,安南測站,臺南市,84.3,52.0,76.7,36.0,0.737,2.79,71.6
2026-07-17 12:00:00,安南測站,臺南市,73.3,47.5,84.2,50.2,0.652,1.03,32.1
2026-07-17 13:00:00,安南測站,臺南市,73.5,39.6,66.3,54.0,0.639,2.76,31.0
2026-07-17 14:00:00,安南測站,臺南市,83.1,44.3,70.2,55.7,0.688,1.66,347.4
2026-07-17 15:00:00,安南測站,臺南市,87.8,43.0,86.7,58.8,0.797,2.69,30.1
2026-07-17 16:00:00,安南測站,臺南市,79.7,47.3,73.2,53.3,0.599,2.27,290.6
2026-07-17 17:00:00,安南測站,臺南市,81.9,39.4,76.4,58.6,0.762,3.05,41.4
2026-07-17 18:00:00,安南測站,臺南市,84.4,46.2,77.0,62.0,0.713,1.91,78.3
2026-07-17 19:00:00,安南測站,臺南市,82.5,46.9,78.0,68.3,0.628,2.41,356.0
2026-07-17 20:00:00,安南測站,臺南市,69.8,45.4,90.1,60.1,0.624,2.5,336.3
2026-07-17 21:00:00,安南測站,臺南市,81.3,46.0,82.5,62.7,0.741,3.63,69.5
2026-07-17 22:00:00,安南測站,臺南市,78.1,49.0,73.1,54.0,0.716,1.7,55.6
2026-07-17 23:00:00,安南測站,臺南市,77.1,46.2,89.5,52.1,0.732,2.97,11.8
2026-07-18 00:00:00,安南測站,臺南市,75.2,46.1,79.0,57.7,0.597,2.15,321.2
2026-07-18 01:00:00,安南測站,臺南市,60.1,38.9,60.7,52.0,0.564,2.95,99.0
2026-07-18 02:00:00,安南測站,臺南市,60.3,39.0,71.0,45.6,0.651,1.38,22.4
2026-07-18 03:00:00,安南測站,臺南市,64.8,41.0,72.7,41.6,0.597,3.0,43.6
2026-07-18 04:00:00,安南測站,臺南市,71.9,42.5,79.5,43.5,0.665,3.26,64.0
2026-07-18 05:00:00,安南測站,臺南市,71.8,48.3,95.0,51.2,0.665,2.6,100.2
2026-07-18 06:00:00,安南測站,臺南市,64.7,40.6,67.4,36.0,0.593,2.12,324.5
2026-07-18 07:00:00,安南測站,臺南市,79.5,40.8,75.7,37.4,0.669,3.0,331.1
2026-07-18 08:00:00,安南測站,臺南市,73.9,39.5,61.0,42.8,0.526,2.6,6.5
2026-07-18 09:00:00,安南測站,臺南市,68.7,43.7,83.3,35.0,0.602,1.78,96.2
2026-07-18 10:00:00,安南測站,臺南市,76.1,48.3,81.3,38.6,0.731,1.47,314.3
2026-07-18 11:00:00,安南測站,臺南市,74.0,42.6,64.0,53.4,0.723,3.3,73.9
2026-07-18 12:00:00,安南測站,臺南市,70.2,43.7,75.2,51.6,0.591,2.02,46.3
2026-07-18 13:00:00,安南測站,臺南市,65.9,41.6,59.7,49.6,0.67,2.38,197.0
2026-07-18 14:00:00,安南測站,臺南市,71.4,50.5,84.2,47.3,0.59,1.58,317.2
2026-07-18 15:00:00,安南測站,臺南市,72.7,38.9,68.8,49.6,0.646,1.95,126.5
2026-07-18 16:00:00,安南測站,臺南市,64.3,42.0,63.0,45.9,0.648,1.44,88.3
2026-07-18 17:00:00,安南測站,臺南市,75.7,,78.0,55.9,0.671,2.34,89.4
2026-07-18 18:00:00,安南測站,臺南市,75.1,43.7,83.1,49.9,0.695,1.8,97.8
2026-07-18 19:00:00,安南測站,臺南市,69.0,41.4,80.1,61.0,0.61,1.9,359.9
2026-07-18 20:00:00,安南測站,臺南市,74.3,42.8,67.0,55.9,0.558,1.24,114.5
2026-07-18 21:00:00,安南測站,臺南市,64.3,44.0,77.9,50.5,0.598,2.79,64.6
2026-07-18 22:00:00,安南測站,臺南市,71.3,39.1,56.8,51.2,0.612,2.83,93.5
2026-07-18 23:00:00,安南測站,臺南市,61.7,37.2,67.6,53.5,0.553,3.22,52.8
2026-07-19 00:00:00,安南測站,臺南市,62.2,41.0,82.5,40.7,0.624,3.66,94.3
2026-07-19 01:00:00,安南測站,臺南市,59.8,43.9,80.9,38.5,0.602,2.69,58.5
2026-07-19 02:00:00,安南測站,臺南市,70.9,45.3,63.3,47.0,0.573,2.43,195.2
2026-07-19 03:00:00,安南測站,臺南市,57.6,36.7,61.9,44.6,0.514,2.47,154.8
2026-07-19 04:00:00,安南測站,臺南市,66.6,37.6,68.2,34.9,0.613,2.61,174.7
2026-07-19 05:00:00,安南測站,臺南市,72.3,43.7,77.1,33.7,0.685,1.72,157.9
2026-07-19 06:00:00,安南測站,臺南市,68.1,41.9,68.4,35.8,0.642,,113.3
2026-07-19 07:00:00,安南測站,臺南市,75.6,45.6,89.3,38.8,0.667,2.18,161.3
2026-07-19 08:00:00,安南測站,臺南市,75.3,42.7,75.7,46.0,0.642,1.23,99.8
2026-07-19 09:00:00,安南測站,臺南市,70.8,47.2,70.3,41.1,0.613,2.86,163.6
2026-07-19 10:00:00,安南測站,臺南市,75.7,44.6,88.0,48.8,0.696,3.3,146.9
2026-07-19 11:00:00,安南測站,臺南市,64.1,39.7,68.4,47.5,0.546,3.69,137.1
2026-07-19 12:00:00,安南測站,臺南市,71.1,51.2,91.0,42.7,0.568,2.02,113.5
2026-07-19 13:00:00,安南測站,臺南市,61.2,41.1,68.8,44.6,0.642,1.39,253.2
2026-07-19 14:00:00,安南測站,臺南市,65.2,43.3,92.5,50.5,0.556,1.78,118.4
2026-07-19 15:00:00,安南測站,臺南市,80.3,45.1,65.0,49.9,0.664,1.9,139.2
2026-07-19 16:00:00,安南測站,臺南市,66.4,42.7,75.1,56.6,0.423,1.75,50.9
2026-07-19 17:00:00,安南測站,臺南市,82.8,49.5,99.4,63.3,0.742,1.81,37.5
2026-07-19 18:00:00,安南測站,臺南市,73.5,46.9,83.0,54.6,0.75,2.5,94.5
2026-07-19 19:00:00,安南測站,臺南市,76.7,48.4,76.8,51.7,0.573,1.66,149.5
2026-07-19 20:00:00,安南測站,臺南市,76.7,47.3,91.5,56.6,0.61,2.93,230.4
2026-07-19 21:00:00,安南測站,臺南市,70.4,50.1,78.6,61.2,0.547,2.67,21.1
2026-07-19 22:00:00,安南測站,臺南市,75.0,41.7,84.4,59.6,0.682,2.24,153.1
2026-07-19 23:00:00,安南測站,臺南市,69.8,40.4,66.0,48.8,0.525,1.38,3.7
2026-07-20 00:00:00,安南測站,臺南市,75.3,46.2,71.0,50.7,0.58,1.89,237.8
2026-07-20 01:00:00,安南測站,臺南市,72.3,44.6,71.0,52.1,0.645,2.06,313.0
2026-07-20 02:00:00,安南測站,臺南市,82.6,41.8,74.1,44.4,0.677,2.96,221.9
2026-07-20 03:00:00,安南測站,臺南市,82.0,48.9,88.0,47.7,0.65,1.77,270.5
2026-07-20 04:00:00,安南測站,臺南市,77.1,50.6,90.5,35.6,0.753,2.17,67.1
2026-07-20 05:00:00,安南測站,臺南市,86.2,47.5,74.1,33.6,0.655,1.84,241.9
2026-07-20 06:00:00,安南測站,臺南市,96.2,49.4,94.5,45.4,0.762,1.05,305.8
2026-07-20 07:00:00,安南測站,臺南市,85.7,48.4,71.1,40.7,0.7,3.29,326.5
2026-07-20 08:00:00,安南測站,臺南市,90.4,47.4,100.5,44.4,0.766,2.48,325.5
2026-07-20 09:00:00,安南測站,臺南市,88.6,44.9,79.7,46.2,0.779,2.38,293.3
2026-07-20 10:00:00,安南測站,臺南市,87.4,50.7,,44.7,0.677,2.22,184.9
2026-07-20 11:00:00,安南測站,臺南市,85.2,48.7,75.0,44.5,0.672,0.89,206.4
2026-07-20 12:00:00,安南測站,臺南市,76.6,45.7,66.8,55.8,0.633,3.19,187.0
2026-07-20 13:00:00,安南測站,臺南市,90.0,45.1,61.4,62.9,0.696,2.58,243.8
2026-07-20 14:00:00,安南測站,臺南市,82.5,48.3,74.5,53.6,0.699,3.44,199.1
2026-07-20 15:00:00,安南測站,臺南市,75.5,41.8,61.9,50.0,0.638,2.37,238.0
2026-07-20 16:00:00,安南測站,臺南市,84.1,50.2,90.2,60.8,0.663,2.99,243.0
2026-07-20 17:00:00,安南測站,臺南市,94.5,51.8,93.6,60.9,0.687,0.44,192.8
2026-07-20 18:00:00,安南測站,臺南市,92.7,52.5,90.5,59.1,0.712,1.28,117.7
2026-07-20 19:00:00,安南測站,臺南市,83.1,51.1,94.4,59.5,0.606,1.98,270.7
2026-07-20 20:00:00,安南測站,臺南市,92.6,51.3,88.3,60.2,0.861,0.55,197.2
2026-07-20 21:00:00,安南測站,臺南市,86.9,49.5,94.2,68.3,0.667,1.33,336.0
2026-07-20 22:00:00,安南測站,臺南市,88.3,51.5,69.8,58.8,0.625,2.19,281.9
2026-07-20 23:00:00,安南測站,臺南市,88.5,48.0,70.1,60.5,0.735,1.46,278.2
2026-07-21 00:00:00,安南測站,臺南市,88.0,48.4,85.3,56.5,0.658,1.32,280.7
2026-07-21 01:00:00,安南測站,臺南市,86.8,54.3,82.5,59.9,0.746,0.64,198.3
2026-07-21 02:00:00,安南測站,臺南市,80.3,48.8,73.3,50.9,0.521,2.65,305.7
2026-07-21 03:00:00,安南測站,臺南市,78.8,42.4,66.9,43.9,0.666,1.3,314.5
2026-07-21 04:00:00,安南測站,臺南市,84.3,48.0,87.3,49.9,0.661,2.61,306.5
2026-07-21 05:00:00,安南測站,臺南市,87.8,53.1,84.6,41.0,0.734,1.84,228.7
2026-07-21 06:00:00,安南測站,臺南市,97.5,55.8,87.5,53.1,0.768,2.19,275.8
2026-07-21 07:00:00,安南測站,臺南市,89.1,47.1,75.0,45.0,0.705,1.27,2.2
2026-07-21 08:00:00,安南測站,臺南市,97.8,51.5,89.9,43.8,0.669,1.98,293.9
2026-07-21 09:00:00,安南測站,臺南市,93.7,53.0,91.6,47.3,0.739,1.03,344.8
2026-07-21 10:00:00,安南測站,臺南市,96.8,,92.8,49.2,,2.85,275.6
2026-07-21 11:00:00,安南測站,臺南市,96.1,52.4,107.9,55.6,0.782,1.87,248.7
2026-07-21 12:00:00,安南測站,臺南市,78.1,38.4,54.8,45.9,0.703,2.08,32.2
2026-07-21 13:00:00,安南測站,臺南市,80.4,43.4,88.7,54.7,0.633,1.38,15.2
2026-07-21 14:00:00,安南測站,臺南市,76.8,48.5,96.1,55.8,0.67,1.97,10.8
2026-07-21 15:00:00,安南測站,臺南市,87.3,59.0,106.0,60.3,0.694,2.59,236.6
2026-07-21 16:00:00,安南測站,臺南市,88.7,49.7,76.0,53.1,0.722,3.03,231.9
2026-07-21 17:00:00,安南測站,臺南市,84.3,50.8,79.9,59.1,0.661,3.1,354.0
2026-07-21 18:00:00,安南測站,臺南市,93.1,42.9,59.1,61.1,0.724,3.29,292.1
2026-07-21 19:00:00,安南測站,臺南市,83.4,51.4,104.4,65.8,0.763,1.46,232.5
2026-07-21 20:00:00,安南測站,臺南市,91.9,48.3,72.6,64.0,0.738,1.87,235.6
2026-07-21 21:00:00,安南測站,臺南市,90.8,49.6,78.6,60.7,0.677,2.01,6.9
2026-07-21 22:00:00,安南測站,臺南市,84.4,47.3,78.7,53.8,0.738,1.72,20.7
2026-07-21 23:00:00,安南測站,臺南市,85.4,50.1,84.3,55.2,0.719,0.57,29.4
2026-07-22 00:00:00,安南測站,臺南市,77.9,45.4,66.0,46.5,0.658,2.58,211.6
2026-07-22 01:00:00,安南測站,臺南市,73.6,47.4,71.8,45.7,0.666,1.38,319.4
2026-07-22 02:00:00,安南測站,臺南市,73.4,44.1,84.3,47.7,0.601,2.99,277.4
2026-07-22 03:00:00,安南測站,臺南市,79.6,44.3,86.3,50.6,0.663,0.2,309.3
2026-07-22 04:00:00,安南測站,臺南市,88.1,47.2,92.7,47.7,0.663,1.85,289.4
2026-07-22 05:00:00,安南測站,臺南市,84.5,47.4,74.9,40.4,0.755,2.7,332.3
2026-07-22 06:00:00,安南測站,臺南市,85.4,50.5,87.1,48.6,0.662,3.21,56.5
2026-07-22 07:00:00,安南測站,臺南市,89.9,47.2,90.7,40.3,0.735,1.29,326.4
2026-07-22 08:00:00,安南測站,臺南市,88.5,44.1,76.7,48.6,0.689,1.74,298.2
2026-07-22 09:00:00,安南測站,臺南市,88.2,48.3,89.8,52.6,0.723,1.33,292.1
2026-07-22 10:00:00,安南測站,臺南市,86.5,44.7,79.5,48.9,0.648,2.69,11.7
2026-07-22 11:00:00,安南測站,臺南市,77.0,45.0,69.9,46.0,0.719,2.85,1.5
2026-07-22 12:00:00,安南測站,臺南市,79.1,44.4,59.6,48.5,0.691,2.1,311.7
2026-07-22 13:00:00,安南測站,臺南市,77.7,49.7,74.2,57.6,0.785,1.83,349.5
2026-07-22 14:00:00,安南測站,臺南市,81.4,43.8,68.1,54.2,0.639,1.56,256.8
2026-07-22 15:00:00,安南測站,臺南市,87.0,50.7,84.2,47.0,0.657,1.86,309.5
2026-07-22 16:00:00,安南測站,臺南市,73.6,41.7,66.5,58.4,0.733,2.7,2.3
2026-07-22 17:00:00,安南測站,臺南市,93.3,44.6,63.8,64.4,0.732,1.17,335.0
2026-07-22 18:00:00,安南測站,臺南市,78.8,42.2,65.7,65.5,0.611,2.49,30.5
2026-07-22 19:00:00,安南測站,臺南市,88.1,48.9,92.1,56.6,0.736,1.95,338.3
2026-07-22 20:00:00,安南測站,臺南市,84.3,50.0,89.0,54.2,0.591,1.91,67.6
2026-07-22 21:00:00,安南測站,臺南市,74.9,49.3,84.8,55.4,0.686,1.53,19.9
2026-07-22 22:00:00,安南測站,臺南市,72.8,42.8,67.6,58.8,0.626,2.62,39.5
2026-07-22 23:00:00,安南測站,臺南市,81.2,45.6,79.0,53.5,0.692,3.75,339.2
2026-07-23 00:00:00,安南測站,臺南市,81.0,45.0,89.1,55.0,0.658,1.94,356.3
2026-07-23 01:00:00,安南測站,臺南市,73.1,44.0,61.7,48.4,0.691,2.89,40.3
2026-07-23 02:00:00,安南測站,臺南市,85.7,45.8,64.4,47.5,0.777,1.8,318.0
2026-07-23 03:00:00,安南測站,臺南市,77.2,46.7,84.8,40.8,0.638,2.56,41.0
2026-07-23 04:00:00,安南測站,臺南市,75.3,43.5,63.9,39.6,0.645,1.93,81.9
2026-07-23 05:00:00,安南測站,臺南市,79.4,47.6,68.1,39.5,0.618,1.76,101.9
2026-07-23 06:00:00,安南測站,臺南市,81.8,45.4,72.7,41.6,0.727,1.65,56.9
2026-07-23 07:00:00,安南測站,臺南市,76.8,42.4,72.0,40.5,,1.99,40.5
2026-07-23 08:00:00,安南測站,臺南市,92.5,45.8,87.4,44.2,0.746,2.4,112.0
2026-07-23 09:00:00,安南測站,臺南市,81.2,45.3,66.3,42.8,0.688,3.43,331.7
2026-07-23 10:00:00,安南測站,臺南市,75.6,41.1,68.9,45.9,0.7,1.82,102.7
2026-07-23 11:00:00,安南測站,臺南市,73.2,46.2,71.1,48.1,0.568,2.68,125.9
2026-07-23 12:00:00,安南測站,臺南市,76.9,41.9,71.0,48.7,0.652,3.17,0.7
2026-07-23 13:00:00,安南測站,臺南市,70.7,38.9,72.7,61.1,0.668,2.49,89.0
2026-07-23 14:00:00,安南測站,臺南市,71.1,44.5,74.0,50.9,0.624,3.48,70.8
2026-07-23 15:00:00,安南測站,臺南市,70.8,44.8,70.7,47.1,0.609,1.85,69.1
2026-07-23 16:00:00,安南測站,臺南市,81.0,44.4,85.2,55.5,0.796,2.29,15.7
2026-07-23 17:00:00,安南測站,臺南市,75.6,42.3,64.7,52.3,0.624,2.99,58.4
2026-07-23 18:00:00,安南測站,臺南市,84.2,42.2,65.2,60.9,0.629,3.53,359.8
2026-07-23 19:00:00,安南測站,臺南市,85.5,50.2,75.0,67.8,0.811,1.92,101.7
2026-07-23 20:00:00,安南測站,臺南市,74.5,41.4,76.0,50.9,0.658,2.4,62.9
2026-07-23 21:00:00,安南測站,臺南市,71.3,45.4,73.3,58.7,0.578,1.96,132.4
2026-07-23 22:00:00,安南測站,臺南市,65.9,43.4,70.5,54.1,0.597,1.89,37.2
2026-07-23 23:00:00,安南測站,臺南市,71.2,48.0,71.3,50.8,0.597,1.94,120.8
2026-07-24 00:00:00,安南測站,臺南市,76.4,52.1,101.1,53.6,0.628,1.46,123.1
2026-07-24 01:00:00,安南測站,臺南市,81.9,47.5,78.4,49.8,0.613,2.12,148.6
2026-07-24 02:00:00,安南測站,臺南市,68.0,33.5,55.2,41.7,0.566,2.57,91.6
2026-07-24 03:00:00,安南測站,臺南市,76.4,48.2,89.9,45.1,0.636,0.95,222.3
2026-07-24 04:00:00,安南測站,臺南市,76.2,43.9,65.8,40.3,0.64,0.67,94.0
2026-07-24 05:00:00,安南測站,臺南市,72.6,43.9,65.3,46.4,0.6,1.59,28.0
2026-07-24 06:00:00,安南測站,臺南市,75.8,41.0,63.0,44.0,0.714,1.58,106.9
2026-07-24 07:00:00,安南測站,臺南市,89.1,48.9,89.7,46.9,0.725,2.99,125.2
2026-07-24 08:00:00,安南測站,臺南市,87.0,47.3,84.7,36.3,0.727,1.33,70.4
2026-07-24 09:00:00,安南測站,臺南市,89.2,51.3,63.1,46.6,0.738,2.37,160.9
2026-07-24 10:00:00,安南測站,臺南市,78.3,44.6,85.6,44.5,0.67,2.71,60.6
2026-07-24 11:00:00,安南測站,臺南市,67.7,42.1,75.1,37.2,0.661,1.72,228.6
2026-07-24 12:00:00,安南測站,臺南市,77.1,42.3,76.2,47.6,0.644,2.5,172.9
2026-07-24 13:00:00,安南測站,臺南市,70.1,43.2,83.0,49.9,0.622,1.88,113.9
2026-07-24 14:00:00,安南測站,臺南市,69.6,45.5,72.5,50.7,0.612,2.27,100.2
2026-07-24 15:00:00,安南測站,臺南市,79.2,45.1,82.7,56.3,0.628,2.04,241.0
2026-07-24 16:00:00,安南測站,臺南市,79.3,46.1,85.6,54.7,0.62,2.14,192.2
2026-07-24 17:00:00,安南測站,臺南市,90.3,44.3,68.7,64.1,0.673,0.87,86.8
2026-07-24 18:00:00,安南測站,臺南市,83.3,48.6,89.5,64.0,0.677,2.28,333.1
2026-07-24 19:00:00,安南測站,臺南市,84.2,45.1,78.3,61.3,0.689,3.11,239.6
2026-07-24 20:00:00,安南測站,臺南市,81.4,44.6,66.5,62.6,0.689,3.98,249.0
2026-07-24 21:00:00,安南測站,臺南市,74.2,43.3,60.1,56.8,0.574,3.36,234.7
2026-07-24 22:00:00,安南測站,臺南市,76.6,44.4,85.6,51.8,0.592,1.97,197.7
2026-07-24 23:00:00,安南測站,臺南市,74.6,46.3,73.4,51.4,0.566,1.62,160.8
2026-07-25 00:00:00,安南測站,臺南市,66.2,44.5,72.0,47.7,0.585,2.07,166.3
2026-07-25 01:00:00,安南測站,臺南市,72.3,38.6,68.9,46.7,0.546,1.99,198.3
2026-07-25 02:00:00,安南測站,臺南市,72.8,40.9,67.2,43.9,0.627,0.78,136.7
2026-07-25 03:00:00,安南測站,臺南市,72.4,47.2,83.4,44.8,0.561,3.14,120.1
2026-07-25 04:00:00,安南測站,臺南市,73.7,41.9,87.2,41.0,0.717,1.51,106.2
2026-07-25 05:00:00,安南測站,臺南市,71.9,52.9,91.3,42.5,0.598,4.15,220.2
2026-07-25 06:00:00,安南測站,臺南市,79.9,49.1,84.0,40.3,0.71,1.23,194.3
2026-07-25 07:00:00,安南測站,臺南市,81.2,41.8,69.3,35.4,0.737,2.45,220.0
2026-07-25 08:00:00,安南測站,臺南市,84.3,44.0,73.5,39.8,0.691,1.45,228.8
2026-07-25 09:00:00,安南測站,臺南市,85.4,42.6,59.1,36.1,0.657,4.02,249.6
2026-07-25 10:00:00,安南測站,臺南市,86.2,49.5,96.4,42.6,0.714,2.88,248.5
2026-07-25 11:00:00,安南測站,臺南市,82.2,,89.0,54.5,0.7,1.83,148.1
2026-07-25 12:00:00,安南測站,臺南市,70.5,41.0,71.6,50.5,0.621,2.31,151.9
2026-07-25 13:00:00,安南測站,臺南市,70.6,37.3,58.6,42.3,0.687,2.53,225.6
2026-07-25 14:00:00,安南測站,臺南市,77.3,48.4,81.1,54.6,0.669,2.99,153.3
2026-07-25 15:00:00,安南測站,臺南市,74.1,46.0,68.3,53.8,0.678,2.12,255.1
2026-07-25 16:00:00,安南測站,臺南市,82.7,46.9,86.7,53.2,0.713,1.27,184.3
2026-07-25 17:00:00,安南測站,臺南市,89.4,44.8,79.5,64.3,0.669,1.61,221.6
2026-07-25 18:00:00,安南測站,臺南市,91.3,45.9,83.5,54.8,0.669,1.92,232.1
2026-07-25 19:00:00,安南測站,臺南市,77.0,46.5,72.6,64.9,0.664,1.47,326.1
2026-07-25 20:00:00,安南測站,臺南市,78.8,46.5,72.2,56.5,0.634,2.04,212.4
2026-07-25 21:00:00,安南測站,臺南市,84.2,43.4,63.7,58.4,0.73,1.02,274.2
2026-07-25 22:00:00,安南測站,臺南市,70.8,42.5,71.5,51.8,0.699,2.42,270.2
2026-07-25 23:00:00,安南測站,臺南市,70.5,46.2,76.5,46.9,0.593,2.34,217.3
2026-07-26 00:00:00,安南測站,臺南市,88.2,46.7,81.5,55.3,0.769,2.1,240.0
2026-07-26 01:00:00,安南測站,臺南市,70.3,47.5,71.7,38.2,0.608,1.98,154.6
2026-07-26 02:00:00,安南測站,臺南市,80.7,44.8,85.7,45.0,0.733,3.25,227.3
2026-07-26 03:00:00,安南測站,臺南市,70.8,37.5,54.0,44.9,0.589,1.71,230.1
2026-07-26 04:00:00,安南測站,臺南市,70.3,42.2,82.4,41.6,0.561,3.03,255.2
2026-07-26 05:00:00,安南測站,臺南市,86.2,48.4,91.7,46.2,0.692,2.65,355.3
2026-07-26 06:00:00,安南測站,臺南市,78.6,47.7,96.3,39.2,0.633,1.74,236.8
2026-07-26 07:00:00,安南測站,臺南市,81.9,46.3,86.3,41.7,0.678,1.92,276.8
2026-07-26 08:00:00,安南測站,臺南市,86.6,50.1,95.5,37.7,0.728,1.65,225.8
2026-07-26 09:00:00,安南測站,臺南市,80.3,42.6,80.9,39.7,0.552,2.38,217.7
2026-07-26 10:00:00,安南測站,臺南市,86.1,46.4,95.3,47.6,0.628,1.28,183.9
2026-07-26 11:00:00,安南測站,臺南市,91.6,46.4,70.6,44.1,0.717,1.75,329.1
2026-07-26 12:00:00,安南測站,臺南市,80.7,44.6,62.7,38.7,0.651,2.12,225.1
2026-07-26 13:00:00,安南測站,臺南市,70.0,43.7,67.3,46.0,0.626,1.87,264.1
2026-07-26 14:00:00,安南測站,臺南市,67.7,43.1,67.8,56.9,0.61,2.19,321.5
2026-07-26 15:00:00,安南測站,臺南市,89.5,49.2,92.1,53.3,0.61,3.2,18.5
2026-07-26 16:00:00,安南測站,臺南市,76.9,42.8,58.9,55.1,0.611,1.89,222.8
2026-07-26 17:00:00,安南測站,臺南市,88.0,51.7,96.7,62.3,0.699,3.24,230.6
2026-07-26 18:00:00,安南測站,臺南市,89.0,48.0,81.1,70.5,0.693,2.32,280.1
2026-07-26 19:00:00,安南測站,臺南市,81.9,43.3,78.1,59.3,0.673,1.54,319.4
2026-07-26 20:00:00,安南測站,臺南市,73.2,42.2,80.6,50.4,0.57,0.79,263.0
2026-07-26 21:00:00,安南測站,臺南市,75.5,48.0,70.0,57.9,0.617,3.88,282.5
2026-07-26 22:00:00,安南測站,臺南市,77.6,48.1,82.6,53.8,0.663,2.24,310.3
2026-07-26 23:00:00,安南測站,臺南市,68.5,49.0,82.7,49.9,0.528,2.82,319.8
2026-07-27 00:00:00,安南測站,臺南市,80.4,43.8,86.2,56.7,0.705,1.04,313.8
2026-07-27 01:00:00,安南測站,臺南市,81.4,44.3,70.2,56.3,0.608,2.15,318.4
2026-07-27 02:00:00,安南測站,臺南市,79.1,45.0,67.0,44.9,0.659,1.25,356.2
2026-07-27 03:00:00,安南測站,臺南市,76.4,43.5,68.1,43.2,0.702,1.5,0.4
2026-07-27 04:00:00,安南測站,臺南市,85.0,50.9,88.5,41.4,0.725,2.73,292.5
2026-07-27 05:00:00,安南測站,臺南市,84.3,55.4,110.9,49.6,0.806,2.25,47.9
2026-07-27 06:00:00,安南測站,臺南市,81.1,46.5,61.0,35.2,0.688,2.43,284.7
2026-07-27 07:00:00,安南測站,臺南市,96.4,46.8,66.9,45.5,0.784,2.44,23.9
2026-07-27 08:00:00,安南測站,臺南市,93.0,45.5,79.0,44.1,0.705,2.21,321.3
2026-07-27 09:00:00,安南測站,臺南市,87.2,52.8,104.6,39.6,0.729,1.53,353.1
2026-07-27 10:00:00,安南測站,臺南市,138.3,60.4,108.5,53.2,0.908,1.48,257.1
2026-07-27 11:00:00,安南測站,臺南市,71.8,41.8,78.4,45.5,0.659,3.51,355.8
2026-07-27 12:00:00,安南測站,臺南市,78.7,45.8,81.6,51.0,0.701,2.51,83.1
2026-07-27 13:00:00,安南測站,臺南市,77.5,43.8,79.2,45.0,0.618,1.37,21.9
2026-07-27 14:00:00,安南測站,臺南市,79.7,40.8,82.5,54.8,0.682,1.67,21.8
2026-07-27 15:00:00,安南測站,臺南市,79.5,43.7,65.0,48.4,0.593,2.0,322.4
2026-07-27 16:00:00,安南測站,臺南市,80.5,41.5,76.2,60.6,0.72,2.56,26.6
2026-07-27 17:00:00,安南測站,臺南市,84.7,44.6,83.3,57.1,0.71,1.59,340.3
2026-07-27 18:00:00,安南測站,臺南市,88.9,49.6,71.3,61.6,0.611,1.48,308.4
2026-07-27 19:00:00,安南測站,臺南市,83.7,50.4,92.7,57.1,0.641,3.48,24.7
2026-07-27 20:00:00,安南測站,臺南市,81.8,40.3,69.3,57.2,0.676,2.19,57.0
2026-07-27 21:00:00,安南測站,臺南市,68.5,40.1,75.4,53.7,0.611,1.77,37.6
2026-07-27 22:00:00,安南測站,臺南市,78.3,46.0,75.2,53.6,0.697,1.55,335.0
2026-07-27 23:00:00,安南測站,臺南市,73.6,44.6,84.8,54.0,0.585,1.21,55.3
2026-07-28 00:00:00,安南測站,臺南市,68.7,49.9,82.9,50.5,0.663,0.61,329.8
2026-07-28 01:00:00,安南測站,臺南市,78.3,50.3,88.2,50.2,0.677,2.26,35.7
2026-07-28 02:00:00,安南測站,臺南市,63.6,41.1,69.1,35.9,0.612,2.96,358.3
2026-07-28 03:00:00,安南測站,臺南市,71.9,42.8,85.5,45.5,0.676,2.98,35.6
2026-07-28 04:00:00,安南測站,臺南市,87.5,52.7,89.4,37.6,0.698,3.2,201.0
2026-07-28 05:00:00,安南測站,臺南市,74.4,45.9,85.9,36.9,0.767,1.99,346.6
2026-07-28 06:00:00,安南測站,臺南市,76.8,43.0,72.3,41.1,0.679,3.21,91.4
2026-07-28 07:00:00,安南測站,臺南市,89.2,46.6,75.5,42.8,0.724,2.35,330.4
2026-07-28 08:00:00,安南測站,臺南市,81.7,45.9,73.3,40.9,0.674,1.77,118.6
2026-07-28 09:00:00,安南測站,臺南市,87.4,47.1,78.0,48.1,0.649,2.58,101.2
2026-07-28 10:00:00,安南測站,臺南市,72.7,44.0,62.1,43.4,0.643,2.2,330.8
2026-07-28 11:00:00,安南測站,臺南市,78.3,45.8,79.8,45.3,0.671,1.46,154.7
2026-07-28 12:00:00,安南測站,臺南市,70.4,42.8,85.7,44.3,0.636,2.7,65.5
2026-07-28 13:00:00,安南測站,臺南市,76.5,41.6,72.4,51.6,0.532,2.09,8.2
2026-07-28 14:00:00,安南測站,臺南市,79.1,44.8,77.8,53.7,0.657,4.08,142.8
2026-07-28 15:00:00,安南測站,臺南市,80.2,52.3,76.2,53.7,0.678,0.2,81.1
2026-07-28 16:00:00,安南測站,臺南市,78.4,45.4,70.3,49.8,0.742,1.97,330.6
2026-07-28 17:00:00,安南測站,臺南市,78.8,48.6,81.1,54.8,0.641,1.84,17.7
2026-07-28 18:00:00,安南測站,臺南市,80.5,42.3,76.0,54.8,0.628,1.83,88.3
2026-07-28 19:00:00,安南測站,臺南市,81.1,47.9,76.6,59.5,0.601,0.99,183.0
2026-07-28 20:00:00,安南測站,臺南市,79.9,46.8,80.1,60.4,0.642,2.87,67.1
2026-07-28 21:00:00,安南測站,臺南市,70.1,38.7,72.2,53.5,0.545,2.46,63.2
2026-07-28 22:00:00,安南測站,臺南市,80.4,49.5,74.2,53.4,0.605,2.09,147.0
2026-07-28 23:00:00,安南測站,臺南市,71.3,42.6,76.4,54.5,0.552,3.15,72.9
2026-07-29 00:00:00,安南測站,臺南市,72.1,,79.0,48.0,0.582,0.58,179.6
2026-07-29 01:00:00,安南測站,臺南市,71.3,47.4,83.8,45.6,0.551,2.78,118.2
2026-07-29 02:00:00,安南測站,臺南市,69.1,45.8,72.8,40.9,0.658,2.28,173.7
2026-07-29 03:00:00,安南測站,臺南市,76.6,47.4,81.6,49.1,0.675,2.32,156.2
2026-07-29 04:00:00,安南測站,臺南市,70.0,48.3,96.7,39.5,0.581,2.48,58.1
2026-07-29 05:00:00,安南測站,臺南市,85.4,43.4,75.8,44.4,0.738,2.43,204.0
2026-07-29 06:00:00,安南測站,臺南市,74.2,46.8,90.4,44.3,0.549,3.6,118.0
2026-07-29 07:00:00,安南測站,臺南市,74.4,42.8,62.3,31.4,0.639,1.7,164.8
2026-07-29 08:00:00,安南測站,臺南市,79.1,52.8,96.4,43.6,0.565,1.8,230.1
2026-07-29 09:00:00,安南測站,臺南市,157.0,63.3,106.8,56.5,1.157,0.2,129.6
2026-07-29 10:00:00,安南測站,臺南市,75.0,42.9,61.5,46.3,0.542,3.08,197.9
2026-07-29 11:00:00,安南測站,臺南市,78.5,46.2,76.5,38.1,0.69,1.63,186.4
2026-07-29 12:00:00,安南測站,臺南市,71.4,46.3,73.1,39.3,0.535,2.17,223.0
2026-07-29 13:00:00,安南測站,臺南市,77.1,47.1,85.6,51.7,0.618,1.95,136.6
2026-07-29 14:00:00,安南測站,臺南市,72.9,44.3,61.7,50.0,0.635,1.46,173.0
2026-07-29 15:00:00,安南測站,臺南市,75.3,45.7,79.8,57.2,0.586,2.56,232.5
2026-07-29 16:00:00,安南測站,臺南市,76.1,42.7,61.6,52.3,0.592,2.71,117.9
2026-07-29 17:00:00,安南測站,臺南市,82.2,44.5,70.0,52.7,0.599,2.59,201.1
2026-07-29 18:00:00,安南測站,臺南市,91.2,45.1,75.5,60.3,0.686,1.97,191.1
2026-07-29 19:00:00,安南測站,臺南市,86.8,46.0,77.7,57.8,0.632,3.31,142.6
2026-07-29 20:00:00,安南測站,臺南市,80.3,45.3,73.8,56.9,0.719,2.55,157.5
2026-07-29 21:00:00,安南測站,臺南市,76.3,48.6,75.8,60.9,0.607,2.79,32.7
2026-07-29 22:00:00,安南測站,臺南市,76.1,48.7,89.9,51.8,0.66,2.19,187.4
2026-07-29 23:00:00,安南測站,臺南市,87.4,51.9,104.8,52.7,0.672,0.96,107.2
2026-06-30 00:00:00,前金測站,高雄市,83.2,47.3,74.5,48.6,0.752,1.16,241.5
2026-06-30 01:00:00,前金測站,高雄市,72.4,47.9,88.4,55.3,0.607,1.46,209.8
2026-06-30 02:00:00,前金測站,高雄市,82.2,51.2,97.0,45.1,0.711,1.94,128.3
2026-06-30 03:00:00,前金測站,高雄市,85.3,,95.6,46.5,0.707,1.36,237.7
2026-06-30 04:00:00,前金測站,高雄市,85.6,48.2,74.4,42.8,0.725,1.86,208.7
2026-06-30 05:00:00,前金測站,高雄市,83.5,51.0,100.1,40.9,0.634,2.07,272.5
2026-06-30 06:00:00,前金測站,高雄市,84.7,51.2,100.6,43.5,0.604,1.76,214.0
2026-06-30 07:00:00,前金測站,高雄市,96.4,55.1,106.7,42.7,0.775,0.3,185.1
2026-06-30 08:00:00,前金測站,高雄市,98.3,58.6,94.4,47.4,0.811,1.62,126.8
2026-06-30 09:00:00,前金測站,高雄市,88.3,54.2,81.7,41.9,0.71,2.17,233.4
2026-06-30 10:00:00,前金測站,高雄市,87.1,46.6,67.7,39.8,0.773,0.45,235.8
2026-06-30 11:00:00,前金測站,高雄市,94.0,56.5,110.9,56.1,0.713,2.26,283.2
2026-06-30 12:00:00,前金測站,高雄市,83.7,50.3,100.2,41.0,0.75,2.46,248.4
2026-06-30 13:00:00,前金測站,高雄市,76.1,46.2,71.6,42.1,0.654,2.66,248.2
2026-06-30 14:00:00,前金測站,高雄市,88.3,55.6,96.1,55.0,0.694,1.76,203.1
2026-06-30 15:00:00,前金測站,高雄市,91.4,52.1,87.2,63.6,0.686,2.63,278.0
2026-06-30 16:00:00,前金測站,高雄市,95.0,54.0,104.4,61.0,0.73,2.76,203.0
2026-06-30 17:00:00,前金測站,高雄市,95.0,48.8,84.3,65.4,0.784,2.49,276.7
2026-06-30 18:00:00,前金測站,高雄市,101.2,57.6,86.6,59.0,0.826,1.3,199.7
2026-06-30 19:00:00,前金測站,高雄市,97.4,50.6,86.9,58.6,0.754,1.03,308.5
2026-06-30 20:00:00,前金測站,高雄市,95.2,57.2,83.6,58.5,0.78,2.24,354.7
2026-06-30 21:00:00,前金測站,高雄市,96.5,53.0,106.3,66.6,0.806,1.8,176.1
2026-06-30 22:00:00,前金測站,高雄市,81.2,47.1,99.3,62.8,0.715,2.98,207.1
2026-06-30 23:00:00,前金測站,高雄市,82.0,47.7,90.6,53.0,0.679,2.2,211.1
2026-07-01 00:00:00,前金測站,高雄市,91.9,51.0,94.2,59.7,0.719,2.45,185.1
2026-07-01 01:00:00,前金測站,高雄市,90.0,54.3,97.3,47.5,0.719,3.25,307.5
2026-07-01 02:00:00,前金測站,高雄市,81.8,50.1,88.1,46.7,0.65,2.51,173.5
2026-07-01 03:00:00,前金測站,高雄市,92.6,51.4,73.6,51.1,0.72,2.97,315.4
2026-07-01 04:00:00,前金測站,高雄市,86.3,55.8,101.5,48.6,0.639,1.08,265.4
2026-07-01 05:00:00,前金測站,高雄市,89.1,58.6,96.4,45.3,0.766,1.32,178.3
2026-07-01 06:00:00,前金測站,高雄市,102.6,55.9,104.8,51.1,0.75,1.38,160.2
2026-07-01 07:00:00,前金測站,高雄市,94.6,53.9,82.9,44.8,0.798,1.9,210.7
2026-07-01 08:00:00,前金測站,高雄市,107.7,54.5,80.9,48.6,0.871,0.82,218.2
2026-07-01 09:00:00,前金測站,高雄市,97.9,54.1,96.8,41.5,0.699,2.06,306.1
2026-07-01 10:00:00,前金測站,高雄市,92.0,53.1,98.4,47.9,0.813,1.48,240.0
2026-07-01 11:00:00,前金測站,高雄市,89.7,50.9,98.7,48.8,0.698,2.18,299.2
2026-07-01 12:00:00,前金測站,高雄市,83.6,51.9,74.2,54.4,0.616,1.29,299.1
2026-07-01 13:00:00,前金測站,高雄市,92.5,55.5,95.0,53.5,0.704,2.09,294.8
2026-07-01 14:00:00,前金測站,高雄市,88.0,51.1,79.9,55.5,0.584,2.58,291.1
2026-07-01 15:00:00,前金測站,高雄市,87.7,49.0,85.4,53.2,0.783,2.29,49.0
2026-07-01 16:00:00,前金測站,高雄市,96.1,55.8,104.5,60.1,0.769,1.88,319.3
2026-07-01 17:00:00,前金測站,高雄市,98.9,53.8,95.2,66.8,0.736,2.11,294.4
2026-07-01 18:00:00,前金測站,高雄市,103.5,49.9,85.3,66.1,0.766,0.79,324.6
2026-07-01 19:00:00,前金測站,高雄市,98.1,53.8,108.2,64.2,0.806,1.67,4.7
2026-07-01 20:00:00,前金測站,高雄市,94.0,57.5,93.1,57.8,0.726,1.39,29.2
2026-07-01 21:00:00,前金測站,高雄市,86.9,49.8,92.8,62.4,0.747,1.99,311.4
2026-07-01 22:00:00,前金測站,高雄市,99.1,59.9,93.5,64.6,0.692,1.85,40.3
2026-07-01 23:00:00,前金測站,高雄市,91.3,52.7,81.2,60.4,0.734,2.36,354.7
2026-07-02 00:00:00,前金測站,高雄市,93.4,57.7,111.7,60.8,0.718,,274.0
2026-07-02 01:00:00,前金測站,高雄市,82.4,49.4,97.0,49.5,0.736,1.31,307.6
2026-07-02 02:00:00,前金測站,高雄市,86.9,54.3,91.2,53.4,0.61,2.65,256.2
2026-07-02 03:00:00,前金測站,高雄市,88.5,55.6,87.3,45.8,0.737,2.5,348.2
2026-07-02 04:00:00,前金測站,高雄市,75.7,52.8,84.3,43.5,0.666,3.21,349.8
2026-07-02 05:00:00,前金測站,高雄市,87.4,53.1,99.0,37.0,0.722,2.85,35.1
2026-07-02 06:00:00,前金測站,高雄市,96.3,53.9,83.2,48.8,0.813,1.45,304.7
2026-07-02 07:00:00,前金測站,高雄市,93.5,50.6,84.5,46.0,0.737,2.2,264.5
2026-07-02 08:00:00,前金測站,高雄市,94.2,52.7,88.9,41.1,0.707,2.68,2.4
2026-07-02 09:00:00,前金測站,高雄市,99.6,54.5,88.6,46.4,0.723,0.83,318.1
2026-07-02 10:00:00,前金測站,高雄市,94.5,57.5,91.0,51.0,0.733,1.0,182.9
2026-07-02 11:00:00,前金測站,高雄市,81.7,49.2,93.8,42.7,0.67,3.77,3.5
2026-07-02 12:00:00,前金測站,高雄市,83.9,50.9,82.5,44.6,0.659,1.61,344.5
2026-07-02 13:00:00,前金測站,高雄市,93.0,55.2,85.1,54.0,0.641,3.12,354.4
2026-07-02 14:00:00,前金測站,高雄市,73.2,43.8,80.3,56.0,0.632,2.72,351.9
2026-07-02 15:00:00,前金測站,高雄市,88.7,53.2,91.3,58.1,0.612,2.67,19.8
2026-07-02 16:00:00,前金測站,高雄市,90.8,44.9,65.3,61.8,0.665,3.77,357.5
2026-07-02 17:00:00,前金測站,高雄市,85.7,51.0,85.3,63.3,0.714,2.42,85.2
2026-07-02 18:00:00,前金測站,高雄市,93.9,50.3,90.9,60.3,0.725,1.84,279.5
2026-07-02 19:00:00,前金測站,高雄市,85.3,51.4,102.1,65.5,0.63,2.1,108.0
2026-07-02 20:00:00,前金測站,高雄市,86.6,50.6,78.0,65.4,0.663,1.71,67.5
2026-07-02 21:00:00,前金測站,高雄市,84.8,51.7,101.6,62.4,0.645,2.56,41.7
2026-07-02 22:00:00,前金測站,高雄市,81.0,54.5,99.0,55.8,0.67,2.66,309.0
2026-07-02 23:00:00,前金測站,高雄市,85.0,51.6,104.7,53.7,0.624,2.2,52.4
2026-07-03 00:00:00,前金測站,高雄市,84.2,49.6,87.8,47.9,0.66,2.0,149.6
2026-07-03 01:00:00,前金測站,高雄市,71.1,49.1,89.7,45.6,0.67,2.97,32.8
2026-07-03 02:00:00,前金測站,高雄市,86.6,54.1,91.7,53.1,0.654,1.44,161.9
2026-07-03 03:00:00,前金測站,高雄市,73.9,47.4,74.4,40.0,0.598,2.42,74.8
2026-07-03 04:00:00,前金測站,高雄市,74.8,46.6,96.0,47.4,0.554,3.04,150.0
2026-07-03 05:00:00,前金測站,高雄市,73.0,51.8,75.2,40.9,0.65,3.04,111.8
2026-07-03 06:00:00,前金測站,高雄市,77.3,47.6,100.6,41.0,0.727,0.26,20.4
2026-07-03 07:00:00,前金測站,高雄市,80.9,46.3,77.6,31.9,0.657,3.55,317.6
2026-07-03 08:00:00,前金測站,高雄市,92.8,58.0,111.8,41.9,0.794,2.81,58.2
2026-07-03 09:00:00,前金測站,高雄市,80.8,47.4,93.6,44.3,0.669,2.04,137.7
2026-07-03 10:00:00,前金測站,高雄市,85.7,49.9,98.2,47.5,0.669,2.03,91.5
2026-07-03 11:00:00,前金測站,高雄市,78.5,48.3,76.2,48.3,0.633,2.76,69.5
2026-07-03 12:00:00,前金測站,高雄市,80.5,51.1,64.7,48.7,0.621,0.98,26.8
2026-07-03 13:00:00,前金測站,高雄市,83.0,52.0,82.8,47.1,0.714,2.5,68.5
2026-07-03 14:00:00,前金測站,高雄市,79.5,52.5,95.9,54.5,0.659,3.21,6.8
2026-07-03 15:00:00,前金測站,高雄市,78.8,47.9,84.8,50.3,0.82,1.69,100.8
2026-07-03 16:00:00,前金測站,高雄市,83.8,51.3,87.3,53.9,0.591,1.3,163.5
2026-07-03 17:00:00,前金測站,高雄市,92.5,47.2,75.8,60.8,0.66,2.59,117.5
2026-07-03 18:00:00,前金測站,高雄市,92.2,52.3,95.4,57.6,0.767,2.23,95.7
2026-07-03 19:00:00,前金測站,高雄市,92.6,49.3,86.3,68.1,0.748,2.64,54.4
2026-07-03 20:00:00,前金測站,高雄市,94.7,59.7,105.1,61.2,0.668,2.49,45.4
2026-07-03 21:00:00,前金測站,高雄市,87.6,55.2,107.8,63.7,0.711,1.75,15.7
2026-07-03 22:00:00,前金測站,高雄市,84.0,52.2,96.8,58.6,0.696,2.54,48.8
2026-07-03 23:00:00,前金測站,高雄市,77.8,52.2,83.0,54.3,0.67,2.97,92.5
2026-07-04 00:00:00,前金測站,高雄市,63.4,45.4,74.5,47.7,0.592,3.07,45.3
2026-07-04 01:00:00,前金測站,高雄市,71.2,51.5,85.2,54.2,0.526,2.44,175.0
2026-07-04 02:00:00,前金測站,高雄市,69.1,51.8,101.3,47.3,0.702,2.49,38.8
2026-07-04 03:00:00,前金測站,高雄市,68.1,50.4,91.6,49.7,0.586,2.62,140.9
2026-07-04 04:00:00,前金測站,高雄市,65.4,46.4,72.6,42.5,0.534,1.67,42.2
2026-07-04 05:00:00,前金測站,高雄市,78.9,47.3,82.6,42.4,0.676,1.02,134.2
2026-07-04 06:00:00,前金測站,高雄市,79.6,53.5,92.0,43.8,0.729,1.72,58.1
2026-07-04 07:00:00,前金測站,高雄市,80.3,47.2,87.8,45.0,0.673,2.83,355.7
2026-07-04 08:00:00,前金測站,高雄市,75.1,52.9,87.2,39.3,0.65,2.09,157.7
2026-07-04 09:00:00,前金測站,高雄市,84.0,52.0,89.3,43.0,0.72,2.47,85.3
2026-07-04 10:00:00,前金測站,高雄市,78.2,51.1,72.8,37.6,0.508,1.9,145.0
2026-07-04 11:00:00,前金測站,高雄市,70.0,51.9,106.7,44.7,0.722,2.64,61.5
2026-07-04 12:00:00,前金測站,高雄市,79.2,55.1,85.9,50.9,0.646,0.45,127.7
2026-07-04 13:00:00,前金測站,高雄市,71.0,52.6,89.3,45.4,0.634,2.29,103.6
2026-07-04 14:00:00,前金測站,高雄市,76.4,47.7,74.9,53.7,0.654,1.87,146.0
2026-07-04 15:00:00,前金測站,高雄市,81.4,48.6,90.4,55.5,0.669,2.82,102.5
2026-07-04 16:00:00,前金測站,高雄市,76.3,45.1,80.3,48.2,0.621,2.61,150.3
2026-07-04 17:00:00,前金測站,高雄市,83.5,46.5,74.5,,0.67,2.19,142.0
2026-07-04 18:00:00,前金測站,高雄市,82.2,47.6,88.9,59.9,0.762,2.87,190.0
2026-07-04 19:00:00,前金測站,高雄市,85.0,51.0,92.8,62.5,0.704,2.62,232.1
2026-07-04 20:00:00,前金測站,高雄市,80.7,50.9,96.2,57.2,0.697,1.83,143.9
2026-07-04 21:00:00,前金測站,高雄市,77.9,46.0,80.7,59.5,0.605,2.48,216.3
2026-07-04 22:00:00,前金測站,高雄市,73.9,50.0,71.4,57.0,0.65,3.53,204.6
2026-07-04 23:00:00,前金測站,高雄市,74.6,48.0,73.9,55.5,0.623,2.96,239.2
2026-07-05 00:00:00,前金測站,高雄市,76.2,48.1,77.9,51.8,0.647,1.61,79.1
2026-07-05 01:00:00,前金測站,高雄市,77.7,50.6,74.0,51.0,0.641,2.77,129.4
2026-07-05 02:00:00,前金測站,高雄市,82.8,55.4,109.0,51.5,0.623,1.76,196.1
2026-07-05 03:00:00,前金測站,高雄市,87.6,48.4,75.2,47.3,0.758,3.45,212.3
2026-07-05 04:00:00,前金測站,高雄市,84.3,48.5,69.3,42.7,0.71,2.22,287.0
2026-07-05 05:00:00,前金測站,高雄市,91.0,52.4,82.3,50.0,0.735,2.48,225.2
2026-07-05 06:00:00,前金測站,高雄市,79.6,46.4,85.8,42.3,0.652,0.95,81.8
2026-07-05 07:00:00,前金測站,高雄市,92.4,51.2,93.5,40.4,0.673,2.68,187.8
2026-07-05 08:00:00,前金測站,高雄市,94.0,55.9,102.3,44.9,0.796,2.52,256.6
2026-07-05 09:00:00,前金測站,高雄市,84.6,52.1,101.9,40.9,0.659,1.11,205.0
2026-07-05 10:00:00,前金測站,高雄市,84.3,56.7,86.5,38.1,0.567,1.36,136.8
2026-07-05 11:00:00,前金測站,高雄市,84.2,50.8,94.4,47.2,0.61,2.02,258.7
2026-07-05 12:00:00,前金測站,高雄市,79.2,51.3,80.1,48.8,0.709,1.98,334.0
2026-07-05 13:00:00,前金測站,高雄市,73.7,46.7,83.5,46.1,0.578,2.65,226.3
2026-07-05 14:00:00,前金測站,高雄市,80.4,51.8,82.0,51.7,0.622,1.48,193.1
2026-07-05 15:00:00,前金測站,高雄市,84.4,45.6,77.8,51.3,0.763,2.1,151.6
2026-07-05 16:00:00,前金測站,高雄市,95.1,57.9,93.2,58.3,0.638,2.16,274.5
2026-07-05 17:00:00,前金測站,高雄市,93.2,53.5,83.3,68.4,0.685,1.49,199.4
2026-07-05 18:00:00,前金測站,高雄市,88.0,51.5,100.4,57.4,0.707,1.26,274.3
2026-07-05 19:00:00,前金測站,高雄市,93.9,53.5,102.7,58.9,0.729,1.84,21.6
2026-07-05 20:00:00,前金測站,高雄市,81.8,42.6,59.7,56.2,0.605,1.48,181.4
2026-07-05 21:00:00,前金測站,高雄市,90.2,52.5,78.9,64.1,0.694,3.11,268.9
2026-07-05 22:00:00,前金測站,高雄市,79.6,52.0,92.5,56.7,0.697,0.66,226.7
2026-07-05 23:00:00,前金測站,高雄市,86.0,52.4,78.7,62.8,0.68,3.11,292.7
2026-07-06 00:00:00,前金測站,高雄市,85.1,43.9,80.7,55.4,0.63,2.19,261.8
2026-07-06 01:00:00,前金測站,高雄市,94.1,52.7,85.9,57.0,0.687,0.2,242.0
2026-07-06 02:00:00,前金測站,高雄市,88.1,48.7,80.5,49.2,0.704,0.43,161.6
2026-07-06 03:00:00,前金測站,高雄市,95.1,53.3,82.9,49.3,0.714,1.5,180.6
2026-07-06 04:00:00,前金測站,高雄市,85.9,57.5,87.4,44.3,0.673,1.61,338.0
2026-07-06 05:00:00,前金測站,高雄市,94.0,51.2,83.5,34.4,0.743,2.32,225.8
2026-07-06 06:00:00,前金測站,高雄市,96.4,55.7,106.8,46.6,0.732,1.99,308.9
2026-07-06 07:00:00,前金測站,高雄市,111.1,59.5,93.1,56.4,0.736,0.5,281.4
2026-07-06 08:00:00,前金測站,高雄市,104.6,48.4,86.1,50.4,0.8,0.54,216.6
2026-07-06 09:00:00,前金測站,高雄市,95.5,56.1,91.3,46.6,0.682,3.36,310.6
2026-07-06 10:00:00,前金測站,高雄市,99.5,59.0,111.4,47.8,0.818,1.89,240.8
2026-07-06 11:00:00,前金測站,高雄市,101.9,52.6,101.5,48.0,0.787,3.11,209.4
2026-07-06 12:00:00,前金測站,高雄市,90.0,57.0,83.2,,0.704,2.28,18.7
2026-07-06 13:00:00,前金測站,高雄市,94.7,57.7,91.3,54.4,,2.09,301.5
2026-07-06 14:00:00,前金測站,高雄市,99.9,56.1,102.8,57.1,0.688,1.37,280.6
2026-07-06 15:00:00,前金測站,高雄市,90.3,54.8,80.0,50.3,0.709,1.59,229.0
2026-07-06 16:00:00,前金測站,高雄市,104.7,58.6,90.1,61.5,0.716,2.52,346.8
2026-07-06 17:00:00,前金測站,高雄市,87.4,52.7,90.5,68.0,0.796,1.77,290.7
2026-07-06 18:00:00,前金測站,高雄市,96.5,52.3,104.4,70.7,0.817,2.47,173.6
2026-07-06 19:00:00,前金測站,高雄市,87.6,55.2,104.7,59.7,0.765,2.56,11.6
2026-07-06 20:00:00,前金測站,高雄市,84.9,52.4,92.0,63.7,0.686,2.14,29.1
2026-07-06 21:00:00,前金測站,高雄市,87.9,49.8,80.2,53.3,0.735,1.91,2.0
2026-07-06 22:00:00,前金測站,高雄市,78.4,52.4,80.4,56.1,0.697,3.04,346.8
2026-07-06 23:00:00,前金測站,高雄市,90.7,57.7,93.9,62.2,0.706,2.01,326.9
2026-07-07 00:00:00,前金測站,高雄市,91.7,58.3,119.5,55.9,0.787,2.12,296.9
2026-07-07 01:00:00,前金測站,高雄市,96.2,52.3,97.7,59.1,0.813,2.18,272.9
2026-07-07 02:00:00,前金測站,高雄市,86.3,50.8,88.0,51.3,0.661,2.25,232.3
2026-07-07 03:00:00,前金測站,高雄市,94.7,52.5,100.9,50.8,0.674,1.41,292.4
2026-07-07 04:00:00,前金測站,高雄市,86.8,55.8,89.9,45.7,0.689,1.8,335.2
2026-07-07 05:00:00,前金測站,高雄市,92.2,51.0,101.8,47.1,0.783,2.98,264.2
2026-07-07 06:00:00,前金測站,高雄市,93.0,51.8,95.3,43.3,0.708,1.54,341.2
2026-07-07 07:00:00,前金測站,高雄市,107.4,51.6,97.9,46.1,0.69,2.3,265.7
2026-07-07 08:00:00,前金測站,高雄市,100.7,60.4,116.5,46.6,0.655,1.01,357.8
2026-07-07 09:00:00,前金測站,高雄市,96.5,49.4,78.4,50.3,0.719,2.22,50.0
2026-07-07 10:00:00,前金測站,高雄市,94.6,56.4,111.0,47.7,0.726,2.13,312.0
2026-07-07 11:00:00,前金測站,高雄市,92.1,48.5,75.0,50.4,0.751,3.01,1.3
2026-07-07 12:00:00,前金測站,高雄市,80.9,50.0,95.6,43.6,0.656,3.26,9.9
2026-07-07 13:00:00,前金測站,高雄市,78.6,48.8,90.6,56.2,0.595,1.13,327.1
2026-07-07 14:00:00,前金測站,高雄市,89.0,57.5,91.5,54.5,0.794,1.8,13.7
2026-07-07 15:00:00,前金測站,高雄市,87.3,47.3,77.3,48.3,0.629,1.36,50.2
2026-07-07 16:00:00,前金測站,高雄市,84.7,52.5,77.3,59.5,0.697,2.06,30.0
2026-07-07 17:00:00,前金測站,高雄市,91.8,52.4,88.2,59.0,0.786,1.5,59.6
2026-07-07 18:00:00,前金測站,高雄市,100.4,54.1,100.2,63.7,0.774,1.83,354.9
2026-07-07 19:00:00,前金測站,高雄市,99.9,54.4,94.5,67.4,0.826,3.22,40.0
2026-07-07 20:00:00,前金測站,高雄市,164.6,67.7,108.1,73.5,1.067,1.55,10.4
2026-07-07 21:00:00,前金測站,高雄市,88.8,54.2,101.2,70.4,0.739,1.69,30.4
2026-07-07 22:00:00,前金測站,高雄市,89.9,49.9,80.5,59.7,0.668,1.07,14.7
2026-07-07 23:00:00,前金測站,高雄市,87.2,49.8,83.5,52.0,0.708,2.51,43.3
2026-07-08 00:00:00,前金測站,高雄市,80.6,55.1,104.7,47.9,0.727,1.83,18.0
2026-07-08 01:00:00,前金測站,高雄市,84.8,57.5,88.2,51.2,0.661,1.82,19.7
2026-07-08 02:00:00,前金測站,高雄市,83.9,50.9,83.7,47.2,0.743,2.1,35.0
2026-07-08 03:00:00,前金測站,高雄市,79.5,54.5,85.8,44.4,0.713,2.31,93.5
2026-07-08 04:00:00,前金測站,高雄市,84.6,48.5,87.9,49.3,0.746,2.14,132.7
2026-07-08 05:00:00,前金測站,高雄市,78.2,45.3,74.2,37.4,0.579,0.95,91.5
2026-07-08 06:00:00,前金測站,高雄市,77.6,51.3,96.4,36.7,0.66,1.64,53.7
2026-07-08 07:00:00,前金測站,高雄市,90.5,54.6,108.4,39.4,0.734,2.45,47.0
2026-07-08 08:00:00,前金測站,高雄市,88.7,59.7,109.1,47.7,0.685,1.9,37.9
2026-07-08 09:00:00,前金測站,高雄市,88.2,54.9,118.8,42.5,0.769,2.4,69.0
2026-07-08 10:00:00,前金測站,高雄市,91.5,48.2,71.3,44.8,0.692,1.3,335.1
2026-07-08 11:00:00,前金測站,高雄市,82.6,50.6,98.8,48.0,0.66,4.23,125.0
2026-07-08 12:00:00,前金測站,高雄市,91.0,51.6,89.0,49.1,0.684,4.08,33.9
2026-07-08 13:00:00,前金測站,高雄市,77.2,45.2,82.8,53.0,0.558,2.09,333.5
2026-07-08 14:00:00,前金測站,高雄市,76.7,48.6,92.9,55.4,0.754,2.41,30.7
2026-07-08 15:00:00,前金測站,高雄市,81.4,49.5,81.2,48.5,0.723,2.79,163.2
2026-07-08 16:00:00,前金測站,高雄市,81.2,51.4,77.5,58.3,0.635,2.36,93.2
2026-07-08 17:00:00,前金測站,高雄市,84.0,55.4,101.4,52.9,0.706,1.75,139.6
2026-07-08 18:00:00,前金測站,高雄市,80.8,51.7,105.6,58.2,0.685,1.7,37.8
2026-07-08 19:00:00,前金測站,高雄市,84.1,51.8,81.4,56.3,0.772,2.31,58.8
2026-07-08 20:00:00,前金測站,高雄市,85.9,52.4,89.9,64.1,0.775,0.63,163.7
2026-07-08 21:00:00,前金測站,高雄市,81.2,51.2,81.0,61.4,0.731,1.64,22.3
2026-07-08 22:00:00,前金測站,高雄市,87.4,46.7,84.3,59.8,0.724,1.85,127.4
2026-07-08 23:00:00,前金測站,高雄市,74.6,47.2,62.6,55.5,,2.46,130.1
2026-07-09 00:00:00,前金測站,高雄市,73.7,45.0,78.4,52.1,0.575,2.29,122.4
2026-07-09 01:00:00,前金測站,高雄市,78.8,47.0,82.0,51.9,0.676,3.3,120.2
2026-07-09 02:00:00,前金測站,高雄市,73.7,46.2,62.6,44.8,0.654,3.04,29.1
2026-07-09 03:00:00,前金測站,高雄市,78.7,49.7,79.7,45.1,0.724,3.02,234.9
2026-07-09 04:00:00,前金測站,高雄市,79.0,48.7,87.3,46.2,0.7,2.62,83.5
2026-07-09 05:00:00,前金測站,高雄市,77.9,55.6,107.5,43.3,0.614,1.33,85.1
2026-07-09 06:00:00,前金測站,高雄市,86.9,49.1,82.4,45.8,0.725,3.18,101.9
2026-07-09 07:00:00,前金測站,高雄市,89.4,48.3,74.8,44.2,0.822,2.37,99.3
2026-07-09 08:00:00,前金測站,高雄市,93.2,49.0,81.3,44.7,0.721,2.8,126.6
2026-07-09 09:00:00,前金測站,高雄市,84.3,55.9,107.6,44.2,0.681,2.43,141.1
2026-07-09 10:00:00,前金測站,高雄市,88.2,50.4,96.3,41.6,0.663,2.84,223.7
2026-07-09 11:00:00,前金測站,高雄市,88.2,55.0,91.5,49.0,0.797,1.38,178.0
2026-07-09 12:00:00,前金測站,高雄市,74.6,50.9,96.8,41.2,0.648,2.45,278.8
2026-07-09 13:00:00,前金測站,高雄市,80.5,52.6,97.5,50.7,0.718,1.39,12.4
2026-07-09 14:00:00,前金測站,高雄市,84.2,45.8,73.6,49.2,0.816,2.07,138.4
2026-07-09 15:00:00,前金測站,高雄市,88.0,54.6,87.3,58.7,0.685,1.38,155.6
2026-07-09 16:00:00,前金測站,高雄市,78.3,52.6,97.0,,0.644,2.96,95.7
2026-07-09 17:00:00,前金測站,高雄市,88.2,51.5,96.3,57.0,0.63,2.39,244.1
2026-07-09 18:00:00,前金測站,高雄市,91.7,52.7,85.8,66.3,0.722,0.45,227.9
2026-07-09 19:00:00,前金測站,高雄市,143.6,57.2,94.4,76.4,0.974,1.91,172.7
2026-07-09 20:00:00,前金測站,高雄市,94.5,54.2,101.0,60.7,0.675,1.94,200.5
2026-07-09 21:00:00,前金測站,高雄市,90.7,55.6,83.9,58.1,0.724,0.84,172.3
2026-07-09 22:00:00,前金測站,高雄市,98.7,50.2,99.8,63.1,0.701,2.25,144.6
2026-07-09 23:00:00,前金測站,高雄市,76.5,52.2,90.6,51.5,0.615,1.03,218.9
2026-07-10 00:00:00,前金測站,高雄市,87.3,51.0,92.0,55.1,0.629,2.38,115.3
2026-07-10 01:00:00,前金測站,高雄市,87.1,48.7,97.0,51.6,0.7,1.41,194.2
2026-07-10 02:00:00,前金測站,高雄市,85.5,55.0,81.8,43.7,0.611,2.29,229.6
2026-07-10 03:00:00,前金測站,高雄市,80.0,51.0,94.9,49.0,0.548,2.86,202.9
2026-07-10 04:00:00,前金測站,高雄市,82.9,49.4,73.1,40.6,0.639,1.37,266.1
2026-07-10 05:00:00,前金測站,高雄市,88.0,58.9,101.6,40.0,0.688,2.08,160.0
2026-07-10 06:00:00,前金測站,高雄市,89.2,53.7,76.8,44.7,0.732,1.6,159.9
2026-07-10 07:00:00,前金測站,高雄市,97.9,46.8,77.6,35.1,0.787,2.28,121.9
2026-07-10 08:00:00,前金測站,高雄市,100.4,58.1,85.0,46.5,0.807,1.48,201.7
2026-07-10 09:00:00,前金測站,高雄市,93.0,53.4,102.7,44.0,0.721,1.4,152.3
2026-07-10 10:00:00,前金測站,高雄市,98.7,59.6,112.9,51.7,0.689,1.55,178.3
2026-07-10 11:00:00,前金測站,高雄市,99.0,59.7,91.2,53.3,0.779,2.75,154.8
2026-07-10 12:00:00,前金測站,高雄市,91.6,50.8,85.7,58.2,0.739,1.76,223.6
2026-07-10 13:00:00,前金測站,高雄市,87.5,48.5,103.1,51.2,0.731,3.47,287.0
2026-07-10 14:00:00,前金測站,高雄市,87.5,51.7,80.9,59.2,0.759,2.52,241.4
2026-07-10 15:00:00,前金測站,高雄市,86.3,52.7,101.8,53.0,0.717,2.98,245.7
2026-07-10 16:00:00,前金測站,高雄市,95.9,56.7,104.9,62.4,0.812,2.39,117.9
2026-07-10 17:00:00,前金測站,高雄市,93.4,55.7,110.3,68.6,0.695,1.23,211.1
2026-07-10 18:00:00,前金測站,高雄市,96.1,58.7,98.7,68.3,0.779,2.22,225.1
2026-07-10 19:00:00,前金測站,高雄市,106.6,55.8,106.0,58.3,0.774,1.67,229.1
2026-07-10 20:00:00,前金測站,高雄市,91.6,54.9,92.8,60.3,0.664,2.16,315.8
2026-07-10 21:00:00,前金測站,高雄市,99.3,53.0,89.0,58.5,0.685,1.12,261.4
2026-07-10 22:00:00,前金測站,高雄市,89.2,50.5,84.4,55.1,0.756,3.27,348.6
2026-07-10 23:00:00,前金測站,高雄市,93.0,51.8,98.5,56.8,0.743,3.31,260.9
2026-07-11 00:00:00,前金測站,高雄市,93.4,50.0,89.2,51.8,0.765,3.03,13.1
2026-07-11 01:00:00,前金測站,高雄市,84.2,45.5,79.2,50.1,0.692,1.74,247.6
2026-07-11 02:00:00,前金測站,高雄市,87.3,56.1,90.4,43.2,0.788,2.65,147.9
2026-07-11 03:00:00,前金測站,高雄市,82.2,49.9,103.2,50.1,0.685,1.66,226.2
2026-07-11 04:00:00,前金測站,高雄市,83.5,49.7,87.9,38.4,0.639,2.06,350.1
2026-07-11 05:00:00,前金測站,高雄市,89.4,52.4,88.0,48.9,0.727,2.9,192.5
2026-07-11 06:00:00,前金測站,高雄市,84.6,52.1,93.6,35.2,0.681,2.02,283.1
2026-07-11 07:00:00,前金測站,高雄市,101.2,57.9,116.4,52.3,0.775,0.72,264.7
2026-07-11 08:00:00,前金測站,高雄市,96.7,57.2,98.5,49.9,0.815,2.21,339.2
2026-07-11 09:00:00,前金測站,高雄市,94.8,56.6,96.6,41.0,0.767,1.06,318.7
2026-07-11 10:00:00,前金測站,高雄市,86.4,52.8,76.3,46.7,0.729,2.81,218.7
2026-07-11 11:00:00,前金測站,高雄市,77.5,46.7,96.1,50.2,0.599,3.36,355.4
2026-07-11 12:00:00,前金測站,高雄市,75.0,45.9,90.5,46.5,0.638,0.78,209.5
2026-07-11 13:00:00,前金測站,高雄市,84.1,53.0,79.0,55.1,0.619,2.07,218.4
2026-07-11 14:00:00,前金測站,高雄市,87.7,46.0,72.2,56.7,0.674,1.54,281.2
2026-07-11 15:00:00,前金測站,高雄市,78.9,49.6,94.3,58.2,0.602,0.95,268.1
2026-07-11 16:00:00,前金測站,高雄市,88.6,51.9,96.1,54.6,0.677,1.62,0.4
2026-07-11 17:00:00,前金測站,高雄市,91.6,51.4,96.5,55.3,0.554,1.05,335.7
2026-07-11 18:00:00,前金測站,高雄市,95.7,49.0,87.9,68.2,0.783,2.87,332.9
2026-07-11 19:00:00,前金測站,高雄市,92.2,52.1,74.9,61.5,0.746,2.96,282.7
2026-07-11 20:00:00,前金測站,高雄市,92.0,52.5,89.6,64.6,0.714,1.14,303.6
2026-07-11 21:00:00,前金測站,高雄市,90.9,49.8,80.4,53.8,0.791,3.07,12.1
2026-07-11 22:00:00,前金測站,高雄市,82.0,55.7,88.6,62.6,0.625,1.97,219.4
2026-07-11 23:00:00,前金測站,高雄市,81.5,49.7,86.0,52.5,0.67,3.01,262.6
2026-07-12 00:00:00,前金測站,高雄市,84.2,51.8,92.2,50.5,0.703,2.44,280.0
2026-07-12 01:00:00,前金測站,高雄市,72.9,48.8,93.1,53.0,0.646,2.04,326.9
2026-07-12 02:00:00,前金測站,高雄市,73.2,46.5,72.8,46.3,0.56,1.42,12.7
2026-07-12 03:00:00,前金測站,高雄市,75.1,47.0,87.3,48.7,0.575,2.2,291.8
2026-07-12 04:00:00,前金測站,高雄市,80.5,48.8,85.9,41.0,0.628,1.91,57.1
2026-07-12 05:00:00,前金測站,高雄市,80.9,54.1,109.8,44.1,,1.12,251.9
2026-07-12 06:00:00,前金測站,高雄市,89.9,55.7,94.0,45.7,0.657,1.48,314.4
2026-07-12 07:00:00,前金測站,高雄市,90.0,50.6,87.2,48.0,0.743,2.32,337.2
2026-07-12 08:00:00,前金測站,高雄市,86.7,53.4,94.7,38.7,0.691,1.31,326.0
2026-07-12 09:00:00,前金測站,高雄市,84.1,48.8,74.6,36.0,0.721,2.18,311.2
2026-07-12 10:00:00,前金測站,高雄市,88.2,50.2,72.2,53.3,0.712,2.16,19.7
2026-07-12 11:00:00,前金測站,高雄市,70.3,46.1,80.4,51.9,0.588,2.92,41.3
2026-07-12 12:00:00,前金測站,高雄市,78.2,50.7,81.0,48.6,0.674,2.57,3.5
2026-07-12 13:00:00,前金測站,高雄市,81.7,48.0,87.5,50.0,0.703,1.75,44.2
2026-07-12 14:00:00,前金測站,高雄市,75.7,49.5,93.7,60.3,0.599,0.59,321.8
2026-07-12 15:00:00,前金測站,高雄市,79.7,49.0,77.5,53.2,0.576,1.24,7.2
2026-07-12 16:00:00,前金測站,高雄市,73.7,47.6,72.1,55.0,0.579,2.34,357.8
2026-07-12 17:00:00,前金測站,高雄市,84.9,53.6,85.4,61.1,0.659,2.86,326.2
2026-07-12 18:00:00,前金測站,高雄市,83.4,54.7,94.1,57.9,0.747,0.5,23.6
2026-07-12 19:00:00,前金測站,高雄市,80.0,49.7,97.5,59.2,0.711,3.03,22.6
2026-07-12 20:00:00,前金測站,高雄市,78.5,51.0,81.0,59.3,0.641,1.86,346.0
2026-07-12 21:00:00,前金測站,高雄市,74.2,52.6,96.8,56.9,0.577,2.34,321.7
2026-07-12 22:00:00,前金測站,高雄市,78.1,49.1,96.9,48.9,0.629,1.31,148.7
2026-07-12 23:00:00,前金測站,高雄市,71.5,44.2,76.1,45.9,0.563,2.35,35.5
2026-07-13 00:00:00,前金測站,高雄市,75.6,47.7,81.3,52.6,0.612,2.03,78.3
2026-07-13 01:00:00,前金測站,高雄市,88.0,48.8,88.3,45.5,0.608,2.96,118.9
2026-07-13 02:00:00,前金測站,高雄市,76.5,48.7,86.0,46.7,0.567,2.32,325.6
2026-07-13 03:00:00,前金測站,高雄市,82.1,47.5,68.1,36.6,0.721,2.84,16.3
2026-07-13 04:00:00,前金測站,高雄市,81.2,51.8,110.2,45.6,0.649,2.42,24.4
2026-07-13 05:00:00,前金測站,高雄市,76.2,52.9,,38.5,0.681,1.09,9.6
2026-07-13 06:00:00,前金測站,高雄市,98.1,53.6,112.6,42.2,0.761,3.33,79.3
2026-07-13 07:00:00,前金測站,高雄市,100.4,53.2,83.5,44.8,0.79,1.78,52.3
2026-07-13 08:00:00,前金測站,高雄市,92.6,47.8,86.8,48.4,0.739,2.16,82.1
2026-07-13 09:00:00,前金測站,高雄市,93.0,49.0,95.9,46.2,0.617,1.08,62.1
2026-07-13 10:00:00,前金測站,高雄市,89.3,51.2,81.8,44.6,0.749,1.85,4.7
2026-07-13 11:00:00,前金測站,高雄市,87.7,55.8,106.7,46.1,0.729,1.42,117.0
2026-07-13 12:00:00,前金測站,高雄市,84.7,48.5,82.3,44.8,0.65,2.53,63.2
2026-07-13 13:00:00,前金測站,高雄市,70.5,47.0,88.6,45.1,0.57,1.94,174.1
2026-07-13 14:00:00,前金測站,高雄市,83.4,55.4,100.3,49.4,0.642,1.72,40.7
2026-07-13 15:00:00,前金測站,高雄市,78.3,51.7,95.2,55.1,0.619,2.29,357.9
2026-07-13 16:00:00,前金測站,高雄市,72.2,50.3,89.3,52.9,0.557,3.05,111.1
2026-07-13 17:00:00,前金測站,高雄市,87.8,52.0,77.0,60.7,0.671,1.73,181.5
2026-07-13 18:00:00,前金測站,高雄市,87.1,44.5,73.9,59.9,0.624,2.34,73.7
2026-07-13 19:00:00,前金測站,高雄市,83.9,51.6,78.0,59.1,0.679,2.32,105.0
2026-07-13 20:00:00,前金測站,高雄市,89.4,50.8,95.6,60.9,0.706,1.12,56.8
2026-07-13 21:00:00,前金測站,高雄市,80.6,51.9,96.7,61.2,0.614,2.47,99.7
2026-07-13 22:00:00,前金測站,高雄市,79.8,49.1,91.3,57.6,0.685,2.05,101.2
2026-07-13 23:00:00,前金測站,高雄市,74.6,50.4,92.6,56.6,0.667,1.13,107.7
2026-07-14 00:00:00,前金測站,高雄市,72.8,48.9,84.7,53.4,0.621,1.41,215.6
2026-07-14 01:00:00,前金測站,高雄市,83.5,49.5,81.9,52.8,0.609,2.55,167.4
2026-07-14 02:00:00,前金測站,高雄市,77.5,46.4,82.2,47.4,0.603,2.3,102.8
2026-07-14 03:00:00,前金測站,高雄市,71.6,52.2,97.6,46.9,0.709,1.51,58.7
2026-07-14 04:00:00,前金測站,高雄市,77.0,50.4,79.9,42.9,0.642,2.76,122.4
2026-07-14 05:00:00,前金測站,高雄市,71.6,49.3,77.7,44.1,0.596,2.64,82.0
2026-07-14 06:00:00,前金測站,高雄市,83.6,50.3,88.1,36.3,0.702,2.39,132.2
2026-07-14 07:00:00,前金測站,高雄市,93.6,52.8,101.1,43.4,0.743,3.54,169.8
2026-07-14 08:00:00,前金測站,高雄市,93.6,55.8,104.9,48.4,0.73,1.92,80.3
2026-07-14 09:00:00,前金測站,高雄市,87.2,49.4,83.0,51.7,0.653,1.57,93.8
2026-07-14 10:00:00,前金測站,高雄市,80.6,47.3,92.4,40.9,0.716,3.08,153.7
2026-07-14 11:00:00,前金測站,高雄市,88.6,48.2,74.9,48.5,0.773,1.32,111.5
2026-07-14 12:00:00,前金測站,高雄市,80.5,48.8,81.2,46.8,0.736,1.41,188.8
2026-07-14 13:00:00,前金測站,高雄市,87.3,50.4,79.3,53.5,0.7,1.56,183.4
2026-07-14 14:00:00,前金測站,高雄市,80.2,50.3,97.7,60.1,0.625,2.17,68.4
2026-07-14 15:00:00,前金測站,高雄市,91.7,53.1,98.0,57.6,0.722,1.46,218.3
2026-07-14 16:00:00,前金測站,高雄市,90.5,55.1,85.3,58.5,0.751,2.34,113.2
2026-07-14 17:00:00,前金測站,高雄市,93.5,50.5,93.4,56.5,0.677,3.04,234.1
2026-07-14 18:00:00,前金測站,高雄市,102.9,57.1,97.1,63.0,0.814,2.78,205.3
2026-07-14 19:00:00,前金測站,高雄市,86.5,52.9,77.8,67.2,0.632,3.56,195.2
2026-07-14 20:00:00,前金測站,高雄市,86.2,51.9,88.9,60.5,0.674,1.4,155.8
2026-07-14 21:00:00,前金測站,高雄市,79.5,46.3,95.9,59.3,0.688,2.15,198.8
2026-07-14 22:00:00,前金測站,高雄市,90.3,53.9,85.0,61.3,0.745,1.34,176.4
2026-07-14 23:00:00,前金測站,高雄市,74.4,48.5,73.8,51.5,0.66,1.59,279.3
2026-07-15 00:00:00,前金測站,高雄市,86.2,49.3,94.3,55.4,0.64,3.62,215.2
2026-07-15 01:00:00,前金測站,高雄市,77.4,50.2,86.9,44.6,0.651,1.59,163.8
2026-07-15 02:00:00,前金測站,高雄市,85.9,50.2,86.9,45.6,0.657,1.18,140.7
2026-07-15 03:00:00,前金測站,高雄市,85.1,53.4,94.2,47.2,0.616,2.19,254.7
2026-07-15 04:00:00,前金測站,高雄市,76.1,55.3,78.8,43.2,0.684,1.99,209.1
2026-07-15 05:00:00,前金測站,高雄市,98.3,55.2,92.5,47.0,0.763,1.67,208.7
2026-07-15 06:00:00,前金測站,高雄市,94.3,52.4,91.5,48.8,0.658,2.06,254.5
2026-07-15 07:00:00,前金測站,高雄市,100.3,53.0,79.3,47.6,0.712,0.2,158.2
2026-07-15 08:00:00,前金測站,高雄市,100.5,54.5,89.8,45.1,0.737,0.33,118.9
2026-07-15 09:00:00,前金測站,高雄市,89.6,54.2,96.2,42.0,0.668,2.65,212.1
2026-07-15 10:00:00,前金測站,高雄市,97.6,47.9,82.1,46.9,0.813,1.63,237.1
2026-07-15 11:00:00,前金測站,高雄市,84.4,,91.2,48.1,0.737,1.5,183.9
2026-07-15 12:00:00,前金測站,高雄市,84.8,50.6,66.2,44.7,0.681,1.97,246.4
2026-07-15 13:00:00,前金測站,高雄市,92.2,51.8,97.5,53.0,0.706,2.83,243.8
2026-07-15 14:00:00,前金測站,高雄市,89.7,53.0,75.7,51.2,0.695,1.18,219.5
2026-07-15 15:00:00,前金測站,高雄市,91.8,52.8,98.8,61.2,0.712,2.04,300.7
2026-07-15 16:00:00,前金測站,高雄市,91.3,50.0,85.6,61.1,0.756,1.47,150.5
2026-07-15 17:00:00,前金測站,高雄市,94.0,55.3,82.1,61.9,0.699,0.74,235.1
2026-07-15 18:00:00,前金測站,高雄市,96.3,59.1,100.5,62.7,0.709,1.58,293.5
2026-07-15 19:00:00,前金測站,高雄市,101.1,50.8,96.0,68.5,0.675,2.4,258.9
2026-07-15 20:00:00,前金測站,高雄市,95.7,52.5,93.8,56.8,0.675,0.77,306.0
2026-07-15 21:00:00,前金測站,高雄市,99.5,58.1,103.1,58.4,0.704,1.84,319.3
2026-07-15 22:00:00,前金測站,高雄市,97.4,52.9,100.9,65.5,0.756,1.65,222.6
2026-07-15 23:00:00,前金測站,高雄市,85.8,48.0,101.5,52.7,0.601,2.17,240.9
2026-07-16 00:00:00,前金測站,高雄市,92.2,55.7,93.3,54.0,0.749,1.79,302.7
2026-07-16 01:00:00,前金測站,高雄市,77.3,51.8,94.6,54.3,0.608,1.5,234.5
2026-07-16 02:00:00,前金測站,高雄市,87.1,48.7,88.4,51.3,0.654,1.38,251.5
2026-07-16 03:00:00,前金測站,高雄市,88.3,51.5,81.3,43.8,0.694,1.81,259.2
2026-07-16 04:00:00,前金測站,高雄市,96.2,50.1,87.3,43.1,,3.14,294.8
2026-07-16 05:00:00,前金測站,高雄市,95.5,53.1,94.7,49.3,0.744,1.9,269.1
2026-07-16 06:00:00,前金測站,高雄市,103.0,56.2,104.0,49.0,0.763,1.79,211.4
2026-07-16 07:00:00,前金測站,高雄市,100.0,51.4,93.4,49.9,0.834,1.07,272.7
2026-07-16 08:00:00,前金測站,高雄市,99.8,56.3,96.4,46.6,0.744,2.98,232.3
2026-07-16 09:00:00,前金測站,高雄市,100.8,56.7,111.3,52.9,0.655,1.09,315.5
2026-07-16 10:00:00,前金測站,高雄市,91.1,50.1,78.0,49.0,0.759,2.05,340.0
2026-07-16 11:00:00,前金測站,高雄市,85.1,51.6,88.3,52.5,0.656,2.71,261.5
2026-07-16 12:00:00,前金測站,高雄市,93.1,57.3,81.1,58.3,0.748,1.88,279.1
2026-07-16 13:00:00,前金測站,高雄市,79.3,50.7,92.1,49.9,0.489,2.49,301.4
2026-07-16 14:00:00,前金測站,高雄市,92.2,52.6,102.4,56.5,0.743,2.17,35.7
2026-07-16 15:00:00,前金測站,高雄市,88.7,51.2,83.5,60.4,0.709,1.86,351.2
2026-07-16 16:00:00,前金測站,高雄市,97.5,49.8,82.3,,0.832,3.21,319.7
2026-07-16 17:00:00,前金測站,高雄市,95.0,54.8,113.1,66.3,0.748,2.63,276.0
2026-07-16 18:00:00,前金測站,高雄市,92.7,46.6,80.0,63.9,0.722,2.3,350.6
2026-07-16 19:00:00,前金測站,高雄市,89.7,55.1,110.3,65.5,0.758,2.1,318.8
2026-07-16 20:00:00,前金測站,高雄市,98.7,50.2,90.4,58.0,0.736,1.66,316.8
2026-07-16 21:00:00,前金測站,高雄市,91.0,56.0,102.8,59.2,0.711,1.97,93.5
2026-07-16 22:00:00,前金測站,高雄市,81.8,47.8,89.1,57.7,0.641,2.74,338.3
2026-07-16 23:00:00,前金測站,高雄市,92.4,56.8,99.4,52.4,0.733,1.92,319.3
2026-07-17 00:00:00,前金測站,高雄市,80.8,53.5,87.5,46.8,0.664,3.39,93.9
2026-07-17 01:00:00,前金測站,高雄市,78.5,47.7,102.5,49.4,0.708,2.36,261.0
2026-07-17 02:00:00,前金測站,高雄市,77.1,47.7,79.5,51.2,0.576,1.94,12.8
2026-07-17 03:00:00,前金測站,高雄市,80.8,50.2,87.5,47.3,0.699,2.73,320.5
2026-07-17 04:00:00,前金測站,高雄市,91.7,51.2,78.2,43.6,0.833,2.4,9.6
2026-07-17 05:00:00,前金測站,高雄市,84.2,47.9,79.6,50.9,0.732,2.15,342.6
2026-07-17 06:00:00,前金測站,高雄市,95.3,49.9,81.5,45.4,0.668,0.46,31.2
2026-07-17 07:00:00,前金測站,高雄市,92.5,54.4,94.2,41.8,0.717,2.37,329.8
2026-07-17 08:00:00,前金測站,高雄市,94.9,55.6,97.5,44.9,0.706,1.94,66.9
2026-07-17 09:00:00,前金測站,高雄市,96.3,60.6,100.2,46.2,0.746,2.14,296.4
2026-07-17 10:00:00,前金測站,高雄市,89.1,50.2,77.2,46.5,0.629,2.31,332.1
2026-07-17 11:00:00,前金測站,高雄市,77.5,52.4,97.2,47.6,0.718,1.04,328.6
2026-07-17 12:00:00,前金測站,高雄市,89.9,56.0,93.8,48.1,0.727,1.76,251.4
2026-07-17 13:00:00,前金測站,高雄市,83.4,45.0,76.0,52.6,0.638,0.84,50.6
2026-07-17 14:00:00,前金測站,高雄市,81.4,49.2,88.0,53.8,0.637,0.77,144.1
2026-07-17 15:00:00,前金測站,高雄市,96.0,58.4,106.2,60.1,0.692,1.23,89.2
2026-07-17 16:00:00,前金測站,高雄市,88.2,48.8,79.9,50.5,0.643,1.66,24.1
2026-07-17 17:00:00,前金測站,高雄市,91.6,56.7,81.0,65.7,0.765,1.83,31.1
2026-07-17 18:00:00,前金測站,高雄市,89.1,48.9,81.7,62.2,0.629,2.53,311.7
2026-07-17 19:00:00,前金測站,高雄市,98.5,60.0,92.7,62.9,0.747,2.17,25.9
2026-07-17 20:00:00,前金測站,高雄市,92.2,50.4,88.0,58.8,0.737,2.27,288.5
2026-07-17 21:00:00,前金測站,高雄市,81.9,44.1,62.4,59.5,0.631,1.72,98.7
2026-07-17 22:00:00,前金測站,高雄市,92.4,50.4,96.6,52.5,0.68,0.2,47.8
2026-07-17 23:00:00,前金測站,高雄市,75.3,49.5,84.4,50.3,0.588,3.1,337.7
2026-07-18 00:00:00,前金測站,高雄市,77.8,57.9,113.5,56.0,0.622,2.37,343.4
2026-07-18 01:00:00,前金測站,高雄市,79.0,46.7,90.5,47.8,0.62,2.03,349.9
2026-07-18 02:00:00,前金測站,高雄市,73.1,45.8,86.2,48.4,0.614,1.07,106.4
2026-07-18 03:00:00,前金測站,高雄市,70.1,54.0,97.9,41.3,0.626,4.7,25.8
2026-07-18 04:00:00,前金測站,高雄市,79.2,50.3,91.7,51.2,0.674,1.96,97.7
2026-07-18 05:00:00,前金測站,高雄市,75.2,45.6,92.0,40.1,0.608,1.82,131.5
2026-07-18 06:00:00,前金測站,高雄市,75.4,51.0,80.4,43.8,0.694,1.72,51.9
2026-07-18 07:00:00,前金測站,高雄市,82.0,52.0,98.3,40.2,0.662,1.45,322.3
2026-07-18 08:00:00,前金測站,高雄市,83.8,52.7,76.2,38.7,0.692,2.2,86.1
2026-07-18 09:00:00,前金測站,高雄市,82.8,52.1,104.4,44.8,0.587,2.83,46.6
2026-07-18 10:00:00,前金測站,高雄市,77.6,45.8,68.3,49.0,0.671,0.83,178.0
2026-07-18 11:00:00,前金測站,高雄市,76.2,42.2,79.4,51.4,0.622,0.33,149.2
2026-07-18 12:00:00,前金測站,高雄市,74.2,42.1,72.5,44.9,0.592,1.78,54.1
2026-07-18 13:00:00,前金測站,高雄市,73.2,50.9,92.1,50.2,0.637,1.94,153.1
2026-07-18 14:00:00,前金測站,高雄市,78.9,48.8,94.2,57.2,0.615,1.42,93.1
2026-07-18 15:00:00,前金測站,高雄市,68.5,41.6,75.9,57.8,0.571,2.2,89.6
2026-07-18 16:00:00,前金測站,高雄市,73.5,46.5,82.5,51.7,0.62,2.45,0.7
2026-07-18 17:00:00,前金測站,高雄市,78.6,46.0,83.4,57.2,0.738,2.1,140.2
2026-07-18 18:00:00,前金測站,高雄市,84.3,51.2,100.4,57.6,0.653,2.18,10.3
2026-07-18 19:00:00,前金測站,高雄市,74.9,45.9,67.3,54.9,0.644,1.89,93.3
2026-07-18 20:00:00,前金測站,高雄市,71.2,45.6,82.0,48.1,0.636,1.76,109.4
2026-07-18 21:00:00,前金測站,高雄市,73.6,50.3,83.5,60.8,0.52,1.29,53.6
2026-07-18 22:00:00,前金測站,高雄市,63.7,44.8,69.8,51.9,0.573,2.08,44.1
2026-07-18 23:00:00,前金測站,高雄市,75.6,52.8,84.9,50.7,0.602,2.52,135.9
2026-07-19 00:00:00,前金測站,高雄市,70.3,46.8,73.2,49.6,0.699,1.33,82.8
2026-07-19 01:00:00,前金測站,高雄市,75.9,50.8,83.8,50.3,0.627,3.78,155.5
2026-07-19 02:00:00,前金測站,高雄市,70.8,48.8,80.5,41.9,0.685,1.33,125.3
2026-07-19 03:00:00,前金測站,高雄市,67.1,47.2,67.1,41.6,0.528,2.11,37.7
2026-07-19 04:00:00,前金測站,高雄市,72.9,47.2,88.6,41.9,0.672,3.2,69.3
2026-07-19 05:00:00,前金測站,高雄市,81.3,50.4,82.4,42.2,0.597,1.34,213.1
2026-07-19 06:00:00,前金測站,高雄市,79.2,54.5,89.8,34.4,0.706,2.43,103.6
2026-07-19 07:00:00,前金測站,高雄市,77.9,53.1,81.7,38.1,0.631,2.55,51.1
2026-07-19 08:00:00,前金測站,高雄市,84.3,54.1,109.1,47.7,0.727,1.7,130.1
2026-07-19 09:00:00,前金測站,高雄市,84.1,49.8,74.5,53.4,0.667,2.83,87.2
2026-07-19 10:00:00,前金測站,高雄市,87.2,50.8,73.4,49.9,0.762,1.21,202.6
2026-07-19 11:00:00,前金測站,高雄市,68.8,49.4,101.1,43.7,0.654,3.15,125.0
2026-07-19 12:00:00,前金測站,高雄市,73.8,45.4,77.5,49.1,0.579,3.36,165.4
2026-07-19 13:00:00,前金測站,高雄市,78.1,51.2,77.7,53.9,0.539,2.87,152.5
2026-07-19 14:00:00,前金測站,高雄市,79.2,50.5,99.4,53.3,0.678,3.46,183.0
2026-07-19 15:00:00,前金測站,高雄市,70.7,46.3,73.6,49.3,0.729,2.38,176.1
2026-07-19 16:00:00,前金測站,高雄市,74.0,52.1,89.6,53.6,0.702,2.54,107.1
2026-07-19 17:00:00,前金測站,高雄市,80.5,54.5,104.2,61.1,0.492,3.01,112.1
2026-07-19 18:00:00,前金測站,高雄市,82.7,55.5,91.4,62.3,0.723,3.1,247.7
2026-07-19 19:00:00,前金測站,高雄市,84.3,49.0,72.9,59.9,0.631,2.38,78.8
2026-07-19 20:00:00,前金測站,高雄市,81.9,51.1,77.7,62.1,0.781,1.75,183.4
2026-07-19 21:00:00,前金測站,高雄市,80.2,50.7,78.3,57.9,0.583,1.9,135.4
2026-07-19 22:00:00,前金測站,高雄市,75.9,52.6,85.5,53.1,0.619,2.51,158.9
2026-07-19 23:00:00,前金測站,高雄市,72.2,47.2,76.1,40.1,0.668,2.67,265.1
2026-07-20 00:00:00,前金測站,高雄市,94.3,56.4,109.2,51.1,0.634,3.24,213.1
2026-07-20 01:00:00,前金測站,高雄市,74.3,44.8,69.5,45.7,0.732,3.71,191.1
2026-07-20 02:00:00,前金測站,高雄市,83.3,53.7,71.0,37.4,0.673,2.71,186.9
2026-07-20 03:00:00,前金測站,高雄市,88.5,55.0,105.8,48.7,0.7,1.84,102.5
2026-07-20 04:00:00,前金測站,高雄市,91.4,51.8,98.9,41.1,0.711,2.34,153.2
2026-07-20 05:00:00,前金測站,高雄市,92.9,52.2,88.3,46.2,0.766,2.58,143.0
2026-07-20 06:00:00,前金測站,高雄市,88.9,55.4,99.6,41.0,0.788,1.58,216.1
2026-07-20 07:00:00,前金測站,高雄市,93.6,54.3,91.4,41.9,0.759,2.07,249.4
2026-07-20 08:00:00,前金測站,高雄市,93.7,52.9,81.5,38.9,0.742,1.38,254.0
2026-07-20 09:00:00,前金測站,高雄市,105.6,48.5,86.2,48.6,0.83,1.85,177.9
2026-07-20 10:00:00,前金測站,高雄市,87.6,48.5,83.4,47.1,0.689,1.58,154.5
2026-07-20 11:00:00,前金測站,高雄市,86.0,49.9,86.5,52.5,0.631,2.84,251.1
2026-07-20 12:00:00,前金測站,高雄市,88.9,56.9,104.1,50.4,0.706,2.34,218.6
2026-07-20 13:00:00,前金測站,高雄市,90.3,50.7,96.3,51.1,0.761,1.67,254.9
2026-07-20 14:00:00,前金測站,高雄市,90.4,51.4,94.7,54.9,0.706,2.06,137.9
2026-07-20 15:00:00,前金測站,高雄市,87.1,53.3,99.5,54.7,0.84,2.51,285.4
2026-07-20 16:00:00,前金測站,高雄市,90.2,53.7,87.2,60.9,0.639,2.27,254.2
2026-07-20 17:00:00,前金測站,高雄市,93.9,51.0,91.5,60.0,0.753,1.57,319.1
2026-07-20 18:00:00,前金測站,高雄市,106.2,57.2,82.1,66.5,0.81,1.64,212.4
2026-07-20 19:00:00,前金測站,高雄市,99.1,55.0,108.2,61.4,0.714,1.88,205.4
2026-07-20 20:00:00,前金測站,高雄市,91.3,56.0,105.4,64.0,0.674,2.79,200.6
2026-07-20 21:00:00,前金測站,高雄市,102.2,56.2,90.9,64.4,0.755,1.19,261.7
2026-07-20 22:00:00,前金測站,高雄市,95.6,50.4,101.7,58.5,0.713,3.23,297.6
2026-07-20 23:00:00,前金測站,高雄市,95.3,53.1,98.2,57.6,0.739,2.71,337.0
2026-07-21 00:00:00,前金測站,高雄市,87.8,48.1,89.3,55.9,0.788,2.26,202.0
2026-07-21 01:00:00,前金測站,高雄市,82.6,46.9,85.4,48.3,0.668,2.7,224.9
2026-07-21 02:00:00,前金測站,高雄市,85.7,50.1,88.4,50.2,0.766,4.05,293.2
2026-07-21 03:00:00,前金測站,高雄市,92.2,49.6,97.3,52.1,0.699,2.11,294.3
2026-07-21 04:00:00,前金測站,高雄市,99.7,59.6,103.6,46.8,0.791,1.33,252.7
2026-07-21 05:00:00,前金測站,高雄市,101.1,56.9,111.9,47.1,0.653,0.97,300.9
2026-07-21 06:00:00,前金測站,高雄市,91.1,52.5,76.2,44.1,0.76,2.77,229.6
2026-07-21 07:00:00,前金測站,高雄市,101.1,51.0,77.8,46.0,0.827,2.44,286.3
2026-07-21 08:00:00,前金測站,高雄市,100.1,53.4,94.0,50.3,0.832,1.11,279.8
2026-07-21 09:00:00,前金測站,高雄市,91.6,50.1,82.1,37.4,0.802,1.94,218.3
2026-07-21 10:00:00,前金測站,高雄市,96.2,53.8,82.6,48.9,0.785,0.99,243.9
2026-07-21 11:00:00,前金測站,高雄市,96.2,52.4,85.5,47.9,0.714,1.04,310.3
2026-07-21 12:00:00,前金測站,高雄市,95.5,53.4,103.0,49.3,0.755,2.23,281.8
2026-07-21 13:00:00,前金測站,高雄市,93.2,49.5,76.1,57.1,0.765,2.67,270.5
2026-07-21 14:00:00,前金測站,高雄市,82.0,49.9,80.2,50.7,0.622,1.5,264.1
2026-07-21 15:00:00,前金測站,高雄市,82.9,49.3,81.4,53.9,0.64,1.69,266.5
2026-07-21 16:00:00,前金測站,高雄市,98.5,54.6,92.9,59.7,0.771,1.67,281.6
2026-07-21 17:00:00,前金測站,高雄市,105.1,59.2,109.5,63.5,0.755,0.74,309.4
2026-07-21 18:00:00,前金測站,高雄市,88.8,52.7,81.5,60.3,0.778,2.25,352.5
2026-07-21 19:00:00,前金測站,高雄市,93.3,57.9,98.3,67.8,0.737,2.24,299.1
2026-07-21 20:00:00,前金測站,高雄市,90.1,54.4,92.4,60.9,0.753,3.02,351.9
2026-07-21 21:00:00,前金測站,高雄市,83.7,47.9,82.2,56.3,0.731,1.65,344.3
2026-07-21 22:00:00,前金測站,高雄市,84.3,50.7,98.4,54.7,0.604,0.94,313.3
2026-07-21 23:00:00,前金測站,高雄市,85.4,53.5,95.0,54.3,0.738,1.39,238.3
2026-07-22 00:00:00,前金測站,高雄市,82.8,47.5,93.3,52.0,0.681,2.47,231.3
2026-07-22 01:00:00,前金測站,高雄市,89.5,48.9,85.7,55.0,0.622,1.17,265.0
2026-07-22 02:00:00,前金測站,高雄市,85.7,51.1,83.5,53.0,0.707,1.4,293.3
2026-07-22 03:00:00,前金測站,高雄市,93.8,57.2,97.4,50.8,0.744,1.98,66.4
2026-07-22 04:00:00,前金測站,高雄市,84.4,52.0,87.3,52.0,0.713,1.93,340.3
2026-07-22 05:00:00,前金測站,高雄市,81.5,49.3,96.1,45.3,0.691,3.23,355.2
2026-07-22 06:00:00,前金測站,高雄市,79.1,55.8,85.1,41.5,0.669,2.18,345.6
2026-07-22 07:00:00,前金測站,高雄市,88.5,60.0,117.3,50.5,0.648,2.63,314.5
2026-07-22 08:00:00,前金測站,高雄市,98.6,55.9,94.2,52.3,0.737,3.29,60.1
2026-07-22 09:00:00,前金測站,高雄市,93.4,52.5,89.8,54.0,0.71,3.03,47.7
2026-07-22 10:00:00,前金測站,高雄市,96.3,54.4,98.2,42.5,0.834,1.92,291.0
2026-07-22 11:00:00,前金測站,高雄市,91.6,51.5,99.2,43.1,0.728,1.57,315.7
2026-07-22 12:00:00,前金測站,高雄市,77.1,49.7,87.8,46.8,0.632,1.56,78.7
2026-07-22 13:00:00,前金測站,高雄市,87.5,50.0,67.2,56.4,0.742,2.77,356.4
2026-07-22 14:00:00,前金測站,高雄市,88.5,55.3,106.2,50.5,0.723,2.41,343.6
2026-07-22 15:00:00,前金測站,高雄市,84.6,50.7,84.0,51.2,0.629,1.97,26.3
2026-07-22 16:00:00,前金測站,高雄市,83.2,53.7,86.8,61.6,,1.47,40.3
2026-07-22 17:00:00,前金測站,高雄市,90.5,50.1,101.2,63.2,0.677,3.17,6.4
2026-07-22 18:00:00,前金測站,高雄市,96.6,52.4,82.4,70.8,0.718,2.05,50.6
2026-07-22 19:00:00,前金測站,高雄市,83.1,44.4,76.9,66.6,0.629,1.24,105.4
2026-07-22 20:00:00,前金測站,高雄市,84.5,50.2,94.6,63.6,0.597,1.19,85.6
2026-07-22 21:00:00,前金測站,高雄市,85.9,49.3,83.4,65.4,0.689,1.57,11.8
2026-07-22 22:00:00,前金測站,高雄市,88.7,56.3,95.6,62.9,0.784,1.0,17.2
2026-07-22 23:00:00,前金測站,高雄市,86.5,52.0,94.8,57.6,0.635,2.11,53.2
2026-07-23 00:00:00,前金測站,高雄市,77.4,47.2,65.4,55.1,0.599,2.3,15.4
2026-07-23 01:00:00,前金測站,高雄市,76.0,53.4,75.5,45.9,0.659,,108.9
2026-07-23 02:00:00,前金測站,高雄市,78.5,49.2,89.2,44.2,0.727,2.17,71.4
2026-07-23 03:00:00,前金測站,高雄市,81.4,51.8,76.8,55.0,0.747,2.22,24.8
2026-07-23 04:00:00,前金測站,高雄市,68.7,46.0,75.1,39.8,0.638,1.58,63.0
2026-07-23 05:00:00,前金測站,高雄市,81.0,47.8,91.6,39.3,0.691,1.15,14.5
2026-07-23 06:00:00,前金測站,高雄市,91.5,54.0,101.8,46.6,0.702,2.64,321.1
2026-07-23 07:00:00,前金測站,高雄市,85.2,51.2,98.4,35.2,0.589,2.02,30.7
2026-07-23 08:00:00,前金測站,高雄市,85.6,48.3,75.5,43.2,0.753,1.8,84.4
2026-07-23 09:00:00,前金測站,高雄市,95.0,53.3,90.6,48.3,0.777,2.18,50.4
2026-07-23 10:00:00,前金測站,高雄市,76.7,49.3,93.3,43.3,0.724,1.69,339.4
2026-07-23 11:00:00,前金測站,高雄市,74.9,47.1,83.7,39.6,0.657,2.8,343.8
2026-07-23 12:00:00,前金測站,高雄市,69.9,45.4,,42.1,0.65,2.36,66.1
2026-07-23 13:00:00,前金測站,高雄市,70.3,45.6,70.7,43.8,0.596,2.35,123.6
2026-07-23 14:00:00,前金測站,高雄市,82.3,48.7,77.0,51.1,0.666,2.52,137.1
2026-07-23 15:00:00,前金測站,高雄市,73.5,48.9,85.4,50.6,0.683,2.59,196.9
2026-07-23 16:00:00,前金測站,高雄市,80.9,50.8,85.0,62.0,0.67,1.35,44.9
2026-07-23 17:00:00,前金測站,高雄市,87.0,55.3,86.5,62.6,0.63,1.25,149.5
2026-07-23 18:00:00,前金測站,高雄市,86.2,50.8,85.6,55.2,0.772,2.21,127.4
2026-07-23 19:00:00,前金測站,高雄市,84.7,51.0,101.3,63.5,0.693,2.81,129.4
2026-07-23 20:00:00,前金測站,高雄市,78.5,49.4,92.8,60.2,0.66,2.86,353.4
2026-07-23 21:00:00,前金測站,高雄市,78.1,48.2,82.6,57.3,0.586,2.44,106.0
2026-07-23 22:00:00,前金測站,高雄市,71.8,47.4,98.9,50.0,0.661,1.49,32.1
2026-07-23 23:00:00,前金測站,高雄市,72.1,50.1,75.2,54.4,0.625,2.32,88.3
2026-07-24 00:00:00,前金測站,高雄市,72.5,53.5,105.2,48.3,0.591,1.94,167.1
2026-07-24 01:00:00,前金測站,高雄市,77.7,48.0,67.8,44.0,0.657,1.8,110.2
2026-07-24 02:00:00,前金測站,高雄市,64.5,43.8,57.5,37.9,0.589,2.83,65.0
2026-07-24 03:00:00,前金測站,高雄市,76.9,48.7,81.6,44.0,0.638,2.44,31.2
2026-07-24 04:00:00,前金測站,高雄市,83.7,54.2,84.7,43.2,0.722,1.51,118.2
2026-07-24 05:00:00,前金測站,高雄市,81.3,50.4,101.0,42.1,0.691,1.55,179.8
2026-07-24 06:00:00,前金測站,高雄市,82.2,60.2,98.6,45.8,0.615,3.73,74.9
2026-07-24 07:00:00,前金測站,高雄市,87.3,48.1,93.0,46.2,0.818,1.68,337.6
2026-07-24 08:00:00,前金測站,高雄市,94.1,51.9,98.7,41.8,0.678,2.38,116.9
2026-07-24 09:00:00,前金測站,高雄市,96.7,53.6,86.5,39.4,0.782,1.59,120.5
2026-07-24 10:00:00,前金測站,高雄市,80.6,47.1,88.6,39.5,0.703,2.95,132.0
2026-07-24 11:00:00,前金測站,高雄市,87.5,49.0,96.3,,0.799,2.2,108.5
2026-07-24 12:00:00,前金測站,高雄市,81.0,47.8,73.0,46.4,0.626,3.0,101.9
2026-07-24 13:00:00,前金測站,高雄市,76.3,45.7,94.6,50.1,0.678,2.9,128.7
2026-07-24 14:00:00,前金測站,高雄市,89.4,50.6,97.1,55.3,0.713,2.72,155.8
2026-07-24 15:00:00,前金測站,高雄市,85.9,55.7,83.2,50.3,0.875,0.94,123.3
2026-07-24 16:00:00,前金測站,高雄市,84.5,57.6,98.6,55.2,0.63,2.47,116.5
2026-07-24 17:00:00,前金測站,高雄市,91.2,54.8,96.7,60.0,0.709,1.98,300.3
2026-07-24 18:00:00,前金測站,高雄市,90.6,45.2,71.8,60.4,0.676,1.07,280.8
2026-07-24 19:00:00,前金測站,高雄市,92.3,52.6,75.6,64.5,0.657,2.49,102.6
2026-07-24 20:00:00,前金測站,高雄市,90.9,58.7,84.7,61.6,0.737,2.62,249.0
2026-07-24 21:00:00,前金測站,高雄市,93.7,53.1,101.2,59.1,0.75,1.01,120.0
2026-07-24 22:00:00,前金測站,高雄市,87.2,50.0,95.0,59.3,0.657,0.71,226.6
2026-07-24 23:00:00,前金測站,高雄市,80.2,49.5,88.6,55.9,0.689,1.75,174.3
2026-07-25 00:00:00,前金測站,高雄市,78.4,54.5,102.1,53.0,0.645,0.76,78.5
2026-07-25 01:00:00,前金測站,高雄市,76.3,49.4,75.8,45.3,0.574,1.6,149.5
2026-07-25 02:00:00,前金測站,高雄市,76.7,47.0,83.4,47.3,0.589,0.77,220.4
2026-07-25 03:00:00,前金測站,高雄市,85.2,51.2,80.0,37.6,0.73,2.93,290.0
2026-07-25 04:00:00,前金測站,高雄市,76.3,45.9,71.4,46.2,0.611,2.37,134.1
2026-07-25 05:00:00,前金測站,高雄市,80.7,49.3,97.2,33.8,0.664,2.38,168.9
2026-07-25 06:00:00,前金測站,高雄市,79.0,51.9,90.5,36.9,0.63,2.82,224.9
2026-07-25 07:00:00,前金測站,高雄市,88.9,52.2,83.6,37.2,0.732,3.09,234.2
2026-07-25 08:00:00,前金測站,高雄市,92.1,49.5,82.7,47.4,0.77,3.08,142.7
2026-07-25 09:00:00,前金測站,高雄市,82.8,51.3,96.9,47.8,0.624,2.09,117.3
2026-07-25 10:00:00,前金測站,高雄市,86.0,55.2,112.4,44.8,0.745,2.35,185.9
2026-07-25 11:00:00,前金測站,高雄市,84.4,53.9,102.8,46.0,0.621,1.21,189.9
2026-07-25 12:00:00,前金測站,高雄市,85.9,54.5,106.8,57.5,0.662,2.22,183.6
2026-07-25 13:00:00,前金測站,高雄市,74.5,52.4,93.8,47.6,0.697,1.51,283.0
2026-07-25 14:00:00,前金測站,高雄市,86.6,46.4,72.1,60.5,0.728,1.77,168.7
2026-07-25 15:00:00,前金測站,高雄市,87.1,50.6,92.0,59.8,0.785,2.76,225.5
2026-07-25 16:00:00,前金測站,高雄市,82.7,52.9,104.9,57.9,0.649,2.34,291.5
2026-07-25 17:00:00,前金測站,高雄市,91.1,52.6,88.5,57.0,0.665,2.1,219.9
2026-07-25 18:00:00,前金測站,高雄市,96.3,57.3,86.6,59.3,0.778,2.22,213.6
2026-07-25 19:00:00,前金測站,高雄市,91.4,49.6,78.7,62.4,,1.29,260.2
2026-07-25 20:00:00,前金測站,高雄市,93.2,50.3,93.4,62.0,0.655,1.65,213.9
2026-07-25 21:00:00,前金測站,高雄市,84.5,50.9,79.9,52.1,0.687,,233.8
2026-07-25 22:00:00,前金測站,高雄市,81.3,49.6,96.5,50.6,0.634,2.07,275.5
2026-07-25 23:00:00,前金測站,高雄市,79.7,49.2,81.9,54.0,0.683,1.31,265.9
2026-07-26 00:00:00,前金測站,高雄市,76.6,46.2,92.7,44.6,0.622,2.16,316.2
2026-07-26 01:00:00,前金測站,高雄市,91.9,51.8,76.7,52.6,0.731,0.87,252.4
2026-07-26 02:00:00,前金測站,高雄市,84.5,48.7,67.7,49.2,0.749,1.92,204.2
2026-07-26 03:00:00,前金測站,高雄市,75.4,50.3,98.7,42.5,0.542,2.28,223.1
2026-07-26 04:00:00,前金測站,高雄市,80.1,55.1,79.8,44.6,0.642,1.77,279.0
2026-07-26 05:00:00,前金測站,高雄市,86.5,48.8,88.9,44.5,0.716,1.64,286.1
2026-07-26 06:00:00,前金測站,高雄市,93.4,53.6,87.9,42.2,0.678,1.75,294.8
2026-07-26 07:00:00,前金測站,高雄市,88.1,51.9,108.2,45.9,0.735,2.67,243.0
2026-07-26 08:00:00,前金測站,高雄市,101.2,55.8,91.5,45.0,0.674,1.68,244.3
2026-07-26 09:00:00,前金測站,高雄市,90.5,48.6,88.6,51.6,0.794,2.1,335.3
2026-07-26 10:00:00,前金測站,高雄市,89.9,51.3,77.2,62.5,0.766,2.17,308.6
2026-07-26 11:00:00,前金測站,高雄市,87.4,51.7,84.3,43.3,0.72,2.47,277.0
2026-07-26 12:00:00,前金測站,高雄市,84.7,54.2,95.7,46.0,0.671,3.14,277.1
2026-07-26 13:00:00,前金測站,高雄市,84.6,50.3,91.3,51.5,0.657,2.96,285.1
2026-07-26 14:00:00,前金測站,高雄市,83.3,50.5,104.4,49.0,0.691,0.99,1.3
2026-07-26 15:00:00,前金測站,高雄市,84.8,46.9,77.0,49.0,0.698,1.77,286.3
2026-07-26 16:00:00,前金測站,高雄市,84.6,48.4,77.8,56.3,0.704,1.9,333.6
2026-07-26 17:00:00,前金測站,高雄市,92.4,51.6,106.4,57.6,0.745,1.99,277.5
2026-07-26 18:00:00,前金測站,高雄市,93.3,57.5,98.8,68.5,0.641,1.18,280.5
2026-07-26 19:00:00,前金測站,高雄市,97.0,57.1,88.1,58.0,0.74,2.54,2.7
2026-07-26 20:00:00,前金測站,高雄市,88.6,51.0,98.0,70.2,0.642,3.13,325.4
2026-07-26 21:00:00,前金測站,高雄市,88.4,52.8,87.9,57.3,0.723,2.81,315.0
2026-07-26 22:00:00,前金測站,高雄市,71.7,47.9,72.7,52.3,0.687,0.58,323.2
2026-07-26 23:00:00,前金測站,高雄市,81.3,56.8,111.5,55.3,0.672,3.35,259.9
2026-07-27 00:00:00,前金測站,高雄市,83.5,53.3,99.1,52.9,0.723,2.43,284.8
2026-07-27 01:00:00,前金測站,高雄市,87.8,51.9,91.2,47.1,0.732,2.41,44.8
2026-07-27 02:00:00,前金測站,高雄市,79.8,49.9,78.0,41.5,0.607,2.33,302.5
2026-07-27 03:00:00,前金測站,高雄市,82.2,55.0,101.9,40.0,0.691,0.64,258.7
2026-07-27 04:00:00,前金測站,高雄市,88.8,48.2,84.2,46.1,0.759,1.59,334.9
2026-07-27 05:00:00,前金測站,高雄市,84.3,49.0,86.8,37.6,0.665,2.36,29.0
2026-07-27 06:00:00,前金測站,高雄市,93.7,53.3,86.3,41.3,0.684,2.9,1.8
2026-07-27 07:00:00,前金測站,高雄市,97.1,56.1,76.4,46.3,0.741,1.3,285.1
2026-07-27 08:00:00,前金測站,高雄市,96.4,50.1,89.1,44.9,0.759,2.35,308.9
2026-07-27 09:00:00,前金測站,高雄市,98.9,54.1,100.7,40.5,0.792,2.18,57.1
2026-07-27 10:00:00,前金測站,高雄市,166.5,70.4,112.2,67.2,1.107,1.56,36.7
2026-07-27 11:00:00,前金測站,高雄市,70.4,47.7,84.9,42.0,0.664,2.4,329.1
2026-07-27 12:00:00,前金測站,高雄市,77.1,54.1,98.8,55.5,0.616,1.98,12.8
2026-07-27 13:00:00,前金測站,高雄市,75.8,44.0,78.6,49.5,0.592,2.49,244.4
2026-07-27 14:00:00,前金測站,高雄市,84.1,52.3,95.6,50.7,0.671,2.94,333.0
2026-07-27 15:00:00,前金測站,高雄市,91.0,56.2,103.6,53.3,0.638,2.54,35.0
2026-07-27 16:00:00,前金測站,高雄市,89.8,49.3,67.0,59.1,0.675,2.74,352.0
2026-07-27 17:00:00,前金測站,高雄市,91.9,53.8,78.9,62.0,0.673,2.26,62.5
2026-07-27 18:00:00,前金測站,高雄市,93.5,52.4,75.4,61.6,0.666,2.92,124.5
2026-07-27 19:00:00,前金測站,高雄市,86.6,54.1,77.4,52.0,0.768,2.04,352.4
2026-07-27 20:00:00,前金測站,高雄市,87.5,50.9,89.1,61.9,0.762,2.93,84.3
2026-07-27 21:00:00,前金測站,高雄市,82.2,50.3,93.2,58.5,0.708,3.36,66.1
2026-07-27 22:00:00,前金測站,高雄市,87.4,51.9,92.8,62.8,0.736,2.31,305.3
2026-07-27 23:00:00,前金測站,高雄市,86.2,52.8,80.5,58.0,0.755,1.72,58.7
2026-07-28 00:00:00,前金測站,高雄市,75.9,51.0,82.4,51.7,0.613,1.92,55.5
2026-07-28 01:00:00,前金測站,高雄市,80.9,44.7,80.4,48.6,0.609,2.09,10.2
2026-07-28 02:00:00,前金測站,高雄市,85.7,46.3,83.9,50.1,0.747,2.41,341.8
2026-07-28 03:00:00,前金測站,高雄市,77.2,47.1,74.4,39.1,0.677,3.06,35.2
2026-07-28 04:00:00,前金測站,高雄市,80.4,45.8,71.0,43.6,0.648,2.51,37.1
2026-07-28 05:00:00,前金測站,高雄市,86.5,54.4,79.4,36.2,0.763,1.39,328.7
2026-07-28 06:00:00,前金測站,高雄市,85.5,47.0,77.0,46.4,0.729,2.83,65.3
2026-07-28 07:00:00,前金測站,高雄市,84.2,48.1,80.0,41.1,0.689,3.14,71.0
2026-07-28 08:00:00,前金測站,高雄市,86.4,53.9,99.3,45.0,0.667,2.18,148.0
2026-07-28 09:00:00,前金測站,高雄市,85.1,55.4,92.3,40.1,0.665,3.12,148.4
2026-07-28 10:00:00,前金測站,高雄市,88.3,48.9,88.0,42.3,0.735,1.48,355.0
2026-07-28 11:00:00,前金測站,高雄市,72.5,53.5,81.0,39.5,0.694,1.27,2.8
2026-07-28 12:00:00,前金測站,高雄市,77.1,49.4,82.1,53.1,0.614,1.47,11.3
2026-07-28 13:00:00,前金測站,高雄市,74.5,45.4,75.9,48.1,0.583,1.38,135.9
2026-07-28 14:00:00,前金測站,高雄市,87.2,55.7,100.4,62.0,0.683,1.07,137.5
2026-07-28 15:00:00,前金測站,高雄市,81.4,52.3,103.1,58.7,0.636,2.98,8.6
2026-07-28 16:00:00,前金測站,高雄市,83.2,55.9,96.2,59.5,0.681,1.92,35.8
2026-07-28 17:00:00,前金測站,高雄市,87.3,51.6,103.7,56.0,0.625,1.62,37.9
2026-07-28 18:00:00,前金測站,高雄市,86.0,47.9,92.5,60.6,0.618,1.41,102.2
2026-07-28 19:00:00,前金測站,高雄市,76.5,45.7,75.6,66.8,0.581,2.75,62.0
2026-07-28 20:00:00,前金測站,高雄市,77.2,54.2,83.1,59.4,0.651,2.07,114.7
2026-07-28 21:00:00,前金測站,高雄市,84.5,56.3,106.6,58.6,0.733,3.75,157.2
2026-07-28 22:00:00,前金測站,高雄市,83.2,53.7,115.8,50.4,0.706,0.28,154.3
2026-07-28 23:00:00,前金測站,高雄市,80.9,,80.1,55.6,0.662,1.69,55.7
2026-07-29 00:00:00,前金測站,高雄市,77.4,47.2,76.3,44.8,0.657,2.46,197.0
2026-07-29 01:00:00,前金測站,高雄市,82.4,48.1,79.1,56.3,0.603,2.12,152.5
2026-07-29 02:00:00,前金測站,高雄市,85.2,57.1,95.9,51.3,0.697,1.57,107.6
2026-07-29 03:00:00,前金測站,高雄市,87.2,53.9,95.7,45.8,0.716,2.56,110.6
2026-07-29 04:00:00,前金測站,高雄市,83.1,53.3,102.2,48.7,0.69,0.8,104.8
2026-07-29 05:00:00,前金測站,高雄市,83.3,48.4,74.8,43.6,0.678,2.22,122.8
2026-07-29 06:00:00,前金測站,高雄市,78.4,48.5,92.8,43.7,0.727,1.17,106.4
2026-07-29 07:00:00,前金測站,高雄市,99.3,52.6,77.4,53.9,0.719,2.27,150.6
2026-07-29 08:00:00,前金測站,高雄市,81.2,50.5,92.3,48.6,0.65,1.88,270.5
2026-07-29 09:00:00,前金測站,高雄市,137.4,68.1,118.8,65.5,0.864,1.23,67.0
2026-07-29 10:00:00,前金測站,高雄市,87.3,50.3,85.9,45.5,0.633,1.2,149.4
2026-07-29 11:00:00,前金測站,高雄市,74.1,49.5,98.2,41.5,0.647,1.34,148.5
2026-07-29 12:00:00,前金測站,高雄市,79.3,46.9,65.8,42.7,0.604,1.79,215.5
2026-07-29 13:00:00,前金測站,高雄市,84.7,51.6,74.9,56.7,0.592,2.61,119.0
2026-07-29 14:00:00,前金測站,高雄市,84.6,52.8,85.6,48.0,0.733,2.03,124.7
2026-07-29 15:00:00,前金測站,高雄市,94.5,55.8,108.7,57.9,0.708,1.52,169.8
2026-07-29 16:00:00,前金測站,高雄市,84.2,51.7,84.2,65.3,0.682,3.02,209.7
2026-07-29 17:00:00,前金測站,高雄市,97.8,60.4,117.2,61.8,0.751,1.62,129.1
2026-07-29 18:00:00,前金測站,高雄市,86.0,51.9,93.9,58.9,0.655,1.36,149.0
2026-07-29 19:00:00,前金測站,高雄市,92.5,57.0,85.4,66.8,0.661,2.85,140.9
2026-07-29 20:00:00,前金測站,高雄市,92.1,52.4,91.3,61.2,0.768,2.16,124.8
2026-07-29 21:00:00,前金測站,高雄市,85.4,50.9,82.0,61.8,0.727,3.06,223.5
2026-07-29 22:00:00,前金測站,高雄市,81.4,49.4,81.4,56.6,0.624,1.74,206.1
2026-07-29 23:00:00,前金測站,高雄市,73.9,41.7,59.9,54.8,0.711,1.51,85.2
2026-06-30 00:00:00,宜蘭測站,宜蘭縣,37.7,,33.7,42.0,0.513,3.17,170.0
2026-06-30 01:00:00,宜蘭測站,宜蘭縣,44.7,19.1,34.0,36.4,0.472,3.33,140.8
2026-06-30 02:00:00,宜蘭測站,宜蘭縣,43.9,26.2,39.9,38.4,0.419,2.27,125.1
2026-06-30 03:00:00,宜蘭測站,宜蘭縣,42.1,19.3,37.9,40.8,0.418,2.17,235.9
2026-06-30 04:00:00,宜蘭測站,宜蘭縣,46.9,22.4,44.0,28.0,0.529,3.33,170.6
2026-06-30 05:00:00,宜蘭測站,宜蘭縣,38.5,26.5,52.3,26.5,0.397,2.98,251.5
2026-06-30 06:00:00,宜蘭測站,宜蘭縣,43.7,23.2,33.9,31.2,0.513,1.14,270.6
2026-06-30 07:00:00,宜蘭測站,宜蘭縣,52.7,29.5,57.4,42.3,0.492,2.59,146.5
2026-06-30 08:00:00,宜蘭測站,宜蘭縣,55.1,28.4,41.6,30.3,0.546,1.87,172.2
2026-06-30 09:00:00,宜蘭測站,宜蘭縣,57.5,28.3,55.0,40.6,0.554,2.23,146.6
2026-06-30 10:00:00,宜蘭測站,宜蘭縣,40.1,17.9,24.0,27.1,0.45,2.86,232.8
2026-06-30 11:00:00,宜蘭測站,宜蘭縣,47.2,24.1,41.4,36.6,0.501,3.3,256.6
2026-06-30 12:00:00,宜蘭測站,宜蘭縣,44.9,22.8,36.3,43.3,0.459,3.2,218.3
2026-06-30 13:00:00,宜蘭測站,宜蘭縣,52.7,27.2,38.2,38.0,0.539,1.15,193.3
2026-06-30 14:00:00,宜蘭測站,宜蘭縣,41.0,20.3,37.7,41.9,0.491,2.28,355.5
2026-06-30 15:00:00,宜蘭測站,宜蘭縣,50.6,23.4,41.2,44.1,0.45,1.67,188.2
2026-06-30 16:00:00,宜蘭測站,宜蘭縣,51.8,20.5,31.1,50.6,0.557,2.79,326.6
2026-06-30 17:00:00,宜蘭測站,宜蘭縣,60.3,28.1,39.2,47.1,0.575,2.63,280.1
2026-06-30 18:00:00,宜蘭測站,宜蘭縣,57.4,29.9,51.1,51.0,0.553,1.94,220.6
2026-06-30 19:00:00,宜蘭測站,宜蘭縣,56.7,26.2,34.3,55.2,0.571,1.91,165.9
2026-06-30 20:00:00,宜蘭測站,宜蘭縣,58.9,32.4,52.6,57.6,0.584,2.27,293.2
2026-06-30 21:00:00,宜蘭測站,宜蘭縣,46.1,22.0,35.8,51.9,0.559,1.5,245.1
2026-06-30 22:00:00,宜蘭測站,宜蘭縣,57.8,25.1,40.8,51.2,0.584,2.83,189.0
2026-06-30 23:00:00,宜蘭測站,宜蘭縣,47.4,25.0,35.4,46.6,0.465,1.26,286.5
2026-07-01 00:00:00,宜蘭測站,宜蘭縣,47.6,26.2,44.7,48.3,0.594,3.14,273.2
2026-07-01 01:00:00,宜蘭測站,宜蘭縣,40.1,22.3,30.6,47.8,0.42,1.03,299.7
2026-07-01 02:00:00,宜蘭測站,宜蘭縣,43.7,25.8,44.2,43.4,0.422,2.5,274.0
2026-07-01 03:00:00,宜蘭測站,宜蘭縣,43.7,24.2,38.9,43.8,0.622,2.94,254.9
2026-07-01 04:00:00,宜蘭測站,宜蘭縣,50.3,24.4,48.3,40.5,0.446,1.84,232.0
2026-07-01 05:00:00,宜蘭測站,宜蘭縣,51.9,32.6,51.0,35.2,0.512,2.48,241.4
2026-07-01 06:00:00,宜蘭測站,宜蘭縣,67.2,31.4,64.3,39.1,0.603,2.18,256.2
2026-07-01 07:00:00,宜蘭測站,宜蘭縣,51.3,20.3,29.0,37.3,0.48,1.75,315.7
2026-07-01 08:00:00,宜蘭測站,宜蘭縣,57.7,29.4,50.2,38.7,0.575,2.99,261.0
2026-07-01 09:00:00,宜蘭測站,宜蘭縣,49.1,25.9,29.7,36.4,0.437,2.53,283.4
2026-07-01 10:00:00,宜蘭測站,宜蘭縣,57.1,27.3,45.7,37.1,0.607,2.22,255.3
2026-07-01 11:00:00,宜蘭測站,宜蘭縣,43.8,27.5,38.0,38.6,0.467,2.41,272.1
2026-07-01 12:00:00,宜蘭測站,宜蘭縣,46.3,32.3,64.5,40.2,0.557,2.75,332.9
2026-07-01 13:00:00,宜蘭測站,宜蘭縣,50.4,25.5,48.6,42.8,0.471,1.92,151.9
2026-07-01 14:00:00,宜蘭測站,宜蘭縣,50.7,27.4,45.9,46.8,0.521,3.04,258.2
2026-07-01 15:00:00,宜蘭測站,宜蘭縣,48.5,20.0,29.8,47.3,0.427,2.2,305.8
2026-07-01 16:00:00,宜蘭測站,宜蘭縣,59.8,24.8,38.1,49.5,0.521,1.67,273.9
2026-07-01 17:00:00,宜蘭測站,宜蘭縣,60.4,25.2,43.7,52.9,0.564,2.57,247.5
2026-07-01 18:00:00,宜蘭測站,宜蘭縣,51.5,28.3,51.5,56.5,0.568,1.55,299.6
2026-07-01 19:00:00,宜蘭測站,宜蘭縣,60.0,29.0,35.9,51.5,0.569,1.4,352.6
2026-07-01 20:00:00,宜蘭測站,宜蘭縣,51.5,19.4,35.5,51.0,0.596,2.92,236.9
2026-07-01 21:00:00,宜蘭測站,宜蘭縣,41.6,22.2,37.8,55.1,0.568,2.34,6.4
2026-07-01 22:00:00,宜蘭測站,宜蘭縣,49.0,21.5,33.0,42.6,0.471,2.07,330.0
2026-07-01 23:00:00,宜蘭測站,宜蘭縣,52.0,25.5,41.6,49.3,0.529,2.12,25.1
2026-07-02 00:00:00,宜蘭測站,宜蘭縣,38.7,20.2,35.9,44.2,0.488,3.42,351.6
2026-07-02 01:00:00,宜蘭測站,宜蘭縣,43.9,22.5,33.0,41.2,0.514,2.71,344.0
2026-07-02 02:00:00,宜蘭測站,宜蘭縣,40.3,26.7,49.5,35.8,0.526,3.28,329.9
2026-07-02 03:00:00,宜蘭測站,宜蘭縣,51.9,24.9,37.8,40.1,0.48,2.52,330.2
2026-07-02 04:00:00,宜蘭測站,宜蘭縣,48.9,22.7,30.5,36.8,0.527,2.92,307.7
2026-07-02 05:00:00,宜蘭測站,宜蘭縣,47.4,22.7,37.7,33.5,0.472,2.01,261.9
2026-07-02 06:00:00,宜蘭測站,宜蘭縣,52.7,23.6,37.5,35.7,0.532,2.52,300.1
2026-07-02 07:00:00,宜蘭測站,宜蘭縣,55.1,24.2,36.5,28.0,0.644,2.87,354.9
2026-07-02 08:00:00,宜蘭測站,宜蘭縣,56.1,32.6,50.4,32.5,0.52,1.19,327.7
2026-07-02 09:00:00,宜蘭測站,宜蘭縣,55.6,28.3,53.2,38.3,0.586,0.9,7.7
2026-07-02 10:00:00,宜蘭測站,宜蘭縣,58.5,26.2,47.0,31.0,0.527,1.56,45.2
2026-07-02 11:00:00,宜蘭測站,宜蘭縣,48.3,25.6,44.3,37.9,0.62,2.97,29.1
2026-07-02 12:00:00,宜蘭測站,宜蘭縣,38.4,21.0,45.6,31.0,0.509,3.09,271.8
2026-07-02 13:00:00,宜蘭測站,宜蘭縣,47.4,23.6,47.0,38.6,0.496,2.21,314.6
2026-07-02 14:00:00,宜蘭測站,宜蘭縣,36.3,24.1,38.1,40.0,0.456,2.2,324.6
2026-07-02 15:00:00,宜蘭測站,宜蘭縣,52.5,28.2,36.4,40.8,0.498,2.58,15.5
2026-07-02 16:00:00,宜蘭測站,宜蘭縣,47.1,25.3,54.2,47.3,0.519,2.11,29.1
2026-07-02 17:00:00,宜蘭測站,宜蘭縣,59.0,24.2,37.6,51.2,0.535,1.69,12.3
2026-07-02 18:00:00,宜蘭測站,宜蘭縣,57.1,26.3,50.3,55.6,0.621,2.61,17.9
2026-07-02 19:00:00,宜蘭測站,宜蘭縣,43.0,25.5,34.8,50.5,0.562,3.14,18.9
2026-07-02 20:00:00,宜蘭測站,宜蘭縣,40.2,27.2,46.1,51.0,0.449,2.14,347.9
2026-07-02 21:00:00,宜蘭測站,宜蘭縣,38.8,18.9,37.6,50.2,0.424,3.3,44.0
2026-07-02 22:00:00,宜蘭測站,宜蘭縣,38.2,18.5,43.5,46.0,0.512,2.54,80.7
2026-07-02 23:00:00,宜蘭測站,宜蘭縣,37.8,14.8,29.8,48.3,0.452,2.72,0.7
2026-07-03 00:00:00,宜蘭測站,宜蘭縣,45.4,28.4,40.6,36.5,0.527,2.69,353.0
2026-07-03 01:00:00,宜蘭測站,宜蘭縣,38.8,18.6,30.1,35.4,0.446,2.4,59.1
2026-07-03 02:00:00,宜蘭測站,宜蘭縣,43.0,26.7,45.5,36.2,0.396,2.61,355.2
2026-07-03 03:00:00,宜蘭測站,宜蘭縣,43.2,22.8,42.8,33.6,0.516,2.82,62.7
2026-07-03 04:00:00,宜蘭測站,宜蘭縣,37.2,24.3,39.1,31.9,0.508,1.99,314.9
2026-07-03 05:00:00,宜蘭測站,宜蘭縣,38.7,23.8,49.4,39.2,0.368,2.42,285.5
2026-07-03 06:00:00,宜蘭測站,宜蘭縣,45.9,22.0,38.8,27.5,0.42,0.99,123.9
2026-07-03 07:00:00,宜蘭測站,宜蘭縣,51.6,24.5,47.2,44.9,0.514,1.67,125.3
2026-07-03 08:00:00,宜蘭測站,宜蘭縣,42.3,22.1,42.8,26.8,0.544,1.95,102.9
2026-07-03 09:00:00,宜蘭測站,宜蘭縣,45.5,24.3,40.5,31.0,0.456,2.95,318.4
2026-07-03 10:00:00,宜蘭測站,宜蘭縣,50.4,25.5,47.6,33.9,0.511,1.74,86.6
2026-07-03 11:00:00,宜蘭測站,宜蘭縣,38.1,22.7,38.8,34.5,,3.08,68.0
2026-07-03 12:00:00,宜蘭測站,宜蘭縣,36.7,21.3,52.1,37.0,0.469,1.91,120.7
2026-07-03 13:00:00,宜蘭測站,宜蘭縣,35.6,22.9,44.7,36.2,0.333,2.45,37.5
2026-07-03 14:00:00,宜蘭測站,宜蘭縣,31.3,24.9,29.7,40.8,0.388,3.04,34.0
2026-07-03 15:00:00,宜蘭測站,宜蘭縣,36.2,24.6,46.7,42.7,0.38,3.36,132.0
2026-07-03 16:00:00,宜蘭測站,宜蘭縣,44.8,21.5,35.8,44.0,0.478,4.64,201.1
2026-07-03 17:00:00,宜蘭測站,宜蘭縣,48.1,22.6,41.1,55.8,0.483,2.24,91.8
2026-07-03 18:00:00,宜蘭測站,宜蘭縣,38.2,18.1,29.5,49.3,0.519,1.47,6.6
2026-07-03 19:00:00,宜蘭測站,宜蘭縣,46.4,21.5,40.7,48.4,0.479,2.41,82.6
2026-07-03 20:00:00,宜蘭測站,宜蘭縣,45.0,20.2,41.0,58.5,0.427,2.83,85.5
2026-07-03 21:00:00,宜蘭測站,宜蘭縣,38.4,19.9,36.2,57.5,0.397,1.46,212.0
2026-07-03 22:00:00,宜蘭測站,宜蘭縣,36.7,20.4,28.5,47.1,0.451,3.46,149.1
2026-07-03 23:00:00,宜蘭測站,宜蘭縣,40.7,23.3,38.5,42.5,0.433,2.17,137.4
2026-07-04 00:00:00,宜蘭測站,宜蘭縣,21.8,18.7,30.7,33.4,0.383,3.44,70.8
2026-07-04 01:00:00,宜蘭測站,宜蘭縣,18.2,26.8,49.3,41.1,0.371,2.86,185.6
2026-07-04 02:00:00,宜蘭測站,宜蘭縣,35.5,23.4,41.5,35.5,0.534,3.29,33.6
2026-07-04 03:00:00,宜蘭測站,宜蘭縣,26.4,24.0,39.8,32.9,0.401,2.48,71.2
2026-07-04 04:00:00,宜蘭測站,宜蘭縣,35.0,22.1,40.8,38.0,0.469,3.31,129.2
2026-07-04 05:00:00,宜蘭測站,宜蘭縣,27.2,18.9,35.8,34.8,0.387,2.99,115.9
2026-07-04 06:00:00,宜蘭測站,宜蘭縣,43.8,24.6,39.3,31.3,0.416,1.73,135.8
2026-07-04 07:00:00,宜蘭測站,宜蘭縣,40.0,23.2,40.9,29.6,0.46,2.84,108.1
2026-07-04 08:00:00,宜蘭測站,宜蘭縣,47.0,24.3,44.0,37.3,0.576,1.62,154.0
2026-07-04 09:00:00,宜蘭測站,宜蘭縣,39.6,23.4,37.0,35.1,0.524,3.53,83.0
2026-07-04 10:00:00,宜蘭測站,宜蘭縣,36.3,20.1,34.3,28.4,0.47,1.57,84.1
2026-07-04 11:00:00,宜蘭測站,宜蘭縣,30.7,22.7,38.7,29.0,0.392,3.25,67.0
2026-07-04 12:00:00,宜蘭測站,宜蘭縣,37.2,22.8,35.8,40.7,0.419,2.81,135.4
2026-07-04 13:00:00,宜蘭測站,宜蘭縣,23.8,18.0,31.9,37.7,0.429,2.87,98.4
2026-07-04 14:00:00,宜蘭測站,宜蘭縣,29.7,18.1,29.1,33.1,0.425,1.78,83.7
2026-07-04 15:00:00,宜蘭測站,宜蘭縣,38.5,22.3,34.5,45.2,0.432,2.45,166.4
2026-07-04 16:00:00,宜蘭測站,宜蘭縣,38.4,19.2,34.7,52.9,0.458,2.78,170.3
2026-07-04 17:00:00,宜蘭測站,宜蘭縣,39.4,20.3,35.2,56.0,0.505,3.21,198.5
2026-07-04 18:00:00,宜蘭測站,宜蘭縣,38.9,18.6,35.6,54.1,0.502,2.56,254.2
2026-07-04 19:00:00,宜蘭測站,宜蘭縣,39.3,19.0,40.7,45.5,0.382,2.7,207.4
2026-07-04 20:00:00,宜蘭測站,宜蘭縣,24.5,21.8,36.9,36.8,0.323,3.31,234.9
2026-07-04 21:00:00,宜蘭測站,宜蘭縣,36.9,29.0,39.9,45.8,0.438,2.91,130.1
2026-07-04 22:00:00,宜蘭測站,宜蘭縣,38.1,23.8,44.8,47.2,0.492,2.69,162.4
2026-07-04 23:00:00,宜蘭測站,宜蘭縣,24.2,19.0,37.2,37.4,0.311,3.2,178.8
2026-07-05 00:00:00,宜蘭測站,宜蘭縣,41.1,18.5,26.3,46.7,0.538,4.0,208.7
2026-07-05 01:00:00,宜蘭測站,宜蘭縣,38.4,23.5,36.5,42.1,0.57,2.84,184.3
2026-07-05 02:00:00,宜蘭測站,宜蘭縣,35.8,21.2,31.5,41.2,0.503,4.24,184.7
2026-07-05 03:00:00,宜蘭測站,宜蘭縣,36.8,22.6,39.2,28.2,0.478,4.11,264.0
2026-07-05 04:00:00,宜蘭測站,宜蘭縣,42.6,25.7,42.2,31.3,0.426,3.29,272.8
2026-07-05 05:00:00,宜蘭測站,宜蘭縣,40.7,25.2,40.7,23.9,0.49,2.36,192.8
2026-07-05 06:00:00,宜蘭測站,宜蘭縣,43.5,21.3,36.6,26.4,0.429,1.91,119.1
2026-07-05 07:00:00,宜蘭測站,宜蘭縣,49.2,22.1,42.5,28.8,0.587,2.64,120.1
2026-07-05 08:00:00,宜蘭測站,宜蘭縣,51.5,25.6,52.6,30.3,0.577,2.23,203.0
2026-07-05 09:00:00,宜蘭測站,宜蘭縣,43.4,21.4,34.0,34.4,0.492,1.57,243.3
2026-07-05 10:00:00,宜蘭測站,宜蘭縣,50.8,23.2,42.0,37.9,0.515,3.09,225.1
2026-07-05 11:00:00,宜蘭測站,宜蘭縣,47.5,24.3,48.7,27.6,0.563,2.21,240.5
2026-07-05 12:00:00,宜蘭測站,宜蘭縣,47.1,23.4,35.6,33.6,0.614,2.54,306.5
2026-07-05 13:00:00,宜蘭測站,宜蘭縣,37.1,22.0,34.2,38.9,0.502,2.56,192.4
2026-07-05 14:00:00,宜蘭測站,宜蘭縣,45.5,28.1,47.1,41.4,0.473,3.1,156.2
2026-07-05 15:00:00,宜蘭測站,宜蘭縣,36.4,19.6,42.4,46.9,0.429,2.58,85.3
2026-07-05 16:00:00,宜蘭測站,宜蘭縣,42.8,27.0,43.3,52.6,0.428,3.71,26.8
2026-07-05 17:00:00,宜蘭測站,宜蘭縣,47.2,28.1,43.1,46.4,0.546,2.57,220.7
2026-07-05 18:00:00,宜蘭測站,宜蘭縣,42.6,22.8,35.0,45.3,0.492,2.13,233.6
2026-07-05 19:00:00,宜蘭測站,宜蘭縣,39.3,23.9,34.2,49.5,0.514,1.66,240.7
2026-07-05 20:00:00,宜蘭測站,宜蘭縣,39.3,22.7,33.4,51.9,0.508,3.44,218.2
2026-07-05 21:00:00,宜蘭測站,宜蘭縣,46.7,25.7,43.4,48.9,0.572,3.14,224.5
2026-07-05 22:00:00,宜蘭測站,宜蘭縣,39.3,25.3,40.7,48.8,0.532,2.55,250.6
2026-07-05 23:00:00,宜蘭測站,宜蘭縣,42.8,22.0,40.1,45.5,0.58,1.33,260.9
2026-07-06 00:00:00,宜蘭測站,宜蘭縣,43.6,23.5,34.9,43.3,0.499,3.25,124.2
2026-07-06 01:00:00,宜蘭測站,宜蘭縣,46.3,23.6,36.1,38.3,0.423,2.73,200.3
2026-07-06 02:00:00,宜蘭測站,宜蘭縣,49.1,22.0,36.9,40.0,0.501,2.26,245.2
2026-07-06 03:00:00,宜蘭測站,宜蘭縣,53.2,21.2,36.1,42.1,0.601,2.45,188.5
2026-07-06 04:00:00,宜蘭測站,宜蘭縣,42.5,22.3,33.6,32.9,0.502,2.65,239.8
2026-07-06 05:00:00,宜蘭測站,宜蘭縣,45.0,26.6,35.5,31.8,0.528,1.8,287.1
2026-07-06 06:00:00,宜蘭測站,宜蘭縣,51.9,21.8,33.1,36.4,0.471,3.6,17.1
2026-07-06 07:00:00,宜蘭測站,宜蘭縣,49.9,24.5,40.0,35.1,0.433,1.98,289.8
2026-07-06 08:00:00,宜蘭測站,宜蘭縣,56.2,25.4,40.9,30.0,0.625,1.97,320.0
2026-07-06 09:00:00,宜蘭測站,宜蘭縣,60.8,24.6,40.2,35.9,0.505,2.76,241.1
2026-07-06 10:00:00,宜蘭測站,宜蘭縣,52.8,28.7,39.7,41.0,0.565,2.0,253.7
2026-07-06 11:00:00,宜蘭測站,宜蘭縣,54.9,28.5,52.5,42.0,0.482,3.03,31.5
2026-07-06 12:00:00,宜蘭測站,宜蘭縣,49.9,22.2,44.3,40.5,0.542,1.98,248.2
2026-07-06 13:00:00,宜蘭測站,宜蘭縣,52.1,23.4,45.5,44.3,0.581,3.66,295.7
2026-07-06 14:00:00,宜蘭測站,宜蘭縣,51.7,25.8,50.1,46.8,0.49,3.9,162.5
2026-07-06 15:00:00,宜蘭測站,宜蘭縣,53.1,,46.5,41.1,0.563,,309.1
2026-07-06 16:00:00,宜蘭測站,宜蘭縣,56.8,25.3,47.7,49.3,0.61,1.3,266.3
2026-07-06 17:00:00,宜蘭測站,宜蘭縣,57.9,32.6,49.9,59.8,0.549,2.89,284.6
2026-07-06 18:00:00,宜蘭測站,宜蘭縣,56.7,24.9,43.9,59.9,0.511,1.17,289.9
2026-07-06 19:00:00,宜蘭測站,宜蘭縣,67.4,28.2,44.2,52.5,0.597,3.78,9.5
2026-07-06 20:00:00,宜蘭測站,宜蘭縣,41.8,25.0,40.0,51.2,0.549,3.59,330.2
2026-07-06 21:00:00,宜蘭測站,宜蘭縣,50.8,29.2,65.3,47.6,0.535,2.18,251.4
2026-07-06 22:00:00,宜蘭測站,宜蘭縣,49.2,25.5,40.3,54.8,0.624,3.42,333.3
2026-07-06 23:00:00,宜蘭測站,宜蘭縣,37.4,23.9,38.2,39.3,0.501,3.79,267.0
2026-07-07 00:00:00,宜蘭測站,宜蘭縣,48.1,22.1,30.1,43.0,0.492,2.85,13.0
2026-07-07 01:00:00,宜蘭測站,宜蘭縣,50.5,23.2,38.9,42.2,0.523,1.88,357.8
2026-07-07 02:00:00,宜蘭測站,宜蘭縣,43.4,23.9,40.6,41.9,0.559,3.59,319.7
2026-07-07 03:00:00,宜蘭測站,宜蘭縣,39.3,20.3,40.2,38.3,0.473,1.71,312.9
2026-07-07 04:00:00,宜蘭測站,宜蘭縣,51.4,27.2,55.6,37.8,0.417,1.74,352.8
2026-07-07 05:00:00,宜蘭測站,宜蘭縣,46.3,23.6,42.5,35.3,0.57,3.8,72.7
2026-07-07 06:00:00,宜蘭測站,宜蘭縣,44.6,23.6,45.3,32.1,0.481,3.62,347.4
2026-07-07 07:00:00,宜蘭測站,宜蘭縣,53.6,27.1,43.5,40.6,0.471,2.71,339.4
2026-07-07 08:00:00,宜蘭測站,宜蘭縣,52.9,28.0,45.2,41.3,0.46,2.91,299.0
2026-07-07 09:00:00,宜蘭測站,宜蘭縣,49.1,25.0,30.4,36.9,0.553,2.43,337.8
2026-07-07 10:00:00,宜蘭測站,宜蘭縣,46.3,19.0,37.1,39.5,0.53,2.85,37.0
2026-07-07 11:00:00,宜蘭測站,宜蘭縣,48.0,22.2,41.8,36.4,0.565,3.66,228.0
2026-07-07 12:00:00,宜蘭測站,宜蘭縣,41.0,21.9,35.9,26.0,0.516,3.33,261.9
2026-07-07 13:00:00,宜蘭測站,宜蘭縣,41.1,27.4,50.7,42.3,0.404,2.26,270.0
2026-07-07 14:00:00,宜蘭測站,宜蘭縣,41.4,,38.2,48.2,0.594,2.79,348.6
2026-07-07 15:00:00,宜蘭測站,宜蘭縣,42.0,20.2,32.0,47.1,0.434,2.31,32.8
2026-07-07 16:00:00,宜蘭測站,宜蘭縣,45.7,18.2,24.5,52.5,0.546,0.99,56.1
2026-07-07 17:00:00,宜蘭測站,宜蘭縣,50.5,20.7,25.7,55.0,0.488,1.46,131.6
2026-07-07 18:00:00,宜蘭測站,宜蘭縣,41.6,20.6,30.1,51.9,0.481,3.35,38.5
2026-07-07 19:00:00,宜蘭測站,宜蘭縣,39.6,24.2,40.5,46.4,0.572,3.1,72.8
2026-07-07 20:00:00,宜蘭測站,宜蘭縣,50.0,23.7,48.4,49.0,0.457,2.55,56.3
2026-07-07 21:00:00,宜蘭測站,宜蘭縣,42.2,22.6,37.8,54.5,0.494,2.3,287.6
2026-07-07 22:00:00,宜蘭測站,宜蘭縣,38.9,20.6,36.8,46.4,0.381,3.11,303.0
2026-07-07 23:00:00,宜蘭測站,宜蘭縣,42.0,21.7,34.3,44.4,0.49,2.7,135.8
2026-07-08 00:00:00,宜蘭測站,宜蘭縣,38.8,23.0,46.8,37.9,0.522,1.64,349.6
2026-07-08 01:00:00,宜蘭測站,宜蘭縣,29.3,21.3,34.9,33.4,0.446,3.22,50.6
2026-07-08 02:00:00,宜蘭測站,宜蘭縣,37.3,22.4,40.0,39.2,0.439,3.02,127.3
2026-07-08 03:00:00,宜蘭測站,宜蘭縣,34.9,19.6,36.0,36.7,0.445,4.19,68.1
2026-07-08 04:00:00,宜蘭測站,宜蘭縣,41.5,22.9,44.4,31.4,0.523,2.61,61.5
2026-07-08 05:00:00,宜蘭測站,宜蘭縣,44.3,24.0,41.2,37.5,0.474,2.57,66.8
2026-07-08 06:00:00,宜蘭測站,宜蘭縣,44.1,26.6,44.2,31.3,0.508,2.48,169.1
2026-07-08 07:00:00,宜蘭測站,宜蘭縣,44.6,22.9,40.2,33.4,0.554,2.71,67.1
2026-07-08 08:00:00,宜蘭測站,宜蘭縣,46.8,22.7,39.3,37.7,0.455,3.59,51.9
2026-07-08 09:00:00,宜蘭測站,宜蘭縣,46.8,21.0,27.3,35.4,0.517,2.35,309.4
2026-07-08 10:00:00,宜蘭測站,宜蘭縣,52.8,22.5,36.2,41.0,0.513,1.97,98.7
2026-07-08 11:00:00,宜蘭測站,宜蘭縣,32.1,19.5,34.7,29.7,0.402,3.02,319.1
2026-07-08 12:00:00,宜蘭測站,宜蘭縣,43.4,20.4,36.2,38.7,0.438,3.83,290.4
2026-07-08 13:00:00,宜蘭測站,宜蘭縣,30.6,18.4,33.8,31.0,0.504,2.6,0.1
2026-07-08 14:00:00,宜蘭測站,宜蘭縣,26.5,18.7,33.8,37.2,0.454,2.75,54.7
2026-07-08 15:00:00,宜蘭測站,宜蘭縣,43.8,24.2,45.4,44.3,0.49,3.21,306.2
2026-07-08 16:00:00,宜蘭測站,宜蘭縣,41.1,22.2,33.3,51.0,0.439,2.33,47.5
2026-07-08 17:00:00,宜蘭測站,宜蘭縣,50.3,18.8,39.3,48.1,0.571,2.62,177.9
2026-07-08 18:00:00,宜蘭測站,宜蘭縣,49.9,31.6,50.2,44.3,0.492,4.11,115.8
2026-07-08 19:00:00,宜蘭測站,宜蘭縣,49.1,26.3,42.4,48.4,0.486,0.63,88.5
2026-07-08 20:00:00,宜蘭測站,宜蘭縣,42.8,21.4,37.7,52.9,0.424,2.07,137.4
2026-07-08 21:00:00,宜蘭測站,宜蘭縣,41.9,27.1,55.8,47.1,0.558,2.0,230.7
2026-07-08 22:00:00,宜蘭測站,宜蘭縣,39.3,24.0,39.2,41.9,0.473,2.92,216.5
2026-07-08 23:00:00,宜蘭測站,宜蘭縣,31.3,25.1,37.3,41.7,0.414,3.12,83.3
2026-07-09 00:00:00,宜蘭測站,宜蘭縣,28.4,19.0,30.1,41.8,0.474,3.86,126.6
2026-07-09 01:00:00,宜蘭測站,宜蘭縣,26.6,21.3,33.7,36.3,0.431,4.1,96.9
2026-07-09 02:00:00,宜蘭測站,宜蘭縣,40.2,23.6,42.9,34.4,0.483,2.68,31.1
2026-07-09 03:00:00,宜蘭測站,宜蘭縣,42.2,25.6,36.1,36.1,0.516,2.67,80.3
2026-07-09 04:00:00,宜蘭測站,宜蘭縣,34.3,21.2,43.5,29.0,0.396,4.98,226.7
2026-07-09 05:00:00,宜蘭測站,宜蘭縣,39.7,25.1,49.3,33.3,0.456,3.55,192.8
2026-07-09 06:00:00,宜蘭測站,宜蘭縣,50.5,25.9,40.8,42.1,0.497,1.62,237.5
2026-07-09 07:00:00,宜蘭測站,宜蘭縣,50.0,26.6,48.7,30.5,0.525,2.43,22.3
2026-07-09 08:00:00,宜蘭測站,宜蘭縣,57.2,25.5,45.8,36.2,0.601,3.02,117.3
2026-07-09 09:00:00,宜蘭測站,宜蘭縣,49.7,27.0,44.1,,0.498,2.56,222.6
2026-07-09 10:00:00,宜蘭測站,宜蘭縣,48.0,22.1,34.5,38.3,0.462,2.24,195.1
2026-07-09 11:00:00,宜蘭測站,宜蘭縣,35.9,21.8,29.3,27.4,0.496,4.73,166.2
2026-07-09 12:00:00,宜蘭測站,宜蘭縣,42.0,20.4,34.9,42.8,0.51,3.08,176.6
2026-07-09 13:00:00,宜蘭測站,宜蘭縣,41.6,23.8,35.5,39.4,0.551,2.77,129.1
2026-07-09 14:00:00,宜蘭測站,宜蘭縣,45.1,26.3,54.9,44.1,0.53,2.61,175.5
2026-07-09 15:00:00,宜蘭測站,宜蘭縣,33.0,18.2,41.1,44.2,0.402,2.86,103.9
2026-07-09 16:00:00,宜蘭測站,宜蘭縣,51.4,25.5,41.0,53.8,0.444,2.53,185.7
2026-07-09 17:00:00,宜蘭測站,宜蘭縣,46.6,25.3,42.9,51.9,0.522,3.19,84.6
2026-07-09 18:00:00,宜蘭測站,宜蘭縣,45.6,19.8,33.6,55.6,0.515,2.15,169.4
2026-07-09 19:00:00,宜蘭測站,宜蘭縣,39.2,21.2,38.8,47.7,0.46,2.03,128.2
2026-07-09 20:00:00,宜蘭測站,宜蘭縣,49.8,20.6,34.5,44.4,0.578,3.47,138.3
2026-07-09 21:00:00,宜蘭測站,宜蘭縣,41.2,22.1,33.5,49.9,0.58,2.4,227.3
2026-07-09 22:00:00,宜蘭測站,宜蘭縣,44.0,18.5,31.4,53.2,0.565,2.88,240.8
2026-07-09 23:00:00,宜蘭測站,宜蘭縣,40.7,26.1,46.1,49.5,0.51,2.14,153.9
2026-07-10 00:00:00,宜蘭測站,宜蘭縣,44.9,26.5,57.1,42.3,0.504,2.41,165.0
2026-07-10 01:00:00,宜蘭測站,宜蘭縣,51.3,23.9,42.4,37.9,0.461,2.46,75.6
2026-07-10 02:00:00,宜蘭測站,宜蘭縣,51.0,24.2,43.7,39.9,0.555,2.12,188.5
2026-07-10 03:00:00,宜蘭測站,宜蘭縣,47.2,21.7,27.1,42.4,0.477,2.51,183.6
2026-07-10 04:00:00,宜蘭測站,宜蘭縣,38.5,19.1,31.1,29.7,0.49,3.08,171.2
2026-07-10 05:00:00,宜蘭測站,宜蘭縣,39.1,22.3,35.4,29.6,0.49,3.56,152.6
2026-07-10 06:00:00,宜蘭測站,宜蘭縣,47.9,32.7,47.5,31.4,0.47,2.83,214.9
2026-07-10 07:00:00,宜蘭測站,宜蘭縣,50.4,30.7,44.9,28.7,0.475,1.66,190.5
2026-07-10 08:00:00,宜蘭測站,宜蘭縣,51.2,27.6,57.9,36.1,0.556,3.15,313.6
2026-07-10 09:00:00,宜蘭測站,宜蘭縣,49.9,27.5,56.1,35.1,0.576,1.63,151.8
2026-07-10 10:00:00,宜蘭測站,宜蘭縣,47.7,24.2,32.3,31.6,0.474,1.37,194.2
2026-07-10 11:00:00,宜蘭測站,宜蘭縣,47.0,25.6,55.1,40.5,0.541,2.83,242.5
2026-07-10 12:00:00,宜蘭測站,宜蘭縣,44.7,24.0,44.3,33.5,0.528,3.22,224.5
2026-07-10 13:00:00,宜蘭測站,宜蘭縣,36.4,25.6,39.6,43.9,0.352,2.79,189.3
2026-07-10 14:00:00,宜蘭測站,宜蘭縣,54.4,26.8,44.2,36.1,0.564,1.59,196.6
2026-07-10 15:00:00,宜蘭測站,宜蘭縣,47.9,27.2,47.2,48.3,0.618,2.16,190.1
2026-07-10 16:00:00,宜蘭測站,宜蘭縣,53.2,28.3,42.6,46.5,0.599,1.95,122.6
2026-07-10 17:00:00,宜蘭測站,宜蘭縣,47.5,22.7,35.6,55.8,0.572,2.72,90.8
2026-07-10 18:00:00,宜蘭測站,宜蘭縣,50.1,23.1,40.5,48.1,0.528,1.55,232.6
2026-07-10 19:00:00,宜蘭測站,宜蘭縣,51.2,33.3,57.7,48.1,0.62,1.72,251.5
2026-07-10 20:00:00,宜蘭測站,宜蘭縣,55.3,26.7,53.6,54.2,0.535,1.99,230.9
2026-07-10 21:00:00,宜蘭測站,宜蘭縣,49.3,24.2,38.0,46.0,0.556,0.97,308.8
2026-07-10 22:00:00,宜蘭測站,宜蘭縣,45.5,28.9,42.2,46.9,0.577,3.48,299.5
2026-07-10 23:00:00,宜蘭測站,宜蘭縣,53.1,22.5,38.9,43.3,0.541,2.2,239.9
2026-07-11 00:00:00,宜蘭測站,宜蘭縣,37.4,18.2,34.2,35.9,0.467,3.77,304.7
2026-07-11 01:00:00,宜蘭測站,宜蘭縣,37.4,20.5,37.6,36.7,0.385,2.39,273.9
2026-07-11 02:00:00,宜蘭測站,宜蘭縣,38.0,22.8,43.5,36.9,0.505,2.58,231.2
2026-07-11 03:00:00,宜蘭測站,宜蘭縣,34.7,21.6,29.0,33.0,0.429,2.91,275.5
2026-07-11 04:00:00,宜蘭測站,宜蘭縣,43.8,29.2,47.9,35.6,0.561,1.59,282.2
2026-07-11 05:00:00,宜蘭測站,宜蘭縣,42.0,25.6,43.4,34.7,0.447,3.2,343.3
2026-07-11 06:00:00,宜蘭測站,宜蘭縣,47.0,23.1,47.8,32.9,0.444,3.24,215.9
2026-07-11 07:00:00,宜蘭測站,宜蘭縣,52.5,20.0,31.6,26.3,0.547,1.73,277.7
2026-07-11 08:00:00,宜蘭測站,宜蘭縣,50.1,20.6,29.5,37.8,0.56,4.07,247.8
2026-07-11 09:00:00,宜蘭測站,宜蘭縣,47.6,24.8,45.9,34.3,0.542,1.09,247.5
2026-07-11 10:00:00,宜蘭測站,宜蘭縣,39.4,22.0,39.8,31.7,0.473,1.5,234.7
2026-07-11 11:00:00,宜蘭測站,宜蘭縣,43.9,19.5,41.0,32.9,0.415,2.11,235.5
2026-07-11 12:00:00,宜蘭測站,宜蘭縣,34.9,17.2,27.9,33.6,0.468,2.51,321.7
2026-07-11 13:00:00,宜蘭測站,宜蘭縣,36.7,22.6,47.9,41.4,0.467,1.68,262.1
2026-07-11 14:00:00,宜蘭測站,宜蘭縣,37.4,19.5,32.0,42.8,0.521,3.04,226.5
2026-07-11 15:00:00,宜蘭測站,宜蘭縣,44.2,25.4,40.7,45.0,0.544,2.74,209.1
2026-07-11 16:00:00,宜蘭測站,宜蘭縣,36.7,27.3,51.9,49.1,0.367,1.95,231.4
2026-07-11 17:00:00,宜蘭測站,宜蘭縣,57.2,32.8,57.3,53.3,0.538,1.3,69.9
2026-07-11 18:00:00,宜蘭測站,宜蘭縣,39.9,23.2,49.7,52.1,0.421,2.11,220.7
2026-07-11 19:00:00,宜蘭測站,宜蘭縣,48.8,26.8,40.2,58.8,0.559,3.49,185.7
2026-07-11 20:00:00,宜蘭測站,宜蘭縣,47.8,25.2,33.6,49.8,0.44,2.0,286.6
2026-07-11 21:00:00,宜蘭測站,宜蘭縣,45.0,21.7,46.7,42.0,0.505,2.87,337.9
2026-07-11 22:00:00,宜蘭測站,宜蘭縣,37.4,18.8,34.1,41.2,0.459,2.18,15.8
2026-07-11 23:00:00,宜蘭測站,宜蘭縣,37.2,25.5,44.7,48.3,0.425,2.48,350.1
2026-07-12 00:00:00,宜蘭測站,宜蘭縣,38.8,20.3,31.9,39.1,0.466,2.39,284.5
2026-07-12 01:00:00,宜蘭測站,宜蘭縣,36.1,21.4,43.8,47.4,0.459,2.25,317.9
2026-07-12 02:00:00,宜蘭測站,宜蘭縣,40.1,25.6,46.5,42.8,0.468,2.02,318.8
2026-07-12 03:00:00,宜蘭測站,宜蘭縣,43.2,24.7,42.9,31.4,0.449,2.68,271.1
2026-07-12 04:00:00,宜蘭測站,宜蘭縣,35.4,25.7,55.6,25.3,0.532,2.79,340.3
2026-07-12 05:00:00,宜蘭測站,宜蘭縣,44.3,25.7,45.0,31.8,0.424,3.31,58.1
2026-07-12 06:00:00,宜蘭測站,宜蘭縣,42.3,24.0,35.3,36.4,0.393,2.98,342.7
2026-07-12 07:00:00,宜蘭測站,宜蘭縣,42.4,21.7,35.0,30.9,0.563,1.75,319.9
2026-07-12 08:00:00,宜蘭測站,宜蘭縣,47.6,25.7,42.6,35.0,0.502,3.0,38.8
2026-07-12 09:00:00,宜蘭測站,宜蘭縣,37.9,25.2,47.1,33.7,0.553,2.7,328.8
2026-07-12 10:00:00,宜蘭測站,宜蘭縣,38.6,19.1,26.5,36.5,0.452,1.45,75.9
2026-07-12 11:00:00,宜蘭測站,宜蘭縣,20.5,17.7,24.0,32.4,0.344,2.75,70.9
2026-07-12 12:00:00,宜蘭測站,宜蘭縣,36.0,20.6,47.1,38.3,0.407,2.38,294.5
2026-07-12 13:00:00,宜蘭測站,宜蘭縣,32.4,25.6,35.5,39.8,0.415,3.16,349.7
2026-07-12 14:00:00,宜蘭測站,宜蘭縣,42.5,20.5,40.3,34.9,0.474,3.19,245.3
2026-07-12 15:00:00,宜蘭測站,宜蘭縣,37.2,17.4,26.6,43.1,0.422,3.48,13.5
2026-07-12 16:00:00,宜蘭測站,宜蘭縣,36.9,17.9,41.8,42.8,0.426,1.97,77.1
2026-07-12 17:00:00,宜蘭測站,宜蘭縣,46.2,22.7,39.6,48.2,0.551,2.61,85.8
2026-07-12 18:00:00,宜蘭測站,宜蘭縣,38.7,15.4,24.1,51.5,0.425,1.73,26.5
2026-07-12 19:00:00,宜蘭測站,宜蘭縣,31.0,19.6,32.9,47.8,0.515,3.05,276.3
2026-07-12 20:00:00,宜蘭測站,宜蘭縣,37.4,27.8,51.9,52.1,0.438,1.95,42.7
2026-07-12 21:00:00,宜蘭測站,宜蘭縣,41.5,18.2,19.6,46.8,0.395,3.04,349.1
2026-07-12 22:00:00,宜蘭測站,宜蘭縣,38.7,20.7,28.4,47.6,0.489,3.34,66.0
2026-07-12 23:00:00,宜蘭測站,宜蘭縣,33.5,22.8,45.5,36.8,0.417,1.62,51.3
2026-07-13 00:00:00,宜蘭測站,宜蘭縣,45.8,26.7,44.8,45.2,0.51,1.68,108.3
2026-07-13 01:00:00,宜蘭測站,宜蘭縣,31.5,19.5,37.4,38.2,0.436,2.83,45.3
2026-07-13 02:00:00,宜蘭測站,宜蘭縣,38.3,22.4,31.9,41.2,0.514,2.93,60.1
2026-07-13 03:00:00,宜蘭測站,宜蘭縣,32.6,13.5,16.0,34.4,0.5,2.33,14.3
2026-07-13 04:00:00,宜蘭測站,宜蘭縣,32.6,21.0,29.2,35.4,0.57,3.6,41.9
2026-07-13 05:00:00,宜蘭測站,宜蘭縣,38.7,,40.0,35.9,0.406,2.94,112.1
2026-07-13 06:00:00,宜蘭測站,宜蘭縣,40.9,22.2,46.3,33.2,0.487,2.93,38.7
2026-07-13 07:00:00,宜蘭測站,宜蘭縣,40.8,18.1,27.8,33.0,0.433,2.73,61.3
2026-07-13 08:00:00,宜蘭測站,宜蘭縣,54.4,28.6,54.5,31.9,0.408,3.68,39.4
2026-07-13 09:00:00,宜蘭測站,宜蘭縣,51.2,23.3,34.7,36.0,0.533,2.87,35.7
2026-07-13 10:00:00,宜蘭測站,宜蘭縣,42.2,20.6,25.5,30.9,0.46,4.31,108.2
2026-07-13 11:00:00,宜蘭測站,宜蘭縣,34.2,23.7,36.2,36.8,0.446,2.86,343.6
2026-07-13 12:00:00,宜蘭測站,宜蘭縣,43.8,22.2,32.9,36.8,0.448,3.16,125.6
2026-07-13 13:00:00,宜蘭測站,宜蘭縣,26.4,17.8,25.7,43.4,0.365,3.94,67.0
2026-07-13 14:00:00,宜蘭測站,宜蘭縣,44.9,22.8,36.8,48.7,0.502,2.75,113.0
2026-07-13 15:00:00,宜蘭測站,宜蘭縣,34.5,22.3,40.3,44.8,0.479,1.31,119.9
2026-07-13 16:00:00,宜蘭測站,宜蘭縣,40.7,18.5,27.1,49.0,0.546,1.4,82.4
2026-07-13 17:00:00,宜蘭測站,宜蘭縣,43.3,17.4,37.3,56.7,0.511,2.01,115.3
2026-07-13 18:00:00,宜蘭測站,宜蘭縣,51.6,24.0,37.9,57.5,0.566,0.73,111.0
2026-07-13 19:00:00,宜蘭測站,宜蘭縣,34.2,19.4,29.6,52.6,0.446,2.72,153.4
2026-07-13 20:00:00,宜蘭測站,宜蘭縣,39.9,22.5,34.1,53.3,0.437,2.09,37.6
2026-07-13 21:00:00,宜蘭測站,宜蘭縣,28.2,24.2,41.5,51.1,0.407,3.18,20.9
2026-07-13 22:00:00,宜蘭測站,宜蘭縣,44.0,23.2,37.0,54.1,0.46,1.92,78.2
2026-07-13 23:00:00,宜蘭測站,宜蘭縣,36.2,22.1,41.7,46.1,0.439,4.17,78.1
2026-07-14 00:00:00,宜蘭測站,宜蘭縣,42.2,21.3,35.5,44.1,0.539,1.83,59.7
2026-07-14 01:00:00,宜蘭測站,宜蘭縣,37.5,22.0,28.8,40.6,0.491,3.04,112.5
2026-07-14 02:00:00,宜蘭測站,宜蘭縣,30.4,21.3,33.3,34.1,0.443,,6.2
2026-07-14 03:00:00,宜蘭測站,宜蘭縣,32.8,18.8,46.5,34.2,0.376,2.65,117.6
2026-07-14 04:00:00,宜蘭測站,宜蘭縣,40.7,26.5,50.8,33.8,0.548,2.41,123.0
2026-07-14 05:00:00,宜蘭測站,宜蘭縣,37.8,15.7,34.0,22.2,,2.48,177.4
2026-07-14 06:00:00,宜蘭測站,宜蘭縣,43.0,19.3,28.3,27.2,0.528,2.9,208.4
2026-07-14 07:00:00,宜蘭測站,宜蘭縣,44.8,20.9,32.0,30.9,0.519,2.52,102.1
2026-07-14 08:00:00,宜蘭測站,宜蘭縣,41.7,25.8,49.4,33.7,0.533,2.48,112.9
2026-07-14 09:00:00,宜蘭測站,宜蘭縣,41.6,21.4,29.5,33.9,0.552,2.33,62.7
2026-07-14 10:00:00,宜蘭測站,宜蘭縣,41.4,18.7,36.2,31.1,0.449,1.82,193.6
2026-07-14 11:00:00,宜蘭測站,宜蘭縣,49.5,20.4,33.7,42.9,0.424,2.7,118.6
2026-07-14 12:00:00,宜蘭測站,宜蘭縣,42.1,23.3,38.1,44.4,0.471,3.24,178.6
2026-07-14 13:00:00,宜蘭測站,宜蘭縣,43.2,20.3,37.2,36.0,0.475,4.23,125.5
2026-07-14 14:00:00,宜蘭測站,宜蘭縣,38.1,23.5,35.1,40.0,0.481,2.65,257.4
2026-07-14 15:00:00,宜蘭測站,宜蘭縣,42.4,22.5,36.2,51.9,0.432,3.47,233.1
2026-07-14 16:00:00,宜蘭測站,宜蘭縣,42.5,21.9,35.9,43.0,0.477,2.41,92.7
2026-07-14 17:00:00,宜蘭測站,宜蘭縣,42.7,23.6,33.0,48.8,0.451,3.55,153.3
2026-07-14 18:00:00,宜蘭測站,宜蘭縣,54.8,21.1,42.0,51.8,0.514,2.36,202.8
2026-07-14 19:00:00,宜蘭測站,宜蘭縣,42.5,25.3,38.9,48.8,0.486,3.79,184.1
2026-07-14 20:00:00,宜蘭測站,宜蘭縣,41.6,21.7,34.2,44.5,0.484,,222.8
2026-07-14 21:00:00,宜蘭測站,宜蘭縣,38.1,19.8,20.7,46.7,0.502,2.51,101.3
2026-07-14 22:00:00,宜蘭測站,宜蘭縣,38.0,21.1,30.8,48.4,0.457,2.86,122.3
2026-07-14 23:00:00,宜蘭測站,宜蘭縣,38.0,,27.0,29.6,0.485,3.37,132.4
2026-07-15 00:00:00,宜蘭測站,宜蘭縣,43.6,22.8,48.6,42.4,0.498,2.18,163.7
2026-07-15 01:00:00,宜蘭測站,宜蘭縣,42.3,20.0,39.0,42.6,0.474,2.1,239.7
2026-07-15 02:00:00,宜蘭測站,宜蘭縣,44.9,22.6,27.3,39.0,0.481,3.43,240.6
2026-07-15 03:00:00,宜蘭測站,宜蘭縣,42.5,23.0,49.4,35.9,0.513,3.46,157.9
2026-07-15 04:00:00,宜蘭測站,宜蘭縣,39.2,29.8,55.0,38.4,0.451,2.91,160.7
2026-07-15 05:00:00,宜蘭測站,宜蘭縣,45.5,23.1,56.5,34.5,0.465,3.0,178.3
2026-07-15 06:00:00,宜蘭測站,宜蘭縣,40.8,24.6,45.7,31.6,0.483,2.99,254.1
2026-07-15 07:00:00,宜蘭測站,宜蘭縣,58.3,28.0,51.7,35.3,0.493,1.37,184.9
2026-07-15 08:00:00,宜蘭測站,宜蘭縣,56.2,33.9,52.1,33.7,0.579,2.65,168.9
2026-07-15 09:00:00,宜蘭測站,宜蘭縣,49.1,23.6,43.5,35.0,0.489,3.56,270.8
2026-07-15 10:00:00,宜蘭測站,宜蘭縣,49.4,22.0,34.3,35.7,0.495,1.81,211.9
2026-07-15 11:00:00,宜蘭測站,宜蘭縣,45.6,23.2,39.8,37.2,0.477,2.84,173.5
2026-07-15 12:00:00,宜蘭測站,宜蘭縣,40.4,20.0,34.5,31.0,0.497,3.55,246.7
2026-07-15 13:00:00,宜蘭測站,宜蘭縣,43.4,18.3,20.2,40.5,0.447,1.03,300.4
2026-07-15 14:00:00,宜蘭測站,宜蘭縣,40.6,21.7,40.2,44.3,0.436,2.93,239.5
2026-07-15 15:00:00,宜蘭測站,宜蘭縣,42.2,23.8,40.5,46.2,0.461,2.9,246.0
2026-07-15 16:00:00,宜蘭測站,宜蘭縣,44.9,26.0,35.6,47.0,0.532,2.38,344.3
2026-07-15 17:00:00,宜蘭測站,宜蘭縣,62.2,28.3,52.3,51.0,0.583,2.85,156.8
2026-07-15 18:00:00,宜蘭測站,宜蘭縣,59.2,30.0,48.5,55.6,0.627,2.37,235.3
2026-07-15 19:00:00,宜蘭測站,宜蘭縣,65.8,29.7,60.8,57.1,0.561,1.55,250.1
2026-07-15 20:00:00,宜蘭測站,宜蘭縣,52.5,21.9,40.2,51.6,0.554,1.27,178.8
2026-07-15 21:00:00,宜蘭測站,宜蘭縣,47.8,28.4,43.1,49.9,0.385,3.2,267.7
2026-07-15 22:00:00,宜蘭測站,宜蘭縣,49.8,21.2,38.3,50.0,0.567,2.57,291.2
2026-07-15 23:00:00,宜蘭測站,宜蘭縣,40.9,16.0,23.0,42.1,0.497,2.48,247.4
2026-07-16 00:00:00,宜蘭測站,宜蘭縣,41.0,19.0,28.0,42.6,0.502,3.8,250.9
2026-07-16 01:00:00,宜蘭測站,宜蘭縣,56.0,27.7,47.7,46.9,0.507,3.21,234.4
2026-07-16 02:00:00,宜蘭測站,宜蘭縣,48.6,25.1,47.4,34.3,0.616,3.14,227.7
2026-07-16 03:00:00,宜蘭測站,宜蘭縣,41.6,25.8,48.7,40.2,0.446,2.13,235.1
2026-07-16 04:00:00,宜蘭測站,宜蘭縣,43.1,24.0,49.6,31.1,0.527,1.93,310.2
2026-07-16 05:00:00,宜蘭測站,宜蘭縣,42.6,27.9,54.8,35.6,0.419,3.22,236.7
2026-07-16 06:00:00,宜蘭測站,宜蘭縣,52.0,23.5,37.0,36.0,0.496,3.27,37.7
2026-07-16 07:00:00,宜蘭測站,宜蘭縣,54.2,26.4,47.5,33.6,0.584,2.2,36.4
2026-07-16 08:00:00,宜蘭測站,宜蘭縣,48.2,25.7,42.4,34.5,0.512,2.71,298.4
2026-07-16 09:00:00,宜蘭測站,宜蘭縣,66.1,20.6,40.8,31.7,0.597,3.28,329.5
2026-07-16 10:00:00,宜蘭測站,宜蘭縣,61.8,28.9,54.7,41.6,0.647,1.3,215.1
2026-07-16 11:00:00,宜蘭測站,宜蘭縣,49.9,29.0,40.8,36.4,0.661,2.15,322.1
2026-07-16 12:00:00,宜蘭測站,宜蘭縣,45.7,25.4,44.9,37.6,0.47,2.38,316.9
2026-07-16 13:00:00,宜蘭測站,宜蘭縣,57.1,24.9,48.1,40.9,0.47,3.18,295.4
2026-07-16 14:00:00,宜蘭測站,宜蘭縣,49.3,19.0,25.2,44.6,0.521,2.64,257.3
2026-07-16 15:00:00,宜蘭測站,宜蘭縣,45.9,23.4,31.9,42.2,0.454,2.13,272.1
2026-07-16 16:00:00,宜蘭測站,宜蘭縣,47.3,23.0,44.7,43.2,0.392,3.85,2.7
2026-07-16 17:00:00,宜蘭測站,宜蘭縣,56.6,30.1,45.1,47.0,0.645,2.14,282.0
2026-07-16 18:00:00,宜蘭測站,宜蘭縣,56.2,26.7,52.3,50.4,0.549,2.83,269.6
2026-07-16 19:00:00,宜蘭測站,宜蘭縣,62.0,27.8,38.2,57.1,0.531,1.93,358.8
2026-07-16 20:00:00,宜蘭測站,宜蘭縣,50.9,33.0,59.2,53.5,0.511,3.1,295.7
2026-07-16 21:00:00,宜蘭測站,宜蘭縣,51.1,25.9,50.6,43.4,0.528,2.03,240.8
2026-07-16 22:00:00,宜蘭測站,宜蘭縣,42.7,21.4,39.9,49.2,0.463,3.74,297.6
2026-07-16 23:00:00,宜蘭測站,宜蘭縣,35.8,20.6,16.8,48.3,0.446,1.92,268.2
2026-07-17 00:00:00,宜蘭測站,宜蘭縣,48.5,27.3,46.0,45.0,0.527,2.95,293.0
2026-07-17 01:00:00,宜蘭測站,宜蘭縣,43.8,23.6,47.5,47.4,0.554,3.88,22.7
2026-07-17 02:00:00,宜蘭測站,宜蘭縣,41.3,27.5,50.3,34.1,0.521,3.66,355.3
2026-07-17 03:00:00,宜蘭測站,宜蘭縣,33.9,18.3,37.2,33.3,0.445,1.72,70.6
2026-07-17 04:00:00,宜蘭測站,宜蘭縣,42.6,25.6,40.9,34.8,0.497,2.45,27.0
2026-07-17 05:00:00,宜蘭測站,宜蘭縣,42.8,23.4,,30.3,0.521,3.89,288.5
2026-07-17 06:00:00,宜蘭測站,宜蘭縣,49.8,22.0,34.8,31.5,0.492,2.33,342.3
2026-07-17 07:00:00,宜蘭測站,宜蘭縣,47.0,25.3,45.3,31.7,0.548,2.1,326.1
2026-07-17 08:00:00,宜蘭測站,宜蘭縣,56.4,25.5,54.2,32.1,0.523,3.19,17.5
2026-07-17 09:00:00,宜蘭測站,宜蘭縣,53.2,21.4,39.4,38.0,0.546,2.16,323.1
2026-07-17 10:00:00,宜蘭測站,宜蘭縣,49.2,21.1,34.0,31.7,0.523,2.95,12.8
2026-07-17 11:00:00,宜蘭測站,宜蘭縣,38.8,16.7,22.4,39.0,0.411,4.25,304.1
2026-07-17 12:00:00,宜蘭測站,宜蘭縣,44.6,21.5,35.0,42.3,0.543,3.11,57.1
2026-07-17 13:00:00,宜蘭測站,宜蘭縣,38.6,24.2,40.1,40.1,0.495,2.89,44.8
2026-07-17 14:00:00,宜蘭測站,宜蘭縣,38.2,17.5,35.4,41.4,0.503,1.55,331.8
2026-07-17 15:00:00,宜蘭測站,宜蘭縣,44.3,18.4,31.0,43.2,0.474,2.32,298.4
2026-07-17 16:00:00,宜蘭測站,宜蘭縣,45.2,23.8,36.9,46.9,0.536,2.53,266.1
2026-07-17 17:00:00,宜蘭測站,宜蘭縣,42.6,26.0,38.1,56.1,0.514,1.13,94.5
2026-07-17 18:00:00,宜蘭測站,宜蘭縣,50.1,26.1,55.4,50.9,0.444,2.76,302.0
2026-07-17 19:00:00,宜蘭測站,宜蘭縣,57.1,25.6,36.2,54.6,0.574,1.96,45.9
2026-07-17 20:00:00,宜蘭測站,宜蘭縣,45.5,23.6,36.4,59.3,0.556,3.1,86.0
2026-07-17 21:00:00,宜蘭測站,宜蘭縣,43.6,22.4,33.6,57.4,0.546,2.76,300.2
2026-07-17 22:00:00,宜蘭測站,宜蘭縣,43.0,22.5,40.0,45.2,0.529,3.98,353.8
2026-07-17 23:00:00,宜蘭測站,宜蘭縣,33.5,24.1,31.7,43.9,0.544,2.16,12.7
2026-07-18 00:00:00,宜蘭測站,宜蘭縣,31.2,19.1,32.1,40.9,0.447,2.68,119.2
2026-07-18 01:00:00,宜蘭測站,宜蘭縣,27.9,16.5,21.8,36.4,0.409,2.75,313.7
2026-07-18 02:00:00,宜蘭測站,宜蘭縣,24.3,21.7,32.2,30.0,0.306,3.53,97.0
2026-07-18 03:00:00,宜蘭測站,宜蘭縣,16.1,9.6,18.3,27.6,0.355,2.81,46.5
2026-07-18 04:00:00,宜蘭測站,宜蘭縣,26.1,19.2,34.6,22.7,0.396,3.41,30.1
2026-07-18 05:00:00,宜蘭測站,宜蘭縣,30.6,24.1,46.2,38.9,0.429,1.98,22.3
2026-07-18 06:00:00,宜蘭測站,宜蘭縣,38.5,26.6,53.5,27.8,0.456,2.57,75.0
2026-07-18 07:00:00,宜蘭測站,宜蘭縣,49.5,26.3,36.8,32.6,0.472,2.64,284.4
2026-07-18 08:00:00,宜蘭測站,宜蘭縣,39.9,22.2,39.5,35.8,0.53,2.29,88.8
2026-07-18 09:00:00,宜蘭測站,宜蘭縣,31.6,19.7,39.2,34.9,0.441,2.14,137.7
2026-07-18 10:00:00,宜蘭測站,宜蘭縣,33.3,22.3,40.5,29.5,0.484,2.7,97.3
2026-07-18 11:00:00,宜蘭測站,宜蘭縣,39.6,16.5,20.4,37.2,0.503,2.34,40.3
2026-07-18 12:00:00,宜蘭測站,宜蘭縣,30.6,16.5,28.9,38.3,0.36,2.39,30.7
2026-07-18 13:00:00,宜蘭測站,宜蘭縣,27.7,23.8,41.7,35.0,0.456,2.02,76.2
2026-07-18 14:00:00,宜蘭測站,宜蘭縣,27.0,19.0,26.0,43.0,0.519,3.26,73.4
2026-07-18 15:00:00,宜蘭測站,宜蘭縣,37.7,18.7,28.9,52.6,0.424,3.16,355.2
2026-07-18 16:00:00,宜蘭測站,宜蘭縣,33.5,17.8,32.8,39.8,0.403,2.16,146.7
2026-07-18 17:00:00,宜蘭測站,宜蘭縣,42.2,26.9,59.1,45.2,0.443,2.15,50.6
2026-07-18 18:00:00,宜蘭測站,宜蘭縣,37.7,19.5,24.8,49.0,0.405,2.23,54.5
2026-07-18 19:00:00,宜蘭測站,宜蘭縣,41.8,24.6,36.3,52.6,0.569,2.62,5.1
2026-07-18 20:00:00,宜蘭測站,宜蘭縣,31.1,22.1,29.0,42.9,0.433,1.71,94.1
2026-07-18 21:00:00,宜蘭測站,宜蘭縣,32.4,19.4,39.6,40.6,0.443,3.28,107.8
2026-07-18 22:00:00,宜蘭測站,宜蘭縣,36.1,18.3,32.7,58.6,0.478,3.2,137.9
2026-07-18 23:00:00,宜蘭測站,宜蘭縣,29.4,23.2,47.4,43.6,0.471,2.0,45.5
2026-07-19 00:00:00,宜蘭測站,宜蘭縣,23.4,20.2,29.0,45.8,0.406,2.98,96.6
2026-07-19 01:00:00,宜蘭測站,宜蘭縣,33.2,22.1,28.7,32.1,0.401,3.14,87.5
2026-07-19 02:00:00,宜蘭測站,宜蘭縣,35.1,20.2,28.5,41.2,0.516,2.34,140.9
2026-07-19 03:00:00,宜蘭測站,宜蘭縣,30.4,21.8,36.5,35.2,0.458,1.91,114.7
2026-07-19 04:00:00,宜蘭測站,宜蘭縣,24.4,18.8,37.3,19.7,0.344,3.28,90.3
2026-07-19 05:00:00,宜蘭測站,宜蘭縣,35.9,18.0,29.8,34.3,0.418,3.27,205.9
2026-07-19 06:00:00,宜蘭測站,宜蘭縣,24.3,19.0,30.5,24.3,0.392,3.14,175.8
2026-07-19 07:00:00,宜蘭測站,宜蘭縣,41.1,24.9,48.3,18.1,0.552,3.6,170.3
2026-07-19 08:00:00,宜蘭測站,宜蘭縣,52.9,20.3,37.7,35.5,0.474,2.77,151.1
2026-07-19 09:00:00,宜蘭測站,宜蘭縣,36.7,21.6,30.8,35.2,0.504,3.25,187.8
2026-07-19 10:00:00,宜蘭測站,宜蘭縣,41.4,21.0,39.5,28.5,0.408,1.64,39.8
2026-07-19 11:00:00,宜蘭測站,宜蘭縣,28.0,18.2,25.7,26.4,0.422,2.69,98.0
2026-07-19 12:00:00,宜蘭測站,宜蘭縣,28.8,23.1,35.8,36.7,0.387,3.9,135.5
2026-07-19 13:00:00,宜蘭測站,宜蘭縣,31.2,22.9,47.0,36.3,0.48,2.33,156.7
2026-07-19 14:00:00,宜蘭測站,宜蘭縣,31.1,21.7,35.7,47.1,0.414,3.07,275.8
2026-07-19 15:00:00,宜蘭測站,宜蘭縣,37.1,14.6,21.8,47.5,0.452,3.45,186.6
2026-07-19 16:00:00,宜蘭測站,宜蘭縣,41.2,19.2,35.5,40.9,0.46,2.9,161.4
2026-07-19 17:00:00,宜蘭測站,宜蘭縣,48.2,26.7,55.4,52.9,0.511,2.31,213.5
2026-07-19 18:00:00,宜蘭測站,宜蘭縣,38.6,22.0,46.6,53.3,0.417,2.58,135.6
2026-07-19 19:00:00,宜蘭測站,宜蘭縣,46.9,28.5,29.7,55.3,0.506,2.61,218.0
2026-07-19 20:00:00,宜蘭測站,宜蘭縣,37.5,20.1,32.9,51.6,0.54,2.98,160.0
2026-07-19 21:00:00,宜蘭測站,宜蘭縣,41.3,20.0,40.6,47.2,0.428,3.09,155.6
2026-07-19 22:00:00,宜蘭測站,宜蘭縣,34.8,16.3,29.6,46.7,0.432,0.88,151.2
2026-07-19 23:00:00,宜蘭測站,宜蘭縣,27.2,16.4,23.4,42.5,0.384,2.35,123.1
2026-07-20 00:00:00,宜蘭測站,宜蘭縣,42.8,24.6,45.2,38.3,0.503,1.8,154.8
2026-07-20 01:00:00,宜蘭測站,宜蘭縣,35.1,19.8,27.9,40.0,0.469,4.63,234.1
2026-07-20 02:00:00,宜蘭測站,宜蘭縣,47.7,19.1,30.4,46.7,0.631,2.08,153.8
2026-07-20 03:00:00,宜蘭測站,宜蘭縣,45.0,23.2,39.5,47.6,0.56,3.91,87.6
2026-07-20 04:00:00,宜蘭測站,宜蘭縣,48.7,21.8,38.5,38.2,0.475,2.21,169.8
2026-07-20 05:00:00,宜蘭測站,宜蘭縣,49.4,26.1,50.6,31.2,0.539,2.87,189.8
2026-07-20 06:00:00,宜蘭測站,宜蘭縣,54.1,27.4,43.7,33.4,0.501,2.42,126.7
2026-07-20 07:00:00,宜蘭測站,宜蘭縣,55.9,30.6,58.9,35.6,0.495,3.86,67.8
2026-07-20 08:00:00,宜蘭測站,宜蘭縣,55.7,24.1,46.7,45.4,0.547,1.93,109.9
2026-07-20 09:00:00,宜蘭測站,宜蘭縣,59.7,24.8,49.9,41.3,0.534,2.09,110.4
2026-07-20 10:00:00,宜蘭測站,宜蘭縣,40.2,24.9,43.3,34.4,0.436,3.69,111.9
2026-07-20 11:00:00,宜蘭測站,宜蘭縣,45.0,24.3,41.9,34.7,0.521,1.75,205.1
2026-07-20 12:00:00,宜蘭測站,宜蘭縣,48.0,23.5,41.4,32.6,0.425,2.65,182.5
2026-07-20 13:00:00,宜蘭測站,宜蘭縣,43.0,25.0,,47.4,0.545,3.46,157.4
2026-07-20 14:00:00,宜蘭測站,宜蘭縣,46.5,20.4,31.0,39.6,0.527,2.4,316.7
2026-07-20 15:00:00,宜蘭測站,宜蘭縣,49.5,17.2,34.4,45.4,0.528,2.55,302.9
2026-07-20 16:00:00,宜蘭測站,宜蘭縣,42.5,27.2,44.6,48.6,0.464,1.45,259.9
2026-07-20 17:00:00,宜蘭測站,宜蘭縣,56.0,27.2,47.9,57.8,0.547,2.83,216.0
2026-07-20 18:00:00,宜蘭測站,宜蘭縣,61.3,28.0,45.6,47.1,0.558,1.95,254.6
2026-07-20 19:00:00,宜蘭測站,宜蘭縣,56.7,26.6,40.9,54.5,0.541,3.22,270.7
2026-07-20 20:00:00,宜蘭測站,宜蘭縣,52.9,18.7,31.0,50.8,0.547,2.34,252.8
2026-07-20 21:00:00,宜蘭測站,宜蘭縣,57.2,29.1,51.5,53.9,0.611,1.27,231.5
2026-07-20 22:00:00,宜蘭測站,宜蘭縣,60.2,26.6,37.1,48.8,0.532,1.5,153.0
2026-07-20 23:00:00,宜蘭測站,宜蘭縣,46.3,24.5,39.6,51.9,0.549,2.4,272.6
2026-07-21 00:00:00,宜蘭測站,宜蘭縣,38.7,23.1,35.2,42.1,0.458,1.76,344.4
2026-07-21 01:00:00,宜蘭測站,宜蘭縣,51.7,24.3,27.0,51.0,0.518,3.04,202.8
2026-07-21 02:00:00,宜蘭測站,宜蘭縣,45.5,23.2,34.2,35.4,0.45,2.54,161.5
2026-07-21 03:00:00,宜蘭測站,宜蘭縣,43.2,22.9,40.2,34.4,0.488,1.32,279.4
2026-07-21 04:00:00,宜蘭測站,宜蘭縣,43.5,22.5,35.1,28.7,0.527,2.59,333.7
2026-07-21 05:00:00,宜蘭測站,宜蘭縣,57.3,31.6,61.9,30.2,0.618,3.45,320.8
2026-07-21 06:00:00,宜蘭測站,宜蘭縣,51.4,27.0,43.3,33.8,0.425,1.95,34.9
2026-07-21 07:00:00,宜蘭測站,宜蘭縣,57.0,27.1,37.7,35.4,0.531,0.84,316.2
2026-07-21 08:00:00,宜蘭測站,宜蘭縣,67.2,25.6,54.3,35.0,0.619,5.33,310.8
2026-07-21 09:00:00,宜蘭測站,宜蘭縣,57.7,29.5,41.3,29.7,0.584,2.95,262.6
2026-07-21 10:00:00,宜蘭測站,宜蘭縣,61.6,32.1,62.9,30.7,0.565,1.09,152.4
2026-07-21 11:00:00,宜蘭測站,宜蘭縣,53.1,29.3,47.3,38.7,0.518,1.53,358.2
2026-07-21 12:00:00,宜蘭測站,宜蘭縣,41.2,17.0,36.0,36.9,0.438,3.02,306.3
2026-07-21 13:00:00,宜蘭測站,宜蘭縣,36.1,23.2,37.9,38.1,0.546,2.22,281.9
2026-07-21 14:00:00,宜蘭測站,宜蘭縣,50.0,25.2,37.2,51.1,0.559,2.48,246.5
2026-07-21 15:00:00,宜蘭測站,宜蘭縣,46.5,27.0,54.2,46.0,0.433,2.71,253.0
2026-07-21 16:00:00,宜蘭測站,宜蘭縣,50.7,20.6,26.1,46.6,0.48,2.17,258.0
2026-07-21 17:00:00,宜蘭測站,宜蘭縣,55.3,28.9,55.7,49.6,0.56,2.72,6.3
2026-07-21 18:00:00,宜蘭測站,宜蘭縣,52.4,27.9,41.0,50.4,0.552,1.74,253.9
2026-07-21 19:00:00,宜蘭測站,宜蘭縣,51.6,25.5,42.8,50.5,0.558,2.56,45.4
2026-07-21 20:00:00,宜蘭測站,宜蘭縣,52.6,22.0,32.2,48.2,0.607,2.28,276.5
2026-07-21 21:00:00,宜蘭測站,宜蘭縣,50.0,22.3,45.5,50.8,0.548,2.18,232.4
2026-07-21 22:00:00,宜蘭測站,宜蘭縣,45.2,22.4,31.0,42.8,0.443,3.53,346.2
2026-07-21 23:00:00,宜蘭測站,宜蘭縣,50.4,26.6,41.5,53.2,0.458,2.48,264.6
2026-07-22 00:00:00,宜蘭測站,宜蘭縣,50.9,26.5,35.6,42.6,0.433,2.77,300.5
2026-07-22 01:00:00,宜蘭測站,宜蘭縣,48.2,24.7,39.1,42.4,0.533,1.01,322.4
2026-07-22 02:00:00,宜蘭測站,宜蘭縣,39.1,19.1,33.9,34.6,0.367,2.76,310.7
2026-07-22 03:00:00,宜蘭測站,宜蘭縣,39.4,21.5,42.9,34.4,0.476,2.64,18.1
2026-07-22 04:00:00,宜蘭測站,宜蘭縣,52.5,25.5,44.7,39.3,0.485,4.14,128.9
2026-07-22 05:00:00,宜蘭測站,宜蘭縣,45.1,18.8,36.2,28.2,,1.3,259.0
2026-07-22 06:00:00,宜蘭測站,宜蘭縣,50.9,28.3,48.7,38.4,0.583,2.09,294.5
2026-07-22 07:00:00,宜蘭測站,宜蘭縣,58.2,28.3,47.3,38.1,0.503,2.6,351.1
2026-07-22 08:00:00,宜蘭測站,宜蘭縣,55.0,28.5,49.1,35.1,0.502,1.54,91.9
2026-07-22 09:00:00,宜蘭測站,宜蘭縣,52.0,24.4,42.8,39.2,0.568,2.46,32.3
2026-07-22 10:00:00,宜蘭測站,宜蘭縣,44.0,24.2,37.9,27.4,0.583,3.75,290.7
2026-07-22 11:00:00,宜蘭測站,宜蘭縣,47.3,19.9,29.7,36.1,0.481,3.38,88.8
2026-07-22 12:00:00,宜蘭測站,宜蘭縣,50.7,28.7,47.1,41.9,0.463,3.33,38.0
2026-07-22 13:00:00,宜蘭測站,宜蘭縣,45.4,17.0,36.0,41.3,0.471,1.64,284.1
2026-07-22 14:00:00,宜蘭測站,宜蘭縣,43.0,22.6,50.6,38.1,0.468,3.81,348.8
2026-07-22 15:00:00,宜蘭測站,宜蘭縣,44.2,23.1,30.7,44.7,0.493,1.91,27.9
2026-07-22 16:00:00,宜蘭測站,宜蘭縣,50.3,26.4,49.2,50.9,0.543,2.36,74.3
2026-07-22 17:00:00,宜蘭測站,宜蘭縣,50.0,21.4,37.3,49.0,0.506,3.05,74.3
2026-07-22 18:00:00,宜蘭測站,宜蘭縣,48.5,24.0,36.7,47.0,0.527,2.48,328.0
2026-07-22 19:00:00,宜蘭測站,宜蘭縣,48.7,24.5,50.0,55.2,0.5,2.8,3.1
2026-07-22 20:00:00,宜蘭測站,宜蘭縣,37.1,28.4,58.3,46.8,0.513,1.75,10.5
2026-07-22 21:00:00,宜蘭測站,宜蘭縣,45.8,22.1,45.1,50.1,0.462,2.87,133.3
2026-07-22 22:00:00,宜蘭測站,宜蘭縣,40.7,24.4,43.8,46.0,0.466,1.17,73.4
2026-07-22 23:00:00,宜蘭測站,宜蘭縣,33.9,23.2,43.8,41.9,0.537,2.63,30.1
2026-07-23 00:00:00,宜蘭測站,宜蘭縣,45.5,21.2,40.1,45.3,0.499,2.53,82.6
2026-07-23 01:00:00,宜蘭測站,宜蘭縣,38.3,25.1,46.2,44.1,0.447,3.46,30.4
2026-07-23 02:00:00,宜蘭測站,宜蘭縣,30.2,19.3,39.0,34.1,0.43,3.51,123.7
2026-07-23 03:00:00,宜蘭測站,宜蘭縣,38.6,25.5,32.6,30.4,0.454,3.24,34.4
2026-07-23 04:00:00,宜蘭測站,宜蘭縣,43.6,29.0,61.2,28.0,0.58,2.6,35.2
2026-07-23 05:00:00,宜蘭測站,宜蘭縣,39.3,20.0,33.1,29.8,0.398,,12.5
2026-07-23 06:00:00,宜蘭測站,宜蘭縣,38.8,21.8,41.7,30.4,0.483,3.29,165.4
2026-07-23 07:00:00,宜蘭測站,宜蘭縣,50.9,24.5,50.1,38.0,0.53,2.57,68.7
2026-07-23 08:00:00,宜蘭測站,宜蘭縣,38.6,22.7,44.2,35.5,0.522,2.33,84.3
2026-07-23 09:00:00,宜蘭測站,宜蘭縣,46.3,18.0,23.5,34.3,0.534,2.43,13.5
2026-07-23 10:00:00,宜蘭測站,宜蘭縣,43.2,30.7,61.9,32.3,0.464,2.55,47.1
2026-07-23 11:00:00,宜蘭測站,宜蘭縣,41.5,22.2,43.0,40.4,0.447,2.68,136.0
2026-07-23 12:00:00,宜蘭測站,宜蘭縣,41.7,27.1,52.0,43.7,0.462,2.95,313.9
2026-07-23 13:00:00,宜蘭測站,宜蘭縣,28.3,21.3,37.4,34.7,0.397,2.96,307.7
2026-07-23 14:00:00,宜蘭測站,宜蘭縣,39.4,22.5,44.2,36.6,0.413,3.74,42.7
2026-07-23 15:00:00,宜蘭測站,宜蘭縣,43.0,20.1,37.0,44.1,0.468,3.64,187.0
2026-07-23 16:00:00,宜蘭測站,宜蘭縣,42.8,22.0,35.2,52.9,0.41,2.32,92.5
2026-07-23 17:00:00,宜蘭測站,宜蘭縣,31.1,16.7,29.3,46.6,0.48,2.32,61.6
2026-07-23 18:00:00,宜蘭測站,宜蘭縣,44.6,21.3,41.7,39.0,0.524,2.69,104.2
2026-07-23 19:00:00,宜蘭測站,宜蘭縣,50.0,19.6,30.8,42.2,0.508,3.13,114.8
2026-07-23 20:00:00,宜蘭測站,宜蘭縣,42.0,22.4,32.9,50.1,0.403,3.66,55.4
2026-07-23 21:00:00,宜蘭測站,宜蘭縣,41.7,23.3,51.4,52.5,0.4,2.59,110.4
2026-07-23 22:00:00,宜蘭測站,宜蘭縣,26.6,13.0,16.8,38.8,0.341,2.76,52.9
2026-07-23 23:00:00,宜蘭測站,宜蘭縣,41.6,23.5,28.1,42.4,0.485,2.96,69.4
2026-07-24 00:00:00,宜蘭測站,宜蘭縣,33.0,19.7,37.6,41.8,0.439,1.88,40.1
2026-07-24 01:00:00,宜蘭測站,宜蘭縣,34.5,24.7,42.9,35.7,0.357,3.05,97.0
2026-07-24 02:00:00,宜蘭測站,宜蘭縣,38.0,22.6,37.7,32.0,0.472,2.65,198.7
2026-07-24 03:00:00,宜蘭測站,宜蘭縣,31.7,16.6,32.5,22.2,0.475,2.63,54.2
2026-07-24 04:00:00,宜蘭測站,宜蘭縣,35.1,19.2,26.2,35.3,0.419,2.46,166.5
2026-07-24 05:00:00,宜蘭測站,宜蘭縣,39.3,17.7,37.6,34.0,0.424,1.65,73.4
2026-07-24 06:00:00,宜蘭測站,宜蘭縣,43.2,27.6,38.7,36.2,0.464,3.82,117.9
2026-07-24 07:00:00,宜蘭測站,宜蘭縣,52.6,26.8,44.5,33.7,0.551,3.06,157.9
2026-07-24 08:00:00,宜蘭測站,宜蘭縣,39.9,23.3,43.8,33.1,0.555,2.51,240.5
2026-07-24 09:00:00,宜蘭測站,宜蘭縣,41.7,26.7,43.5,38.2,0.447,3.54,123.5
2026-07-24 10:00:00,宜蘭測站,宜蘭縣,40.3,18.7,36.7,31.8,0.499,2.75,118.6
2026-07-24 11:00:00,宜蘭測站,宜蘭縣,45.1,21.9,38.7,37.0,0.465,1.97,55.2
2026-07-24 12:00:00,宜蘭測站,宜蘭縣,36.9,19.2,34.9,35.0,0.482,2.63,129.2
2026-07-24 13:00:00,宜蘭測站,宜蘭縣,38.5,27.5,41.2,43.2,0.506,2.87,128.9
2026-07-24 14:00:00,宜蘭測站,宜蘭縣,37.9,18.9,32.1,40.1,0.492,3.88,170.6
2026-07-24 15:00:00,宜蘭測站,宜蘭縣,41.6,22.9,45.4,45.7,0.491,1.65,174.5
2026-07-24 16:00:00,宜蘭測站,宜蘭縣,40.8,24.0,37.9,45.9,0.417,2.45,277.3
2026-07-24 17:00:00,宜蘭測站,宜蘭縣,36.6,22.3,43.3,50.2,0.464,3.35,172.5
2026-07-24 18:00:00,宜蘭測站,宜蘭縣,49.3,23.0,37.0,51.1,0.42,3.26,269.1
2026-07-24 19:00:00,宜蘭測站,宜蘭縣,46.4,27.7,39.8,49.1,0.505,2.08,198.3
2026-07-24 20:00:00,宜蘭測站,宜蘭縣,43.7,20.3,30.8,48.3,0.486,1.68,248.2
2026-07-24 21:00:00,宜蘭測站,宜蘭縣,48.0,22.6,35.4,50.6,0.602,2.39,236.4
2026-07-24 22:00:00,宜蘭測站,宜蘭縣,35.6,18.0,28.0,40.6,0.447,3.61,132.0
2026-07-24 23:00:00,宜蘭測站,宜蘭縣,41.3,17.3,38.0,41.7,0.413,2.11,143.5
2026-07-25 00:00:00,宜蘭測站,宜蘭縣,38.0,23.3,46.2,39.3,0.422,3.0,267.4
2026-07-25 01:00:00,宜蘭測站,宜蘭縣,29.8,17.1,35.7,37.3,0.45,2.45,217.0
2026-07-25 02:00:00,宜蘭測站,宜蘭縣,33.4,16.4,24.1,34.8,0.453,1.74,209.7
2026-07-25 03:00:00,宜蘭測站,宜蘭縣,32.4,20.3,35.9,32.9,0.429,0.98,143.8
2026-07-25 04:00:00,宜蘭測站,宜蘭縣,37.2,19.6,32.3,38.2,0.421,3.32,231.9
2026-07-25 05:00:00,宜蘭測站,宜蘭縣,33.7,18.9,25.4,28.2,0.539,2.35,269.4
2026-07-25 06:00:00,宜蘭測站,宜蘭縣,37.2,22.4,42.8,31.0,0.495,2.07,321.2
2026-07-25 07:00:00,宜蘭測站,宜蘭縣,51.7,24.3,43.4,32.5,0.503,3.31,124.0
2026-07-25 08:00:00,宜蘭測站,宜蘭縣,48.2,24.8,39.6,33.6,0.544,2.08,139.1
2026-07-25 09:00:00,宜蘭測站,宜蘭縣,53.4,27.4,43.9,36.5,0.624,2.95,130.6
2026-07-25 10:00:00,宜蘭測站,宜蘭縣,40.2,20.8,32.4,29.2,0.501,3.36,204.3
2026-07-25 11:00:00,宜蘭測站,宜蘭縣,41.4,20.0,35.6,38.1,0.49,2.42,192.7
2026-07-25 12:00:00,宜蘭測站,宜蘭縣,29.0,24.8,49.2,35.1,0.405,2.81,179.5
2026-07-25 13:00:00,宜蘭測站,宜蘭縣,42.1,19.2,34.6,38.8,0.46,2.52,246.6
2026-07-25 14:00:00,宜蘭測站,宜蘭縣,39.7,25.3,42.5,45.0,0.57,1.68,281.2
2026-07-25 15:00:00,宜蘭測站,宜蘭縣,49.8,26.3,53.9,45.6,0.504,2.91,190.7
2026-07-25 16:00:00,宜蘭測站,宜蘭縣,58.6,29.4,41.1,52.0,0.5,2.95,90.4
2026-07-25 17:00:00,宜蘭測站,宜蘭縣,54.7,24.9,37.5,51.5,0.537,3.44,251.9
2026-07-25 18:00:00,宜蘭測站,宜蘭縣,53.0,25.0,39.8,53.0,0.494,3.42,238.2
2026-07-25 19:00:00,宜蘭測站,宜蘭縣,51.5,26.1,,51.4,0.477,1.08,180.6
2026-07-25 20:00:00,宜蘭測站,宜蘭縣,51.6,25.3,42.0,54.1,0.542,2.89,215.3
2026-07-25 21:00:00,宜蘭測站,宜蘭縣,48.4,21.0,38.0,49.3,0.489,4.16,321.0
2026-07-25 22:00:00,宜蘭測站,宜蘭縣,42.1,20.2,40.3,51.9,0.5,1.44,254.8
2026-07-25 23:00:00,宜蘭測站,宜蘭縣,38.0,22.6,48.2,46.3,0.458,2.98,209.2
2026-07-26 00:00:00,宜蘭測站,宜蘭縣,42.7,22.7,37.0,34.1,0.456,3.06,319.4
2026-07-26 01:00:00,宜蘭測站,宜蘭縣,42.3,21.1,39.3,46.8,0.528,3.29,258.6
2026-07-26 02:00:00,宜蘭測站,宜蘭縣,34.7,17.1,29.1,34.3,0.474,2.18,222.8
2026-07-26 03:00:00,宜蘭測站,宜蘭縣,47.4,26.7,41.4,41.1,0.549,3.02,251.2
2026-07-26 04:00:00,宜蘭測站,宜蘭縣,35.6,21.5,39.1,32.7,0.531,2.51,257.0
2026-07-26 05:00:00,宜蘭測站,宜蘭縣,36.3,23.6,34.4,27.5,0.463,1.61,190.8
2026-07-26 06:00:00,宜蘭測站,宜蘭縣,49.3,24.6,38.8,40.6,0.579,2.47,314.9
2026-07-26 07:00:00,宜蘭測站,宜蘭縣,51.0,,29.3,27.4,0.536,2.14,296.4
2026-07-26 08:00:00,宜蘭測站,宜蘭縣,54.3,28.1,45.5,31.1,0.574,3.33,315.8
2026-07-26 09:00:00,宜蘭測站,宜蘭縣,49.4,26.6,45.8,36.4,0.581,1.68,279.8
2026-07-26 10:00:00,宜蘭測站,宜蘭縣,48.6,22.8,37.8,36.2,0.517,1.86,280.3
2026-07-26 11:00:00,宜蘭測站,宜蘭縣,40.9,21.8,37.9,32.2,0.475,2.4,233.7
2026-07-26 12:00:00,宜蘭測站,宜蘭縣,31.2,23.3,36.0,38.2,0.378,2.57,258.8
2026-07-26 13:00:00,宜蘭測站,宜蘭縣,39.2,24.4,40.5,42.8,0.47,2.26,304.2
2026-07-26 14:00:00,宜蘭測站,宜蘭縣,46.3,27.3,40.0,47.9,0.486,1.04,253.9
2026-07-26 15:00:00,宜蘭測站,宜蘭縣,41.0,21.9,33.3,48.5,0.49,1.75,279.4
2026-07-26 16:00:00,宜蘭測站,宜蘭縣,48.3,24.7,42.2,50.6,0.49,4.34,227.4
2026-07-26 17:00:00,宜蘭測站,宜蘭縣,61.6,24.9,43.8,58.3,0.615,1.74,336.0
2026-07-26 18:00:00,宜蘭測站,宜蘭縣,46.5,25.0,36.8,48.6,0.519,1.95,258.4
2026-07-26 19:00:00,宜蘭測站,宜蘭縣,52.6,26.9,47.2,43.6,0.576,2.98,249.1
2026-07-26 20:00:00,宜蘭測站,宜蘭縣,48.3,30.5,58.6,44.5,0.557,2.49,290.1
2026-07-26 21:00:00,宜蘭測站,宜蘭縣,43.2,21.7,40.7,46.2,0.462,2.51,320.0
2026-07-26 22:00:00,宜蘭測站,宜蘭縣,42.9,25.0,51.9,47.3,0.468,2.0,67.4
2026-07-26 23:00:00,宜蘭測站,宜蘭縣,50.4,30.7,56.7,53.1,0.508,2.91,333.5
2026-07-27 00:00:00,宜蘭測站,宜蘭縣,54.3,30.3,60.8,45.9,0.511,2.28,332.1
2026-07-27 01:00:00,宜蘭測站,宜蘭縣,40.5,21.2,28.8,41.1,0.525,3.3,350.6
2026-07-27 02:00:00,宜蘭測站,宜蘭縣,36.6,19.2,36.1,40.7,0.426,1.86,49.7
2026-07-27 03:00:00,宜蘭測站,宜蘭縣,40.4,19.3,30.9,33.6,0.473,2.01,304.9
2026-07-27 04:00:00,宜蘭測站,宜蘭縣,44.4,17.5,27.8,31.0,0.541,3.01,340.8
2026-07-27 05:00:00,宜蘭測站,宜蘭縣,37.6,20.2,29.0,36.2,0.559,3.13,309.6
2026-07-27 06:00:00,宜蘭測站,宜蘭縣,55.4,24.5,35.6,25.7,0.525,2.34,254.4
2026-07-27 07:00:00,宜蘭測站,宜蘭縣,48.7,20.4,26.3,37.2,0.52,3.67,320.0
2026-07-27 08:00:00,宜蘭測站,宜蘭縣,65.1,28.6,55.9,30.3,0.563,1.17,246.9
2026-07-27 09:00:00,宜蘭測站,宜蘭縣,42.0,24.9,48.7,36.3,0.503,2.93,57.8
2026-07-27 10:00:00,宜蘭測站,宜蘭縣,56.2,22.7,34.0,37.1,0.472,2.08,330.7
2026-07-27 11:00:00,宜蘭測站,宜蘭縣,51.5,21.9,36.2,33.4,0.518,2.98,351.5
2026-07-27 12:00:00,宜蘭測站,宜蘭縣,40.1,22.2,39.2,40.6,0.421,3.09,275.1
2026-07-27 13:00:00,宜蘭測站,宜蘭縣,44.4,23.4,49.0,37.8,0.49,2.82,346.6
2026-07-27 14:00:00,宜蘭測站,宜蘭縣,45.9,25.0,42.3,46.0,0.456,1.99,353.9
2026-07-27 15:00:00,宜蘭測站,宜蘭縣,46.2,17.4,32.2,40.3,0.449,2.68,342.1
2026-07-27 16:00:00,宜蘭測站,宜蘭縣,44.3,19.5,25.1,53.3,0.578,2.28,310.3
2026-07-27 17:00:00,宜蘭測站,宜蘭縣,52.8,27.5,61.0,42.9,0.59,2.34,45.2
2026-07-27 18:00:00,宜蘭測站,宜蘭縣,53.2,28.0,39.6,48.2,0.593,1.88,120.4
2026-07-27 19:00:00,宜蘭測站,宜蘭縣,44.1,22.5,34.3,43.9,0.536,1.41,159.6
2026-07-27 20:00:00,宜蘭測站,宜蘭縣,44.7,20.6,25.5,48.5,0.482,1.72,349.3
2026-07-27 21:00:00,宜蘭測站,宜蘭縣,49.8,25.5,38.5,44.9,0.505,0.82,326.7
2026-07-27 22:00:00,宜蘭測站,宜蘭縣,33.6,14.9,25.7,42.3,0.474,1.6,316.1
2026-07-27 23:00:00,宜蘭測站,宜蘭縣,44.1,30.4,47.0,43.2,0.462,2.77,108.5
2026-07-28 00:00:00,宜蘭測站,宜蘭縣,39.8,25.4,43.7,39.6,0.476,3.1,6.8
2026-07-28 01:00:00,宜蘭測站,宜蘭縣,32.3,21.8,35.4,40.7,0.499,3.23,68.3
2026-07-28 02:00:00,宜蘭測站,宜蘭縣,34.7,20.3,31.0,38.1,0.404,4.09,52.7
2026-07-28 03:00:00,宜蘭測站,宜蘭縣,37.8,20.6,33.2,32.1,0.503,2.86,13.3
2026-07-28 04:00:00,宜蘭測站,宜蘭縣,34.9,20.5,45.9,34.8,0.497,2.43,76.4
2026-07-28 05:00:00,宜蘭測站,宜蘭縣,31.6,21.1,48.2,36.3,0.417,2.21,7.6
2026-07-28 06:00:00,宜蘭測站,宜蘭縣,41.2,26.8,54.6,34.8,0.426,2.15,82.6
2026-07-28 07:00:00,宜蘭測站,宜蘭縣,42.5,18.6,32.4,30.1,0.494,1.91,77.9
2026-07-28 08:00:00,宜蘭測站,宜蘭縣,46.6,25.5,46.7,30.9,0.498,2.39,61.4
2026-07-28 09:00:00,宜蘭測站,宜蘭縣,47.4,22.9,35.6,36.1,0.502,1.95,67.8
2026-07-28 10:00:00,宜蘭測站,宜蘭縣,45.4,19.9,27.1,34.2,0.386,3.0,56.0
2026-07-28 11:00:00,宜蘭測站,宜蘭縣,26.7,16.1,16.7,36.1,0.416,3.32,12.4
2026-07-28 12:00:00,宜蘭測站,宜蘭縣,38.6,20.3,37.1,37.0,0.504,2.78,46.5
2026-07-28 13:00:00,宜蘭測站,宜蘭縣,40.4,25.9,48.6,39.2,0.466,2.66,67.9
2026-07-28 14:00:00,宜蘭測站,宜蘭縣,35.5,19.4,33.3,46.0,0.49,3.0,146.7
2026-07-28 15:00:00,宜蘭測站,宜蘭縣,39.0,19.4,33.6,42.2,0.496,3.33,345.7
2026-07-28 16:00:00,宜蘭測站,宜蘭縣,40.9,14.1,20.1,53.7,0.549,3.31,31.2
2026-07-28 17:00:00,宜蘭測站,宜蘭縣,39.0,19.1,27.8,46.0,0.421,1.8,105.3
2026-07-28 18:00:00,宜蘭測站,宜蘭縣,45.9,17.4,27.0,49.9,0.479,3.01,10.6
2026-07-28 19:00:00,宜蘭測站,宜蘭縣,41.2,24.4,49.0,44.7,0.435,1.4,339.9
2026-07-28 20:00:00,宜蘭測站,宜蘭縣,39.2,23.8,44.1,46.9,0.361,2.92,36.7
2026-07-28 21:00:00,宜蘭測站,宜蘭縣,39.6,15.6,32.1,50.0,0.456,2.64,71.7
2026-07-28 22:00:00,宜蘭測站,宜蘭縣,35.5,23.4,32.2,38.9,0.481,2.5,32.5
2026-07-28 23:00:00,宜蘭測站,宜蘭縣,40.1,22.3,47.6,42.9,0.39,3.3,55.8
2026-07-29 00:00:00,宜蘭測站,宜蘭縣,50.3,23.6,44.1,44.5,0.53,2.76,30.2
2026-07-29 01:00:00,宜蘭測站,宜蘭縣,24.5,24.6,50.1,38.0,0.403,2.51,235.0
2026-07-29 02:00:00,宜蘭測站,宜蘭縣,32.0,18.5,31.7,32.8,0.379,2.7,148.9
2026-07-29 03:00:00,宜蘭測站,宜蘭縣,45.2,29.9,55.3,32.6,0.446,2.18,80.9
2026-07-29 04:00:00,宜蘭測站,宜蘭縣,31.3,13.4,29.8,31.2,0.378,3.61,113.7
2026-07-29 05:00:00,宜蘭測站,宜蘭縣,35.9,16.5,30.0,32.0,0.457,3.13,132.2
2026-07-29 06:00:00,宜蘭測站,宜蘭縣,40.9,24.3,43.7,26.8,0.528,1.51,179.0
2026-07-29 07:00:00,宜蘭測站,宜蘭縣,43.5,25.8,46.7,31.7,0.482,2.29,190.8
2026-07-29 08:00:00,宜蘭測站,宜蘭縣,48.2,18.0,39.0,33.5,0.47,1.75,88.8
2026-07-29 09:00:00,宜蘭測站,宜蘭縣,48.1,19.0,33.7,39.4,0.544,2.05,42.0
2026-07-29 10:00:00,宜蘭測站,宜蘭縣,39.4,26.6,44.9,31.0,0.492,1.61,189.4
2026-07-29 11:00:00,宜蘭測站,宜蘭縣,34.5,15.4,30.1,34.6,0.351,3.18,189.7
2026-07-29 12:00:00,宜蘭測站,宜蘭縣,37.8,24.7,39.0,28.4,0.402,3.88,148.5
2026-07-29 13:00:00,宜蘭測站,宜蘭縣,39.2,19.9,39.7,45.8,0.506,3.06,181.5
2026-07-29 14:00:00,宜蘭測站,宜蘭縣,39.5,18.9,38.7,42.1,0.492,2.82,164.4
2026-07-29 15:00:00,宜蘭測站,宜蘭縣,43.9,25.6,46.3,42.5,0.501,1.79,143.8
2026-07-29 16:00:00,宜蘭測站,宜蘭縣,41.8,23.1,40.8,54.7,0.519,2.48,151.3
2026-07-29 17:00:00,宜蘭測站,宜蘭縣,49.9,27.1,50.5,45.4,0.544,3.31,175.5
2026-07-29 18:00:00,宜蘭測站,宜蘭縣,37.7,16.7,17.1,50.6,0.509,3.49,148.7
2026-07-29 19:00:00,宜蘭測站,宜蘭縣,50.8,25.8,52.4,57.3,0.556,2.17,205.7
2026-07-29 20:00:00,宜蘭測站,宜蘭縣,52.8,29.2,38.9,53.5,0.564,3.22,196.4
2026-07-29 21:00:00,宜蘭測站,宜蘭縣,51.7,19.9,39.5,54.3,0.603,1.89,254.0
2026-07-29 22:00:00,宜蘭測站,宜蘭縣,46.3,23.6,37.6,49.1,0.518,2.14,207.5
2026-07-29 23:00:00,宜蘭測站,宜蘭縣,39.5,26.1,48.8,44.6,0.516,2.87,102.6
2026-06-30 00:00:00,花蓮測站,花蓮縣,37.6,21.6,44.3,40.0,0.504,2.55,153.5
2026-06-30 01:00:00,花蓮測站,花蓮縣,43.0,19.1,37.2,38.5,0.465,2.64,237.8
2026-06-30 02:00:00,花蓮測站,花蓮縣,36.8,19.7,34.8,40.9,0.535,2.73,264.8
2026-06-30 03:00:00,花蓮測站,花蓮縣,48.1,25.6,43.4,44.8,0.497,2.95,226.2
2026-06-30 04:00:00,花蓮測站,花蓮縣,35.9,20.5,33.7,32.5,0.526,2.14,122.2
2026-06-30 05:00:00,花蓮測站,花蓮縣,42.1,24.3,50.2,36.4,0.493,2.28,143.0
2026-06-30 06:00:00,花蓮測站,花蓮縣,42.5,21.5,35.8,32.0,0.429,4.44,152.6
2026-06-30 07:00:00,花蓮測站,花蓮縣,53.6,27.9,49.0,37.6,0.468,3.71,216.5
2026-06-30 08:00:00,花蓮測站,花蓮縣,53.8,20.7,30.3,42.3,0.548,2.73,225.2
2026-06-30 09:00:00,花蓮測站,花蓮縣,65.4,26.4,48.8,35.7,0.587,2.27,237.9
2026-06-30 10:00:00,花蓮測站,花蓮縣,38.3,21.6,29.0,28.0,0.444,2.33,186.5
2026-06-30 11:00:00,花蓮測站,花蓮縣,38.6,21.5,35.8,32.9,0.425,2.71,182.1
2026-06-30 12:00:00,花蓮測站,花蓮縣,38.0,18.5,32.2,42.4,0.532,2.28,287.3
2026-06-30 13:00:00,花蓮測站,花蓮縣,47.2,20.9,38.8,42.2,0.523,2.57,199.8
2026-06-30 14:00:00,花蓮測站,花蓮縣,53.1,24.4,41.4,45.2,0.465,1.79,356.5
2026-06-30 15:00:00,花蓮測站,花蓮縣,40.3,22.5,48.5,46.0,0.566,2.83,299.1
2026-06-30 16:00:00,花蓮測站,花蓮縣,56.7,30.2,47.5,49.1,0.558,2.59,113.7
2026-06-30 17:00:00,花蓮測站,花蓮縣,53.5,27.5,50.7,55.8,0.602,2.05,240.6
2026-06-30 18:00:00,花蓮測站,花蓮縣,55.1,28.7,53.2,57.8,0.492,2.12,241.3
2026-06-30 19:00:00,花蓮測站,花蓮縣,62.2,23.3,48.0,57.5,0.587,2.29,244.1
2026-06-30 20:00:00,花蓮測站,花蓮縣,44.7,23.0,32.8,46.7,0.473,2.37,341.3
2026-06-30 21:00:00,花蓮測站,花蓮縣,45.0,19.4,35.7,52.2,0.484,2.92,156.8
2026-06-30 22:00:00,花蓮測站,花蓮縣,50.0,24.7,40.2,49.7,0.555,2.16,217.9
2026-06-30 23:00:00,花蓮測站,花蓮縣,50.8,29.3,57.2,46.2,0.52,1.59,240.5
2026-07-01 00:00:00,花蓮測站,花蓮縣,51.9,24.6,40.0,45.2,0.465,1.87,336.3
2026-07-01 01:00:00,花蓮測站,花蓮縣,41.2,19.5,30.8,40.7,0.519,1.57,296.5
2026-07-01 02:00:00,花蓮測站,花蓮縣,43.6,21.6,34.5,40.9,0.544,2.14,221.3
2026-07-01 03:00:00,花蓮測站,花蓮縣,44.9,20.7,40.8,35.3,0.54,3.58,284.7
2026-07-01 04:00:00,花蓮測站,花蓮縣,50.1,22.2,45.1,39.4,,3.17,233.8
2026-07-01 05:00:00,花蓮測站,花蓮縣,52.0,28.9,50.3,40.6,0.467,3.01,232.2
2026-07-01 06:00:00,花蓮測站,花蓮縣,47.4,22.5,42.5,26.1,0.433,2.9,228.3
2026-07-01 07:00:00,花蓮測站,花蓮縣,46.6,19.0,33.4,30.9,0.534,3.22,229.9
2026-07-01 08:00:00,花蓮測站,花蓮縣,58.0,24.1,44.8,30.9,0.559,3.2,304.1
2026-07-01 09:00:00,花蓮測站,花蓮縣,61.8,29.6,50.8,34.2,0.495,3.21,260.8
2026-07-01 10:00:00,花蓮測站,花蓮縣,44.3,26.3,51.2,33.7,0.451,2.92,311.1
2026-07-01 11:00:00,花蓮測站,花蓮縣,47.9,27.4,47.6,33.0,0.445,3.4,164.6
2026-07-01 12:00:00,花蓮測站,花蓮縣,47.0,23.7,46.0,41.1,0.474,3.19,320.0
2026-07-01 13:00:00,花蓮測站,花蓮縣,46.1,20.6,46.9,38.5,0.576,1.36,243.7
2026-07-01 14:00:00,花蓮測站,花蓮縣,45.1,25.7,46.1,42.3,0.492,2.37,45.5
2026-07-01 15:00:00,花蓮測站,花蓮縣,44.0,21.0,36.9,40.9,0.581,2.67,319.7
2026-07-01 16:00:00,花蓮測站,花蓮縣,54.5,25.0,43.7,52.1,0.498,1.78,345.2
2026-07-01 17:00:00,花蓮測站,花蓮縣,54.6,19.1,36.2,50.8,0.513,1.43,271.8
2026-07-01 18:00:00,花蓮測站,花蓮縣,49.6,25.2,42.1,48.1,0.593,2.04,267.4
2026-07-01 19:00:00,花蓮測站,花蓮縣,53.0,24.4,40.6,55.7,0.654,,321.7
2026-07-01 20:00:00,花蓮測站,花蓮縣,48.9,29.8,45.5,52.6,0.526,3.08,272.2
2026-07-01 21:00:00,花蓮測站,花蓮縣,50.2,23.2,43.6,50.9,0.571,2.55,348.2
2026-07-01 22:00:00,花蓮測站,花蓮縣,40.3,25.8,47.2,47.5,0.479,3.2,200.3
2026-07-01 23:00:00,花蓮測站,花蓮縣,42.1,24.3,41.8,35.3,0.465,2.6,22.0
2026-07-02 00:00:00,花蓮測站,花蓮縣,44.4,18.8,35.6,40.6,0.527,2.23,307.6
2026-07-02 01:00:00,花蓮測站,花蓮縣,41.2,21.0,34.5,44.7,0.485,2.38,328.1
2026-07-02 02:00:00,花蓮測站,花蓮縣,39.1,16.5,23.8,32.0,0.385,3.54,259.4
2026-07-02 03:00:00,花蓮測站,花蓮縣,43.3,25.7,42.1,35.2,0.495,4.1,355.7
2026-07-02 04:00:00,花蓮測站,花蓮縣,47.3,30.2,61.3,37.4,0.528,1.89,273.9
2026-07-02 05:00:00,花蓮測站,花蓮縣,43.0,25.0,45.8,32.9,0.512,3.01,333.1
2026-07-02 06:00:00,花蓮測站,花蓮縣,47.2,18.9,28.5,37.6,0.566,2.67,95.5
2026-07-02 07:00:00,花蓮測站,花蓮縣,53.3,27.9,49.4,32.6,0.608,2.3,319.3
2026-07-02 08:00:00,花蓮測站,花蓮縣,53.8,23.7,46.8,34.8,0.563,3.16,354.0
2026-07-02 09:00:00,花蓮測站,花蓮縣,47.4,22.1,40.3,26.9,0.484,2.05,39.5
2026-07-02 10:00:00,花蓮測站,花蓮縣,44.1,21.2,38.6,38.5,0.515,3.39,61.9
2026-07-02 11:00:00,花蓮測站,花蓮縣,34.7,22.1,27.4,32.9,0.482,,283.0
2026-07-02 12:00:00,花蓮測站,花蓮縣,44.8,28.6,42.6,47.6,0.541,0.99,317.9
2026-07-02 13:00:00,花蓮測站,花蓮縣,47.4,24.5,,44.0,0.477,2.48,52.3
2026-07-02 14:00:00,花蓮測站,花蓮縣,38.2,17.1,28.9,39.5,0.375,2.86,53.7
2026-07-02 15:00:00,花蓮測站,花蓮縣,39.3,19.5,34.1,48.3,0.423,2.31,327.0
2026-07-02 16:00:00,花蓮測站,花蓮縣,50.8,23.5,46.2,53.7,0.506,1.86,10.2
2026-07-02 17:00:00,花蓮測站,花蓮縣,44.6,16.7,29.7,46.1,0.511,2.64,92.5
2026-07-02 18:00:00,花蓮測站,花蓮縣,50.9,23.7,45.1,52.2,0.584,1.7,330.5
2026-07-02 19:00:00,花蓮測站,花蓮縣,45.3,22.1,,50.2,0.468,3.79,69.6
2026-07-02 20:00:00,花蓮測站,花蓮縣,45.8,25.9,52.7,46.8,0.561,2.98,38.5
2026-07-02 21:00:00,花蓮測站,花蓮縣,47.6,26.4,47.7,50.2,0.502,2.81,83.1
2026-07-02 22:00:00,花蓮測站,花蓮縣,41.6,22.5,34.5,40.0,0.438,3.07,78.7
2026-07-02 23:00:00,花蓮測站,花蓮縣,37.8,21.7,36.4,43.2,0.411,2.97,140.7
2026-07-03 00:00:00,花蓮測站,花蓮縣,32.5,19.4,45.1,36.6,0.427,2.51,327.0
2026-07-03 01:00:00,花蓮測站,花蓮縣,30.3,21.0,28.7,43.2,0.312,1.92,353.6
2026-07-03 02:00:00,花蓮測站,花蓮縣,36.6,19.4,30.9,42.6,0.494,2.75,37.6
2026-07-03 03:00:00,花蓮測站,花蓮縣,42.1,27.8,44.7,37.1,0.509,2.25,92.6
2026-07-03 04:00:00,花蓮測站,花蓮縣,38.4,24.7,38.5,31.7,0.464,1.43,14.5
2026-07-03 05:00:00,花蓮測站,花蓮縣,45.2,24.4,39.7,38.5,0.474,2.66,73.4
2026-07-03 06:00:00,花蓮測站,花蓮縣,42.9,26.8,50.0,31.7,0.506,2.48,64.4
2026-07-03 07:00:00,花蓮測站,花蓮縣,44.1,21.1,36.0,30.7,0.581,3.31,49.6
2026-07-03 08:00:00,花蓮測站,花蓮縣,45.3,24.7,47.4,25.7,0.539,3.32,181.0
2026-07-03 09:00:00,花蓮測站,花蓮縣,44.2,23.0,37.1,29.8,0.511,1.53,350.6
2026-07-03 10:00:00,花蓮測站,花蓮縣,45.5,24.4,48.3,35.1,0.561,,47.7
2026-07-03 11:00:00,花蓮測站,花蓮縣,37.6,22.4,32.7,33.8,0.457,2.78,44.3
2026-07-03 12:00:00,花蓮測站,花蓮縣,38.5,16.4,39.3,34.9,0.466,2.51,59.3
2026-07-03 13:00:00,花蓮測站,花蓮縣,30.5,25.3,39.7,34.5,0.428,1.28,132.9
2026-07-03 14:00:00,花蓮測站,花蓮縣,33.9,21.3,35.2,42.8,0.479,3.46,59.8
2026-07-03 15:00:00,花蓮測站,花蓮縣,49.1,24.8,44.6,45.9,0.534,2.61,181.5
2026-07-03 16:00:00,花蓮測站,花蓮縣,39.1,23.4,48.6,41.4,0.57,2.58,321.1
2026-07-03 17:00:00,花蓮測站,花蓮縣,50.3,24.3,42.0,53.0,0.54,3.32,100.9
2026-07-03 18:00:00,花蓮測站,花蓮縣,47.8,21.9,39.7,46.2,0.498,2.37,141.0
2026-07-03 19:00:00,花蓮測站,花蓮縣,36.3,24.0,35.8,43.2,0.437,3.03,85.7
2026-07-03 20:00:00,花蓮測站,花蓮縣,35.0,18.1,34.1,47.1,0.477,1.49,66.6
2026-07-03 21:00:00,花蓮測站,花蓮縣,48.5,25.6,45.7,54.3,0.588,1.75,41.0
2026-07-03 22:00:00,花蓮測站,花蓮縣,37.8,22.2,41.6,41.9,0.462,3.2,141.1
2026-07-03 23:00:00,花蓮測站,花蓮縣,32.2,17.9,42.2,38.6,0.417,3.31,45.1
2026-07-04 00:00:00,花蓮測站,花蓮縣,29.2,13.3,25.1,40.3,0.375,2.97,105.9
2026-07-04 01:00:00,花蓮測站,花蓮縣,34.5,22.2,39.3,36.2,0.453,2.62,101.5
2026-07-04 02:00:00,花蓮測站,花蓮縣,42.2,20.6,40.5,29.5,0.491,3.42,148.8
2026-07-04 03:00:00,花蓮測站,花蓮縣,29.7,19.2,32.6,31.2,0.39,3.09,100.5
2026-07-04 04:00:00,花蓮測站,花蓮縣,35.7,22.0,37.3,30.3,0.567,2.56,161.7
2026-07-04 05:00:00,花蓮測站,花蓮縣,24.9,14.7,32.4,23.3,0.367,3.5,210.6
2026-07-04 06:00:00,花蓮測站,花蓮縣,37.3,23.0,30.6,26.0,0.414,2.86,58.9
2026-07-04 07:00:00,花蓮測站,花蓮縣,40.4,20.8,35.3,27.3,0.544,3.24,74.5
2026-07-04 08:00:00,花蓮測站,花蓮縣,47.1,20.0,38.1,26.8,0.44,2.29,179.7
2026-07-04 09:00:00,花蓮測站,花蓮縣,38.7,20.7,32.0,35.2,0.531,3.24,111.7
2026-07-04 10:00:00,花蓮測站,花蓮縣,31.5,16.3,38.9,31.2,0.475,3.37,145.8
2026-07-04 11:00:00,花蓮測站,花蓮縣,28.0,20.3,42.6,28.4,0.392,2.52,217.9
2026-07-04 12:00:00,花蓮測站,花蓮縣,19.0,23.6,39.4,34.1,0.387,3.54,177.6
2026-07-04 13:00:00,花蓮測站,花蓮縣,41.4,24.1,32.9,38.0,0.542,3.88,202.2
2026-07-04 14:00:00,花蓮測站,花蓮縣,16.5,9.2,15.2,36.5,0.421,3.82,159.6
2026-07-04 15:00:00,花蓮測站,花蓮縣,26.9,14.8,30.2,36.4,0.441,1.61,6.5
2026-07-04 16:00:00,花蓮測站,花蓮縣,33.2,24.1,41.7,38.6,0.476,2.45,231.2
2026-07-04 17:00:00,花蓮測站,花蓮縣,44.1,25.3,40.1,56.9,0.497,2.58,135.0
2026-07-04 18:00:00,花蓮測站,花蓮縣,33.7,16.8,19.4,41.0,0.318,2.2,199.1
2026-07-04 19:00:00,花蓮測站,花蓮縣,39.4,20.5,39.8,57.9,0.475,,142.3
2026-07-04 20:00:00,花蓮測站,花蓮縣,41.7,21.5,32.5,45.4,0.362,2.18,248.2
2026-07-04 21:00:00,花蓮測站,花蓮縣,43.4,25.2,34.0,55.1,0.432,2.65,263.9
2026-07-04 22:00:00,花蓮測站,花蓮縣,35.3,19.6,29.5,46.0,0.524,0.95,193.7
2026-07-04 23:00:00,花蓮測站,花蓮縣,30.1,18.6,32.1,42.9,0.442,2.94,183.1
2026-07-05 00:00:00,花蓮測站,花蓮縣,33.0,19.6,26.3,45.7,0.433,2.48,201.8
2026-07-05 01:00:00,花蓮測站,花蓮縣,33.3,23.7,46.8,42.1,0.451,1.95,231.9
2026-07-05 02:00:00,花蓮測站,花蓮縣,24.8,7.4,16.3,35.4,0.467,2.85,165.2
2026-07-05 03:00:00,花蓮測站,花蓮縣,38.7,19.2,31.8,36.5,0.448,2.34,127.4
2026-07-05 04:00:00,花蓮測站,花蓮縣,31.8,25.1,39.9,25.6,0.56,2.17,127.4
2026-07-05 05:00:00,花蓮測站,花蓮縣,37.7,18.4,28.6,36.2,0.506,2.61,103.9
2026-07-05 06:00:00,花蓮測站,花蓮縣,37.7,21.2,30.9,34.9,0.467,2.78,227.0
2026-07-05 07:00:00,花蓮測站,花蓮縣,45.2,22.7,43.0,34.3,0.568,2.62,126.9
2026-07-05 08:00:00,花蓮測站,花蓮縣,53.5,24.1,40.3,36.2,0.471,2.96,307.1
2026-07-05 09:00:00,花蓮測站,花蓮縣,48.2,22.8,42.7,32.2,0.439,2.64,262.5
2026-07-05 10:00:00,花蓮測站,花蓮縣,49.1,21.8,31.8,39.8,0.543,2.73,260.3
2026-07-05 11:00:00,花蓮測站,花蓮縣,32.9,21.2,39.4,32.7,0.444,2.36,3.0
2026-07-05 12:00:00,花蓮測站,花蓮縣,45.0,26.1,47.5,38.1,0.5,1.59,242.4
2026-07-05 13:00:00,花蓮測站,花蓮縣,43.6,15.8,30.3,42.4,0.444,3.13,186.3
2026-07-05 14:00:00,花蓮測站,花蓮縣,38.2,17.7,38.3,40.0,0.494,2.66,281.3
2026-07-05 15:00:00,花蓮測站,花蓮縣,39.2,26.1,51.7,45.4,0.443,2.31,239.4
2026-07-05 16:00:00,花蓮測站,花蓮縣,38.5,19.4,40.5,48.3,0.527,2.45,183.6
2026-07-05 17:00:00,花蓮測站,花蓮縣,39.9,22.4,42.7,47.9,0.469,2.85,285.8
2026-07-05 18:00:00,花蓮測站,花蓮縣,58.0,27.4,41.6,52.8,0.55,2.17,241.0
2026-07-05 19:00:00,花蓮測站,花蓮縣,50.7,24.4,36.3,47.8,0.562,2.23,173.5
2026-07-05 20:00:00,花蓮測站,花蓮縣,47.5,24.9,41.2,53.1,0.605,2.4,237.0
2026-07-05 21:00:00,花蓮測站,花蓮縣,39.6,23.0,46.8,46.0,0.492,2.51,141.7
2026-07-05 22:00:00,花蓮測站,花蓮縣,43.9,17.3,29.5,47.3,0.491,2.64,266.0
2026-07-05 23:00:00,花蓮測站,花蓮縣,39.3,29.3,53.1,38.7,0.5,1.56,182.5
2026-07-06 00:00:00,花蓮測站,花蓮縣,39.5,22.9,32.4,43.9,0.336,2.15,285.1
2026-07-06 01:00:00,花蓮測站,花蓮縣,44.8,25.7,39.5,43.0,0.516,2.96,266.4
2026-07-06 02:00:00,花蓮測站,花蓮縣,40.8,19.4,25.8,32.2,0.508,1.91,356.6
2026-07-06 03:00:00,花蓮測站,花蓮縣,60.4,25.8,30.4,44.7,0.456,1.46,267.5
2026-07-06 04:00:00,花蓮測站,花蓮縣,50.2,19.6,24.0,34.9,0.479,,299.8
2026-07-06 05:00:00,花蓮測站,花蓮縣,50.8,25.9,40.7,34.8,0.498,2.92,243.7
2026-07-06 06:00:00,花蓮測站,花蓮縣,51.3,27.5,51.5,37.6,0.46,2.31,228.7
2026-07-06 07:00:00,花蓮測站,花蓮縣,56.8,27.8,54.4,35.8,0.543,3.28,187.9
2026-07-06 08:00:00,花蓮測站,花蓮縣,55.2,26.5,46.0,34.1,0.478,,315.0
2026-07-06 09:00:00,花蓮測站,花蓮縣,64.6,26.6,39.6,31.9,0.65,1.48,296.3
2026-07-06 10:00:00,花蓮測站,花蓮縣,54.3,26.9,39.3,38.9,0.58,3.73,221.4
2026-07-06 11:00:00,花蓮測站,花蓮縣,40.1,17.0,23.0,30.2,0.45,3.26,319.5
2026-07-06 12:00:00,花蓮測站,花蓮縣,44.3,21.0,42.9,39.4,0.497,2.41,38.2
2026-07-06 13:00:00,花蓮測站,花蓮縣,46.1,23.5,44.2,39.3,0.524,2.04,293.7
2026-07-06 14:00:00,花蓮測站,花蓮縣,44.8,19.4,35.4,43.9,0.484,2.02,286.4
2026-07-06 15:00:00,花蓮測站,花蓮縣,48.0,20.4,46.9,45.9,0.436,3.59,6.1
2026-07-06 16:00:00,花蓮測站,花蓮縣,59.4,26.1,40.8,55.8,0.643,1.76,161.4
2026-07-06 17:00:00,花蓮測站,花蓮縣,54.5,22.4,32.1,53.1,0.5,2.57,296.1
2026-07-06 18:00:00,花蓮測站,花蓮縣,43.9,24.2,37.4,46.8,0.499,2.65,341.4
2026-07-06 19:00:00,花蓮測站,花蓮縣,56.4,22.0,44.2,55.6,0.538,2.91,253.9
2026-07-06 20:00:00,花蓮測站,花蓮縣,49.7,21.2,32.4,59.4,0.492,3.1,285.1
2026-07-06 21:00:00,花蓮測站,花蓮縣,55.2,29.1,55.1,56.7,0.558,1.82,318.9
2026-07-06 22:00:00,花蓮測站,花蓮縣,42.6,22.7,41.7,39.8,0.427,2.08,309.2
2026-07-06 23:00:00,花蓮測站,花蓮縣,37.4,18.3,31.0,33.7,0.429,3.59,342.2
2026-07-07 00:00:00,花蓮測站,花蓮縣,46.2,24.8,42.4,45.8,0.505,2.31,321.4
2026-07-07 01:00:00,花蓮測站,花蓮縣,38.2,23.0,37.7,42.3,0.476,2.35,232.8
2026-07-07 02:00:00,花蓮測站,花蓮縣,43.4,20.5,32.8,31.5,0.417,2.32,336.0
2026-07-07 03:00:00,花蓮測站,花蓮縣,37.7,18.8,37.9,36.0,0.445,2.26,2.7
2026-07-07 04:00:00,花蓮測站,花蓮縣,42.4,24.9,39.1,32.2,0.461,1.48,333.1
2026-07-07 05:00:00,花蓮測站,花蓮縣,45.2,18.7,31.9,30.1,0.598,2.25,24.7
2026-07-07 06:00:00,花蓮測站,花蓮縣,49.2,22.4,40.1,39.4,0.558,2.46,229.2
2026-07-07 07:00:00,花蓮測站,花蓮縣,53.9,21.2,31.5,32.0,0.505,3.2,247.9
2026-07-07 08:00:00,花蓮測站,花蓮縣,57.5,26.8,44.6,37.6,0.532,2.12,351.5
2026-07-07 09:00:00,花蓮測站,花蓮縣,60.4,21.9,37.7,36.4,0.491,1.17,9.7
2026-07-07 10:00:00,花蓮測站,花蓮縣,41.2,24.9,51.9,31.6,0.445,2.01,18.0
2026-07-07 11:00:00,花蓮測站,花蓮縣,47.4,22.4,37.5,32.0,0.525,2.36,213.2
2026-07-07 12:00:00,花蓮測站,花蓮縣,39.8,16.5,29.3,37.3,0.428,3.04,353.7
2026-07-07 13:00:00,花蓮測站,花蓮縣,39.0,21.5,26.7,44.9,0.435,2.13,340.9
2026-07-07 14:00:00,花蓮測站,花蓮縣,37.3,17.8,28.7,34.0,0.491,3.07,284.3
2026-07-07 15:00:00,花蓮測站,花蓮縣,44.2,24.5,43.2,42.9,0.518,1.96,66.3
2026-07-07 16:00:00,花蓮測站,花蓮縣,44.5,20.8,44.4,44.6,0.545,2.76,295.8
2026-07-07 17:00:00,花蓮測站,花蓮縣,48.1,23.7,35.5,52.0,0.566,3.32,146.4
2026-07-07 18:00:00,花蓮測站,花蓮縣,48.7,25.4,57.3,47.3,0.604,3.75,334.8
2026-07-07 19:00:00,花蓮測站,花蓮縣,52.6,26.0,50.4,53.2,0.548,3.54,52.4
2026-07-07 20:00:00,花蓮測站,花蓮縣,40.7,24.0,46.0,47.7,0.507,3.9,36.0
2026-07-07 21:00:00,花蓮測站,花蓮縣,39.7,19.4,30.8,45.7,0.517,3.49,334.2
2026-07-07 22:00:00,花蓮測站,花蓮縣,31.8,19.3,33.5,40.2,0.484,3.23,165.2
2026-07-07 23:00:00,花蓮測站,花蓮縣,34.7,24.3,35.4,42.6,0.417,2.92,87.3
2026-07-08 00:00:00,花蓮測站,花蓮縣,35.2,23.0,48.3,36.4,0.445,3.23,336.2
2026-07-08 01:00:00,花蓮測站,花蓮縣,30.3,19.2,31.4,35.7,0.532,2.47,71.2
2026-07-08 02:00:00,花蓮測站,花蓮縣,39.2,16.3,28.1,38.1,0.52,2.64,90.5
2026-07-08 03:00:00,花蓮測站,花蓮縣,27.2,21.0,35.6,28.9,0.399,2.66,342.3
2026-07-08 04:00:00,花蓮測站,花蓮縣,38.9,26.0,40.6,31.7,0.438,2.73,52.9
2026-07-08 05:00:00,花蓮測站,花蓮縣,39.7,18.1,29.8,34.5,0.53,1.33,85.7
2026-07-08 06:00:00,花蓮測站,花蓮縣,41.2,25.0,51.6,27.4,0.497,2.85,45.5
2026-07-08 07:00:00,花蓮測站,花蓮縣,40.6,20.6,39.4,39.0,0.5,2.83,81.7
2026-07-08 08:00:00,花蓮測站,花蓮縣,57.0,27.3,51.7,34.9,0.571,1.91,25.5
2026-07-08 09:00:00,花蓮測站,花蓮縣,45.2,21.5,34.8,34.5,0.52,2.68,214.4
2026-07-08 10:00:00,花蓮測站,花蓮縣,37.1,23.0,41.2,36.5,0.443,2.29,66.5
2026-07-08 11:00:00,花蓮測站,花蓮縣,37.7,22.9,39.4,30.9,0.333,2.35,346.5
2026-07-08 12:00:00,花蓮測站,花蓮縣,34.1,18.7,26.4,29.4,0.46,4.44,131.1
2026-07-08 13:00:00,花蓮測站,花蓮縣,39.0,20.8,32.6,40.7,0.409,2.83,38.5
2026-07-08 14:00:00,花蓮測站,花蓮縣,27.9,16.7,30.0,25.1,0.379,3.46,61.6
2026-07-08 15:00:00,花蓮測站,花蓮縣,41.0,20.6,35.9,42.2,0.504,3.73,102.2
2026-07-08 16:00:00,花蓮測站,花蓮縣,41.6,19.4,32.4,49.0,0.516,3.34,139.3
2026-07-08 17:00:00,花蓮測站,花蓮縣,48.4,19.8,31.0,44.1,0.587,1.86,25.0
2026-07-08 18:00:00,花蓮測站,花蓮縣,44.3,20.4,32.6,51.6,0.452,1.45,49.9
2026-07-08 19:00:00,花蓮測站,花蓮縣,40.0,19.4,31.2,47.6,0.393,2.74,134.9
2026-07-08 20:00:00,花蓮測站,花蓮縣,47.0,16.0,24.8,47.8,,2.06,69.9
2026-07-08 21:00:00,花蓮測站,花蓮縣,34.2,25.1,47.8,42.9,0.357,3.52,359.8
2026-07-08 22:00:00,花蓮測站,花蓮縣,34.1,20.0,28.1,44.2,0.404,3.31,130.4
2026-07-08 23:00:00,花蓮測站,花蓮縣,45.1,23.2,44.0,52.6,0.495,2.53,134.7
2026-07-09 00:00:00,花蓮測站,花蓮縣,31.7,18.1,30.9,42.6,0.427,2.97,160.8
2026-07-09 01:00:00,花蓮測站,花蓮縣,29.5,19.1,32.7,40.3,0.381,2.28,104.3
2026-07-09 02:00:00,花蓮測站,花蓮縣,38.2,28.4,49.4,38.1,0.426,3.28,104.8
2026-07-09 03:00:00,花蓮測站,花蓮縣,39.9,20.8,34.4,43.2,0.385,2.17,38.9
2026-07-09 04:00:00,花蓮測站,花蓮縣,40.3,23.3,41.8,30.9,0.491,3.1,106.5
2026-07-09 05:00:00,花蓮測站,花蓮縣,43.0,21.9,34.6,31.8,0.391,2.54,74.9
2026-07-09 06:00:00,花蓮測站,花蓮縣,49.0,19.7,28.9,35.2,0.444,2.33,89.4
2026-07-09 07:00:00,花蓮測站,花蓮縣,56.7,23.5,40.3,39.7,0.52,3.71,239.7
2026-07-09 08:00:00,花蓮測站,花蓮縣,50.0,22.6,46.4,34.1,0.527,1.59,133.8
2026-07-09 09:00:00,花蓮測站,花蓮縣,52.3,27.0,50.5,29.4,0.496,2.26,169.8
2026-07-09 10:00:00,花蓮測站,花蓮縣,39.4,18.3,31.6,30.1,0.508,3.0,126.6
2026-07-09 11:00:00,花蓮測站,花蓮縣,37.9,22.2,38.7,35.5,0.43,2.31,131.5
2026-07-09 12:00:00,花蓮測站,花蓮縣,33.4,16.8,33.0,27.7,0.419,2.95,203.0
2026-07-09 13:00:00,花蓮測站,花蓮縣,47.2,22.5,38.8,45.0,0.451,2.89,196.5
2026-07-09 14:00:00,花蓮測站,花蓮縣,35.9,12.8,23.0,46.7,0.424,2.23,85.6
2026-07-09 15:00:00,花蓮測站,花蓮縣,38.4,29.2,40.4,43.9,0.562,3.21,238.4
2026-07-09 16:00:00,花蓮測站,花蓮縣,42.6,18.1,26.1,47.1,0.472,3.04,116.8
2026-07-09 17:00:00,花蓮測站,花蓮縣,42.8,18.6,34.0,52.8,0.561,1.78,160.3
2026-07-09 18:00:00,花蓮測站,花蓮縣,47.7,18.8,37.9,48.1,0.467,2.53,212.1
2026-07-09 19:00:00,花蓮測站,花蓮縣,46.5,23.5,41.0,51.5,0.546,1.27,148.4
2026-07-09 20:00:00,花蓮測站,花蓮縣,50.6,22.5,35.7,49.8,0.579,1.53,165.2
2026-07-09 21:00:00,花蓮測站,花蓮縣,44.6,25.5,51.5,48.7,0.498,2.66,207.0
2026-07-09 22:00:00,花蓮測站,花蓮縣,44.4,19.3,33.0,53.3,0.441,2.99,154.9
2026-07-09 23:00:00,花蓮測站,花蓮縣,41.9,18.8,36.4,41.1,0.552,1.56,206.6
2026-07-10 00:00:00,花蓮測站,花蓮縣,28.5,18.1,34.4,39.0,0.403,3.22,232.3
2026-07-10 01:00:00,花蓮測站,花蓮縣,47.8,19.6,22.9,36.5,0.472,3.17,156.6
2026-07-10 02:00:00,花蓮測站,花蓮縣,39.8,22.5,27.0,34.6,0.464,3.0,174.6
2026-07-10 03:00:00,花蓮測站,花蓮縣,44.0,25.3,42.0,32.0,0.427,1.81,129.9
2026-07-10 04:00:00,花蓮測站,花蓮縣,43.3,28.0,47.5,38.3,0.445,3.35,245.2
2026-07-10 05:00:00,花蓮測站,花蓮縣,45.3,29.1,52.1,33.0,0.474,2.5,189.4
2026-07-10 06:00:00,花蓮測站,花蓮縣,47.2,22.7,39.5,26.7,0.525,2.63,191.3
2026-07-10 07:00:00,花蓮測站,花蓮縣,57.4,23.2,38.0,39.4,0.584,3.37,288.0
2026-07-10 08:00:00,花蓮測站,花蓮縣,52.9,22.6,32.9,33.2,0.429,1.74,199.4
2026-07-10 09:00:00,花蓮測站,花蓮縣,58.0,23.8,43.9,29.5,0.611,2.69,276.7
2026-07-10 10:00:00,花蓮測站,花蓮縣,54.8,23.2,30.9,35.2,0.542,2.68,253.4
2026-07-10 11:00:00,花蓮測站,花蓮縣,54.7,23.8,40.0,33.9,0.533,2.55,167.0
2026-07-10 12:00:00,花蓮測站,花蓮縣,40.0,18.4,24.9,42.6,0.348,2.74,245.1
2026-07-10 13:00:00,花蓮測站,花蓮縣,40.4,21.0,33.6,42.8,0.501,2.24,136.3
2026-07-10 14:00:00,花蓮測站,花蓮縣,47.2,21.3,39.8,42.4,0.52,4.33,259.7
2026-07-10 15:00:00,花蓮測站,花蓮縣,55.2,26.8,52.1,50.2,0.586,2.5,153.0
2026-07-10 16:00:00,花蓮測站,花蓮縣,44.1,24.0,44.9,52.7,0.479,3.46,242.2
2026-07-10 17:00:00,花蓮測站,花蓮縣,54.3,25.3,37.0,44.8,0.502,3.97,148.9
2026-07-10 18:00:00,花蓮測站,花蓮縣,49.6,21.5,40.4,48.6,0.506,1.94,207.9
2026-07-10 19:00:00,花蓮測站,花蓮縣,54.3,24.6,47.1,51.7,0.414,2.64,128.4
2026-07-10 20:00:00,花蓮測站,花蓮縣,55.0,25.6,44.3,52.5,0.576,1.82,273.6
2026-07-10 21:00:00,花蓮測站,花蓮縣,52.4,24.2,43.1,44.2,0.579,2.04,286.9
2026-07-10 22:00:00,花蓮測站,花蓮縣,49.2,15.9,22.9,46.8,0.493,3.1,195.3
2026-07-10 23:00:00,花蓮測站,花蓮縣,52.4,20.0,37.9,50.6,0.539,2.36,218.8
2026-07-11 00:00:00,花蓮測站,花蓮縣,33.2,17.9,23.1,47.8,0.352,3.55,184.0
2026-07-11 01:00:00,花蓮測站,花蓮縣,34.3,17.1,31.7,40.9,0.432,4.64,254.1
2026-07-11 02:00:00,花蓮測站,花蓮縣,39.8,19.5,32.0,41.0,0.498,3.57,218.6
2026-07-11 03:00:00,花蓮測站,花蓮縣,42.7,23.2,35.6,32.0,0.51,3.24,227.0
2026-07-11 04:00:00,花蓮測站,花蓮縣,43.5,26.0,34.5,29.3,0.453,2.31,262.0
2026-07-11 05:00:00,花蓮測站,花蓮縣,42.4,21.3,37.6,37.9,0.529,3.24,230.7
2026-07-11 06:00:00,花蓮測站,花蓮縣,45.3,25.1,37.2,29.7,0.461,1.78,67.9
2026-07-11 07:00:00,花蓮測站,花蓮縣,40.1,18.7,31.3,29.6,0.49,3.39,258.0
2026-07-11 08:00:00,花蓮測站,花蓮縣,56.2,20.4,38.0,43.2,0.499,1.65,294.8
2026-07-11 09:00:00,花蓮測站,花蓮縣,50.0,21.8,41.2,36.8,0.501,3.35,271.5
2026-07-11 10:00:00,花蓮測站,花蓮縣,48.8,24.5,49.5,31.0,0.485,2.26,303.0
2026-07-11 11:00:00,花蓮測站,花蓮縣,45.4,20.5,36.2,30.7,0.547,2.44,220.7
2026-07-11 12:00:00,花蓮測站,花蓮縣,34.5,21.2,29.4,35.8,0.388,2.56,9.2
2026-07-11 13:00:00,花蓮測站,花蓮縣,50.7,23.5,47.9,35.8,0.464,0.9,315.7
2026-07-11 14:00:00,花蓮測站,花蓮縣,50.5,27.3,50.7,43.6,0.574,2.68,297.4
2026-07-11 15:00:00,花蓮測站,花蓮縣,37.1,22.7,43.1,47.8,0.375,2.5,272.8
2026-07-11 16:00:00,花蓮測站,花蓮縣,42.6,18.9,28.6,50.3,0.502,2.85,194.0
2026-07-11 17:00:00,花蓮測站,花蓮縣,57.3,24.5,50.3,51.2,0.655,2.83,290.4
2026-07-11 18:00:00,花蓮測站,花蓮縣,46.5,26.3,39.1,47.9,0.464,2.09,43.5
2026-07-11 19:00:00,花蓮測站,花蓮縣,52.2,25.2,43.7,50.6,0.618,2.71,350.1
2026-07-11 20:00:00,花蓮測站,花蓮縣,45.5,20.3,29.4,54.8,0.459,2.19,356.7
2026-07-11 21:00:00,花蓮測站,花蓮縣,38.0,20.5,36.8,49.7,0.43,3.08,314.1
2026-07-11 22:00:00,花蓮測站,花蓮縣,44.7,20.5,30.2,47.2,0.472,3.28,283.6
2026-07-11 23:00:00,花蓮測站,花蓮縣,35.9,18.6,,29.5,0.448,3.54,292.7
2026-07-12 00:00:00,花蓮測站,花蓮縣,39.8,25.1,47.1,46.0,0.494,2.63,357.6
2026-07-12 01:00:00,花蓮測站,花蓮縣,41.7,21.8,35.5,38.6,0.538,1.92,319.8
2026-07-12 02:00:00,花蓮測站,花蓮縣,40.5,18.5,31.3,43.1,0.503,2.55,342.7
2026-07-12 03:00:00,花蓮測站,花蓮縣,37.9,27.2,46.6,34.2,0.47,1.9,311.9
2026-07-12 04:00:00,花蓮測站,花蓮縣,31.9,17.0,26.3,28.6,0.424,2.6,338.9
2026-07-12 05:00:00,花蓮測站,花蓮縣,31.1,16.2,25.1,27.1,0.376,3.32,80.2
2026-07-12 06:00:00,花蓮測站,花蓮縣,45.9,21.3,30.8,30.3,0.565,3.99,261.1
2026-07-12 07:00:00,花蓮測站,花蓮縣,52.6,22.8,42.3,40.3,0.544,2.79,31.9
2026-07-12 08:00:00,花蓮測站,花蓮縣,51.9,26.0,39.9,27.3,0.618,1.78,318.6
2026-07-12 09:00:00,花蓮測站,花蓮縣,43.1,20.8,36.9,34.9,0.516,3.02,328.1
2026-07-12 10:00:00,花蓮測站,花蓮縣,38.5,24.6,35.6,37.0,0.462,2.33,326.7
2026-07-12 11:00:00,花蓮測站,花蓮縣,42.4,23.9,36.9,37.1,0.471,2.0,323.9
2026-07-12 12:00:00,花蓮測站,花蓮縣,38.2,24.9,37.3,40.0,0.441,3.08,336.8
2026-07-12 13:00:00,花蓮測站,花蓮縣,37.0,16.8,21.1,43.0,0.455,3.02,16.0
2026-07-12 14:00:00,花蓮測站,花蓮縣,26.2,22.4,35.8,35.7,0.417,1.93,14.2
2026-07-12 15:00:00,花蓮測站,花蓮縣,31.6,34.6,66.1,41.4,0.451,3.41,310.0
2026-07-12 16:00:00,花蓮測站,花蓮縣,35.4,23.4,31.2,42.7,0.387,1.36,278.7
2026-07-12 17:00:00,花蓮測站,花蓮縣,41.2,23.9,47.4,43.0,0.475,3.14,71.7
2026-07-12 18:00:00,花蓮測站,花蓮縣,46.4,24.9,39.1,45.6,0.401,4.05,15.4
2026-07-12 19:00:00,花蓮測站,花蓮縣,43.1,13.9,31.3,43.5,0.469,2.81,311.5
2026-07-12 20:00:00,花蓮測站,花蓮縣,40.0,24.7,38.9,44.5,0.464,2.49,11.4
2026-07-12 21:00:00,花蓮測站,花蓮縣,33.2,14.6,26.4,48.2,0.46,2.56,353.6
2026-07-12 22:00:00,花蓮測站,花蓮縣,27.2,23.2,36.5,43.0,0.305,3.01,37.9
2026-07-12 23:00:00,花蓮測站,花蓮縣,28.2,16.0,30.2,33.8,0.475,2.17,320.5
2026-07-13 00:00:00,花蓮測站,花蓮縣,43.9,25.7,38.0,39.7,0.467,3.47,107.2
2026-07-13 01:00:00,花蓮測站,花蓮縣,37.7,23.0,34.2,33.4,0.475,3.33,10.9
2026-07-13 02:00:00,花蓮測站,花蓮縣,42.6,21.1,32.6,43.3,0.507,2.59,46.2
2026-07-13 03:00:00,花蓮測站,花蓮縣,30.6,12.7,24.5,35.3,0.418,2.46,242.9
2026-07-13 04:00:00,花蓮測站,花蓮縣,39.7,22.2,39.2,38.1,0.442,2.64,61.2
2026-07-13 05:00:00,花蓮測站,花蓮縣,42.1,23.3,38.6,32.0,0.525,1.47,16.4
2026-07-13 06:00:00,花蓮測站,花蓮縣,50.0,22.0,39.0,33.3,0.477,3.37,38.1
2026-07-13 07:00:00,花蓮測站,花蓮縣,44.7,16.8,22.3,34.9,0.471,1.71,30.6
2026-07-13 08:00:00,花蓮測站,花蓮縣,44.3,21.9,42.3,33.6,0.404,2.66,57.8
2026-07-13 09:00:00,花蓮測站,花蓮縣,51.4,23.9,52.7,30.8,0.565,2.56,35.5
2026-07-13 10:00:00,花蓮測站,花蓮縣,38.2,25.2,44.6,35.6,0.506,2.93,7.6
2026-07-13 11:00:00,花蓮測站,花蓮縣,30.0,23.8,45.1,40.2,0.37,1.03,329.4
2026-07-13 12:00:00,花蓮測站,花蓮縣,33.3,20.4,35.4,25.8,0.579,2.47,139.5
2026-07-13 13:00:00,花蓮測站,花蓮縣,38.4,21.2,28.1,34.4,0.454,1.72,165.6
2026-07-13 14:00:00,花蓮測站,花蓮縣,36.9,27.1,44.2,43.9,0.443,3.39,157.1
2026-07-13 15:00:00,花蓮測站,花蓮縣,43.8,26.6,45.1,50.0,0.524,2.18,54.0
2026-07-13 16:00:00,花蓮測站,花蓮縣,40.6,25.1,38.3,45.9,0.456,1.84,127.7
2026-07-13 17:00:00,花蓮測站,花蓮縣,38.5,21.4,37.4,46.0,0.413,3.38,41.6
2026-07-13 18:00:00,花蓮測站,花蓮縣,45.4,26.7,52.6,48.3,0.503,2.55,140.6
2026-07-13 19:00:00,花蓮測站,花蓮縣,40.4,25.5,47.8,46.0,0.471,2.57,190.5
2026-07-13 20:00:00,花蓮測站,花蓮縣,40.5,25.9,38.0,47.4,0.46,3.28,55.8
2026-07-13 21:00:00,花蓮測站,花蓮縣,43.1,26.7,47.7,52.8,0.529,2.18,92.4
2026-07-13 22:00:00,花蓮測站,花蓮縣,35.8,26.9,49.3,40.7,0.402,2.24,121.9
2026-07-13 23:00:00,花蓮測站,花蓮縣,28.3,16.8,34.5,42.0,0.43,2.06,168.9
2026-07-14 00:00:00,花蓮測站,花蓮縣,42.4,22.4,41.4,45.9,0.525,3.1,161.0
2026-07-14 01:00:00,花蓮測站,花蓮縣,31.5,22.3,28.1,36.0,0.402,2.95,157.1
2026-07-14 02:00:00,花蓮測站,花蓮縣,36.1,26.7,39.0,37.8,0.425,1.96,97.6
2026-07-14 03:00:00,花蓮測站,花蓮縣,31.6,17.5,30.5,32.3,0.51,2.57,49.3
2026-07-14 04:00:00,花蓮測站,花蓮縣,29.7,18.9,26.1,29.5,0.478,3.71,156.3
2026-07-14 05:00:00,花蓮測站,花蓮縣,38.4,19.5,37.3,32.4,0.44,2.58,108.3
2026-07-14 06:00:00,花蓮測站,花蓮縣,44.8,20.5,32.2,33.9,0.439,2.5,97.0
2026-07-14 07:00:00,花蓮測站,花蓮縣,45.8,21.0,42.3,26.0,0.432,3.43,119.1
2026-07-14 08:00:00,花蓮測站,花蓮縣,46.2,26.5,35.8,28.3,0.531,4.0,178.2
2026-07-14 09:00:00,花蓮測站,花蓮縣,44.7,22.0,31.5,33.5,0.522,3.85,195.0
2026-07-14 10:00:00,花蓮測站,花蓮縣,52.6,29.7,57.2,38.2,0.447,2.59,169.1
2026-07-14 11:00:00,花蓮測站,花蓮縣,38.3,16.6,27.4,42.0,0.499,3.65,205.0
2026-07-14 12:00:00,花蓮測站,花蓮縣,34.8,18.8,30.6,43.4,0.448,3.06,70.8
2026-07-14 13:00:00,花蓮測站,花蓮縣,42.3,20.9,32.9,45.9,0.528,2.31,225.0
2026-07-14 14:00:00,花蓮測站,花蓮縣,45.1,24.3,41.4,43.9,0.497,2.65,148.3
2026-07-14 15:00:00,花蓮測站,花蓮縣,37.2,16.4,26.0,34.1,0.494,3.06,136.4
2026-07-14 16:00:00,花蓮測站,花蓮縣,49.7,23.1,36.0,39.8,0.505,2.83,208.3
2026-07-14 17:00:00,花蓮測站,花蓮縣,46.5,23.9,41.9,51.8,0.445,1.42,129.6
2026-07-14 18:00:00,花蓮測站,花蓮縣,52.6,22.5,39.2,49.5,0.543,2.03,134.6
2026-07-14 19:00:00,花蓮測站,花蓮縣,34.9,22.9,39.9,44.0,0.538,2.18,136.6
2026-07-14 20:00:00,花蓮測站,花蓮縣,40.9,25.1,50.0,54.2,0.445,3.82,157.2
2026-07-14 21:00:00,花蓮測站,花蓮縣,35.6,19.3,35.1,47.3,0.476,3.01,207.0
2026-07-14 22:00:00,花蓮測站,花蓮縣,40.8,19.6,30.8,40.7,0.47,2.28,167.5
2026-07-14 23:00:00,花蓮測站,花蓮縣,30.5,14.8,30.8,44.2,0.344,2.66,131.3
2026-07-15 00:00:00,花蓮測站,花蓮縣,36.1,20.9,36.9,37.0,0.408,3.5,167.6
2026-07-15 01:00:00,花蓮測站,花蓮縣,42.7,20.8,25.2,,0.461,1.76,124.6
2026-07-15 02:00:00,花蓮測站,花蓮縣,39.9,21.3,29.2,41.1,0.444,2.27,173.6
2026-07-15 03:00:00,花蓮測站,花蓮縣,45.1,22.7,40.6,41.6,0.547,2.86,197.2
2026-07-15 04:00:00,花蓮測站,花蓮縣,54.3,26.4,46.9,38.6,0.386,3.19,122.1
2026-07-15 05:00:00,花蓮測站,花蓮縣,41.4,17.7,27.7,36.1,0.542,4.01,200.6
2026-07-15 06:00:00,花蓮測站,花蓮縣,47.7,25.8,44.0,31.8,0.505,1.12,256.7
2026-07-15 07:00:00,花蓮測站,花蓮縣,54.2,27.4,42.5,31.7,0.528,2.45,248.8
2026-07-15 08:00:00,花蓮測站,花蓮縣,55.5,23.1,38.7,31.6,0.45,2.52,242.0
2026-07-15 09:00:00,花蓮測站,花蓮縣,47.8,25.4,40.2,36.7,0.495,1.77,259.6
2026-07-15 10:00:00,花蓮測站,花蓮縣,54.6,21.7,35.6,37.0,0.514,2.37,261.6
2026-07-15 11:00:00,花蓮測站,花蓮縣,48.8,17.9,21.9,32.3,0.475,2.23,209.4
2026-07-15 12:00:00,花蓮測站,花蓮縣,45.1,22.7,37.1,40.3,0.511,1.72,245.4
2026-07-15 13:00:00,花蓮測站,花蓮縣,47.1,23.2,39.0,42.7,0.524,0.2,189.8
2026-07-15 14:00:00,花蓮測站,花蓮縣,39.2,25.3,45.4,45.9,0.478,3.47,170.1
2026-07-15 15:00:00,花蓮測站,花蓮縣,44.7,25.5,43.5,44.4,0.449,3.91,267.6
2026-07-15 16:00:00,花蓮測站,花蓮縣,48.6,20.7,36.8,49.7,0.464,1.55,207.2
2026-07-15 17:00:00,花蓮測站,花蓮縣,55.8,24.0,48.0,52.7,0.571,1.48,203.6
2026-07-15 18:00:00,花蓮測站,花蓮縣,50.2,25.2,45.1,50.6,0.549,1.69,258.8
2026-07-15 19:00:00,花蓮測站,花蓮縣,49.2,20.9,42.7,47.9,0.426,1.88,215.8
2026-07-15 20:00:00,花蓮測站,花蓮縣,61.5,27.9,52.5,60.4,0.561,2.22,217.7
2026-07-15 21:00:00,花蓮測站,花蓮縣,53.1,23.2,42.2,53.5,0.522,1.51,230.7
2026-07-15 22:00:00,花蓮測站,花蓮縣,44.4,20.3,37.3,45.0,0.423,1.94,339.0
2026-07-15 23:00:00,花蓮測站,花蓮縣,49.6,21.0,31.8,56.0,0.529,2.94,295.1
2026-07-16 00:00:00,花蓮測站,花蓮縣,53.7,23.6,37.9,44.3,0.536,3.13,233.8
2026-07-16 01:00:00,花蓮測站,花蓮縣,54.6,29.1,44.4,47.7,0.435,2.99,209.7
2026-07-16 02:00:00,花蓮測站,花蓮縣,52.8,20.5,40.3,43.3,0.5,2.26,310.4
2026-07-16 03:00:00,花蓮測站,花蓮縣,51.8,23.4,32.6,39.5,0.567,2.62,210.1
2026-07-16 04:00:00,花蓮測站,花蓮縣,56.4,19.2,33.9,39.6,0.509,2.34,280.1
2026-07-16 05:00:00,花蓮測站,花蓮縣,49.0,18.4,39.3,34.6,0.518,3.73,226.1
2026-07-16 06:00:00,花蓮測站,花蓮縣,48.1,26.1,36.4,37.7,0.524,1.93,297.0
2026-07-16 07:00:00,花蓮測站,花蓮縣,58.5,25.8,53.1,39.3,0.564,2.23,286.1
2026-07-16 08:00:00,花蓮測站,花蓮縣,64.5,29.4,53.5,44.1,0.625,2.45,338.7
2026-07-16 09:00:00,花蓮測站,花蓮縣,54.0,26.0,54.4,42.2,0.533,2.15,342.8
2026-07-16 10:00:00,花蓮測站,花蓮縣,43.7,23.0,43.3,26.1,0.421,2.54,308.1
2026-07-16 11:00:00,花蓮測站,花蓮縣,51.8,24.4,49.6,37.9,0.554,2.06,320.0
2026-07-16 12:00:00,花蓮測站,花蓮縣,43.2,23.8,35.8,41.0,0.563,1.91,340.5
2026-07-16 13:00:00,花蓮測站,花蓮縣,52.5,24.0,39.3,48.1,0.393,3.51,229.8
2026-07-16 14:00:00,花蓮測站,花蓮縣,48.3,21.1,41.3,42.2,0.566,3.07,275.7
2026-07-16 15:00:00,花蓮測站,花蓮縣,44.7,19.3,40.0,46.4,0.517,1.24,279.2
2026-07-16 16:00:00,花蓮測站,花蓮縣,50.7,27.1,44.9,56.2,0.436,2.54,327.5
2026-07-16 17:00:00,花蓮測站,花蓮縣,58.9,19.7,34.9,51.4,0.664,2.26,327.7
2026-07-16 18:00:00,花蓮測站,花蓮縣,54.8,25.9,55.0,49.3,0.549,2.6,215.4
2026-07-16 19:00:00,花蓮測站,花蓮縣,49.4,26.5,62.9,55.2,0.538,3.6,351.5
2026-07-16 20:00:00,花蓮測站,花蓮縣,52.4,20.3,41.3,49.4,0.438,1.75,48.7
2026-07-16 21:00:00,花蓮測站,花蓮縣,48.9,28.1,38.9,58.6,0.494,2.37,340.3
2026-07-16 22:00:00,花蓮測站,花蓮縣,44.8,25.1,42.7,45.1,0.41,2.02,277.1
2026-07-16 23:00:00,花蓮測站,花蓮縣,46.5,20.7,32.2,47.7,0.536,2.23,299.0
2026-07-17 00:00:00,花蓮測站,花蓮縣,47.2,23.8,41.9,40.8,0.559,2.35,280.6
2026-07-17 01:00:00,花蓮測站,花蓮縣,48.3,27.9,42.7,48.2,0.529,2.71,304.8
2026-07-17 02:00:00,花蓮測站,花蓮縣,49.3,20.5,38.1,36.5,0.563,3.51,341.6
2026-07-17 03:00:00,花蓮測站,花蓮縣,39.1,23.3,39.1,32.3,0.482,,279.4
2026-07-17 04:00:00,花蓮測站,花蓮縣,42.7,22.4,36.0,36.4,0.472,1.12,341.7
2026-07-17 05:00:00,花蓮測站,花蓮縣,54.7,26.5,40.7,38.2,0.551,2.97,278.7
2026-07-17 06:00:00,花蓮測站,花蓮縣,49.4,22.5,32.2,32.1,0.542,3.03,340.3
2026-07-17 07:00:00,花蓮測站,花蓮縣,41.6,23.9,39.4,29.7,0.518,3.23,45.3
2026-07-17 08:00:00,花蓮測站,花蓮縣,58.9,21.5,38.5,35.7,0.579,2.32,324.0
2026-07-17 09:00:00,花蓮測站,花蓮縣,50.6,20.8,37.7,34.6,0.549,2.33,83.2
2026-07-17 10:00:00,花蓮測站,花蓮縣,53.7,23.4,42.3,34.5,0.498,3.39,32.0
2026-07-17 11:00:00,花蓮測站,花蓮縣,49.2,24.7,33.1,38.3,0.576,3.42,55.9
2026-07-17 12:00:00,花蓮測站,花蓮縣,45.6,29.6,59.5,35.3,0.575,2.2,55.5
2026-07-17 13:00:00,花蓮測站,花蓮縣,38.9,22.6,40.7,41.1,0.511,2.61,52.0
2026-07-17 14:00:00,花蓮測站,花蓮縣,46.9,22.0,37.5,42.3,0.534,3.3,38.4
2026-07-17 15:00:00,花蓮測站,花蓮縣,44.3,12.3,23.5,41.6,0.517,3.23,2.8
2026-07-17 16:00:00,花蓮測站,花蓮縣,36.9,18.7,39.0,37.3,0.46,1.68,17.0
2026-07-17 17:00:00,花蓮測站,花蓮縣,47.2,30.4,55.2,53.6,0.495,2.65,15.0
2026-07-17 18:00:00,花蓮測站,花蓮縣,45.0,20.3,31.6,47.9,0.485,2.71,42.4
2026-07-17 19:00:00,花蓮測站,花蓮縣,46.4,20.8,35.2,48.7,0.452,2.27,11.0
2026-07-17 20:00:00,花蓮測站,花蓮縣,50.3,26.2,54.5,51.1,0.59,3.38,87.3
2026-07-17 21:00:00,花蓮測站,花蓮縣,43.2,22.7,41.0,45.4,0.472,3.79,61.3
2026-07-17 22:00:00,花蓮測站,花蓮縣,44.1,18.9,35.6,47.2,0.429,3.14,89.3
2026-07-17 23:00:00,花蓮測站,花蓮縣,36.5,23.2,42.5,42.7,0.399,2.87,162.1
2026-07-18 00:00:00,花蓮測站,花蓮縣,36.8,20.8,43.4,33.9,0.508,2.79,348.3
2026-07-18 01:00:00,花蓮測站,花蓮縣,30.3,20.5,39.8,36.2,0.464,2.59,305.5
2026-07-18 02:00:00,花蓮測站,花蓮縣,27.4,15.7,28.4,37.7,0.362,1.95,36.4
2026-07-18 03:00:00,花蓮測站,花蓮縣,23.0,16.8,31.4,32.6,0.35,2.94,115.4
2026-07-18 04:00:00,花蓮測站,花蓮縣,19.6,17.7,36.9,31.8,0.412,2.34,62.5
2026-07-18 05:00:00,花蓮測站,花蓮縣,33.7,13.0,24.1,25.0,0.47,2.82,127.0
2026-07-18 06:00:00,花蓮測站,花蓮縣,33.0,20.5,27.2,28.1,0.441,1.11,91.1
2026-07-18 07:00:00,花蓮測站,花蓮縣,39.2,21.7,30.7,31.0,0.51,2.72,315.6
2026-07-18 08:00:00,花蓮測站,花蓮縣,40.7,21.9,42.4,27.6,0.425,3.67,75.9
2026-07-18 09:00:00,花蓮測站,花蓮縣,45.4,27.5,51.0,33.1,0.527,1.61,88.0
2026-07-18 10:00:00,花蓮測站,花蓮縣,36.5,17.4,27.5,41.0,0.439,2.94,32.7
2026-07-18 11:00:00,花蓮測站,花蓮縣,32.1,17.8,40.7,33.9,0.354,3.22,131.1
2026-07-18 12:00:00,花蓮測站,花蓮縣,32.4,19.2,29.0,35.0,0.416,2.38,138.8
2026-07-18 13:00:00,花蓮測站,花蓮縣,33.2,23.8,33.0,38.6,0.459,2.81,94.1
2026-07-18 14:00:00,花蓮測站,花蓮縣,37.4,20.3,40.4,42.1,0.496,2.16,24.7
2026-07-18 15:00:00,花蓮測站,花蓮縣,33.5,15.1,21.1,49.0,0.42,3.77,69.4
2026-07-18 16:00:00,花蓮測站,花蓮縣,32.8,22.5,41.7,42.9,0.416,4.41,351.9
2026-07-18 17:00:00,花蓮測站,花蓮縣,30.5,22.9,38.7,38.4,0.489,2.06,60.0
2026-07-18 18:00:00,花蓮測站,花蓮縣,38.1,17.9,28.0,44.7,0.422,3.6,74.7
2026-07-18 19:00:00,花蓮測站,花蓮縣,39.6,21.5,38.3,53.2,0.561,1.34,279.3
2026-07-18 20:00:00,花蓮測站,花蓮縣,37.2,19.1,33.0,46.2,0.393,2.65,127.2
2026-07-18 21:00:00,花蓮測站,花蓮縣,32.2,20.3,31.2,45.6,0.445,2.51,53.4
2026-07-18 22:00:00,花蓮測站,花蓮縣,25.7,17.3,39.9,48.1,0.324,2.2,138.2
2026-07-18 23:00:00,花蓮測站,花蓮縣,34.9,17.5,25.8,44.3,0.414,2.86,38.4
2026-07-19 00:00:00,花蓮測站,花蓮縣,19.7,26.0,59.0,43.3,0.292,3.19,36.8
2026-07-19 01:00:00,花蓮測站,花蓮縣,26.5,12.7,17.4,34.4,0.408,2.12,119.2
2026-07-19 02:00:00,花蓮測站,花蓮縣,33.8,20.9,31.8,30.4,0.489,1.91,199.4
2026-07-19 03:00:00,花蓮測站,花蓮縣,32.3,21.4,40.4,30.4,0.387,4.0,122.7
2026-07-19 04:00:00,花蓮測站,花蓮縣,23.8,19.3,30.0,26.0,0.43,3.55,137.7
2026-07-19 05:00:00,花蓮測站,花蓮縣,31.8,17.3,26.0,25.1,0.488,2.06,18.7
2026-07-19 06:00:00,花蓮測站,花蓮縣,41.6,16.8,28.2,28.8,0.589,2.57,145.8
2026-07-19 07:00:00,花蓮測站,花蓮縣,43.1,20.4,33.4,34.8,0.449,2.94,128.5
2026-07-19 08:00:00,花蓮測站,花蓮縣,46.8,21.6,44.4,32.5,0.491,2.57,97.4
2026-07-19 09:00:00,花蓮測站,花蓮縣,42.9,22.3,40.5,32.5,0.463,3.94,55.5
2026-07-19 10:00:00,花蓮測站,花蓮縣,36.4,21.7,45.9,29.0,0.455,3.89,117.4
2026-07-19 11:00:00,花蓮測站,花蓮縣,33.4,19.0,38.4,32.2,0.306,2.73,144.5
2026-07-19 12:00:00,花蓮測站,花蓮縣,32.2,19.2,29.7,42.8,0.431,3.23,87.1
2026-07-19 13:00:00,花蓮測站,花蓮縣,29.7,16.1,19.9,38.9,0.439,3.0,18.0
2026-07-19 14:00:00,花蓮測站,花蓮縣,22.2,17.7,24.0,36.2,0.333,2.05,150.0
2026-07-19 15:00:00,花蓮測站,花蓮縣,25.0,16.5,30.0,50.3,0.35,3.15,165.1
2026-07-19 16:00:00,花蓮測站,花蓮縣,40.4,21.0,40.1,49.3,0.402,2.73,128.0
2026-07-19 17:00:00,花蓮測站,花蓮縣,36.1,18.8,36.9,50.7,0.499,2.92,162.1
2026-07-19 18:00:00,花蓮測站,花蓮縣,40.1,20.9,35.9,45.6,0.45,2.91,246.7
2026-07-19 19:00:00,花蓮測站,花蓮縣,40.2,19.2,29.0,53.2,0.4,3.12,138.8
2026-07-19 20:00:00,花蓮測站,花蓮縣,40.4,27.9,47.5,49.1,0.548,2.79,170.5
2026-07-19 21:00:00,花蓮測站,花蓮縣,37.2,17.9,31.9,52.4,0.497,1.78,155.4
2026-07-19 22:00:00,花蓮測站,花蓮縣,37.3,18.0,33.5,47.1,0.509,2.87,309.4
2026-07-19 23:00:00,花蓮測站,花蓮縣,30.5,21.5,47.3,47.6,0.461,1.58,215.6
2026-07-20 00:00:00,花蓮測站,花蓮縣,36.5,22.1,40.4,40.0,0.415,3.13,177.2
2026-07-20 01:00:00,花蓮測站,花蓮縣,39.9,23.8,38.7,32.7,0.392,2.72,239.5
2026-07-20 02:00:00,花蓮測站,花蓮縣,41.9,23.6,49.5,40.6,0.429,2.95,101.2
2026-07-20 03:00:00,花蓮測站,花蓮縣,44.0,21.7,43.4,37.6,0.56,2.64,199.4
2026-07-20 04:00:00,花蓮測站,花蓮縣,49.4,29.6,55.1,34.1,0.538,2.4,95.8
2026-07-20 05:00:00,花蓮測站,花蓮縣,50.6,26.6,48.9,35.6,0.534,3.23,128.2
2026-07-20 06:00:00,花蓮測站,花蓮縣,47.0,23.1,43.3,30.2,0.482,2.9,194.2
2026-07-20 07:00:00,花蓮測站,花蓮縣,45.7,19.2,36.6,32.5,0.474,3.14,221.3
2026-07-20 08:00:00,花蓮測站,花蓮縣,56.7,26.7,39.9,33.8,0.533,3.32,183.4
2026-07-20 09:00:00,花蓮測站,花蓮縣,49.6,23.6,49.0,33.1,0.482,1.9,188.1
2026-07-20 10:00:00,花蓮測站,花蓮縣,62.7,28.2,51.4,39.9,0.618,2.76,229.2
2026-07-20 11:00:00,花蓮測站,花蓮縣,46.8,22.2,41.2,45.7,0.556,2.1,148.7
2026-07-20 12:00:00,花蓮測站,花蓮縣,43.2,19.1,28.7,37.2,0.47,2.73,204.6
2026-07-20 13:00:00,花蓮測站,花蓮縣,40.7,25.4,42.0,36.6,0.4,1.58,276.6
2026-07-20 14:00:00,花蓮測站,花蓮縣,51.0,22.5,38.0,45.9,0.566,2.95,230.5
2026-07-20 15:00:00,花蓮測站,花蓮縣,47.3,23.0,42.7,53.5,0.464,1.27,274.7
2026-07-20 16:00:00,花蓮測站,花蓮縣,52.7,25.6,41.0,55.7,0.505,2.94,289.5
2026-07-20 17:00:00,花蓮測站,花蓮縣,51.3,28.8,49.8,57.0,0.465,2.03,268.6
2026-07-20 18:00:00,花蓮測站,花蓮縣,60.7,26.9,39.5,52.3,0.611,,198.1
2026-07-20 19:00:00,花蓮測站,花蓮縣,47.2,21.5,26.8,43.8,0.554,1.87,165.0
2026-07-20 20:00:00,花蓮測站,花蓮縣,60.0,29.0,45.8,59.0,0.61,2.16,181.4
2026-07-20 21:00:00,花蓮測站,花蓮縣,43.2,21.9,37.5,48.0,0.556,1.57,244.6
2026-07-20 22:00:00,花蓮測站,花蓮縣,41.5,20.3,32.7,45.7,0.485,3.14,215.9
2026-07-20 23:00:00,花蓮測站,花蓮縣,53.1,23.4,38.7,50.7,0.634,2.3,248.1
2026-07-21 00:00:00,花蓮測站,花蓮縣,44.1,20.8,38.7,40.3,0.453,0.4,328.2
2026-07-21 01:00:00,花蓮測站,花蓮縣,54.6,27.1,40.6,37.4,0.572,3.36,264.1
2026-07-21 02:00:00,花蓮測站,花蓮縣,50.8,25.5,47.4,44.2,0.472,3.09,249.9
2026-07-21 03:00:00,花蓮測站,花蓮縣,45.4,24.1,50.7,33.5,0.525,1.78,251.2
2026-07-21 04:00:00,花蓮測站,花蓮縣,46.9,26.2,47.7,41.1,0.482,2.24,160.8
2026-07-21 05:00:00,花蓮測站,花蓮縣,48.3,20.8,33.0,30.0,0.469,1.44,239.0
2026-07-21 06:00:00,花蓮測站,花蓮縣,48.2,30.0,64.7,28.2,0.501,1.72,11.4
2026-07-21 07:00:00,花蓮測站,花蓮縣,61.0,23.5,38.7,35.7,0.562,2.9,327.3
2026-07-21 08:00:00,花蓮測站,花蓮縣,58.7,25.4,53.4,33.3,0.564,4.0,210.3
2026-07-21 09:00:00,花蓮測站,花蓮縣,56.9,27.1,52.0,41.1,0.53,2.82,301.8
2026-07-21 10:00:00,花蓮測站,花蓮縣,52.3,25.5,41.9,31.6,0.507,3.3,305.1
2026-07-21 11:00:00,花蓮測站,花蓮縣,50.8,19.4,28.2,40.4,0.591,2.24,267.6
2026-07-21 12:00:00,花蓮測站,花蓮縣,52.0,22.7,28.3,39.4,0.593,2.74,337.5
2026-07-21 13:00:00,花蓮測站,花蓮縣,51.8,28.5,45.3,51.9,0.525,1.59,258.3
2026-07-21 14:00:00,花蓮測站,花蓮縣,50.1,19.0,28.3,45.3,0.609,3.01,232.7
2026-07-21 15:00:00,花蓮測站,花蓮縣,69.0,28.5,42.7,47.6,0.541,2.64,150.3
2026-07-21 16:00:00,花蓮測站,花蓮縣,57.1,28.2,52.8,46.3,0.51,2.82,288.5
2026-07-21 17:00:00,花蓮測站,花蓮縣,51.4,24.0,46.0,52.4,0.507,2.88,255.6
2026-07-21 18:00:00,花蓮測站,花蓮縣,61.3,29.6,47.6,50.3,0.599,2.19,1.0
2026-07-21 19:00:00,花蓮測站,花蓮縣,60.8,31.7,56.1,52.1,0.58,2.35,303.1
2026-07-21 20:00:00,花蓮測站,花蓮縣,60.6,22.5,32.9,56.4,0.514,2.18,279.2
2026-07-21 21:00:00,花蓮測站,花蓮縣,37.3,24.4,40.2,50.9,0.441,2.49,299.5
2026-07-21 22:00:00,花蓮測站,花蓮縣,51.7,22.7,35.4,50.6,0.571,3.49,232.8
2026-07-21 23:00:00,花蓮測站,花蓮縣,43.5,27.2,40.4,45.4,0.502,2.36,351.1
2026-07-22 00:00:00,花蓮測站,花蓮縣,46.6,19.8,30.3,43.0,0.515,2.71,284.4
2026-07-22 01:00:00,花蓮測站,花蓮縣,50.6,24.2,52.1,38.4,0.496,2.23,344.2
2026-07-22 02:00:00,花蓮測站,花蓮縣,47.3,23.8,46.7,37.7,0.542,2.54,326.4
2026-07-22 03:00:00,花蓮測站,花蓮縣,46.9,27.9,46.5,43.1,0.528,2.69,29.5
2026-07-22 04:00:00,花蓮測站,花蓮縣,45.6,30.3,63.1,36.8,0.519,2.34,316.4
2026-07-22 05:00:00,花蓮測站,花蓮縣,48.1,20.9,38.1,39.2,0.513,2.6,280.8
2026-07-22 06:00:00,花蓮測站,花蓮縣,57.3,29.1,41.6,37.0,0.506,2.98,359.7
2026-07-22 07:00:00,花蓮測站,花蓮縣,55.0,23.0,38.3,36.0,0.53,2.64,288.7
2026-07-22 08:00:00,花蓮測站,花蓮縣,53.8,29.1,54.1,36.4,0.511,3.62,7.6
2026-07-22 09:00:00,花蓮測站,花蓮縣,52.6,26.7,40.6,35.6,0.642,3.66,345.1
2026-07-22 10:00:00,花蓮測站,花蓮縣,51.2,23.3,35.7,34.5,0.494,3.69,327.6
2026-07-22 11:00:00,花蓮測站,花蓮縣,49.5,22.6,46.4,32.7,0.549,2.44,326.7
2026-07-22 12:00:00,花蓮測站,花蓮縣,37.9,27.0,39.0,40.6,0.418,3.49,358.0
2026-07-22 13:00:00,花蓮測站,花蓮縣,34.2,18.6,33.7,35.4,0.398,2.95,5.4
2026-07-22 14:00:00,花蓮測站,花蓮縣,47.7,27.0,43.0,38.6,0.542,2.85,58.5
2026-07-22 15:00:00,花蓮測站,花蓮縣,41.8,21.1,36.6,46.1,0.404,3.09,343.5
2026-07-22 16:00:00,花蓮測站,花蓮縣,51.2,25.9,46.5,52.9,0.58,3.09,333.8
2026-07-22 17:00:00,花蓮測站,花蓮縣,42.3,19.7,20.0,48.3,0.468,3.49,8.6
2026-07-22 18:00:00,花蓮測站,花蓮縣,46.9,27.2,44.1,48.5,0.518,2.34,360.0
2026-07-22 19:00:00,花蓮測站,花蓮縣,54.6,25.3,35.7,53.5,0.512,2.21,334.2
2026-07-22 20:00:00,花蓮測站,花蓮縣,45.6,19.0,32.6,52.9,0.521,2.67,70.5
2026-07-22 21:00:00,花蓮測站,花蓮縣,49.3,27.6,42.5,48.2,0.547,2.18,356.1
2026-07-22 22:00:00,花蓮測站,花蓮縣,35.6,21.4,34.7,43.2,0.355,1.05,56.7
2026-07-22 23:00:00,花蓮測站,花蓮縣,39.5,22.0,29.7,36.1,0.412,1.19,359.3
2026-07-23 00:00:00,花蓮測站,花蓮縣,40.0,22.5,39.5,40.7,0.444,2.97,311.8
2026-07-23 01:00:00,花蓮測站,花蓮縣,20.9,18.2,32.8,38.0,0.395,2.7,354.4
2026-07-23 02:00:00,花蓮測站,花蓮縣,35.2,23.3,41.3,36.9,0.403,3.54,100.9
2026-07-23 03:00:00,花蓮測站,花蓮縣,37.5,22.7,36.4,33.8,0.413,2.52,101.7
2026-07-23 04:00:00,花蓮測站,花蓮縣,41.3,23.6,40.5,29.3,0.469,2.6,85.2
2026-07-23 05:00:00,花蓮測站,花蓮縣,41.3,25.0,44.5,32.2,0.501,4.11,357.2
2026-07-23 06:00:00,花蓮測站,花蓮縣,38.5,20.0,33.0,31.1,0.513,2.77,6.7
2026-07-23 07:00:00,花蓮測站,花蓮縣,44.8,19.6,43.5,25.8,0.505,2.06,60.5
2026-07-23 08:00:00,花蓮測站,花蓮縣,47.0,19.2,34.9,31.2,0.509,1.96,49.9
2026-07-23 09:00:00,花蓮測站,花蓮縣,36.3,13.6,19.9,24.2,0.428,2.34,59.6
2026-07-23 10:00:00,花蓮測站,花蓮縣,44.5,27.8,38.9,37.4,0.562,1.82,7.4
2026-07-23 11:00:00,花蓮測站,花蓮縣,30.8,17.7,40.4,36.8,0.446,2.82,90.5
2026-07-23 12:00:00,花蓮測站,花蓮縣,38.3,25.1,37.5,35.6,0.468,2.51,6.6
2026-07-23 13:00:00,花蓮測站,花蓮縣,40.0,26.1,49.9,43.4,0.463,2.8,63.1
2026-07-23 14:00:00,花蓮測站,花蓮縣,33.7,21.7,41.6,40.7,0.381,3.53,37.6
2026-07-23 15:00:00,花蓮測站,花蓮縣,34.6,18.7,31.3,45.6,0.423,3.68,151.2
2026-07-23 16:00:00,花蓮測站,花蓮縣,45.5,17.1,31.7,54.4,0.466,2.5,88.9
2026-07-23 17:00:00,花蓮測站,花蓮縣,38.9,16.5,30.9,59.3,0.382,1.52,118.5
2026-07-23 18:00:00,花蓮測站,花蓮縣,37.5,16.2,30.1,43.8,0.491,2.65,94.7
2026-07-23 19:00:00,花蓮測站,花蓮縣,41.3,21.1,34.5,44.9,0.552,2.37,328.4
2026-07-23 20:00:00,花蓮測站,花蓮縣,42.3,,31.8,55.2,0.462,3.21,135.1
2026-07-23 21:00:00,花蓮測站,花蓮縣,31.5,20.1,27.7,40.9,0.471,4.63,54.7
2026-07-23 22:00:00,花蓮測站,花蓮縣,37.5,21.9,46.9,54.5,0.429,3.91,71.9
2026-07-23 23:00:00,花蓮測站,花蓮縣,30.6,18.9,35.8,45.1,0.437,3.74,134.2
2026-07-24 00:00:00,花蓮測站,花蓮縣,42.5,19.6,31.3,,0.432,2.9,144.6
2026-07-24 01:00:00,花蓮測站,花蓮縣,35.6,23.7,40.4,34.2,0.456,3.07,184.8
2026-07-24 02:00:00,花蓮測站,花蓮縣,29.3,20.1,35.9,30.0,0.346,3.25,74.1
2026-07-24 03:00:00,花蓮測站,花蓮縣,37.9,20.4,37.8,31.7,0.445,3.25,58.2
2026-07-24 04:00:00,花蓮測站,花蓮縣,42.2,21.4,35.4,32.1,0.447,3.85,103.8
2026-07-24 05:00:00,花蓮測站,花蓮縣,53.8,25.4,40.5,40.6,0.527,3.06,250.7
2026-07-24 06:00:00,花蓮測站,花蓮縣,45.4,23.9,42.7,27.6,0.563,2.56,210.8
2026-07-24 07:00:00,花蓮測站,花蓮縣,48.7,27.3,52.4,32.3,0.436,2.95,182.7
2026-07-24 08:00:00,花蓮測站,花蓮縣,45.4,22.3,40.8,27.6,0.522,2.83,132.8
2026-07-24 09:00:00,花蓮測站,花蓮縣,53.2,25.5,47.4,33.2,0.583,1.85,158.3
2026-07-24 10:00:00,花蓮測站,花蓮縣,49.0,20.7,26.9,43.2,0.483,1.71,158.1
2026-07-24 11:00:00,花蓮測站,花蓮縣,26.1,15.4,25.6,31.0,0.419,3.06,111.7
2026-07-24 12:00:00,花蓮測站,花蓮縣,40.9,26.2,48.4,37.5,0.51,2.68,137.0
2026-07-24 13:00:00,花蓮測站,花蓮縣,30.4,15.9,22.2,36.2,0.422,4.43,119.6
2026-07-24 14:00:00,花蓮測站,花蓮縣,46.3,27.0,45.7,44.4,0.481,3.99,172.6
2026-07-24 15:00:00,花蓮測站,花蓮縣,40.5,27.1,49.9,47.4,0.49,2.59,199.1
2026-07-24 16:00:00,花蓮測站,花蓮縣,41.4,25.3,43.2,50.9,0.505,2.58,216.6
2026-07-24 17:00:00,花蓮測站,花蓮縣,50.2,14.4,28.1,51.5,0.555,3.61,191.3
2026-07-24 18:00:00,花蓮測站,花蓮縣,38.3,21.8,40.8,49.1,0.438,3.35,142.6
2026-07-24 19:00:00,花蓮測站,花蓮縣,51.0,25.5,44.3,52.5,0.587,2.99,222.2
2026-07-24 20:00:00,花蓮測站,花蓮縣,41.9,19.6,35.5,51.3,0.442,3.19,133.5
2026-07-24 21:00:00,花蓮測站,花蓮縣,46.7,24.1,47.7,47.3,0.509,2.64,113.4
2026-07-24 22:00:00,花蓮測站,花蓮縣,44.7,26.2,43.7,45.7,0.499,2.51,180.8
2026-07-24 23:00:00,花蓮測站,花蓮縣,45.6,22.6,46.6,47.5,0.505,1.77,131.2
2026-07-25 00:00:00,花蓮測站,花蓮縣,30.0,17.5,23.2,48.4,0.498,2.99,178.1
2026-07-25 01:00:00,花蓮測站,花蓮縣,43.0,27.2,45.0,40.0,0.472,2.51,178.3
2026-07-25 02:00:00,花蓮測站,花蓮縣,35.3,21.1,34.4,40.4,0.394,2.89,243.4
2026-07-25 03:00:00,花蓮測站,花蓮縣,37.6,20.1,40.8,32.5,0.487,3.37,167.7
2026-07-25 04:00:00,花蓮測站,花蓮縣,44.4,28.9,53.1,27.8,0.426,2.55,155.8
2026-07-25 05:00:00,花蓮測站,花蓮縣,41.1,13.3,21.9,30.3,0.571,2.44,106.1
2026-07-25 06:00:00,花蓮測站,花蓮縣,44.1,23.7,43.9,33.2,0.541,2.84,267.9
2026-07-25 07:00:00,花蓮測站,花蓮縣,44.3,19.4,29.8,35.3,0.46,2.95,113.3
2026-07-25 08:00:00,花蓮測站,花蓮縣,45.6,20.8,34.4,27.2,0.469,3.01,211.2
2026-07-25 09:00:00,花蓮測站,花蓮縣,42.8,24.8,51.2,23.7,0.496,2.53,95.0
2026-07-25 10:00:00,花蓮測站,花蓮縣,36.5,23.2,37.5,30.2,0.508,1.85,161.2
2026-07-25 11:00:00,花蓮測站,花蓮縣,38.2,16.6,35.8,31.7,0.501,3.14,203.7
2026-07-25 12:00:00,花蓮測站,花蓮縣,31.1,19.7,37.1,36.4,0.472,2.68,182.6
2026-07-25 13:00:00,花蓮測站,花蓮縣,34.8,18.9,36.0,38.6,0.477,2.74,145.6
2026-07-25 14:00:00,花蓮測站,花蓮縣,33.8,21.9,34.4,40.3,0.389,1.58,157.4
2026-07-25 15:00:00,花蓮測站,花蓮縣,32.5,21.6,30.1,37.1,0.493,3.08,190.8
2026-07-25 16:00:00,花蓮測站,花蓮縣,50.4,24.5,40.0,42.9,0.442,3.99,182.5
2026-07-25 17:00:00,花蓮測站,花蓮縣,47.5,24.8,37.1,49.0,0.53,1.84,206.8
2026-07-25 18:00:00,花蓮測站,花蓮縣,36.9,15.3,31.7,46.8,0.491,2.98,248.3
2026-07-25 19:00:00,花蓮測站,花蓮縣,42.9,22.5,43.3,48.3,0.521,2.54,198.4
2026-07-25 20:00:00,花蓮測站,花蓮縣,49.6,29.6,44.7,53.0,0.53,4.09,280.8
2026-07-25 21:00:00,花蓮測站,花蓮縣,38.0,24.9,49.4,49.1,0.511,3.0,229.0
2026-07-25 22:00:00,花蓮測站,花蓮縣,41.4,21.6,33.7,45.5,0.468,2.64,148.0
2026-07-25 23:00:00,花蓮測站,花蓮縣,44.9,23.8,49.0,43.7,0.469,2.86,327.7
2026-07-26 00:00:00,花蓮測站,花蓮縣,40.7,19.4,39.9,44.1,0.522,2.93,294.4
2026-07-26 01:00:00,花蓮測站,花蓮縣,49.5,19.8,43.1,52.9,0.466,2.81,263.8
2026-07-26 02:00:00,花蓮測站,花蓮縣,43.9,23.9,42.2,38.2,0.463,2.93,229.5
2026-07-26 03:00:00,花蓮測站,花蓮縣,39.1,17.1,23.4,35.1,0.412,2.66,310.5
2026-07-26 04:00:00,花蓮測站,花蓮縣,37.5,18.2,,34.7,0.435,2.26,245.8
2026-07-26 05:00:00,花蓮測站,花蓮縣,42.1,16.9,35.9,33.6,0.542,3.35,249.8
2026-07-26 06:00:00,花蓮測站,花蓮縣,44.4,25.6,48.9,32.4,0.499,2.43,267.1
2026-07-26 07:00:00,花蓮測站,花蓮縣,46.4,22.9,37.9,35.8,0.43,2.82,222.3
2026-07-26 08:00:00,花蓮測站,花蓮縣,47.3,21.1,30.7,33.8,0.508,1.89,286.0
2026-07-26 09:00:00,花蓮測站,花蓮縣,43.7,22.4,49.5,36.6,0.5,1.95,263.8
2026-07-26 10:00:00,花蓮測站,花蓮縣,44.6,,40.2,36.2,0.484,2.84,246.9
2026-07-26 11:00:00,花蓮測站,花蓮縣,37.0,26.4,52.1,33.6,0.577,2.76,348.0
2026-07-26 12:00:00,花蓮測站,花蓮縣,40.6,22.2,30.4,41.7,0.473,3.24,337.7
2026-07-26 13:00:00,花蓮測站,花蓮縣,47.1,24.6,39.2,41.7,0.505,3.49,353.5
2026-07-26 14:00:00,花蓮測站,花蓮縣,40.1,28.9,47.4,38.0,0.393,1.84,349.7
2026-07-26 15:00:00,花蓮測站,花蓮縣,46.3,20.5,36.1,37.9,0.589,3.32,341.6
2026-07-26 16:00:00,花蓮測站,花蓮縣,51.2,18.2,34.7,49.1,0.561,3.53,338.7
2026-07-26 17:00:00,花蓮測站,花蓮縣,46.3,24.8,41.2,52.4,0.508,3.4,318.3
2026-07-26 18:00:00,花蓮測站,花蓮縣,49.2,29.3,53.5,56.2,0.556,2.26,324.8
2026-07-26 19:00:00,花蓮測站,花蓮縣,43.2,20.7,28.4,,0.431,3.08,38.9
2026-07-26 20:00:00,花蓮測站,花蓮縣,55.4,22.2,42.1,55.8,0.539,3.21,347.5
2026-07-26 21:00:00,花蓮測站,花蓮縣,33.2,20.5,39.0,44.9,0.481,2.82,295.6
2026-07-26 22:00:00,花蓮測站,花蓮縣,50.3,21.7,43.9,50.1,0.48,1.94,358.3
2026-07-26 23:00:00,花蓮測站,花蓮縣,43.8,22.7,42.0,51.9,0.444,2.47,330.3
2026-07-27 00:00:00,花蓮測站,花蓮縣,50.1,22.8,39.5,39.4,0.459,2.54,24.0
2026-07-27 01:00:00,花蓮測站,花蓮縣,46.1,26.6,43.2,30.6,0.571,3.5,315.0
2026-07-27 02:00:00,花蓮測站,花蓮縣,32.6,19.5,33.1,43.7,0.426,4.26,224.8
2026-07-27 03:00:00,花蓮測站,花蓮縣,40.3,18.1,29.8,40.0,0.512,2.87,332.8
2026-07-27 04:00:00,花蓮測站,花蓮縣,39.2,23.5,46.1,39.8,0.457,3.67,352.1
2026-07-27 05:00:00,花蓮測站,花蓮縣,49.1,20.1,37.0,40.3,0.501,3.06,340.4
2026-07-27 06:00:00,花蓮測站,花蓮縣,47.5,19.3,36.2,32.5,0.467,2.74,95.6
2026-07-27 07:00:00,花蓮測站,花蓮縣,60.3,26.7,45.5,37.3,0.603,2.63,353.5
2026-07-27 08:00:00,花蓮測站,花蓮縣,50.9,25.4,43.2,25.9,0.538,1.87,60.9
2026-07-27 09:00:00,花蓮測站,花蓮縣,52.4,24.7,35.2,40.0,0.567,2.15,295.4
2026-07-27 10:00:00,花蓮測站,花蓮縣,45.7,22.6,38.1,32.7,0.487,2.45,20.8
2026-07-27 11:00:00,花蓮測站,花蓮縣,44.0,23.8,37.5,39.2,0.352,2.36,325.6
2026-07-27 12:00:00,花蓮測站,花蓮縣,42.3,20.2,33.6,32.7,0.493,1.74,26.4
2026-07-27 13:00:00,花蓮測站,花蓮縣,38.8,18.9,28.2,35.1,0.391,2.81,56.3
2026-07-27 14:00:00,花蓮測站,花蓮縣,43.7,18.2,38.0,42.7,0.504,2.31,344.8
2026-07-27 15:00:00,花蓮測站,花蓮縣,40.0,23.4,37.2,47.5,0.399,2.55,294.5
2026-07-27 16:00:00,花蓮測站,花蓮縣,40.1,17.5,34.6,43.8,0.502,2.61,339.9
2026-07-27 17:00:00,花蓮測站,花蓮縣,47.1,17.1,25.1,46.7,0.5,2.88,28.1
2026-07-27 18:00:00,花蓮測站,花蓮縣,48.5,28.0,53.6,50.4,0.503,2.13,38.7
2026-07-27 19:00:00,花蓮測站,花蓮縣,53.8,17.4,35.0,54.0,0.557,1.36,59.6
2026-07-27 20:00:00,花蓮測站,花蓮縣,49.6,24.5,50.4,46.9,0.458,3.1,84.3
2026-07-27 21:00:00,花蓮測站,花蓮縣,37.8,17.6,34.0,42.6,0.524,2.37,47.1
2026-07-27 22:00:00,花蓮測站,花蓮縣,35.6,22.3,30.7,42.5,0.442,2.36,77.9
2026-07-27 23:00:00,花蓮測站,花蓮縣,35.0,22.5,42.8,46.3,0.37,2.69,350.4
2026-07-28 00:00:00,花蓮測站,花蓮縣,36.5,19.4,28.3,42.0,0.463,3.11,326.8
2026-07-28 01:00:00,花蓮測站,花蓮縣,39.4,16.9,38.1,36.1,0.445,1.37,14.0
2026-07-28 02:00:00,花蓮測站,花蓮縣,37.7,21.8,38.4,38.6,0.471,2.79,83.8
2026-07-28 03:00:00,花蓮測站,花蓮縣,36.0,24.8,52.1,37.4,0.37,3.03,9.8
2026-07-28 04:00:00,花蓮測站,花蓮縣,32.0,18.4,26.9,31.7,0.422,3.5,13.2
2026-07-28 05:00:00,花蓮測站,花蓮縣,44.7,23.9,49.7,41.1,0.482,2.09,74.6
2026-07-28 06:00:00,花蓮測站,花蓮縣,35.0,16.5,26.8,26.6,0.603,1.77,88.1
2026-07-28 07:00:00,花蓮測站,花蓮縣,41.8,27.4,49.3,24.2,0.583,2.21,83.4
2026-07-28 08:00:00,花蓮測站,花蓮縣,47.4,21.7,36.2,32.1,0.522,4.07,95.4
2026-07-28 09:00:00,花蓮測站,花蓮縣,49.8,23.0,33.3,31.7,0.515,2.19,330.7
2026-07-28 10:00:00,花蓮測站,花蓮縣,47.8,23.0,32.9,33.7,0.464,1.73,74.9
2026-07-28 11:00:00,花蓮測站,花蓮縣,35.5,22.8,44.9,34.7,0.468,2.14,118.5
2026-07-28 12:00:00,花蓮測站,花蓮縣,30.1,19.4,35.1,38.8,0.451,3.54,55.3
2026-07-28 13:00:00,花蓮測站,花蓮縣,40.2,19.6,34.9,43.4,0.444,3.15,87.7
2026-07-28 14:00:00,花蓮測站,花蓮縣,38.1,18.6,29.5,43.2,0.421,1.79,320.7
2026-07-28 15:00:00,花蓮測站,花蓮縣,42.1,24.9,49.8,43.5,0.541,2.49,111.0
2026-07-28 16:00:00,花蓮測站,花蓮縣,38.9,19.3,39.6,41.0,0.522,2.0,315.7
2026-07-28 17:00:00,花蓮測站,花蓮縣,43.6,24.0,34.6,46.7,0.456,3.58,87.7
2026-07-28 18:00:00,花蓮測站,花蓮縣,48.3,24.2,32.8,50.4,0.431,3.12,151.3
2026-07-28 19:00:00,花蓮測站,花蓮縣,47.9,23.1,37.4,48.3,0.554,2.26,68.4
2026-07-28 20:00:00,花蓮測站,花蓮縣,51.9,26.9,45.4,47.3,0.581,3.55,25.2
2026-07-28 21:00:00,花蓮測站,花蓮縣,35.8,17.8,35.0,45.3,0.432,1.35,46.5
2026-07-28 22:00:00,花蓮測站,花蓮縣,44.0,24.0,36.0,46.3,0.49,2.84,177.7
2026-07-28 23:00:00,花蓮測站,花蓮縣,32.1,19.3,27.1,46.2,0.52,3.31,117.7
2026-07-29 00:00:00,花蓮測站,花蓮縣,44.2,24.0,47.6,44.5,0.484,3.19,48.0
2026-07-29 01:00:00,花蓮測站,花蓮縣,37.1,18.3,40.9,42.1,0.515,3.34,343.1
2026-07-29 02:00:00,花蓮測站,花蓮縣,34.5,21.6,31.6,36.0,0.383,2.06,187.6
2026-07-29 03:00:00,花蓮測站,花蓮縣,17.6,17.0,32.3,35.5,0.342,2.33,116.5
2026-07-29 04:00:00,花蓮測站,花蓮縣,34.4,18.5,32.8,28.9,0.388,3.03,65.1
2026-07-29 05:00:00,花蓮測站,花蓮縣,32.2,16.5,26.8,33.3,0.444,3.15,120.0
2026-07-29 06:00:00,花蓮測站,花蓮縣,44.3,24.0,35.9,37.8,0.497,3.34,65.5
2026-07-29 07:00:00,花蓮測站,花蓮縣,44.1,18.5,30.0,29.8,0.588,3.08,165.0
2026-07-29 08:00:00,花蓮測站,花蓮縣,42.1,16.5,19.2,29.8,0.44,1.99,107.7
2026-07-29 09:00:00,花蓮測站,花蓮縣,41.3,18.3,32.2,25.6,0.486,3.03,159.6
2026-07-29 10:00:00,花蓮測站,花蓮縣,41.8,20.2,33.1,26.5,0.468,2.68,77.8
2026-07-29 11:00:00,花蓮測站,花蓮縣,38.5,22.7,36.4,31.2,0.401,3.12,205.6
2026-07-29 12:00:00,花蓮測站,花蓮縣,32.3,22.6,27.0,30.0,0.464,1.63,110.0
2026-07-29 13:00:00,花蓮測站,花蓮縣,37.8,22.4,38.9,36.2,0.465,3.01,186.2
2026-07-29 14:00:00,花蓮測站,花蓮縣,44.6,21.4,34.1,43.2,0.517,3.29,181.4
2026-07-29 15:00:00,花蓮測站,花蓮縣,42.0,21.8,42.4,48.4,0.499,1.68,106.6
2026-07-29 16:00:00,花蓮測站,花蓮縣,42.9,25.0,51.8,47.6,0.502,2.48,123.2
2026-07-29 17:00:00,花蓮測站,花蓮縣,42.5,24.0,38.8,49.3,0.654,2.49,250.0
2026-07-29 18:00:00,花蓮測站,花蓮縣,35.8,19.8,39.0,45.1,0.449,3.41,279.9
2026-07-29 19:00:00,花蓮測站,花蓮縣,53.3,23.3,36.2,48.9,0.526,2.3,99.0
2026-07-29 20:00:00,花蓮測站,花蓮縣,49.9,25.3,49.9,47.3,0.49,3.02,193.9
2026-07-29 21:00:00,花蓮測站,花蓮縣,40.8,22.7,40.0,47.3,0.496,2.87,77.9
2026-07-29 22:00:00,花蓮測站,花蓮縣,42.5,22.3,37.9,49.0,0.552,1.49,227.9
2026-07-29 23:00:00,花蓮測站,花蓮縣,31.5,23.8,43.3,43.8,0.382,3.14,170.2
